File,Extension,SizeMB,Status,Error
C:\Users\User\OneDrive\Documents\Uni\Dissertation\MScProject\Dataset\036406.xls,.xls,0.28,OK,
C:\Users\User\OneDrive\Documents\Uni\Dissertation\MScProject\Dataset\036408.xls,.xls,0.77,OK,
C:\Users\User\OneDrive\Documents\Uni\Dissertation\MScProject\Dataset\036411.xls,.xls,0.56,OK,
C:\Users\User\OneDrive\Documents\Uni\Dissertation\MScProject\Dataset\036412.xls,.xls,0.04,OK,
C:\Users\User\OneDrive\Documents\Uni\Dissertation\MScProject\Dataset\036413.xls,.xls,0.04,OK,
C:\Users\User\OneDrive\Documents\Uni\Dissertation\MScProject\Dataset\036414.xls,.xls,0.09,OK,
C:\Users\User\OneDrive\Documents\Uni\Dissertation\MScProject\Dataset\036416.xls,.xls,0.15,OK,
C:\Users\User\OneDrive\Documents\Uni\Dissertation\MScProject\Dataset\036418.xls,.xls,1.4,OK,
C:\Users\User\OneDrive\Documents\Uni\Dissertation\MScProject\Dataset\036419.xls,.xls,0.03,OK,
C:\Users\User\OneDrive\Documents\Uni\Dissertation\MScProject\Dataset\036421.xls,.xls,0.02,OK,
C:\Users\User\OneDrive\Documents\Uni\Dissertation\MScProject\Dataset\036423.xls,.xls,0.48,OK,
C:\Users\User\OneDrive\Documents\Uni\Dissertation\MScProject\Dataset\036583.xls,.xls,0.11,OK,
C:\Users\User\OneDrive\Documents\Uni\Dissertation\MScProject\Dataset\036621.xls,.xls,0.5,OK,
C:\Users\User\OneDrive\Documents\Uni\Dissertation\MScProject\Dataset\036623.xls,.xls,0.6,OK,
C:\Users\User\OneDrive\Documents\Uni\Dissertation\MScProject\Dataset\036831.xls,.xls,0.02,OK,
C:\Users\User\OneDrive\Documents\Uni\Dissertation\MScProject\Dataset\036845.xls,.xls,0.06,OK,
C:\Users\User\OneDrive\Documents\Uni\Dissertation\MScProject\Dataset\036863.xls,.xls,0.21,OK,
C:\Users\User\OneDrive\Documents\Uni\Dissertation\MScProject\Dataset\036870.xls,.xls,5.97,OK,
C:\Users\User\OneDrive\Documents\Uni\Dissertation\MScProject\Dataset\036872.xls,.xls,0.08,OK,
C:\Users\User\OneDrive\Documents\Uni\Dissertation\MScProject\Dataset\036939.xls,.xls,0.03,OK,
C:\Users\User\OneDrive\Documents\Uni\Dissertation\MScProject\Dataset\037140.xls,.xls,0.04,OK,
C:\Users\User\OneDrive\Documents\Uni\Dissertation\MScProject\Dataset\037142.xls,.xls,0.03,OK,
C:\Users\User\OneDrive\Documents\Uni\Dissertation\MScProject\Dataset\037147.xls,.xls,0.03,OK,
C:\Users\User\OneDrive\Documents\Uni\Dissertation\MScProject\Dataset\037149.xls,.xls,0.06,OK,
C:\Users\User\OneDrive\Documents\Uni\Dissertation\MScProject\Dataset\037151.xls,.xls,0.03,OK,
C:\Users\User\OneDrive\Documents\Uni\Dissertation\MScProject\Dataset\037152.xls,.xls,0.56,OK,
C:\Users\User\OneDrive\Documents\Uni\Dissertation\MScProject\Dataset\037155.xls,.xls,0.2,OK,
C:\Users\User\OneDrive\Documents\Uni\Dissertation\MScProject\Dataset\037156.xls,.xls,0.05,OK,
C:\Users\User\OneDrive\Documents\Uni\Dissertation\MScProject\Dataset\037157.xls,.xls,0.04,OK,
C:\Users\User\OneDrive\Documents\Uni\Dissertation\MScProject\Dataset\037162.xls,.xls,0.04,OK,
C:\Users\User\OneDrive\Documents\Uni\Dissertation\MScProject\Dataset\037163.xls,.xls,0.04,OK,
C:\Users\User\OneDrive\Documents\Uni\Dissertation\MScProject\Dataset\037165.xls,.xls,0.13,OK,
C:\Users\User\OneDrive\Documents\Uni\Dissertation\MScProject\Dataset\037166.xls,.xls,0.05,OK,
C:\Users\User\OneDrive\Documents\Uni\Dissertation\MScProject\Dataset\037169.xls,.xls,0.1,OK,
C:\Users\User\OneDrive\Documents\Uni\Dissertation\MScProject\Dataset\037170.xls,.xls,0.08,OK,
C:\Users\User\OneDrive\Documents\Uni\Dissertation\MScProject\Dataset\037388.xls,.xls,0.05,OK,
C:\Users\User\OneDrive\Documents\Uni\Dissertation\MScProject\Dataset\037392.xls,.xls,0.3,OK,
C:\Users\User\OneDrive\Documents\Uni\Dissertation\MScProject\Dataset\037395.xls,.xls,0.17,OK,
C:\Users\User\OneDrive\Documents\Uni\Dissertation\MScProject\Dataset\037396.xls,.xls,0.03,OK,
C:\Users\User\OneDrive\Documents\Uni\Dissertation\MScProject\Dataset\037435.xls,.xls,0.05,OK,
C:\Users\User\OneDrive\Documents\Uni\Dissertation\MScProject\Dataset\037436.xls,.xls,3.25,OK,
C:\Users\User\OneDrive\Documents\Uni\Dissertation\MScProject\Dataset\037437.xls,.xls,3.35,OK,
C:\Users\User\OneDrive\Documents\Uni\Dissertation\MScProject\Dataset\037679.xls,.xls,0.09,OK,
C:\Users\User\OneDrive\Documents\Uni\Dissertation\MScProject\Dataset\037680.xls,.xls,0.27,OK,
C:\Users\User\OneDrive\Documents\Uni\Dissertation\MScProject\Dataset\037681.xls,.xls,0.02,OK,
C:\Users\User\OneDrive\Documents\Uni\Dissertation\MScProject\Dataset\037682.xls,.xls,0.04,OK,
C:\Users\User\OneDrive\Documents\Uni\Dissertation\MScProject\Dataset\037683.xls,.xls,0.03,OK,
C:\Users\User\OneDrive\Documents\Uni\Dissertation\MScProject\Dataset\037684.xls,.xls,0.04,OK,
C:\Users\User\OneDrive\Documents\Uni\Dissertation\MScProject\Dataset\037685.xls,.xls,0.02,OK,
C:\Users\User\OneDrive\Documents\Uni\Dissertation\MScProject\Dataset\037686.xls,.xls,0.02,OK,
C:\Users\User\OneDrive\Documents\Uni\Dissertation\MScProject\Dataset\037690.xls,.xls,0.24,OK,
C:\Users\User\OneDrive\Documents\Uni\Dissertation\MScProject\Dataset\037692.xls,.xls,0.03,OK,
C:\Users\User\OneDrive\Documents\Uni\Dissertation\MScProject\Dataset\037693.xls,.xls,0.03,OK,
C:\Users\User\OneDrive\Documents\Uni\Dissertation\MScProject\Dataset\037696.xls,.xls,0.32,OK,
C:\Users\User\OneDrive\Documents\Uni\Dissertation\MScProject\Dataset\037960.xls,.xls,0.04,OK,
C:\Users\User\OneDrive\Documents\Uni\Dissertation\MScProject\Dataset\037962.xls,.xls,0.02,OK,
C:\Users\User\OneDrive\Documents\Uni\Dissertation\MScProject\Dataset\037975.xls,.xls,7.09,OK,
C:\Users\User\OneDrive\Documents\Uni\Dissertation\MScProject\Dataset\037978.xls,.xls,0.38,OK,
C:\Users\User\OneDrive\Documents\Uni\Dissertation\MScProject\Dataset\037979.xls,.xls,0.04,OK,
C:\Users\User\OneDrive\Documents\Uni\Dissertation\MScProject\Dataset\037981.xls,.xls,0.82,OK,
C:\Users\User\OneDrive\Documents\Uni\Dissertation\MScProject\Dataset\037983.xls,.xls,0.37,OK,
C:\Users\User\OneDrive\Documents\Uni\Dissertation\MScProject\Dataset\037984.xls,.xls,0.03,OK,
C:\Users\User\OneDrive\Documents\Uni\Dissertation\MScProject\Dataset\037985.xls,.xls,0.02,OK,
C:\Users\User\OneDrive\Documents\Uni\Dissertation\MScProject\Dataset\037988.xls,.xls,3.62,OK,
C:\Users\User\OneDrive\Documents\Uni\Dissertation\MScProject\Dataset\037995.xls,.xls,0.64,OK,
C:\Users\User\OneDrive\Documents\Uni\Dissertation\MScProject\Dataset\038032.xls,.xls,0.03,OK,
C:\Users\User\OneDrive\Documents\Uni\Dissertation\MScProject\Dataset\038039.xls,.xls,0.03,OK,
C:\Users\User\OneDrive\Documents\Uni\Dissertation\MScProject\Dataset\038154.xls,.xls,0.09,OK,
C:\Users\User\OneDrive\Documents\Uni\Dissertation\MScProject\Dataset\038183.xls,.xls,0.04,OK,
C:\Users\User\OneDrive\Documents\Uni\Dissertation\MScProject\Dataset\038184.xls,.xls,0.04,OK,
C:\Users\User\OneDrive\Documents\Uni\Dissertation\MScProject\Dataset\038185.xls,.xls,2.69,OK,
C:\Users\User\OneDrive\Documents\Uni\Dissertation\MScProject\Dataset\038280.xls,.xls,0.03,OK,
C:\Users\User\OneDrive\Documents\Uni\Dissertation\MScProject\Dataset\038281.xls,.xls,0.04,OK,
C:\Users\User\OneDrive\Documents\Uni\Dissertation\MScProject\Dataset\038625.xls,.xls,0.14,OK,
C:\Users\User\OneDrive\Documents\Uni\Dissertation\MScProject\Dataset\038630.xls,.xls,0.11,OK,
C:\Users\User\OneDrive\Documents\Uni\Dissertation\MScProject\Dataset\038631.xls,.xls,0.09,OK,
C:\Users\User\OneDrive\Documents\Uni\Dissertation\MScProject\Dataset\038950.xls,.xls,0.23,OK,
C:\Users\User\OneDrive\Documents\Uni\Dissertation\MScProject\Dataset\038951.xls,.xls,0.55,OK,
C:\Users\User\OneDrive\Documents\Uni\Dissertation\MScProject\Dataset\038952.xls,.xls,0.08,OK,
C:\Users\User\OneDrive\Documents\Uni\Dissertation\MScProject\Dataset\038954.xls,.xls,0.29,OK,
C:\Users\User\OneDrive\Documents\Uni\Dissertation\MScProject\Dataset\038955.xls,.xls,0.24,OK,
C:\Users\User\OneDrive\Documents\Uni\Dissertation\MScProject\Dataset\038956.xls,.xls,0.03,OK,
C:\Users\User\OneDrive\Documents\Uni\Dissertation\MScProject\Dataset\038957.xls,.xls,1.24,OK,
C:\Users\User\OneDrive\Documents\Uni\Dissertation\MScProject\Dataset\038958.xls,.xls,9.28,OK,
C:\Users\User\OneDrive\Documents\Uni\Dissertation\MScProject\Dataset\038959.xls,.xls,4.61,OK,
C:\Users\User\OneDrive\Documents\Uni\Dissertation\MScProject\Dataset\038960.xls,.xls,23.22,OK,
C:\Users\User\OneDrive\Documents\Uni\Dissertation\MScProject\Dataset\038962.xls,.xls,9.91,OK,
C:\Users\User\OneDrive\Documents\Uni\Dissertation\MScProject\Dataset\038965.xls,.xls,0.21,OK,
C:\Users\User\OneDrive\Documents\Uni\Dissertation\MScProject\Dataset\039046.xls,.xls,0.04,OK,
C:\Users\User\OneDrive\Documents\Uni\Dissertation\MScProject\Dataset\039058.xls,.xls,0.19,OK,
C:\Users\User\OneDrive\Documents\Uni\Dissertation\MScProject\Dataset\039109.xls,.xls,1.99,OK,
C:\Users\User\OneDrive\Documents\Uni\Dissertation\MScProject\Dataset\039134.xls,.xls,0.05,OK,
C:\Users\User\OneDrive\Documents\Uni\Dissertation\MScProject\Dataset\039252.xls,.xls,0.03,OK,
C:\Users\User\OneDrive\Documents\Uni\Dissertation\MScProject\Dataset\039253.xls,.xls,0.27,OK,
C:\Users\User\OneDrive\Documents\Uni\Dissertation\MScProject\Dataset\039329.xls,.xls,0.07,OK,
C:\Users\User\OneDrive\Documents\Uni\Dissertation\MScProject\Dataset\039336.xls,.xls,0.04,OK,
C:\Users\User\OneDrive\Documents\Uni\Dissertation\MScProject\Dataset\039372.xls,.xls,0.03,OK,
C:\Users\User\OneDrive\Documents\Uni\Dissertation\MScProject\Dataset\039385.xls,.xls,0.02,OK,
C:\Users\User\OneDrive\Documents\Uni\Dissertation\MScProject\Dataset\039412.xls,.xls,5.99,OK,
C:\Users\User\OneDrive\Documents\Uni\Dissertation\MScProject\Dataset\039414.xls,.xls,0.12,OK,
C:\Users\User\OneDrive\Documents\Uni\Dissertation\MScProject\Dataset\039415.xls,.xls,0.07,OK,
C:\Users\User\OneDrive\Documents\Uni\Dissertation\MScProject\Dataset\039439.xls,.xls,0.04,OK,
C:\Users\User\OneDrive\Documents\Uni\Dissertation\MScProject\Dataset\039485.xls,.xls,0.03,OK,
C:\Users\User\OneDrive\Documents\Uni\Dissertation\MScProject\Dataset\039486.xls,.xls,0.04,OK,
C:\Users\User\OneDrive\Documents\Uni\Dissertation\MScProject\Dataset\039487.xls,.xls,0.1,OK,
C:\Users\User\OneDrive\Documents\Uni\Dissertation\MScProject\Dataset\039488.xls,.xls,1.36,OK,
C:\Users\User\OneDrive\Documents\Uni\Dissertation\MScProject\Dataset\039489.xls,.xls,0.03,OK,
C:\Users\User\OneDrive\Documents\Uni\Dissertation\MScProject\Dataset\039490.xls,.xls,0.05,OK,
C:\Users\User\OneDrive\Documents\Uni\Dissertation\MScProject\Dataset\039492.xls,.xls,0.02,OK,
C:\Users\User\OneDrive\Documents\Uni\Dissertation\MScProject\Dataset\039494.xls,.xls,0.29,OK,
C:\Users\User\OneDrive\Documents\Uni\Dissertation\MScProject\Dataset\039495.xls,.xls,0.11,OK,
C:\Users\User\OneDrive\Documents\Uni\Dissertation\MScProject\Dataset\039496.xls,.xls,0.06,OK,
C:\Users\User\OneDrive\Documents\Uni\Dissertation\MScProject\Dataset\039497.xls,.xls,0.06,OK,
C:\Users\User\OneDrive\Documents\Uni\Dissertation\MScProject\Dataset\039498.xls,.xls,0.04,OK,
C:\Users\User\OneDrive\Documents\Uni\Dissertation\MScProject\Dataset\039499.xls,.xls,0.03,OK,
C:\Users\User\OneDrive\Documents\Uni\Dissertation\MScProject\Dataset\039500.xls,.xls,0.1,OK,
C:\Users\User\OneDrive\Documents\Uni\Dissertation\MScProject\Dataset\039647.xls,.xls,0.03,OK,
C:\Users\User\OneDrive\Documents\Uni\Dissertation\MScProject\Dataset\039695.xls,.xls,0.1,OK,
C:\Users\User\OneDrive\Documents\Uni\Dissertation\MScProject\Dataset\039810.xls,.xls,0.23,OK,
C:\Users\User\OneDrive\Documents\Uni\Dissertation\MScProject\Dataset\039964.xls,.xls,0.03,OK,
C:\Users\User\OneDrive\Documents\Uni\Dissertation\MScProject\Dataset\039969.xls,.xls,0.03,OK,
C:\Users\User\OneDrive\Documents\Uni\Dissertation\MScProject\Dataset\040169.xls,.xls,0.17,OK,
C:\Users\User\OneDrive\Documents\Uni\Dissertation\MScProject\Dataset\040170.xls,.xls,0.09,OK,
C:\Users\User\OneDrive\Documents\Uni\Dissertation\MScProject\Dataset\040171.xls,.xls,0.03,OK,
C:\Users\User\OneDrive\Documents\Uni\Dissertation\MScProject\Dataset\040172.xls,.xls,0.08,OK,
C:\Users\User\OneDrive\Documents\Uni\Dissertation\MScProject\Dataset\040173.xls,.xls,0.03,OK,
C:\Users\User\OneDrive\Documents\Uni\Dissertation\MScProject\Dataset\040174.xls,.xls,0.02,OK,
C:\Users\User\OneDrive\Documents\Uni\Dissertation\MScProject\Dataset\040175.xls,.xls,0.02,OK,
C:\Users\User\OneDrive\Documents\Uni\Dissertation\MScProject\Dataset\040176.xls,.xls,0.02,OK,
C:\Users\User\OneDrive\Documents\Uni\Dissertation\MScProject\Dataset\040177.xls,.xls,0.06,OK,
C:\Users\User\OneDrive\Documents\Uni\Dissertation\MScProject\Dataset\040178.xls,.xls,0.03,OK,
C:\Users\User\OneDrive\Documents\Uni\Dissertation\MScProject\Dataset\040181.xls,.xls,0.09,OK,
C:\Users\User\OneDrive\Documents\Uni\Dissertation\MScProject\Dataset\040182.xls,.xls,0.22,OK,
C:\Users\User\OneDrive\Documents\Uni\Dissertation\MScProject\Dataset\040186.xls,.xls,0.07,OK,
C:\Users\User\OneDrive\Documents\Uni\Dissertation\MScProject\Dataset\040187.xls,.xls,0.04,OK,
C:\Users\User\OneDrive\Documents\Uni\Dissertation\MScProject\Dataset\040190.xls,.xls,0.45,OK,
C:\Users\User\OneDrive\Documents\Uni\Dissertation\MScProject\Dataset\040191.xls,.xls,0.09,OK,
C:\Users\User\OneDrive\Documents\Uni\Dissertation\MScProject\Dataset\040194.xls,.xls,0.04,OK,
C:\Users\User\OneDrive\Documents\Uni\Dissertation\MScProject\Dataset\040197.xls,.xls,0.02,OK,
C:\Users\User\OneDrive\Documents\Uni\Dissertation\MScProject\Dataset\040198.xls,.xls,0.04,OK,
C:\Users\User\OneDrive\Documents\Uni\Dissertation\MScProject\Dataset\040199.xls,.xls,0.22,OK,
C:\Users\User\OneDrive\Documents\Uni\Dissertation\MScProject\Dataset\040201.xls,.xls,0.06,OK,
C:\Users\User\OneDrive\Documents\Uni\Dissertation\MScProject\Dataset\040202.xls,.xls,0.41,OK,
C:\Users\User\OneDrive\Documents\Uni\Dissertation\MScProject\Dataset\040203.xls,.xls,0.09,OK,
C:\Users\User\OneDrive\Documents\Uni\Dissertation\MScProject\Dataset\040206.xls,.xls,0.33,OK,
C:\Users\User\OneDrive\Documents\Uni\Dissertation\MScProject\Dataset\040528.xls,.xls,0.07,OK,
C:\Users\User\OneDrive\Documents\Uni\Dissertation\MScProject\Dataset\040529.xls,.xls,6.07,OK,
C:\Users\User\OneDrive\Documents\Uni\Dissertation\MScProject\Dataset\040530.xls,.xls,7.26,OK,
C:\Users\User\OneDrive\Documents\Uni\Dissertation\MScProject\Dataset\040532.xls,.xls,0.03,OK,
C:\Users\User\OneDrive\Documents\Uni\Dissertation\MScProject\Dataset\040535.xls,.xls,5.64,OK,
C:\Users\User\OneDrive\Documents\Uni\Dissertation\MScProject\Dataset\040536.xls,.xls,0.04,OK,
C:\Users\User\OneDrive\Documents\Uni\Dissertation\MScProject\Dataset\040541.xls,.xls,0.27,OK,
C:\Users\User\OneDrive\Documents\Uni\Dissertation\MScProject\Dataset\040543.xls,.xls,0.21,OK,
C:\Users\User\OneDrive\Documents\Uni\Dissertation\MScProject\Dataset\040545.xls,.xls,0.42,OK,
C:\Users\User\OneDrive\Documents\Uni\Dissertation\MScProject\Dataset\040548.xls,.xls,0.36,OK,
C:\Users\User\OneDrive\Documents\Uni\Dissertation\MScProject\Dataset\040549.xls,.xls,0.07,OK,
C:\Users\User\OneDrive\Documents\Uni\Dissertation\MScProject\Dataset\040550.xls,.xls,0.07,OK,
C:\Users\User\OneDrive\Documents\Uni\Dissertation\MScProject\Dataset\040551.xls,.xls,7.04,OK,
C:\Users\User\OneDrive\Documents\Uni\Dissertation\MScProject\Dataset\040552.xls,.xls,0.3,OK,
C:\Users\User\OneDrive\Documents\Uni\Dissertation\MScProject\Dataset\040553.xls,.xls,0.28,OK,
C:\Users\User\OneDrive\Documents\Uni\Dissertation\MScProject\Dataset\040555.xls,.xls,11.56,OK,
C:\Users\User\OneDrive\Documents\Uni\Dissertation\MScProject\Dataset\040556.xls,.xls,0.39,OK,
C:\Users\User\OneDrive\Documents\Uni\Dissertation\MScProject\Dataset\040557.xls,.xls,11.56,OK,
C:\Users\User\OneDrive\Documents\Uni\Dissertation\MScProject\Dataset\040560.xls,.xls,0.19,OK,
C:\Users\User\OneDrive\Documents\Uni\Dissertation\MScProject\Dataset\040562.xls,.xls,0.14,OK,
C:\Users\User\OneDrive\Documents\Uni\Dissertation\MScProject\Dataset\040563.xls,.xls,0.23,OK,
C:\Users\User\OneDrive\Documents\Uni\Dissertation\MScProject\Dataset\040564.xls,.xls,0.84,OK,
C:\Users\User\OneDrive\Documents\Uni\Dissertation\MScProject\Dataset\040764.xls,.xls,0.05,OK,
C:\Users\User\OneDrive\Documents\Uni\Dissertation\MScProject\Dataset\040765.xls,.xls,0.03,OK,
C:\Users\User\OneDrive\Documents\Uni\Dissertation\MScProject\Dataset\040766.xls,.xls,2.1,OK,
C:\Users\User\OneDrive\Documents\Uni\Dissertation\MScProject\Dataset\040768.xls,.xls,2.8,OK,
C:\Users\User\OneDrive\Documents\Uni\Dissertation\MScProject\Dataset\040769.xls,.xls,0.21,OK,
C:\Users\User\OneDrive\Documents\Uni\Dissertation\MScProject\Dataset\040770.xls,.xls,0.04,OK,
C:\Users\User\OneDrive\Documents\Uni\Dissertation\MScProject\Dataset\040772.xls,.xls,2.55,OK,
C:\Users\User\OneDrive\Documents\Uni\Dissertation\MScProject\Dataset\040773.xls,.xls,0.04,OK,
C:\Users\User\OneDrive\Documents\Uni\Dissertation\MScProject\Dataset\040774.xls,.xls,0.12,OK,
C:\Users\User\OneDrive\Documents\Uni\Dissertation\MScProject\Dataset\040775.xls,.xls,0.38,OK,
C:\Users\User\OneDrive\Documents\Uni\Dissertation\MScProject\Dataset\040776.xls,.xls,2.2,OK,
C:\Users\User\OneDrive\Documents\Uni\Dissertation\MScProject\Dataset\040777.xls,.xls,0.05,OK,
C:\Users\User\OneDrive\Documents\Uni\Dissertation\MScProject\Dataset\040778.xls,.xls,0.06,OK,
C:\Users\User\OneDrive\Documents\Uni\Dissertation\MScProject\Dataset\040779.xls,.xls,0.14,OK,
C:\Users\User\OneDrive\Documents\Uni\Dissertation\MScProject\Dataset\040780.xls,.xls,0.14,OK,
C:\Users\User\OneDrive\Documents\Uni\Dissertation\MScProject\Dataset\040784.xls,.xls,0.03,OK,
C:\Users\User\OneDrive\Documents\Uni\Dissertation\MScProject\Dataset\040873.xls,.xls,0.04,OK,
C:\Users\User\OneDrive\Documents\Uni\Dissertation\MScProject\Dataset\040933.xls,.xls,0.25,OK,
C:\Users\User\OneDrive\Documents\Uni\Dissertation\MScProject\Dataset\040934.xls,.xls,0.23,OK,
C:\Users\User\OneDrive\Documents\Uni\Dissertation\MScProject\Dataset\040986.xls,.xls,0.06,OK,
C:\Users\User\OneDrive\Documents\Uni\Dissertation\MScProject\Dataset\040994.xls,.xls,0.02,OK,
C:\Users\User\OneDrive\Documents\Uni\Dissertation\MScProject\Dataset\041093.xls,.xls,0.96,OK,
C:\Users\User\OneDrive\Documents\Uni\Dissertation\MScProject\Dataset\041094.xls,.xls,0.16,OK,
C:\Users\User\OneDrive\Documents\Uni\Dissertation\MScProject\Dataset\041095.xls,.xls,0.04,OK,
C:\Users\User\OneDrive\Documents\Uni\Dissertation\MScProject\Dataset\041096.xls,.xls,0.04,OK,
C:\Users\User\OneDrive\Documents\Uni\Dissertation\MScProject\Dataset\041097.xls,.xls,1.18,OK,
C:\Users\User\OneDrive\Documents\Uni\Dissertation\MScProject\Dataset\041098.xls,.xls,0.03,OK,
C:\Users\User\OneDrive\Documents\Uni\Dissertation\MScProject\Dataset\041398.xls,.xls,0.07,OK,
C:\Users\User\OneDrive\Documents\Uni\Dissertation\MScProject\Dataset\041643.xls,.xls,0.02,OK,
C:\Users\User\OneDrive\Documents\Uni\Dissertation\MScProject\Dataset\041660.xls,.xls,0.53,OK,
C:\Users\User\OneDrive\Documents\Uni\Dissertation\MScProject\Dataset\041733.xls,.xls,0.43,OK,
C:\Users\User\OneDrive\Documents\Uni\Dissertation\MScProject\Dataset\041882.xls,.xls,0.72,OK,
C:\Users\User\OneDrive\Documents\Uni\Dissertation\MScProject\Dataset\041950.xls,.xls,0.02,OK,
C:\Users\User\OneDrive\Documents\Uni\Dissertation\MScProject\Dataset\041951.xls,.xls,0.26,OK,
C:\Users\User\OneDrive\Documents\Uni\Dissertation\MScProject\Dataset\042139.xls,.xls,0.02,OK,
C:\Users\User\OneDrive\Documents\Uni\Dissertation\MScProject\Dataset\042140.xls,.xls,0.16,OK,
C:\Users\User\OneDrive\Documents\Uni\Dissertation\MScProject\Dataset\042141.xls,.xls,0.07,OK,
C:\Users\User\OneDrive\Documents\Uni\Dissertation\MScProject\Dataset\042143.xls,.xls,0.13,OK,
C:\Users\User\OneDrive\Documents\Uni\Dissertation\MScProject\Dataset\042145.xls,.xls,0.4,OK,
C:\Users\User\OneDrive\Documents\Uni\Dissertation\MScProject\Dataset\042146.xls,.xls,0.12,OK,
C:\Users\User\OneDrive\Documents\Uni\Dissertation\MScProject\Dataset\042149.xls,.xls,0.09,OK,
C:\Users\User\OneDrive\Documents\Uni\Dissertation\MScProject\Dataset\042150.xls,.xls,0.25,OK,
C:\Users\User\OneDrive\Documents\Uni\Dissertation\MScProject\Dataset\042151.xls,.xls,0.08,OK,
C:\Users\User\OneDrive\Documents\Uni\Dissertation\MScProject\Dataset\042152.xls,.xls,0.08,OK,
C:\Users\User\OneDrive\Documents\Uni\Dissertation\MScProject\Dataset\042153.xls,.xls,0.1,OK,
C:\Users\User\OneDrive\Documents\Uni\Dissertation\MScProject\Dataset\042187.xls,.xls,0.03,OK,
C:\Users\User\OneDrive\Documents\Uni\Dissertation\MScProject\Dataset\042189.xls,.xls,0.14,OK,
C:\Users\User\OneDrive\Documents\Uni\Dissertation\MScProject\Dataset\042192.xls,.xls,0.02,OK,
C:\Users\User\OneDrive\Documents\Uni\Dissertation\MScProject\Dataset\042257.xls,.xls,0.12,OK,
C:\Users\User\OneDrive\Documents\Uni\Dissertation\MScProject\Dataset\042258.xls,.xls,0.05,OK,
C:\Users\User\OneDrive\Documents\Uni\Dissertation\MScProject\Dataset\042259.xls,.xls,0.03,OK,
C:\Users\User\OneDrive\Documents\Uni\Dissertation\MScProject\Dataset\042371.xls,.xls,0.03,OK,
C:\Users\User\OneDrive\Documents\Uni\Dissertation\MScProject\Dataset\042372.xls,.xls,0.03,OK,
C:\Users\User\OneDrive\Documents\Uni\Dissertation\MScProject\Dataset\042373.xls,.xls,0.46,OK,
C:\Users\User\OneDrive\Documents\Uni\Dissertation\MScProject\Dataset\042374.xls,.xls,0.03,OK,
C:\Users\User\OneDrive\Documents\Uni\Dissertation\MScProject\Dataset\042376.xls,.xls,0.09,OK,
C:\Users\User\OneDrive\Documents\Uni\Dissertation\MScProject\Dataset\042377.xls,.xls,0.11,OK,
C:\Users\User\OneDrive\Documents\Uni\Dissertation\MScProject\Dataset\042378.xls,.xls,0.09,OK,
C:\Users\User\OneDrive\Documents\Uni\Dissertation\MScProject\Dataset\042379.xls,.xls,0.13,OK,
C:\Users\User\OneDrive\Documents\Uni\Dissertation\MScProject\Dataset\042382.xls,.xls,0.28,OK,
C:\Users\User\OneDrive\Documents\Uni\Dissertation\MScProject\Dataset\042386.xls,.xls,0.03,OK,
C:\Users\User\OneDrive\Documents\Uni\Dissertation\MScProject\Dataset\042389.xls,.xls,0.1,OK,
C:\Users\User\OneDrive\Documents\Uni\Dissertation\MScProject\Dataset\042393.xls,.xls,0.09,OK,
C:\Users\User\OneDrive\Documents\Uni\Dissertation\MScProject\Dataset\042394.xls,.xls,0.04,OK,
C:\Users\User\OneDrive\Documents\Uni\Dissertation\MScProject\Dataset\042760.xls,.xls,0.13,OK,
C:\Users\User\OneDrive\Documents\Uni\Dissertation\MScProject\Dataset\042761.xls,.xls,0.4,OK,
C:\Users\User\OneDrive\Documents\Uni\Dissertation\MScProject\Dataset\042762.xls,.xls,0.03,OK,
C:\Users\User\OneDrive\Documents\Uni\Dissertation\MScProject\Dataset\042763.xls,.xls,0.07,OK,
C:\Users\User\OneDrive\Documents\Uni\Dissertation\MScProject\Dataset\042764.xls,.xls,0.03,OK,
C:\Users\User\OneDrive\Documents\Uni\Dissertation\MScProject\Dataset\042765.xls,.xls,0.04,OK,
C:\Users\User\OneDrive\Documents\Uni\Dissertation\MScProject\Dataset\042767.xls,.xls,0.43,OK,
C:\Users\User\OneDrive\Documents\Uni\Dissertation\MScProject\Dataset\042768.xls,.xls,0.18,OK,
C:\Users\User\OneDrive\Documents\Uni\Dissertation\MScProject\Dataset\042769.xls,.xls,0.66,OK,
C:\Users\User\OneDrive\Documents\Uni\Dissertation\MScProject\Dataset\042770.xls,.xls,0.02,OK,
C:\Users\User\OneDrive\Documents\Uni\Dissertation\MScProject\Dataset\042771.xls,.xls,0.49,OK,
C:\Users\User\OneDrive\Documents\Uni\Dissertation\MScProject\Dataset\042772.xls,.xls,0.03,OK,
C:\Users\User\OneDrive\Documents\Uni\Dissertation\MScProject\Dataset\042773.xls,.xls,0.02,OK,
C:\Users\User\OneDrive\Documents\Uni\Dissertation\MScProject\Dataset\042775.xls,.xls,0.13,OK,
C:\Users\User\OneDrive\Documents\Uni\Dissertation\MScProject\Dataset\042777.xls,.xls,0.07,OK,
C:\Users\User\OneDrive\Documents\Uni\Dissertation\MScProject\Dataset\042778.xls,.xls,0.12,OK,
C:\Users\User\OneDrive\Documents\Uni\Dissertation\MScProject\Dataset\042781.xls,.xls,0.03,OK,
C:\Users\User\OneDrive\Documents\Uni\Dissertation\MScProject\Dataset\042782.xls,.xls,0.07,OK,
C:\Users\User\OneDrive\Documents\Uni\Dissertation\MScProject\Dataset\042783.xls,.xls,0.03,OK,
C:\Users\User\OneDrive\Documents\Uni\Dissertation\MScProject\Dataset\042784.xls,.xls,0.24,OK,
C:\Users\User\OneDrive\Documents\Uni\Dissertation\MScProject\Dataset\042785.xls,.xls,0.48,OK,
C:\Users\User\OneDrive\Documents\Uni\Dissertation\MScProject\Dataset\042786.xls,.xls,0.02,OK,
C:\Users\User\OneDrive\Documents\Uni\Dissertation\MScProject\Dataset\042789.xls,.xls,0.03,OK,
C:\Users\User\OneDrive\Documents\Uni\Dissertation\MScProject\Dataset\042791.xls,.xls,0.04,OK,
C:\Users\User\OneDrive\Documents\Uni\Dissertation\MScProject\Dataset\042792.xls,.xls,0.04,OK,
C:\Users\User\OneDrive\Documents\Uni\Dissertation\MScProject\Dataset\042857.xls,.xls,0.03,OK,
C:\Users\User\OneDrive\Documents\Uni\Dissertation\MScProject\Dataset\043043.xls,.xls,0.13,OK,
C:\Users\User\OneDrive\Documents\Uni\Dissertation\MScProject\Dataset\043045.xls,.xls,0.11,OK,
C:\Users\User\OneDrive\Documents\Uni\Dissertation\MScProject\Dataset\043046.xls,.xls,0.04,OK,
C:\Users\User\OneDrive\Documents\Uni\Dissertation\MScProject\Dataset\043047.xls,.xls,0.05,OK,
C:\Users\User\OneDrive\Documents\Uni\Dissertation\MScProject\Dataset\043050.xls,.xls,0.2,OK,
C:\Users\User\OneDrive\Documents\Uni\Dissertation\MScProject\Dataset\043051.xls,.xls,3.62,OK,
C:\Users\User\OneDrive\Documents\Uni\Dissertation\MScProject\Dataset\043053.xls,.xls,0.27,OK,
C:\Users\User\OneDrive\Documents\Uni\Dissertation\MScProject\Dataset\043054.xls,.xls,0.09,OK,
C:\Users\User\OneDrive\Documents\Uni\Dissertation\MScProject\Dataset\043056.xls,.xls,0.07,OK,
C:\Users\User\OneDrive\Documents\Uni\Dissertation\MScProject\Dataset\043060.xls,.xls,0.44,OK,
C:\Users\User\OneDrive\Documents\Uni\Dissertation\MScProject\Dataset\043061.xls,.xls,0.19,OK,
C:\Users\User\OneDrive\Documents\Uni\Dissertation\MScProject\Dataset\043062.xls,.xls,0.12,OK,
C:\Users\User\OneDrive\Documents\Uni\Dissertation\MScProject\Dataset\043063.xls,.xls,0.04,OK,
C:\Users\User\OneDrive\Documents\Uni\Dissertation\MScProject\Dataset\043064.xls,.xls,1.04,OK,
C:\Users\User\OneDrive\Documents\Uni\Dissertation\MScProject\Dataset\043066.xls,.xls,0.04,OK,
C:\Users\User\OneDrive\Documents\Uni\Dissertation\MScProject\Dataset\043067.xls,.xls,0.3,OK,
C:\Users\User\OneDrive\Documents\Uni\Dissertation\MScProject\Dataset\043069.xls,.xls,0.02,OK,
C:\Users\User\OneDrive\Documents\Uni\Dissertation\MScProject\Dataset\043070.xls,.xls,0.05,OK,
C:\Users\User\OneDrive\Documents\Uni\Dissertation\MScProject\Dataset\043073.xls,.xls,0.03,OK,
C:\Users\User\OneDrive\Documents\Uni\Dissertation\MScProject\Dataset\043074.xls,.xls,0.03,OK,
C:\Users\User\OneDrive\Documents\Uni\Dissertation\MScProject\Dataset\043076.xls,.xls,0.11,OK,
C:\Users\User\OneDrive\Documents\Uni\Dissertation\MScProject\Dataset\043091.xls,.xls,0.03,OK,
C:\Users\User\OneDrive\Documents\Uni\Dissertation\MScProject\Dataset\043405.xls,.xls,0.23,OK,
C:\Users\User\OneDrive\Documents\Uni\Dissertation\MScProject\Dataset\043406.xls,.xls,0.52,OK,
C:\Users\User\OneDrive\Documents\Uni\Dissertation\MScProject\Dataset\043407.xls,.xls,0.13,OK,
C:\Users\User\OneDrive\Documents\Uni\Dissertation\MScProject\Dataset\043408.xls,.xls,0.03,OK,
C:\Users\User\OneDrive\Documents\Uni\Dissertation\MScProject\Dataset\043409.xls,.xls,0.07,OK,
C:\Users\User\OneDrive\Documents\Uni\Dissertation\MScProject\Dataset\043411.xls,.xls,0.06,OK,
C:\Users\User\OneDrive\Documents\Uni\Dissertation\MScProject\Dataset\043413.xls,.xls,0.62,OK,
C:\Users\User\OneDrive\Documents\Uni\Dissertation\MScProject\Dataset\043415.xls,.xls,0.36,OK,
C:\Users\User\OneDrive\Documents\Uni\Dissertation\MScProject\Dataset\043416.xls,.xls,0.1,OK,
C:\Users\User\OneDrive\Documents\Uni\Dissertation\MScProject\Dataset\043417.xls,.xls,0.4,OK,
C:\Users\User\OneDrive\Documents\Uni\Dissertation\MScProject\Dataset\043418.xls,.xls,0.43,OK,
C:\Users\User\OneDrive\Documents\Uni\Dissertation\MScProject\Dataset\043421.xls,.xls,0.02,OK,
C:\Users\User\OneDrive\Documents\Uni\Dissertation\MScProject\Dataset\043422.xls,.xls,0.02,OK,
C:\Users\User\OneDrive\Documents\Uni\Dissertation\MScProject\Dataset\043423.xls,.xls,0.04,OK,
C:\Users\User\OneDrive\Documents\Uni\Dissertation\MScProject\Dataset\043573.xls,.xls,0.15,OK,
C:\Users\User\OneDrive\Documents\Uni\Dissertation\MScProject\Dataset\043631.xls,.xls,0.08,OK,
C:\Users\User\OneDrive\Documents\Uni\Dissertation\MScProject\Dataset\043632.xls,.xls,0.08,OK,
C:\Users\User\OneDrive\Documents\Uni\Dissertation\MScProject\Dataset\043634.xls,.xls,0.04,OK,
C:\Users\User\OneDrive\Documents\Uni\Dissertation\MScProject\Dataset\043635.xls,.xls,0.39,OK,
C:\Users\User\OneDrive\Documents\Uni\Dissertation\MScProject\Dataset\043636.xls,.xls,0.25,OK,
C:\Users\User\OneDrive\Documents\Uni\Dissertation\MScProject\Dataset\043814.xls,.xls,0.08,OK,
C:\Users\User\OneDrive\Documents\Uni\Dissertation\MScProject\Dataset\043820.xls,.xls,0.04,OK,
C:\Users\User\OneDrive\Documents\Uni\Dissertation\MScProject\Dataset\043821.xls,.xls,0.29,OK,
C:\Users\User\OneDrive\Documents\Uni\Dissertation\MScProject\Dataset\043822.xls,.xls,0.11,OK,
C:\Users\User\OneDrive\Documents\Uni\Dissertation\MScProject\Dataset\043990.xls,.xls,0.05,OK,
C:\Users\User\OneDrive\Documents\Uni\Dissertation\MScProject\Dataset\044077.xls,.xls,0.05,OK,
C:\Users\User\OneDrive\Documents\Uni\Dissertation\MScProject\Dataset\044208.xls,.xls,0.11,OK,
C:\Users\User\OneDrive\Documents\Uni\Dissertation\MScProject\Dataset\044219.xls,.xls,0.03,OK,
C:\Users\User\OneDrive\Documents\Uni\Dissertation\MScProject\Dataset\044224.xls,.xls,0.19,OK,
C:\Users\User\OneDrive\Documents\Uni\Dissertation\MScProject\Dataset\044225.xls,.xls,0.02,OK,
C:\Users\User\OneDrive\Documents\Uni\Dissertation\MScProject\Dataset\044312.xls,.xls,0.61,OK,
C:\Users\User\OneDrive\Documents\Uni\Dissertation\MScProject\Dataset\044389.xls,.xls,0.04,OK,
C:\Users\User\OneDrive\Documents\Uni\Dissertation\MScProject\Dataset\044439.xls,.xls,0.6,OK,
C:\Users\User\OneDrive\Documents\Uni\Dissertation\MScProject\Dataset\044440.xls,.xls,0.38,OK,
C:\Users\User\OneDrive\Documents\Uni\Dissertation\MScProject\Dataset\044441.xls,.xls,0.05,OK,
C:\Users\User\OneDrive\Documents\Uni\Dissertation\MScProject\Dataset\044502.xls,.xls,0.03,OK,
C:\Users\User\OneDrive\Documents\Uni\Dissertation\MScProject\Dataset\044503.xls,.xls,0.08,OK,
C:\Users\User\OneDrive\Documents\Uni\Dissertation\MScProject\Dataset\044504.xls,.xls,0.04,OK,
C:\Users\User\OneDrive\Documents\Uni\Dissertation\MScProject\Dataset\044518.xls,.xls,0.02,OK,
C:\Users\User\OneDrive\Documents\Uni\Dissertation\MScProject\Dataset\044642.xls,.xls,0.03,OK,
C:\Users\User\OneDrive\Documents\Uni\Dissertation\MScProject\Dataset\044750.xls,.xls,0.09,OK,
C:\Users\User\OneDrive\Documents\Uni\Dissertation\MScProject\Dataset\044751.xls,.xls,0.04,OK,
C:\Users\User\OneDrive\Documents\Uni\Dissertation\MScProject\Dataset\044752.xls,.xls,0.07,OK,
C:\Users\User\OneDrive\Documents\Uni\Dissertation\MScProject\Dataset\044753.xls,.xls,0.04,OK,
C:\Users\User\OneDrive\Documents\Uni\Dissertation\MScProject\Dataset\044893.xls,.xls,0.03,OK,
C:\Users\User\OneDrive\Documents\Uni\Dissertation\MScProject\Dataset\044926.xls,.xls,0.07,OK,
C:\Users\User\OneDrive\Documents\Uni\Dissertation\MScProject\Dataset\045235.xls,.xls,0.03,OK,
C:\Users\User\OneDrive\Documents\Uni\Dissertation\MScProject\Dataset\045236.xls,.xls,0.12,OK,
C:\Users\User\OneDrive\Documents\Uni\Dissertation\MScProject\Dataset\045237.xls,.xls,0.06,OK,
C:\Users\User\OneDrive\Documents\Uni\Dissertation\MScProject\Dataset\045238.xls,.xls,0.27,OK,
C:\Users\User\OneDrive\Documents\Uni\Dissertation\MScProject\Dataset\045239.xls,.xls,0.02,OK,
C:\Users\User\OneDrive\Documents\Uni\Dissertation\MScProject\Dataset\045243.xls,.xls,0.06,OK,
C:\Users\User\OneDrive\Documents\Uni\Dissertation\MScProject\Dataset\045244.xls,.xls,5.89,OK,
C:\Users\User\OneDrive\Documents\Uni\Dissertation\MScProject\Dataset\045468.xls,.xls,0.17,OK,
C:\Users\User\OneDrive\Documents\Uni\Dissertation\MScProject\Dataset\045508.xls,.xls,1.77,OK,
C:\Users\User\OneDrive\Documents\Uni\Dissertation\MScProject\Dataset\045511.xls,.xls,0.26,OK,
C:\Users\User\OneDrive\Documents\Uni\Dissertation\MScProject\Dataset\045513.xls,.xls,0.22,OK,
C:\Users\User\OneDrive\Documents\Uni\Dissertation\MScProject\Dataset\045515.xls,.xls,0.04,OK,
C:\Users\User\OneDrive\Documents\Uni\Dissertation\MScProject\Dataset\045516.xls,.xls,0.19,OK,
C:\Users\User\OneDrive\Documents\Uni\Dissertation\MScProject\Dataset\045517.xls,.xls,0.3,OK,
C:\Users\User\OneDrive\Documents\Uni\Dissertation\MScProject\Dataset\045518.xls,.xls,0.49,OK,
C:\Users\User\OneDrive\Documents\Uni\Dissertation\MScProject\Dataset\045520.xls,.xls,0.48,OK,
C:\Users\User\OneDrive\Documents\Uni\Dissertation\MScProject\Dataset\045521.xls,.xls,1.52,OK,
C:\Users\User\OneDrive\Documents\Uni\Dissertation\MScProject\Dataset\045522.xls,.xls,1.49,OK,
C:\Users\User\OneDrive\Documents\Uni\Dissertation\MScProject\Dataset\045523.xls,.xls,0.03,OK,
C:\Users\User\OneDrive\Documents\Uni\Dissertation\MScProject\Dataset\045524.xls,.xls,0.03,OK,
C:\Users\User\OneDrive\Documents\Uni\Dissertation\MScProject\Dataset\045527.xls,.xls,0.54,OK,
C:\Users\User\OneDrive\Documents\Uni\Dissertation\MScProject\Dataset\045528.xls,.xls,0.87,OK,
C:\Users\User\OneDrive\Documents\Uni\Dissertation\MScProject\Dataset\045529.xls,.xls,0.75,OK,
C:\Users\User\OneDrive\Documents\Uni\Dissertation\MScProject\Dataset\045530.xls,.xls,0.13,OK,
C:\Users\User\OneDrive\Documents\Uni\Dissertation\MScProject\Dataset\045531.xls,.xls,1.48,OK,
C:\Users\User\OneDrive\Documents\Uni\Dissertation\MScProject\Dataset\045532.xls,.xls,0.08,OK,
C:\Users\User\OneDrive\Documents\Uni\Dissertation\MScProject\Dataset\045535.xls,.xls,0.03,OK,
C:\Users\User\OneDrive\Documents\Uni\Dissertation\MScProject\Dataset\045537.xls,.xls,0.11,OK,
C:\Users\User\OneDrive\Documents\Uni\Dissertation\MScProject\Dataset\045539.xls,.xls,0.41,OK,
C:\Users\User\OneDrive\Documents\Uni\Dissertation\MScProject\Dataset\045540.xls,.xls,0.03,OK,
C:\Users\User\OneDrive\Documents\Uni\Dissertation\MScProject\Dataset\045541.xls,.xls,0.04,OK,
C:\Users\User\OneDrive\Documents\Uni\Dissertation\MScProject\Dataset\045655.xls,.xls,0.02,OK,
C:\Users\User\OneDrive\Documents\Uni\Dissertation\MScProject\Dataset\045733.xls,.xls,0.02,OK,
C:\Users\User\OneDrive\Documents\Uni\Dissertation\MScProject\Dataset\045734.xls,.xls,0.12,OK,
C:\Users\User\OneDrive\Documents\Uni\Dissertation\MScProject\Dataset\045762.xls,.xls,0.02,OK,
C:\Users\User\OneDrive\Documents\Uni\Dissertation\MScProject\Dataset\045764.xls,.xls,0.03,OK,
C:\Users\User\OneDrive\Documents\Uni\Dissertation\MScProject\Dataset\045765.xls,.xls,0.06,OK,
C:\Users\User\OneDrive\Documents\Uni\Dissertation\MScProject\Dataset\045766.xls,.xls,0.08,OK,
C:\Users\User\OneDrive\Documents\Uni\Dissertation\MScProject\Dataset\045767.xls,.xls,0.05,OK,
C:\Users\User\OneDrive\Documents\Uni\Dissertation\MScProject\Dataset\045768.xls,.xls,0.03,OK,
C:\Users\User\OneDrive\Documents\Uni\Dissertation\MScProject\Dataset\045871.xls,.xls,0.02,OK,
C:\Users\User\OneDrive\Documents\Uni\Dissertation\MScProject\Dataset\045878.xls,.xls,0.03,OK,
C:\Users\User\OneDrive\Documents\Uni\Dissertation\MScProject\Dataset\046012.xls,.xls,0.08,OK,
C:\Users\User\OneDrive\Documents\Uni\Dissertation\MScProject\Dataset\046013.xls,.xls,0.03,OK,
C:\Users\User\OneDrive\Documents\Uni\Dissertation\MScProject\Dataset\046014.xls,.xls,0.13,OK,
C:\Users\User\OneDrive\Documents\Uni\Dissertation\MScProject\Dataset\046015.xls,.xls,0.14,OK,
C:\Users\User\OneDrive\Documents\Uni\Dissertation\MScProject\Dataset\046016.xls,.xls,0.23,OK,
C:\Users\User\OneDrive\Documents\Uni\Dissertation\MScProject\Dataset\046017.xls,.xls,0.28,OK,
C:\Users\User\OneDrive\Documents\Uni\Dissertation\MScProject\Dataset\046018.xls,.xls,0.05,OK,
C:\Users\User\OneDrive\Documents\Uni\Dissertation\MScProject\Dataset\046019.xls,.xls,0.1,OK,
C:\Users\User\OneDrive\Documents\Uni\Dissertation\MScProject\Dataset\046020.xls,.xls,0.03,OK,
C:\Users\User\OneDrive\Documents\Uni\Dissertation\MScProject\Dataset\046021.xls,.xls,0.05,OK,
C:\Users\User\OneDrive\Documents\Uni\Dissertation\MScProject\Dataset\046022.xls,.xls,0.03,OK,
C:\Users\User\OneDrive\Documents\Uni\Dissertation\MScProject\Dataset\046023.xls,.xls,0.01,OK,
C:\Users\User\OneDrive\Documents\Uni\Dissertation\MScProject\Dataset\046024.xls,.xls,0.02,OK,
C:\Users\User\OneDrive\Documents\Uni\Dissertation\MScProject\Dataset\046025.xls,.xls,0.02,OK,
C:\Users\User\OneDrive\Documents\Uni\Dissertation\MScProject\Dataset\046026.xls,.xls,0.2,OK,
C:\Users\User\OneDrive\Documents\Uni\Dissertation\MScProject\Dataset\046027.xls,.xls,0.16,OK,
C:\Users\User\OneDrive\Documents\Uni\Dissertation\MScProject\Dataset\046028.xls,.xls,0.02,OK,
C:\Users\User\OneDrive\Documents\Uni\Dissertation\MScProject\Dataset\046029.xls,.xls,0.1,OK,
C:\Users\User\OneDrive\Documents\Uni\Dissertation\MScProject\Dataset\046030.xls,.xls,0.02,OK,
C:\Users\User\OneDrive\Documents\Uni\Dissertation\MScProject\Dataset\046031.xls,.xls,0.02,OK,
C:\Users\User\OneDrive\Documents\Uni\Dissertation\MScProject\Dataset\046032.xls,.xls,0.04,OK,
C:\Users\User\OneDrive\Documents\Uni\Dissertation\MScProject\Dataset\046033.xls,.xls,0.02,OK,
C:\Users\User\OneDrive\Documents\Uni\Dissertation\MScProject\Dataset\046034.xls,.xls,0.2,OK,
C:\Users\User\OneDrive\Documents\Uni\Dissertation\MScProject\Dataset\046035.xls,.xls,0.09,OK,
C:\Users\User\OneDrive\Documents\Uni\Dissertation\MScProject\Dataset\046036.xls,.xls,0.6,OK,
C:\Users\User\OneDrive\Documents\Uni\Dissertation\MScProject\Dataset\046037.xls,.xls,0.04,OK,
C:\Users\User\OneDrive\Documents\Uni\Dissertation\MScProject\Dataset\046038.xls,.xls,0.04,OK,
C:\Users\User\OneDrive\Documents\Uni\Dissertation\MScProject\Dataset\046039.xls,.xls,0.02,OK,
C:\Users\User\OneDrive\Documents\Uni\Dissertation\MScProject\Dataset\046042.xls,.xls,0.04,OK,
C:\Users\User\OneDrive\Documents\Uni\Dissertation\MScProject\Dataset\046045.xls,.xls,0.21,OK,
C:\Users\User\OneDrive\Documents\Uni\Dissertation\MScProject\Dataset\046147.xls,.xls,0.02,OK,
C:\Users\User\OneDrive\Documents\Uni\Dissertation\MScProject\Dataset\046243.xls,.xls,0.03,OK,
C:\Users\User\OneDrive\Documents\Uni\Dissertation\MScProject\Dataset\046244.xls,.xls,0.75,OK,
C:\Users\User\OneDrive\Documents\Uni\Dissertation\MScProject\Dataset\046245.xls,.xls,0.03,OK,
C:\Users\User\OneDrive\Documents\Uni\Dissertation\MScProject\Dataset\046246.xls,.xls,0.06,OK,
C:\Users\User\OneDrive\Documents\Uni\Dissertation\MScProject\Dataset\046248.xls,.xls,0.02,OK,
C:\Users\User\OneDrive\Documents\Uni\Dissertation\MScProject\Dataset\046249.xls,.xls,2.7,OK,
C:\Users\User\OneDrive\Documents\Uni\Dissertation\MScProject\Dataset\046250.xls,.xls,0.06,OK,
C:\Users\User\OneDrive\Documents\Uni\Dissertation\MScProject\Dataset\046251.xls,.xls,0.03,OK,
C:\Users\User\OneDrive\Documents\Uni\Dissertation\MScProject\Dataset\046253.xls,.xls,0.13,OK,
C:\Users\User\OneDrive\Documents\Uni\Dissertation\MScProject\Dataset\046254.xls,.xls,0.04,OK,
C:\Users\User\OneDrive\Documents\Uni\Dissertation\MScProject\Dataset\046257.xls,.xls,0.04,OK,
C:\Users\User\OneDrive\Documents\Uni\Dissertation\MScProject\Dataset\046258.xls,.xls,2.21,OK,
C:\Users\User\OneDrive\Documents\Uni\Dissertation\MScProject\Dataset\046259.xls,.xls,0.5,OK,
C:\Users\User\OneDrive\Documents\Uni\Dissertation\MScProject\Dataset\046260.xls,.xls,0.28,OK,
C:\Users\User\OneDrive\Documents\Uni\Dissertation\MScProject\Dataset\046262.xls,.xls,1.03,OK,
C:\Users\User\OneDrive\Documents\Uni\Dissertation\MScProject\Dataset\046263.xls,.xls,0.09,OK,
C:\Users\User\OneDrive\Documents\Uni\Dissertation\MScProject\Dataset\046267.xls,.xls,0.02,OK,
C:\Users\User\OneDrive\Documents\Uni\Dissertation\MScProject\Dataset\046269.xls,.xls,0.02,OK,
C:\Users\User\OneDrive\Documents\Uni\Dissertation\MScProject\Dataset\046272.xls,.xls,0.1,OK,
C:\Users\User\OneDrive\Documents\Uni\Dissertation\MScProject\Dataset\046274.xls,.xls,0.09,OK,
C:\Users\User\OneDrive\Documents\Uni\Dissertation\MScProject\Dataset\046439.xls,.xls,0.07,OK,
C:\Users\User\OneDrive\Documents\Uni\Dissertation\MScProject\Dataset\046440.xls,.xls,0.06,OK,
C:\Users\User\OneDrive\Documents\Uni\Dissertation\MScProject\Dataset\046441.xls,.xls,0.05,OK,
C:\Users\User\OneDrive\Documents\Uni\Dissertation\MScProject\Dataset\046442.xls,.xls,0.76,OK,
C:\Users\User\OneDrive\Documents\Uni\Dissertation\MScProject\Dataset\046447.xls,.xls,0.71,OK,
C:\Users\User\OneDrive\Documents\Uni\Dissertation\MScProject\Dataset\046449.xls,.xls,11.74,OK,
C:\Users\User\OneDrive\Documents\Uni\Dissertation\MScProject\Dataset\046452.xls,.xls,0.03,OK,
C:\Users\User\OneDrive\Documents\Uni\Dissertation\MScProject\Dataset\046454.xls,.xls,0.05,OK,
C:\Users\User\OneDrive\Documents\Uni\Dissertation\MScProject\Dataset\046455.xls,.xls,0.06,OK,
C:\Users\User\OneDrive\Documents\Uni\Dissertation\MScProject\Dataset\046456.xls,.xls,0.06,OK,
C:\Users\User\OneDrive\Documents\Uni\Dissertation\MScProject\Dataset\046459.xls,.xls,0.07,OK,
C:\Users\User\OneDrive\Documents\Uni\Dissertation\MScProject\Dataset\046741.xls,.xls,0.03,OK,
C:\Users\User\OneDrive\Documents\Uni\Dissertation\MScProject\Dataset\046786.xls,.xls,0.05,OK,
C:\Users\User\OneDrive\Documents\Uni\Dissertation\MScProject\Dataset\046791.xls,.xls,0.99,OK,
C:\Users\User\OneDrive\Documents\Uni\Dissertation\MScProject\Dataset\046793.xls,.xls,0.04,OK,
C:\Users\User\OneDrive\Documents\Uni\Dissertation\MScProject\Dataset\047052.xls,.xls,0.03,OK,
C:\Users\User\OneDrive\Documents\Uni\Dissertation\MScProject\Dataset\047053.xls,.xls,0.08,OK,
C:\Users\User\OneDrive\Documents\Uni\Dissertation\MScProject\Dataset\047118.xls,.xls,0.34,OK,
C:\Users\User\OneDrive\Documents\Uni\Dissertation\MScProject\Dataset\047119.xls,.xls,0.11,OK,
C:\Users\User\OneDrive\Documents\Uni\Dissertation\MScProject\Dataset\047305.xls,.xls,0.03,OK,
C:\Users\User\OneDrive\Documents\Uni\Dissertation\MScProject\Dataset\047306.xls,.xls,0.49,OK,
C:\Users\User\OneDrive\Documents\Uni\Dissertation\MScProject\Dataset\047308.xls,.xls,0.02,OK,
C:\Users\User\OneDrive\Documents\Uni\Dissertation\MScProject\Dataset\047309.xls,.xls,0.02,OK,
C:\Users\User\OneDrive\Documents\Uni\Dissertation\MScProject\Dataset\047310.xls,.xls,0.02,OK,
C:\Users\User\OneDrive\Documents\Uni\Dissertation\MScProject\Dataset\047311.xls,.xls,0.15,OK,
C:\Users\User\OneDrive\Documents\Uni\Dissertation\MScProject\Dataset\047312.xls,.xls,0.1,OK,
C:\Users\User\OneDrive\Documents\Uni\Dissertation\MScProject\Dataset\047315.xls,.xls,0.11,OK,
C:\Users\User\OneDrive\Documents\Uni\Dissertation\MScProject\Dataset\047316.xls,.xls,0.03,OK,
C:\Users\User\OneDrive\Documents\Uni\Dissertation\MScProject\Dataset\047317.xls,.xls,0.01,OK,
C:\Users\User\OneDrive\Documents\Uni\Dissertation\MScProject\Dataset\047318.xls,.xls,0.02,OK,
C:\Users\User\OneDrive\Documents\Uni\Dissertation\MScProject\Dataset\047320.xls,.xls,0.05,OK,
C:\Users\User\OneDrive\Documents\Uni\Dissertation\MScProject\Dataset\047321.xls,.xls,0.04,OK,
C:\Users\User\OneDrive\Documents\Uni\Dissertation\MScProject\Dataset\047323.xls,.xls,0.04,OK,
C:\Users\User\OneDrive\Documents\Uni\Dissertation\MScProject\Dataset\047324.xls,.xls,0.36,OK,
C:\Users\User\OneDrive\Documents\Uni\Dissertation\MScProject\Dataset\047325.xls,.xls,0.13,OK,
C:\Users\User\OneDrive\Documents\Uni\Dissertation\MScProject\Dataset\047326.xls,.xls,0.05,OK,
C:\Users\User\OneDrive\Documents\Uni\Dissertation\MScProject\Dataset\047491.xls,.xls,0.39,OK,
C:\Users\User\OneDrive\Documents\Uni\Dissertation\MScProject\Dataset\047492.xls,.xls,0.18,OK,
C:\Users\User\OneDrive\Documents\Uni\Dissertation\MScProject\Dataset\047532.xls,.xls,0.04,OK,
C:\Users\User\OneDrive\Documents\Uni\Dissertation\MScProject\Dataset\047534.xls,.xls,0.2,OK,
C:\Users\User\OneDrive\Documents\Uni\Dissertation\MScProject\Dataset\047536.xls,.xls,0.09,OK,
C:\Users\User\OneDrive\Documents\Uni\Dissertation\MScProject\Dataset\047537.xls,.xls,14.89,OK,
C:\Users\User\OneDrive\Documents\Uni\Dissertation\MScProject\Dataset\047540.xls,.xls,6.02,OK,
C:\Users\User\OneDrive\Documents\Uni\Dissertation\MScProject\Dataset\047558.xls,.xls,0.1,OK,
C:\Users\User\OneDrive\Documents\Uni\Dissertation\MScProject\Dataset\047659.xls,.xls,0.48,OK,
C:\Users\User\OneDrive\Documents\Uni\Dissertation\MScProject\Dataset\047661.xls,.xls,0.52,OK,
C:\Users\User\OneDrive\Documents\Uni\Dissertation\MScProject\Dataset\047749.xls,.xls,0.09,OK,
C:\Users\User\OneDrive\Documents\Uni\Dissertation\MScProject\Dataset\047766.xls,.xls,0.04,OK,
C:\Users\User\OneDrive\Documents\Uni\Dissertation\MScProject\Dataset\047827.xls,.xls,0.02,OK,
C:\Users\User\OneDrive\Documents\Uni\Dissertation\MScProject\Dataset\047979.xls,.xls,0.05,OK,
C:\Users\User\OneDrive\Documents\Uni\Dissertation\MScProject\Dataset\047981.xls,.xls,0.21,OK,
C:\Users\User\OneDrive\Documents\Uni\Dissertation\MScProject\Dataset\047983.xls,.xls,0.02,OK,
C:\Users\User\OneDrive\Documents\Uni\Dissertation\MScProject\Dataset\047984.xls,.xls,0.02,OK,
C:\Users\User\OneDrive\Documents\Uni\Dissertation\MScProject\Dataset\047986.xls,.xls,0.04,OK,
C:\Users\User\OneDrive\Documents\Uni\Dissertation\MScProject\Dataset\047988.xls,.xls,0.04,OK,
C:\Users\User\OneDrive\Documents\Uni\Dissertation\MScProject\Dataset\047989.xls,.xls,0.03,OK,
C:\Users\User\OneDrive\Documents\Uni\Dissertation\MScProject\Dataset\047990.xls,.xls,0.03,OK,
C:\Users\User\OneDrive\Documents\Uni\Dissertation\MScProject\Dataset\047992.xls,.xls,0.08,OK,
C:\Users\User\OneDrive\Documents\Uni\Dissertation\MScProject\Dataset\047993.xls,.xls,0.17,OK,
C:\Users\User\OneDrive\Documents\Uni\Dissertation\MScProject\Dataset\047994.xls,.xls,0.04,OK,
C:\Users\User\OneDrive\Documents\Uni\Dissertation\MScProject\Dataset\047996.xls,.xls,0.15,OK,
C:\Users\User\OneDrive\Documents\Uni\Dissertation\MScProject\Dataset\047998.xls,.xls,0.04,OK,
C:\Users\User\OneDrive\Documents\Uni\Dissertation\MScProject\Dataset\048001.xls,.xls,0.08,OK,
C:\Users\User\OneDrive\Documents\Uni\Dissertation\MScProject\Dataset\048002.xls,.xls,0.02,OK,
C:\Users\User\OneDrive\Documents\Uni\Dissertation\MScProject\Dataset\048003.xls,.xls,0.02,OK,
C:\Users\User\OneDrive\Documents\Uni\Dissertation\MScProject\Dataset\048004.xls,.xls,0.04,OK,
C:\Users\User\OneDrive\Documents\Uni\Dissertation\MScProject\Dataset\048007.xls,.xls,0.12,OK,
C:\Users\User\OneDrive\Documents\Uni\Dissertation\MScProject\Dataset\048008.xls,.xls,0.11,OK,
C:\Users\User\OneDrive\Documents\Uni\Dissertation\MScProject\Dataset\048009.xls,.xls,0.21,OK,
C:\Users\User\OneDrive\Documents\Uni\Dissertation\MScProject\Dataset\048010.xls,.xls,0.65,OK,
C:\Users\User\OneDrive\Documents\Uni\Dissertation\MScProject\Dataset\048053.xls,.xls,0.08,OK,
C:\Users\User\OneDrive\Documents\Uni\Dissertation\MScProject\Dataset\048064.xls,.xls,0.03,OK,
C:\Users\User\OneDrive\Documents\Uni\Dissertation\MScProject\Dataset\048088.xls,.xls,0.03,OK,
C:\Users\User\OneDrive\Documents\Uni\Dissertation\MScProject\Dataset\048099.xls,.xls,0.29,OK,
C:\Users\User\OneDrive\Documents\Uni\Dissertation\MScProject\Dataset\048266.xls,.xls,0.06,OK,
C:\Users\User\OneDrive\Documents\Uni\Dissertation\MScProject\Dataset\048283.xls,.xls,0.65,OK,
C:\Users\User\OneDrive\Documents\Uni\Dissertation\MScProject\Dataset\048342.xls,.xls,0.04,OK,
C:\Users\User\OneDrive\Documents\Uni\Dissertation\MScProject\Dataset\048400.xls,.xls,0.19,OK,
C:\Users\User\OneDrive\Documents\Uni\Dissertation\MScProject\Dataset\048402.xls,.xls,0.04,OK,
C:\Users\User\OneDrive\Documents\Uni\Dissertation\MScProject\Dataset\048421.xls,.xls,0.14,OK,
C:\Users\User\OneDrive\Documents\Uni\Dissertation\MScProject\Dataset\048422.xls,.xls,0.02,OK,
C:\Users\User\OneDrive\Documents\Uni\Dissertation\MScProject\Dataset\048423.xls,.xls,0.05,OK,
C:\Users\User\OneDrive\Documents\Uni\Dissertation\MScProject\Dataset\048424.xls,.xls,0.05,OK,
C:\Users\User\OneDrive\Documents\Uni\Dissertation\MScProject\Dataset\048425.xls,.xls,0.04,OK,
C:\Users\User\OneDrive\Documents\Uni\Dissertation\MScProject\Dataset\048426.xls,.xls,0.79,OK,
C:\Users\User\OneDrive\Documents\Uni\Dissertation\MScProject\Dataset\048427.xls,.xls,0.14,OK,
C:\Users\User\OneDrive\Documents\Uni\Dissertation\MScProject\Dataset\048428.xls,.xls,0.94,OK,
C:\Users\User\OneDrive\Documents\Uni\Dissertation\MScProject\Dataset\048430.xls,.xls,0.11,OK,
C:\Users\User\OneDrive\Documents\Uni\Dissertation\MScProject\Dataset\048431.xls,.xls,0.12,OK,
C:\Users\User\OneDrive\Documents\Uni\Dissertation\MScProject\Dataset\048433.xls,.xls,0.02,OK,
C:\Users\User\OneDrive\Documents\Uni\Dissertation\MScProject\Dataset\048436.xls,.xls,0.29,OK,
C:\Users\User\OneDrive\Documents\Uni\Dissertation\MScProject\Dataset\048437.xls,.xls,0.02,OK,
C:\Users\User\OneDrive\Documents\Uni\Dissertation\MScProject\Dataset\048438.xls,.xls,0.02,OK,
C:\Users\User\OneDrive\Documents\Uni\Dissertation\MScProject\Dataset\048439.xls,.xls,0.02,OK,
C:\Users\User\OneDrive\Documents\Uni\Dissertation\MScProject\Dataset\048440.xls,.xls,0.21,OK,
C:\Users\User\OneDrive\Documents\Uni\Dissertation\MScProject\Dataset\048441.xls,.xls,0.03,OK,
C:\Users\User\OneDrive\Documents\Uni\Dissertation\MScProject\Dataset\048444.xls,.xls,0.08,OK,
C:\Users\User\OneDrive\Documents\Uni\Dissertation\MScProject\Dataset\048455.xls,.xls,0.22,OK,
C:\Users\User\OneDrive\Documents\Uni\Dissertation\MScProject\Dataset\048457.xls,.xls,0.33,OK,
C:\Users\User\OneDrive\Documents\Uni\Dissertation\MScProject\Dataset\048478.xls,.xls,0.03,OK,
C:\Users\User\OneDrive\Documents\Uni\Dissertation\MScProject\Dataset\048482.xls,.xls,0.03,OK,
C:\Users\User\OneDrive\Documents\Uni\Dissertation\MScProject\Dataset\048484.xls,.xls,0.02,OK,
C:\Users\User\OneDrive\Documents\Uni\Dissertation\MScProject\Dataset\048485.xls,.xls,0.94,OK,
C:\Users\User\OneDrive\Documents\Uni\Dissertation\MScProject\Dataset\048641.xls,.xls,0.02,OK,
C:\Users\User\OneDrive\Documents\Uni\Dissertation\MScProject\Dataset\048644.xls,.xls,0.03,OK,
C:\Users\User\OneDrive\Documents\Uni\Dissertation\MScProject\Dataset\048647.xls,.xls,0.04,OK,
C:\Users\User\OneDrive\Documents\Uni\Dissertation\MScProject\Dataset\048688.xls,.xls,0.02,OK,
C:\Users\User\OneDrive\Documents\Uni\Dissertation\MScProject\Dataset\048689.xls,.xls,0.05,OK,
C:\Users\User\OneDrive\Documents\Uni\Dissertation\MScProject\Dataset\048690.xls,.xls,0.42,OK,
C:\Users\User\OneDrive\Documents\Uni\Dissertation\MScProject\Dataset\048691.xls,.xls,0.03,OK,
C:\Users\User\OneDrive\Documents\Uni\Dissertation\MScProject\Dataset\048692.xls,.xls,0.03,OK,
C:\Users\User\OneDrive\Documents\Uni\Dissertation\MScProject\Dataset\048693.xls,.xls,0.51,OK,
C:\Users\User\OneDrive\Documents\Uni\Dissertation\MScProject\Dataset\048694.xls,.xls,1.0,OK,
C:\Users\User\OneDrive\Documents\Uni\Dissertation\MScProject\Dataset\048695.xls,.xls,1.87,OK,
C:\Users\User\OneDrive\Documents\Uni\Dissertation\MScProject\Dataset\048699.xls,.xls,0.07,OK,
C:\Users\User\OneDrive\Documents\Uni\Dissertation\MScProject\Dataset\048700.xls,.xls,0.09,OK,
C:\Users\User\OneDrive\Documents\Uni\Dissertation\MScProject\Dataset\048701.xls,.xls,0.07,OK,
C:\Users\User\OneDrive\Documents\Uni\Dissertation\MScProject\Dataset\048702.xls,.xls,0.07,OK,
C:\Users\User\OneDrive\Documents\Uni\Dissertation\MScProject\Dataset\048703.xls,.xls,2.2,OK,
C:\Users\User\OneDrive\Documents\Uni\Dissertation\MScProject\Dataset\048705.xls,.xls,4.15,OK,
C:\Users\User\OneDrive\Documents\Uni\Dissertation\MScProject\Dataset\048706.xls,.xls,6.08,OK,
C:\Users\User\OneDrive\Documents\Uni\Dissertation\MScProject\Dataset\048708.xls,.xls,0.53,OK,
C:\Users\User\OneDrive\Documents\Uni\Dissertation\MScProject\Dataset\048709.xls,.xls,3.47,OK,
C:\Users\User\OneDrive\Documents\Uni\Dissertation\MScProject\Dataset\048711.xls,.xls,0.86,OK,
C:\Users\User\OneDrive\Documents\Uni\Dissertation\MScProject\Dataset\049032.xls,.xls,0.07,OK,
C:\Users\User\OneDrive\Documents\Uni\Dissertation\MScProject\Dataset\049088.xls,.xls,0.03,OK,
C:\Users\User\OneDrive\Documents\Uni\Dissertation\MScProject\Dataset\049100.xls,.xls,0.02,OK,
C:\Users\User\OneDrive\Documents\Uni\Dissertation\MScProject\Dataset\049127.xls,.xls,0.01,OK,
C:\Users\User\OneDrive\Documents\Uni\Dissertation\MScProject\Dataset\049128.xls,.xls,0.03,OK,
C:\Users\User\OneDrive\Documents\Uni\Dissertation\MScProject\Dataset\049129.xls,.xls,0.04,OK,
C:\Users\User\OneDrive\Documents\Uni\Dissertation\MScProject\Dataset\049131.xls,.xls,0.03,OK,
C:\Users\User\OneDrive\Documents\Uni\Dissertation\MScProject\Dataset\049134.xls,.xls,0.03,OK,
C:\Users\User\OneDrive\Documents\Uni\Dissertation\MScProject\Dataset\049142.xls,.xls,0.2,OK,
C:\Users\User\OneDrive\Documents\Uni\Dissertation\MScProject\Dataset\049152.xls,.xls,0.02,OK,
C:\Users\User\OneDrive\Documents\Uni\Dissertation\MScProject\Dataset\049156.xls,.xls,0.1,OK,
C:\Users\User\OneDrive\Documents\Uni\Dissertation\MScProject\Dataset\049400.xls,.xls,0.05,OK,
C:\Users\User\OneDrive\Documents\Uni\Dissertation\MScProject\Dataset\049403.xls,.xls,0.04,OK,
C:\Users\User\OneDrive\Documents\Uni\Dissertation\MScProject\Dataset\049404.xls,.xls,0.08,OK,
C:\Users\User\OneDrive\Documents\Uni\Dissertation\MScProject\Dataset\049406.xls,.xls,0.03,OK,
C:\Users\User\OneDrive\Documents\Uni\Dissertation\MScProject\Dataset\049407.xls,.xls,0.2,OK,
C:\Users\User\OneDrive\Documents\Uni\Dissertation\MScProject\Dataset\049409.xls,.xls,0.04,OK,
C:\Users\User\OneDrive\Documents\Uni\Dissertation\MScProject\Dataset\049410.xls,.xls,0.77,OK,
C:\Users\User\OneDrive\Documents\Uni\Dissertation\MScProject\Dataset\049411.xls,.xls,7.73,OK,
C:\Users\User\OneDrive\Documents\Uni\Dissertation\MScProject\Dataset\049412.xls,.xls,0.07,OK,
C:\Users\User\OneDrive\Documents\Uni\Dissertation\MScProject\Dataset\049413.xls,.xls,0.14,OK,
C:\Users\User\OneDrive\Documents\Uni\Dissertation\MScProject\Dataset\049414.xls,.xls,1.99,OK,
C:\Users\User\OneDrive\Documents\Uni\Dissertation\MScProject\Dataset\049415.xls,.xls,0.11,OK,
C:\Users\User\OneDrive\Documents\Uni\Dissertation\MScProject\Dataset\049418.xls,.xls,3.04,OK,
C:\Users\User\OneDrive\Documents\Uni\Dissertation\MScProject\Dataset\049420.xls,.xls,0.19,OK,
C:\Users\User\OneDrive\Documents\Uni\Dissertation\MScProject\Dataset\049424.xls,.xls,2.05,OK,
C:\Users\User\OneDrive\Documents\Uni\Dissertation\MScProject\Dataset\049669.xls,.xls,0.32,OK,
C:\Users\User\OneDrive\Documents\Uni\Dissertation\MScProject\Dataset\049670.xls,.xls,0.02,OK,
C:\Users\User\OneDrive\Documents\Uni\Dissertation\MScProject\Dataset\049671.xls,.xls,0.08,OK,
C:\Users\User\OneDrive\Documents\Uni\Dissertation\MScProject\Dataset\049672.xls,.xls,0.13,OK,
C:\Users\User\OneDrive\Documents\Uni\Dissertation\MScProject\Dataset\049673.xls,.xls,0.2,OK,
C:\Users\User\OneDrive\Documents\Uni\Dissertation\MScProject\Dataset\049675.xls,.xls,0.16,OK,
C:\Users\User\OneDrive\Documents\Uni\Dissertation\MScProject\Dataset\049676.xls,.xls,0.03,OK,
C:\Users\User\OneDrive\Documents\Uni\Dissertation\MScProject\Dataset\049677.xls,.xls,0.12,OK,
C:\Users\User\OneDrive\Documents\Uni\Dissertation\MScProject\Dataset\049678.xls,.xls,0.02,OK,
C:\Users\User\OneDrive\Documents\Uni\Dissertation\MScProject\Dataset\049679.xls,.xls,0.13,OK,
C:\Users\User\OneDrive\Documents\Uni\Dissertation\MScProject\Dataset\049680.xls,.xls,0.03,OK,
C:\Users\User\OneDrive\Documents\Uni\Dissertation\MScProject\Dataset\049681.xls,.xls,0.12,OK,
C:\Users\User\OneDrive\Documents\Uni\Dissertation\MScProject\Dataset\049682.xls,.xls,0.14,OK,
C:\Users\User\OneDrive\Documents\Uni\Dissertation\MScProject\Dataset\049683.xls,.xls,2.4,OK,
C:\Users\User\OneDrive\Documents\Uni\Dissertation\MScProject\Dataset\049684.xls,.xls,0.12,OK,
C:\Users\User\OneDrive\Documents\Uni\Dissertation\MScProject\Dataset\049685.xls,.xls,0.03,OK,
C:\Users\User\OneDrive\Documents\Uni\Dissertation\MScProject\Dataset\049686.xls,.xls,0.06,OK,
C:\Users\User\OneDrive\Documents\Uni\Dissertation\MScProject\Dataset\049687.xls,.xls,0.29,OK,
C:\Users\User\OneDrive\Documents\Uni\Dissertation\MScProject\Dataset\049690.xls,.xls,0.04,OK,
C:\Users\User\OneDrive\Documents\Uni\Dissertation\MScProject\Dataset\049692.xls,.xls,0.04,OK,
C:\Users\User\OneDrive\Documents\Uni\Dissertation\MScProject\Dataset\049695.xls,.xls,0.04,OK,
C:\Users\User\OneDrive\Documents\Uni\Dissertation\MScProject\Dataset\049699.xls,.xls,0.04,OK,
C:\Users\User\OneDrive\Documents\Uni\Dissertation\MScProject\Dataset\049700.xls,.xls,0.67,OK,
C:\Users\User\OneDrive\Documents\Uni\Dissertation\MScProject\Dataset\049701.xls,.xls,0.01,OK,
C:\Users\User\OneDrive\Documents\Uni\Dissertation\MScProject\Dataset\049702.xls,.xls,0.02,OK,
C:\Users\User\OneDrive\Documents\Uni\Dissertation\MScProject\Dataset\049703.xls,.xls,0.04,OK,
C:\Users\User\OneDrive\Documents\Uni\Dissertation\MScProject\Dataset\049704.xls,.xls,0.38,OK,
C:\Users\User\OneDrive\Documents\Uni\Dissertation\MScProject\Dataset\049705.xls,.xls,0.03,OK,
C:\Users\User\OneDrive\Documents\Uni\Dissertation\MScProject\Dataset\049706.xls,.xls,0.63,OK,
C:\Users\User\OneDrive\Documents\Uni\Dissertation\MScProject\Dataset\049919.xls,.xls,0.01,OK,
C:\Users\User\OneDrive\Documents\Uni\Dissertation\MScProject\Dataset\049921.xls,.xls,0.08,OK,
C:\Users\User\OneDrive\Documents\Uni\Dissertation\MScProject\Dataset\049923.xls,.xls,0.04,OK,
C:\Users\User\OneDrive\Documents\Uni\Dissertation\MScProject\Dataset\049930.xls,.xls,0.05,OK,
C:\Users\User\OneDrive\Documents\Uni\Dissertation\MScProject\Dataset\049931.xls,.xls,1.92,OK,
C:\Users\User\OneDrive\Documents\Uni\Dissertation\MScProject\Dataset\049935.xls,.xls,0.12,OK,
C:\Users\User\OneDrive\Documents\Uni\Dissertation\MScProject\Dataset\049938.xls,.xls,0.53,OK,
C:\Users\User\OneDrive\Documents\Uni\Dissertation\MScProject\Dataset\049939.xls,.xls,0.5,OK,
C:\Users\User\OneDrive\Documents\Uni\Dissertation\MScProject\Dataset\049941.xls,.xls,0.54,OK,
C:\Users\User\OneDrive\Documents\Uni\Dissertation\MScProject\Dataset\049943.xls,.xls,0.99,OK,
C:\Users\User\OneDrive\Documents\Uni\Dissertation\MScProject\Dataset\050265.xls,.xls,0.03,OK,
C:\Users\User\OneDrive\Documents\Uni\Dissertation\MScProject\Dataset\050277.xls,.xls,0.02,OK,
C:\Users\User\OneDrive\Documents\Uni\Dissertation\MScProject\Dataset\050281.xls,.xls,0.01,OK,
C:\Users\User\OneDrive\Documents\Uni\Dissertation\MScProject\Dataset\050282.xls,.xls,0.04,OK,
C:\Users\User\OneDrive\Documents\Uni\Dissertation\MScProject\Dataset\050283.xls,.xls,0.03,OK,
C:\Users\User\OneDrive\Documents\Uni\Dissertation\MScProject\Dataset\050284.xls,.xls,0.06,OK,
C:\Users\User\OneDrive\Documents\Uni\Dissertation\MScProject\Dataset\050285.xls,.xls,0.06,OK,
C:\Users\User\OneDrive\Documents\Uni\Dissertation\MScProject\Dataset\050287.xls,.xls,0.09,OK,
C:\Users\User\OneDrive\Documents\Uni\Dissertation\MScProject\Dataset\050288.xls,.xls,0.17,OK,
C:\Users\User\OneDrive\Documents\Uni\Dissertation\MScProject\Dataset\050290.xls,.xls,0.06,OK,
C:\Users\User\OneDrive\Documents\Uni\Dissertation\MScProject\Dataset\050291.xls,.xls,0.01,OK,
C:\Users\User\OneDrive\Documents\Uni\Dissertation\MScProject\Dataset\050294.xls,.xls,0.02,OK,
C:\Users\User\OneDrive\Documents\Uni\Dissertation\MScProject\Dataset\050295.xls,.xls,1.17,OK,
C:\Users\User\OneDrive\Documents\Uni\Dissertation\MScProject\Dataset\050296.xls,.xls,0.03,OK,
C:\Users\User\OneDrive\Documents\Uni\Dissertation\MScProject\Dataset\050297.xls,.xls,0.03,OK,
C:\Users\User\OneDrive\Documents\Uni\Dissertation\MScProject\Dataset\050298.xls,.xls,0.04,OK,
C:\Users\User\OneDrive\Documents\Uni\Dissertation\MScProject\Dataset\050299.xls,.xls,0.03,OK,
C:\Users\User\OneDrive\Documents\Uni\Dissertation\MScProject\Dataset\050300.xls,.xls,0.01,OK,
C:\Users\User\OneDrive\Documents\Uni\Dissertation\MScProject\Dataset\050304.xls,.xls,0.22,OK,
C:\Users\User\OneDrive\Documents\Uni\Dissertation\MScProject\Dataset\050305.xls,.xls,0.22,OK,
C:\Users\User\OneDrive\Documents\Uni\Dissertation\MScProject\Dataset\050306.xls,.xls,0.07,OK,
C:\Users\User\OneDrive\Documents\Uni\Dissertation\MScProject\Dataset\050307.xls,.xls,0.05,OK,
C:\Users\User\OneDrive\Documents\Uni\Dissertation\MScProject\Dataset\050308.xls,.xls,0.04,OK,
C:\Users\User\OneDrive\Documents\Uni\Dissertation\MScProject\Dataset\050309.xls,.xls,0.1,OK,
C:\Users\User\OneDrive\Documents\Uni\Dissertation\MScProject\Dataset\050312.xls,.xls,0.09,OK,
C:\Users\User\OneDrive\Documents\Uni\Dissertation\MScProject\Dataset\050313.xls,.xls,0.59,OK,
C:\Users\User\OneDrive\Documents\Uni\Dissertation\MScProject\Dataset\050314.xls,.xls,0.15,OK,
C:\Users\User\OneDrive\Documents\Uni\Dissertation\MScProject\Dataset\050315.xls,.xls,0.15,OK,
C:\Users\User\OneDrive\Documents\Uni\Dissertation\MScProject\Dataset\050316.xls,.xls,0.07,OK,
C:\Users\User\OneDrive\Documents\Uni\Dissertation\MScProject\Dataset\050317.xls,.xls,0.06,OK,
C:\Users\User\OneDrive\Documents\Uni\Dissertation\MScProject\Dataset\050318.xls,.xls,4.68,OK,
C:\Users\User\OneDrive\Documents\Uni\Dissertation\MScProject\Dataset\050319.xls,.xls,0.07,OK,
C:\Users\User\OneDrive\Documents\Uni\Dissertation\MScProject\Dataset\050320.xls,.xls,0.17,OK,
C:\Users\User\OneDrive\Documents\Uni\Dissertation\MScProject\Dataset\050322.xls,.xls,2.85,OK,
C:\Users\User\OneDrive\Documents\Uni\Dissertation\MScProject\Dataset\050740.xls,.xls,0.38,OK,
C:\Users\User\OneDrive\Documents\Uni\Dissertation\MScProject\Dataset\050741.xls,.xls,0.39,OK,
C:\Users\User\OneDrive\Documents\Uni\Dissertation\MScProject\Dataset\050742.xls,.xls,1.01,OK,
C:\Users\User\OneDrive\Documents\Uni\Dissertation\MScProject\Dataset\050743.xls,.xls,0.09,OK,
C:\Users\User\OneDrive\Documents\Uni\Dissertation\MScProject\Dataset\050744.xls,.xls,0.07,OK,
C:\Users\User\OneDrive\Documents\Uni\Dissertation\MScProject\Dataset\050745.xls,.xls,3.03,OK,
C:\Users\User\OneDrive\Documents\Uni\Dissertation\MScProject\Dataset\050746.xls,.xls,0.15,OK,
C:\Users\User\OneDrive\Documents\Uni\Dissertation\MScProject\Dataset\050747.xls,.xls,0.18,OK,
C:\Users\User\OneDrive\Documents\Uni\Dissertation\MScProject\Dataset\050751.xls,.xls,0.06,OK,
C:\Users\User\OneDrive\Documents\Uni\Dissertation\MScProject\Dataset\050752.xls,.xls,3.85,OK,
C:\Users\User\OneDrive\Documents\Uni\Dissertation\MScProject\Dataset\050840.xls,.xls,0.06,OK,
C:\Users\User\OneDrive\Documents\Uni\Dissertation\MScProject\Dataset\050841.xls,.xls,0.03,OK,
C:\Users\User\OneDrive\Documents\Uni\Dissertation\MScProject\Dataset\050843.xls,.xls,0.03,OK,
C:\Users\User\OneDrive\Documents\Uni\Dissertation\MScProject\Dataset\050879.xls,.xls,0.15,OK,
C:\Users\User\OneDrive\Documents\Uni\Dissertation\MScProject\Dataset\050890.xls,.xls,0.04,OK,
C:\Users\User\OneDrive\Documents\Uni\Dissertation\MScProject\Dataset\050944.xls,.xls,0.15,OK,
C:\Users\User\OneDrive\Documents\Uni\Dissertation\MScProject\Dataset\051222.xls,.xls,0.03,OK,
C:\Users\User\OneDrive\Documents\Uni\Dissertation\MScProject\Dataset\051223.xls,.xls,0.03,OK,
C:\Users\User\OneDrive\Documents\Uni\Dissertation\MScProject\Dataset\051225.xls,.xls,0.02,OK,
C:\Users\User\OneDrive\Documents\Uni\Dissertation\MScProject\Dataset\051226.xls,.xls,0.02,OK,
C:\Users\User\OneDrive\Documents\Uni\Dissertation\MScProject\Dataset\051227.xls,.xls,1.01,OK,
C:\Users\User\OneDrive\Documents\Uni\Dissertation\MScProject\Dataset\051228.xls,.xls,0.17,OK,
C:\Users\User\OneDrive\Documents\Uni\Dissertation\MScProject\Dataset\051231.xls,.xls,0.02,OK,
C:\Users\User\OneDrive\Documents\Uni\Dissertation\MScProject\Dataset\051234.xls,.xls,0.05,OK,
C:\Users\User\OneDrive\Documents\Uni\Dissertation\MScProject\Dataset\051448.xls,.xls,0.03,OK,
C:\Users\User\OneDrive\Documents\Uni\Dissertation\MScProject\Dataset\051449.xls,.xls,0.03,OK,
C:\Users\User\OneDrive\Documents\Uni\Dissertation\MScProject\Dataset\051452.xls,.xls,0.06,OK,
C:\Users\User\OneDrive\Documents\Uni\Dissertation\MScProject\Dataset\051454.xls,.xls,0.03,OK,
C:\Users\User\OneDrive\Documents\Uni\Dissertation\MScProject\Dataset\051457.xls,.xls,0.99,OK,
C:\Users\User\OneDrive\Documents\Uni\Dissertation\MScProject\Dataset\051459.xls,.xls,0.12,OK,
C:\Users\User\OneDrive\Documents\Uni\Dissertation\MScProject\Dataset\051462.xls,.xls,0.33,OK,
C:\Users\User\OneDrive\Documents\Uni\Dissertation\MScProject\Dataset\051463.xls,.xls,0.07,OK,
C:\Users\User\OneDrive\Documents\Uni\Dissertation\MScProject\Dataset\051464.xls,.xls,0.09,OK,
C:\Users\User\OneDrive\Documents\Uni\Dissertation\MScProject\Dataset\051469.xls,.xls,0.17,OK,
C:\Users\User\OneDrive\Documents\Uni\Dissertation\MScProject\Dataset\051470.xls,.xls,1.19,OK,
C:\Users\User\OneDrive\Documents\Uni\Dissertation\MScProject\Dataset\051471.xls,.xls,0.22,OK,
C:\Users\User\OneDrive\Documents\Uni\Dissertation\MScProject\Dataset\051472.xls,.xls,2.11,OK,
C:\Users\User\OneDrive\Documents\Uni\Dissertation\MScProject\Dataset\051473.xls,.xls,2.71,OK,
C:\Users\User\OneDrive\Documents\Uni\Dissertation\MScProject\Dataset\051680.xls,.xls,0.03,OK,
C:\Users\User\OneDrive\Documents\Uni\Dissertation\MScProject\Dataset\051681.xls,.xls,0.03,OK,
C:\Users\User\OneDrive\Documents\Uni\Dissertation\MScProject\Dataset\051683.xls,.xls,0.2,OK,
C:\Users\User\OneDrive\Documents\Uni\Dissertation\MScProject\Dataset\051684.xls,.xls,0.21,OK,
C:\Users\User\OneDrive\Documents\Uni\Dissertation\MScProject\Dataset\051685.xls,.xls,0.58,OK,
C:\Users\User\OneDrive\Documents\Uni\Dissertation\MScProject\Dataset\051686.xls,.xls,1.68,OK,
C:\Users\User\OneDrive\Documents\Uni\Dissertation\MScProject\Dataset\051687.xls,.xls,0.05,OK,
C:\Users\User\OneDrive\Documents\Uni\Dissertation\MScProject\Dataset\051688.xls,.xls,0.13,OK,
C:\Users\User\OneDrive\Documents\Uni\Dissertation\MScProject\Dataset\051884.xls,.xls,0.04,OK,
C:\Users\User\OneDrive\Documents\Uni\Dissertation\MScProject\Dataset\051992.xls,.xls,0.03,OK,
C:\Users\User\OneDrive\Documents\Uni\Dissertation\MScProject\Dataset\051999.xls,.xls,0.08,OK,
C:\Users\User\OneDrive\Documents\Uni\Dissertation\MScProject\Dataset\052004.xls,.xls,6.71,OK,
C:\Users\User\OneDrive\Documents\Uni\Dissertation\MScProject\Dataset\052005.xls,.xls,4.62,OK,
C:\Users\User\OneDrive\Documents\Uni\Dissertation\MScProject\Dataset\052006.xls,.xls,4.45,OK,
C:\Users\User\OneDrive\Documents\Uni\Dissertation\MScProject\Dataset\052010.xls,.xls,2.89,OK,
C:\Users\User\OneDrive\Documents\Uni\Dissertation\MScProject\Dataset\052024.xls,.xls,0.04,OK,
C:\Users\User\OneDrive\Documents\Uni\Dissertation\MScProject\Dataset\052137.xls,.xls,0.03,OK,
C:\Users\User\OneDrive\Documents\Uni\Dissertation\MScProject\Dataset\052151.xls,.xls,0.03,OK,
C:\Users\User\OneDrive\Documents\Uni\Dissertation\MScProject\Dataset\052170.xls,.xls,0.03,OK,
C:\Users\User\OneDrive\Documents\Uni\Dissertation\MScProject\Dataset\052237.xls,.xls,0.04,OK,
C:\Users\User\OneDrive\Documents\Uni\Dissertation\MScProject\Dataset\052238.xls,.xls,7.11,OK,
C:\Users\User\OneDrive\Documents\Uni\Dissertation\MScProject\Dataset\052239.xls,.xls,0.2,OK,
C:\Users\User\OneDrive\Documents\Uni\Dissertation\MScProject\Dataset\052383.xls,.xls,0.03,OK,
C:\Users\User\OneDrive\Documents\Uni\Dissertation\MScProject\Dataset\052387.xls,.xls,0.04,OK,
C:\Users\User\OneDrive\Documents\Uni\Dissertation\MScProject\Dataset\052388.xls,.xls,0.11,OK,
C:\Users\User\OneDrive\Documents\Uni\Dissertation\MScProject\Dataset\052389.xls,.xls,0.12,OK,
C:\Users\User\OneDrive\Documents\Uni\Dissertation\MScProject\Dataset\052391.xls,.xls,0.44,OK,
C:\Users\User\OneDrive\Documents\Uni\Dissertation\MScProject\Dataset\052411.xls,.xls,0.11,OK,
C:\Users\User\OneDrive\Documents\Uni\Dissertation\MScProject\Dataset\052412.xls,.xls,0.11,OK,
C:\Users\User\OneDrive\Documents\Uni\Dissertation\MScProject\Dataset\052565.xls,.xls,2.11,OK,
C:\Users\User\OneDrive\Documents\Uni\Dissertation\MScProject\Dataset\052569.xls,.xls,0.05,OK,
C:\Users\User\OneDrive\Documents\Uni\Dissertation\MScProject\Dataset\052570.xls,.xls,0.04,OK,
C:\Users\User\OneDrive\Documents\Uni\Dissertation\MScProject\Dataset\052982.xls,.xls,0.07,OK,
C:\Users\User\OneDrive\Documents\Uni\Dissertation\MScProject\Dataset\052983.xls,.xls,0.03,OK,
C:\Users\User\OneDrive\Documents\Uni\Dissertation\MScProject\Dataset\052984.xls,.xls,12.05,OK,
C:\Users\User\OneDrive\Documents\Uni\Dissertation\MScProject\Dataset\052985.xls,.xls,0.26,OK,
C:\Users\User\OneDrive\Documents\Uni\Dissertation\MScProject\Dataset\052986.xls,.xls,0.03,OK,
C:\Users\User\OneDrive\Documents\Uni\Dissertation\MScProject\Dataset\052988.xls,.xls,0.1,OK,
C:\Users\User\OneDrive\Documents\Uni\Dissertation\MScProject\Dataset\052990.xls,.xls,0.14,OK,
C:\Users\User\OneDrive\Documents\Uni\Dissertation\MScProject\Dataset\053017.xls,.xls,0.03,OK,
C:\Users\User\OneDrive\Documents\Uni\Dissertation\MScProject\Dataset\053023.xls,.xls,0.03,OK,
C:\Users\User\OneDrive\Documents\Uni\Dissertation\MScProject\Dataset\053257.xls,.xls,2.89,OK,
C:\Users\User\OneDrive\Documents\Uni\Dissertation\MScProject\Dataset\053258.xls,.xls,0.97,OK,
C:\Users\User\OneDrive\Documents\Uni\Dissertation\MScProject\Dataset\053296.xls,.xls,0.46,OK,
C:\Users\User\OneDrive\Documents\Uni\Dissertation\MScProject\Dataset\053416.xls,.xls,0.03,OK,
C:\Users\User\OneDrive\Documents\Uni\Dissertation\MScProject\Dataset\053417.xls,.xls,0.04,OK,
C:\Users\User\OneDrive\Documents\Uni\Dissertation\MScProject\Dataset\053426.xls,.xls,0.76,OK,
C:\Users\User\OneDrive\Documents\Uni\Dissertation\MScProject\Dataset\053506.xls,.xls,0.2,OK,
C:\Users\User\OneDrive\Documents\Uni\Dissertation\MScProject\Dataset\053527.xls,.xls,25.55,OK,
C:\Users\User\OneDrive\Documents\Uni\Dissertation\MScProject\Dataset\053533.xls,.xls,0.05,OK,
C:\Users\User\OneDrive\Documents\Uni\Dissertation\MScProject\Dataset\053539.xls,.xls,0.03,OK,
C:\Users\User\OneDrive\Documents\Uni\Dissertation\MScProject\Dataset\053546.xls,.xls,0.03,OK,
C:\Users\User\OneDrive\Documents\Uni\Dissertation\MScProject\Dataset\053547.xls,.xls,8.99,OK,
C:\Users\User\OneDrive\Documents\Uni\Dissertation\MScProject\Dataset\053548.xls,.xls,0.22,OK,
C:\Users\User\OneDrive\Documents\Uni\Dissertation\MScProject\Dataset\053549.xls,.xls,0.13,OK,
C:\Users\User\OneDrive\Documents\Uni\Dissertation\MScProject\Dataset\053596.xls,.xls,0.13,OK,
C:\Users\User\OneDrive\Documents\Uni\Dissertation\MScProject\Dataset\053689.xls,.xls,0.02,OK,
C:\Users\User\OneDrive\Documents\Uni\Dissertation\MScProject\Dataset\053705.xls,.xls,0.11,OK,
C:\Users\User\OneDrive\Documents\Uni\Dissertation\MScProject\Dataset\053708.xls,.xls,0.04,OK,
C:\Users\User\OneDrive\Documents\Uni\Dissertation\MScProject\Dataset\053754.xls,.xls,0.23,OK,
C:\Users\User\OneDrive\Documents\Uni\Dissertation\MScProject\Dataset\053801.xls,.xls,0.18,OK,
C:\Users\User\OneDrive\Documents\Uni\Dissertation\MScProject\Dataset\053802.xls,.xls,0.04,OK,
C:\Users\User\OneDrive\Documents\Uni\Dissertation\MScProject\Dataset\053855.xls,.xls,0.04,OK,
C:\Users\User\OneDrive\Documents\Uni\Dissertation\MScProject\Dataset\053856.xls,.xls,0.41,OK,
C:\Users\User\OneDrive\Documents\Uni\Dissertation\MScProject\Dataset\053858.xls,.xls,0.13,OK,
C:\Users\User\OneDrive\Documents\Uni\Dissertation\MScProject\Dataset\053859.xls,.xls,0.09,OK,
C:\Users\User\OneDrive\Documents\Uni\Dissertation\MScProject\Dataset\053860.xls,.xls,0.09,OK,
C:\Users\User\OneDrive\Documents\Uni\Dissertation\MScProject\Dataset\053862.xls,.xls,0.07,OK,
C:\Users\User\OneDrive\Documents\Uni\Dissertation\MScProject\Dataset\053863.xls,.xls,0.04,OK,
C:\Users\User\OneDrive\Documents\Uni\Dissertation\MScProject\Dataset\053864.xls,.xls,0.09,OK,
C:\Users\User\OneDrive\Documents\Uni\Dissertation\MScProject\Dataset\053867.xls,.xls,0.12,OK,
C:\Users\User\OneDrive\Documents\Uni\Dissertation\MScProject\Dataset\053868.xls,.xls,0.03,OK,
C:\Users\User\OneDrive\Documents\Uni\Dissertation\MScProject\Dataset\053871.xls,.xls,0.13,OK,
C:\Users\User\OneDrive\Documents\Uni\Dissertation\MScProject\Dataset\053872.xls,.xls,0.39,OK,
C:\Users\User\OneDrive\Documents\Uni\Dissertation\MScProject\Dataset\053873.xls,.xls,0.09,OK,
C:\Users\User\OneDrive\Documents\Uni\Dissertation\MScProject\Dataset\053874.xls,.xls,0.03,OK,
C:\Users\User\OneDrive\Documents\Uni\Dissertation\MScProject\Dataset\053875.xls,.xls,0.8,OK,
C:\Users\User\OneDrive\Documents\Uni\Dissertation\MScProject\Dataset\053877.xls,.xls,1.4,OK,
C:\Users\User\OneDrive\Documents\Uni\Dissertation\MScProject\Dataset\053878.xls,.xls,0.02,OK,
C:\Users\User\OneDrive\Documents\Uni\Dissertation\MScProject\Dataset\053879.xls,.xls,0.12,OK,
C:\Users\User\OneDrive\Documents\Uni\Dissertation\MScProject\Dataset\054164.xls,.xls,0.03,OK,
C:\Users\User\OneDrive\Documents\Uni\Dissertation\MScProject\Dataset\054165.xls,.xls,0.18,OK,
C:\Users\User\OneDrive\Documents\Uni\Dissertation\MScProject\Dataset\054166.xls,.xls,0.04,OK,
C:\Users\User\OneDrive\Documents\Uni\Dissertation\MScProject\Dataset\054167.xls,.xls,0.04,OK,
C:\Users\User\OneDrive\Documents\Uni\Dissertation\MScProject\Dataset\054168.xls,.xls,0.03,OK,
C:\Users\User\OneDrive\Documents\Uni\Dissertation\MScProject\Dataset\054171.xls,.xls,0.58,OK,
C:\Users\User\OneDrive\Documents\Uni\Dissertation\MScProject\Dataset\054174.xls,.xls,0.13,OK,
C:\Users\User\OneDrive\Documents\Uni\Dissertation\MScProject\Dataset\054175.xls,.xls,0.21,OK,
C:\Users\User\OneDrive\Documents\Uni\Dissertation\MScProject\Dataset\054176.xls,.xls,0.2,OK,
C:\Users\User\OneDrive\Documents\Uni\Dissertation\MScProject\Dataset\054177.xls,.xls,5.76,OK,
C:\Users\User\OneDrive\Documents\Uni\Dissertation\MScProject\Dataset\054178.xls,.xls,0.13,OK,
C:\Users\User\OneDrive\Documents\Uni\Dissertation\MScProject\Dataset\054179.xls,.xls,0.07,OK,
C:\Users\User\OneDrive\Documents\Uni\Dissertation\MScProject\Dataset\054348.xls,.xls,0.15,OK,
C:\Users\User\OneDrive\Documents\Uni\Dissertation\MScProject\Dataset\054420.xls,.xls,0.67,OK,
C:\Users\User\OneDrive\Documents\Uni\Dissertation\MScProject\Dataset\054422.xls,.xls,0.08,OK,
C:\Users\User\OneDrive\Documents\Uni\Dissertation\MScProject\Dataset\054424.xls,.xls,0.05,OK,
C:\Users\User\OneDrive\Documents\Uni\Dissertation\MScProject\Dataset\054426.xls,.xls,0.08,OK,
C:\Users\User\OneDrive\Documents\Uni\Dissertation\MScProject\Dataset\054443.xls,.xls,0.06,OK,
C:\Users\User\OneDrive\Documents\Uni\Dissertation\MScProject\Dataset\054517.xls,.xls,0.2,OK,
C:\Users\User\OneDrive\Documents\Uni\Dissertation\MScProject\Dataset\054523.xls,.xls,0.2,OK,
C:\Users\User\OneDrive\Documents\Uni\Dissertation\MScProject\Dataset\054925.xls,.xls,0.02,OK,
C:\Users\User\OneDrive\Documents\Uni\Dissertation\MScProject\Dataset\054926.xls,.xls,0.02,OK,
C:\Users\User\OneDrive\Documents\Uni\Dissertation\MScProject\Dataset\054927.xls,.xls,0.5,OK,
C:\Users\User\OneDrive\Documents\Uni\Dissertation\MScProject\Dataset\054928.xls,.xls,0.02,OK,
C:\Users\User\OneDrive\Documents\Uni\Dissertation\MScProject\Dataset\054929.xls,.xls,0.02,OK,
C:\Users\User\OneDrive\Documents\Uni\Dissertation\MScProject\Dataset\054930.xls,.xls,0.05,OK,
C:\Users\User\OneDrive\Documents\Uni\Dissertation\MScProject\Dataset\054931.xls,.xls,0.18,OK,
C:\Users\User\OneDrive\Documents\Uni\Dissertation\MScProject\Dataset\054932.xls,.xls,0.12,OK,
C:\Users\User\OneDrive\Documents\Uni\Dissertation\MScProject\Dataset\054933.xls,.xls,6.55,OK,
C:\Users\User\OneDrive\Documents\Uni\Dissertation\MScProject\Dataset\055024.xls,.xls,0.05,OK,
C:\Users\User\OneDrive\Documents\Uni\Dissertation\MScProject\Dataset\055174.xls,.xls,0.03,OK,
C:\Users\User\OneDrive\Documents\Uni\Dissertation\MScProject\Dataset\055175.xls,.xls,0.1,OK,
C:\Users\User\OneDrive\Documents\Uni\Dissertation\MScProject\Dataset\055176.xls,.xls,0.07,OK,
C:\Users\User\OneDrive\Documents\Uni\Dissertation\MScProject\Dataset\055422.xls,.xls,0.12,OK,
C:\Users\User\OneDrive\Documents\Uni\Dissertation\MScProject\Dataset\055423.xls,.xls,5.97,OK,
C:\Users\User\OneDrive\Documents\Uni\Dissertation\MScProject\Dataset\055600.xls,.xls,11.0,OK,
C:\Users\User\OneDrive\Documents\Uni\Dissertation\MScProject\Dataset\055601.xls,.xls,0.02,OK,
C:\Users\User\OneDrive\Documents\Uni\Dissertation\MScProject\Dataset\055603.xls,.xls,0.08,OK,
C:\Users\User\OneDrive\Documents\Uni\Dissertation\MScProject\Dataset\055606.xls,.xls,0.11,OK,
C:\Users\User\OneDrive\Documents\Uni\Dissertation\MScProject\Dataset\055607.xls,.xls,0.05,OK,
C:\Users\User\OneDrive\Documents\Uni\Dissertation\MScProject\Dataset\055715.xls,.xls,0.02,OK,
C:\Users\User\OneDrive\Documents\Uni\Dissertation\MScProject\Dataset\055730.xls,.xls,0.03,OK,
C:\Users\User\OneDrive\Documents\Uni\Dissertation\MScProject\Dataset\055737.xls,.xls,0.21,OK,
C:\Users\User\OneDrive\Documents\Uni\Dissertation\MScProject\Dataset\055743.xls,.xls,0.03,OK,
C:\Users\User\OneDrive\Documents\Uni\Dissertation\MScProject\Dataset\055748.xls,.xls,2.33,OK,
C:\Users\User\OneDrive\Documents\Uni\Dissertation\MScProject\Dataset\055921.xls,.xls,0.08,OK,
C:\Users\User\OneDrive\Documents\Uni\Dissertation\MScProject\Dataset\055947.xls,.xls,0.02,OK,
C:\Users\User\OneDrive\Documents\Uni\Dissertation\MScProject\Dataset\055948.xls,.xls,0.03,OK,
C:\Users\User\OneDrive\Documents\Uni\Dissertation\MScProject\Dataset\055989.xls,.xls,0.02,OK,
C:\Users\User\OneDrive\Documents\Uni\Dissertation\MScProject\Dataset\056154.xls,.xls,0.02,OK,
C:\Users\User\OneDrive\Documents\Uni\Dissertation\MScProject\Dataset\056222.xls,.xls,0.03,OK,
C:\Users\User\OneDrive\Documents\Uni\Dissertation\MScProject\Dataset\056223.xls,.xls,1.54,OK,
C:\Users\User\OneDrive\Documents\Uni\Dissertation\MScProject\Dataset\056224.xls,.xls,0.01,OK,
C:\Users\User\OneDrive\Documents\Uni\Dissertation\MScProject\Dataset\056225.xls,.xls,0.55,OK,
C:\Users\User\OneDrive\Documents\Uni\Dissertation\MScProject\Dataset\056226.xls,.xls,0.01,OK,
C:\Users\User\OneDrive\Documents\Uni\Dissertation\MScProject\Dataset\056227.xls,.xls,0.04,OK,
C:\Users\User\OneDrive\Documents\Uni\Dissertation\MScProject\Dataset\056229.xls,.xls,0.08,OK,
C:\Users\User\OneDrive\Documents\Uni\Dissertation\MScProject\Dataset\056231.xls,.xls,0.06,OK,
C:\Users\User\OneDrive\Documents\Uni\Dissertation\MScProject\Dataset\056232.xls,.xls,0.52,OK,
C:\Users\User\OneDrive\Documents\Uni\Dissertation\MScProject\Dataset\056235.xls,.xls,0.06,OK,
C:\Users\User\OneDrive\Documents\Uni\Dissertation\MScProject\Dataset\056236.xls,.xls,1.63,OK,
C:\Users\User\OneDrive\Documents\Uni\Dissertation\MScProject\Dataset\056238.xls,.xls,0.01,OK,
C:\Users\User\OneDrive\Documents\Uni\Dissertation\MScProject\Dataset\056239.xls,.xls,2.56,OK,
C:\Users\User\OneDrive\Documents\Uni\Dissertation\MScProject\Dataset\056241.xls,.xls,0.02,OK,
C:\Users\User\OneDrive\Documents\Uni\Dissertation\MScProject\Dataset\056243.xls,.xls,0.17,OK,
C:\Users\User\OneDrive\Documents\Uni\Dissertation\MScProject\Dataset\056246.xls,.xls,0.03,OK,
C:\Users\User\OneDrive\Documents\Uni\Dissertation\MScProject\Dataset\056247.xls,.xls,0.02,OK,
C:\Users\User\OneDrive\Documents\Uni\Dissertation\MScProject\Dataset\056248.xls,.xls,7.95,OK,
C:\Users\User\OneDrive\Documents\Uni\Dissertation\MScProject\Dataset\056249.xls,.xls,0.2,OK,
C:\Users\User\OneDrive\Documents\Uni\Dissertation\MScProject\Dataset\056250.xls,.xls,34.48,OK,
C:\Users\User\OneDrive\Documents\Uni\Dissertation\MScProject\Dataset\056251.xls,.xls,0.06,OK,
C:\Users\User\OneDrive\Documents\Uni\Dissertation\MScProject\Dataset\056253.xls,.xls,0.4,OK,
C:\Users\User\OneDrive\Documents\Uni\Dissertation\MScProject\Dataset\056254.xls,.xls,0.44,OK,
C:\Users\User\OneDrive\Documents\Uni\Dissertation\MScProject\Dataset\056255.xls,.xls,0.03,OK,
C:\Users\User\OneDrive\Documents\Uni\Dissertation\MScProject\Dataset\056257.xls,.xls,0.03,OK,
C:\Users\User\OneDrive\Documents\Uni\Dissertation\MScProject\Dataset\056408.xls,.xls,0.02,OK,
C:\Users\User\OneDrive\Documents\Uni\Dissertation\MScProject\Dataset\056409.xls,.xls,0.03,OK,
C:\Users\User\OneDrive\Documents\Uni\Dissertation\MScProject\Dataset\056410.xls,.xls,0.03,OK,
C:\Users\User\OneDrive\Documents\Uni\Dissertation\MScProject\Dataset\056415.xls,.xls,0.25,OK,
C:\Users\User\OneDrive\Documents\Uni\Dissertation\MScProject\Dataset\056485.xls,.xls,0.12,OK,
C:\Users\User\OneDrive\Documents\Uni\Dissertation\MScProject\Dataset\056486.xls,.xls,0.03,OK,
C:\Users\User\OneDrive\Documents\Uni\Dissertation\MScProject\Dataset\056487.xls,.xls,0.18,OK,
C:\Users\User\OneDrive\Documents\Uni\Dissertation\MScProject\Dataset\056488.xls,.xls,0.06,OK,
C:\Users\User\OneDrive\Documents\Uni\Dissertation\MScProject\Dataset\056490.xls,.xls,0.11,OK,
C:\Users\User\OneDrive\Documents\Uni\Dissertation\MScProject\Dataset\056492.xls,.xls,0.07,OK,
C:\Users\User\OneDrive\Documents\Uni\Dissertation\MScProject\Dataset\056494.xls,.xls,0.14,OK,
C:\Users\User\OneDrive\Documents\Uni\Dissertation\MScProject\Dataset\056495.xls,.xls,0.06,OK,
C:\Users\User\OneDrive\Documents\Uni\Dissertation\MScProject\Dataset\056496.xls,.xls,0.5,OK,
C:\Users\User\OneDrive\Documents\Uni\Dissertation\MScProject\Dataset\056498.xls,.xls,0.05,OK,
C:\Users\User\OneDrive\Documents\Uni\Dissertation\MScProject\Dataset\056499.xls,.xls,0.22,OK,
C:\Users\User\OneDrive\Documents\Uni\Dissertation\MScProject\Dataset\056500.xls,.xls,0.1,OK,
C:\Users\User\OneDrive\Documents\Uni\Dissertation\MScProject\Dataset\056645.xls,.xls,0.03,OK,
C:\Users\User\OneDrive\Documents\Uni\Dissertation\MScProject\Dataset\056682.xls,.xls,0.03,OK,
C:\Users\User\OneDrive\Documents\Uni\Dissertation\MScProject\Dataset\056683.xls,.xls,0.03,OK,
C:\Users\User\OneDrive\Documents\Uni\Dissertation\MScProject\Dataset\056686.xls,.xls,0.28,OK,
C:\Users\User\OneDrive\Documents\Uni\Dissertation\MScProject\Dataset\056688.xls,.xls,0.08,OK,
C:\Users\User\OneDrive\Documents\Uni\Dissertation\MScProject\Dataset\056689.xls,.xls,0.16,OK,
C:\Users\User\OneDrive\Documents\Uni\Dissertation\MScProject\Dataset\056693.xls,.xls,0.4,OK,
C:\Users\User\OneDrive\Documents\Uni\Dissertation\MScProject\Dataset\056696.xls,.xls,2.59,OK,
C:\Users\User\OneDrive\Documents\Uni\Dissertation\MScProject\Dataset\056713.xls,.xls,0.1,OK,
C:\Users\User\OneDrive\Documents\Uni\Dissertation\MScProject\Dataset\056721.xls,.xls,0.45,OK,
C:\Users\User\OneDrive\Documents\Uni\Dissertation\MScProject\Dataset\056856.xls,.xls,0.03,OK,
C:\Users\User\OneDrive\Documents\Uni\Dissertation\MScProject\Dataset\056858.xls,.xls,0.02,OK,
C:\Users\User\OneDrive\Documents\Uni\Dissertation\MScProject\Dataset\056861.xls,.xls,0.05,OK,
C:\Users\User\OneDrive\Documents\Uni\Dissertation\MScProject\Dataset\056862.xls,.xls,0.09,OK,
C:\Users\User\OneDrive\Documents\Uni\Dissertation\MScProject\Dataset\056865.xls,.xls,0.17,OK,
C:\Users\User\OneDrive\Documents\Uni\Dissertation\MScProject\Dataset\056866.xls,.xls,0.05,OK,
C:\Users\User\OneDrive\Documents\Uni\Dissertation\MScProject\Dataset\056867.xls,.xls,0.04,OK,
C:\Users\User\OneDrive\Documents\Uni\Dissertation\MScProject\Dataset\056868.xls,.xls,0.52,OK,
C:\Users\User\OneDrive\Documents\Uni\Dissertation\MScProject\Dataset\056869.xls,.xls,0.02,OK,
C:\Users\User\OneDrive\Documents\Uni\Dissertation\MScProject\Dataset\056870.xls,.xls,0.08,OK,
C:\Users\User\OneDrive\Documents\Uni\Dissertation\MScProject\Dataset\056872.xls,.xls,0.05,OK,
C:\Users\User\OneDrive\Documents\Uni\Dissertation\MScProject\Dataset\056875.xls,.xls,0.03,OK,
C:\Users\User\OneDrive\Documents\Uni\Dissertation\MScProject\Dataset\056876.xls,.xls,0.09,OK,
C:\Users\User\OneDrive\Documents\Uni\Dissertation\MScProject\Dataset\056877.xls,.xls,0.01,OK,
C:\Users\User\OneDrive\Documents\Uni\Dissertation\MScProject\Dataset\056878.xls,.xls,0.03,OK,
C:\Users\User\OneDrive\Documents\Uni\Dissertation\MScProject\Dataset\056880.xls,.xls,0.02,OK,
C:\Users\User\OneDrive\Documents\Uni\Dissertation\MScProject\Dataset\056882.xls,.xls,0.16,OK,
C:\Users\User\OneDrive\Documents\Uni\Dissertation\MScProject\Dataset\056883.xls,.xls,0.21,OK,
C:\Users\User\OneDrive\Documents\Uni\Dissertation\MScProject\Dataset\057110.xls,.xls,0.03,OK,
C:\Users\User\OneDrive\Documents\Uni\Dissertation\MScProject\Dataset\057111.xls,.xls,0.03,OK,
C:\Users\User\OneDrive\Documents\Uni\Dissertation\MScProject\Dataset\057141.xls,.xls,0.02,OK,
C:\Users\User\OneDrive\Documents\Uni\Dissertation\MScProject\Dataset\057142.xls,.xls,0.39,OK,
C:\Users\User\OneDrive\Documents\Uni\Dissertation\MScProject\Dataset\057143.xls,.xls,0.13,OK,
C:\Users\User\OneDrive\Documents\Uni\Dissertation\MScProject\Dataset\057144.xls,.xls,0.06,OK,
C:\Users\User\OneDrive\Documents\Uni\Dissertation\MScProject\Dataset\057146.xls,.xls,0.02,OK,
C:\Users\User\OneDrive\Documents\Uni\Dissertation\MScProject\Dataset\057147.xls,.xls,0.02,OK,
C:\Users\User\OneDrive\Documents\Uni\Dissertation\MScProject\Dataset\057150.xls,.xls,3.59,OK,
C:\Users\User\OneDrive\Documents\Uni\Dissertation\MScProject\Dataset\057154.xls,.xls,0.01,OK,
C:\Users\User\OneDrive\Documents\Uni\Dissertation\MScProject\Dataset\057288.xls,.xls,0.03,OK,
C:\Users\User\OneDrive\Documents\Uni\Dissertation\MScProject\Dataset\057440.xls,.xls,0.04,OK,
C:\Users\User\OneDrive\Documents\Uni\Dissertation\MScProject\Dataset\057442.xls,.xls,0.06,OK,
C:\Users\User\OneDrive\Documents\Uni\Dissertation\MScProject\Dataset\057443.xls,.xls,0.17,OK,
C:\Users\User\OneDrive\Documents\Uni\Dissertation\MScProject\Dataset\057445.xls,.xls,0.04,OK,
C:\Users\User\OneDrive\Documents\Uni\Dissertation\MScProject\Dataset\057447.xls,.xls,0.77,OK,
C:\Users\User\OneDrive\Documents\Uni\Dissertation\MScProject\Dataset\057670.xls,.xls,0.05,OK,
C:\Users\User\OneDrive\Documents\Uni\Dissertation\MScProject\Dataset\057671.xls,.xls,0.14,OK,
C:\Users\User\OneDrive\Documents\Uni\Dissertation\MScProject\Dataset\057672.xls,.xls,0.21,OK,
C:\Users\User\OneDrive\Documents\Uni\Dissertation\MScProject\Dataset\057673.xls,.xls,4.35,OK,
C:\Users\User\OneDrive\Documents\Uni\Dissertation\MScProject\Dataset\057674.xls,.xls,5.17,OK,
C:\Users\User\OneDrive\Documents\Uni\Dissertation\MScProject\Dataset\057675.xls,.xls,0.02,OK,
C:\Users\User\OneDrive\Documents\Uni\Dissertation\MScProject\Dataset\057678.xls,.xls,0.02,OK,
C:\Users\User\OneDrive\Documents\Uni\Dissertation\MScProject\Dataset\057680.xls,.xls,1.94,OK,
C:\Users\User\OneDrive\Documents\Uni\Dissertation\MScProject\Dataset\057681.xls,.xls,0.03,OK,
C:\Users\User\OneDrive\Documents\Uni\Dissertation\MScProject\Dataset\057683.xls,.xls,0.03,OK,
C:\Users\User\OneDrive\Documents\Uni\Dissertation\MScProject\Dataset\057684.xls,.xls,0.18,OK,
C:\Users\User\OneDrive\Documents\Uni\Dissertation\MScProject\Dataset\057687.xls,.xls,0.21,OK,
C:\Users\User\OneDrive\Documents\Uni\Dissertation\MScProject\Dataset\057688.xls,.xls,0.06,OK,
C:\Users\User\OneDrive\Documents\Uni\Dissertation\MScProject\Dataset\057689.xls,.xls,0.06,OK,
C:\Users\User\OneDrive\Documents\Uni\Dissertation\MScProject\Dataset\057691.xls,.xls,0.04,OK,
C:\Users\User\OneDrive\Documents\Uni\Dissertation\MScProject\Dataset\057692.xls,.xls,0.02,OK,
C:\Users\User\OneDrive\Documents\Uni\Dissertation\MScProject\Dataset\057693.xls,.xls,0.29,OK,
C:\Users\User\OneDrive\Documents\Uni\Dissertation\MScProject\Dataset\057695.xls,.xls,0.05,OK,
C:\Users\User\OneDrive\Documents\Uni\Dissertation\MScProject\Dataset\057696.xls,.xls,0.21,OK,
C:\Users\User\OneDrive\Documents\Uni\Dissertation\MScProject\Dataset\057698.xls,.xls,0.09,OK,
C:\Users\User\OneDrive\Documents\Uni\Dissertation\MScProject\Dataset\057699.xls,.xls,0.16,OK,
C:\Users\User\OneDrive\Documents\Uni\Dissertation\MScProject\Dataset\057702.xls,.xls,0.06,OK,
C:\Users\User\OneDrive\Documents\Uni\Dissertation\MScProject\Dataset\057703.xls,.xls,0.02,OK,
C:\Users\User\OneDrive\Documents\Uni\Dissertation\MScProject\Dataset\057947.xls,.xls,0.03,OK,
C:\Users\User\OneDrive\Documents\Uni\Dissertation\MScProject\Dataset\057948.xls,.xls,0.03,OK,
C:\Users\User\OneDrive\Documents\Uni\Dissertation\MScProject\Dataset\057950.xls,.xls,0.02,OK,
C:\Users\User\OneDrive\Documents\Uni\Dissertation\MScProject\Dataset\057953.xls,.xls,0.46,OK,
C:\Users\User\OneDrive\Documents\Uni\Dissertation\MScProject\Dataset\057954.xls,.xls,0.17,OK,
C:\Users\User\OneDrive\Documents\Uni\Dissertation\MScProject\Dataset\058139.xls,.xls,0.16,OK,
C:\Users\User\OneDrive\Documents\Uni\Dissertation\MScProject\Dataset\058234.xls,.xls,0.14,OK,
C:\Users\User\OneDrive\Documents\Uni\Dissertation\MScProject\Dataset\058297.xls,.xls,0.05,OK,
C:\Users\User\OneDrive\Documents\Uni\Dissertation\MScProject\Dataset\058300.xls,.xls,0.05,OK,
C:\Users\User\OneDrive\Documents\Uni\Dissertation\MScProject\Dataset\058304.xls,.xls,0.15,OK,
C:\Users\User\OneDrive\Documents\Uni\Dissertation\MScProject\Dataset\058305.xls,.xls,0.32,OK,
C:\Users\User\OneDrive\Documents\Uni\Dissertation\MScProject\Dataset\058307.xls,.xls,0.04,OK,
C:\Users\User\OneDrive\Documents\Uni\Dissertation\MScProject\Dataset\058309.xls,.xls,0.73,OK,
C:\Users\User\OneDrive\Documents\Uni\Dissertation\MScProject\Dataset\058310.xls,.xls,1.86,OK,
C:\Users\User\OneDrive\Documents\Uni\Dissertation\MScProject\Dataset\058311.xls,.xls,0.46,OK,
C:\Users\User\OneDrive\Documents\Uni\Dissertation\MScProject\Dataset\058313.xls,.xls,1.01,OK,
C:\Users\User\OneDrive\Documents\Uni\Dissertation\MScProject\Dataset\058537.xls,.xls,0.06,OK,
C:\Users\User\OneDrive\Documents\Uni\Dissertation\MScProject\Dataset\058564.xls,.xls,1.72,OK,
C:\Users\User\OneDrive\Documents\Uni\Dissertation\MScProject\Dataset\058565.xls,.xls,1.88,OK,
C:\Users\User\OneDrive\Documents\Uni\Dissertation\MScProject\Dataset\058566.xls,.xls,0.03,OK,
C:\Users\User\OneDrive\Documents\Uni\Dissertation\MScProject\Dataset\058567.xls,.xls,0.05,OK,
C:\Users\User\OneDrive\Documents\Uni\Dissertation\MScProject\Dataset\058568.xls,.xls,2.12,OK,
C:\Users\User\OneDrive\Documents\Uni\Dissertation\MScProject\Dataset\058569.xls,.xls,0.07,OK,
C:\Users\User\OneDrive\Documents\Uni\Dissertation\MScProject\Dataset\058570.xls,.xls,7.55,OK,
C:\Users\User\OneDrive\Documents\Uni\Dissertation\MScProject\Dataset\058571.xls,.xls,0.04,OK,
C:\Users\User\OneDrive\Documents\Uni\Dissertation\MScProject\Dataset\058572.xls,.xls,0.04,OK,
C:\Users\User\OneDrive\Documents\Uni\Dissertation\MScProject\Dataset\058574.xls,.xls,0.26,OK,
C:\Users\User\OneDrive\Documents\Uni\Dissertation\MScProject\Dataset\058575.xls,.xls,0.29,OK,
C:\Users\User\OneDrive\Documents\Uni\Dissertation\MScProject\Dataset\058576.xls,.xls,0.26,OK,
C:\Users\User\OneDrive\Documents\Uni\Dissertation\MScProject\Dataset\058577.xls,.xls,0.12,OK,
C:\Users\User\OneDrive\Documents\Uni\Dissertation\MScProject\Dataset\058578.xls,.xls,2.68,OK,
C:\Users\User\OneDrive\Documents\Uni\Dissertation\MScProject\Dataset\058764.xls,.xls,0.03,OK,
C:\Users\User\OneDrive\Documents\Uni\Dissertation\MScProject\Dataset\058789.xls,.xls,0.44,OK,
C:\Users\User\OneDrive\Documents\Uni\Dissertation\MScProject\Dataset\058792.xls,.xls,0.11,OK,
C:\Users\User\OneDrive\Documents\Uni\Dissertation\MScProject\Dataset\058795.xls,.xls,0.14,OK,
C:\Users\User\OneDrive\Documents\Uni\Dissertation\MScProject\Dataset\059216.xls,.xls,0.04,OK,
C:\Users\User\OneDrive\Documents\Uni\Dissertation\MScProject\Dataset\059336.xls,.xls,1.8,OK,
C:\Users\User\OneDrive\Documents\Uni\Dissertation\MScProject\Dataset\059705.xls,.xls,3.19,OK,
C:\Users\User\OneDrive\Documents\Uni\Dissertation\MScProject\Dataset\059706.xls,.xls,3.05,OK,
C:\Users\User\OneDrive\Documents\Uni\Dissertation\MScProject\Dataset\059747.xls,.xls,0.02,OK,
C:\Users\User\OneDrive\Documents\Uni\Dissertation\MScProject\Dataset\059748.xls,.xls,0.03,OK,
C:\Users\User\OneDrive\Documents\Uni\Dissertation\MScProject\Dataset\059752.xls,.xls,0.02,OK,
C:\Users\User\OneDrive\Documents\Uni\Dissertation\MScProject\Dataset\059783.xls,.xls,0.02,OK,
C:\Users\User\OneDrive\Documents\Uni\Dissertation\MScProject\Dataset\059790.xls,.xls,0.06,OK,
C:\Users\User\OneDrive\Documents\Uni\Dissertation\MScProject\Dataset\059802.xls,.xls,0.27,OK,
C:\Users\User\OneDrive\Documents\Uni\Dissertation\MScProject\Dataset\060049.xls,.xls,0.29,OK,
C:\Users\User\OneDrive\Documents\Uni\Dissertation\MScProject\Dataset\060051.xls,.xls,0.18,OK,
C:\Users\User\OneDrive\Documents\Uni\Dissertation\MScProject\Dataset\060066.xls,.xls,0.14,OK,
C:\Users\User\OneDrive\Documents\Uni\Dissertation\MScProject\Dataset\060073.xls,.xls,0.06,OK,
C:\Users\User\OneDrive\Documents\Uni\Dissertation\MScProject\Dataset\060090.xls,.xls,0.04,OK,
C:\Users\User\OneDrive\Documents\Uni\Dissertation\MScProject\Dataset\060095.xls,.xls,0.46,OK,
C:\Users\User\OneDrive\Documents\Uni\Dissertation\MScProject\Dataset\060098.xls,.xls,0.27,OK,
C:\Users\User\OneDrive\Documents\Uni\Dissertation\MScProject\Dataset\060099.xls,.xls,0.25,OK,
C:\Users\User\OneDrive\Documents\Uni\Dissertation\MScProject\Dataset\060100.xls,.xls,0.25,OK,
C:\Users\User\OneDrive\Documents\Uni\Dissertation\MScProject\Dataset\060102.xls,.xls,0.13,OK,
C:\Users\User\OneDrive\Documents\Uni\Dissertation\MScProject\Dataset\060104.xls,.xls,0.34,OK,
C:\Users\User\OneDrive\Documents\Uni\Dissertation\MScProject\Dataset\060106.xls,.xls,0.03,OK,
C:\Users\User\OneDrive\Documents\Uni\Dissertation\MScProject\Dataset\060109.xls,.xls,0.08,OK,
C:\Users\User\OneDrive\Documents\Uni\Dissertation\MScProject\Dataset\060110.xls,.xls,0.04,OK,
C:\Users\User\OneDrive\Documents\Uni\Dissertation\MScProject\Dataset\060111.xls,.xls,0.08,OK,
C:\Users\User\OneDrive\Documents\Uni\Dissertation\MScProject\Dataset\060112.xls,.xls,0.06,OK,
C:\Users\User\OneDrive\Documents\Uni\Dissertation\MScProject\Dataset\060114.xls,.xls,0.03,OK,
C:\Users\User\OneDrive\Documents\Uni\Dissertation\MScProject\Dataset\060116.xls,.xls,0.09,OK,
C:\Users\User\OneDrive\Documents\Uni\Dissertation\MScProject\Dataset\060120.xls,.xls,0.16,OK,
C:\Users\User\OneDrive\Documents\Uni\Dissertation\MScProject\Dataset\060121.xls,.xls,0.05,OK,
C:\Users\User\OneDrive\Documents\Uni\Dissertation\MScProject\Dataset\060123.xls,.xls,1.85,OK,
C:\Users\User\OneDrive\Documents\Uni\Dissertation\MScProject\Dataset\060124.xls,.xls,0.02,OK,
C:\Users\User\OneDrive\Documents\Uni\Dissertation\MScProject\Dataset\060337.xls,.xls,0.29,OK,
C:\Users\User\OneDrive\Documents\Uni\Dissertation\MScProject\Dataset\060338.xls,.xls,0.1,OK,
C:\Users\User\OneDrive\Documents\Uni\Dissertation\MScProject\Dataset\060343.xls,.xls,0.04,OK,
C:\Users\User\OneDrive\Documents\Uni\Dissertation\MScProject\Dataset\060344.xls,.xls,21.9,OK,
C:\Users\User\OneDrive\Documents\Uni\Dissertation\MScProject\Dataset\060348.xls,.xls,0.1,OK,
C:\Users\User\OneDrive\Documents\Uni\Dissertation\MScProject\Dataset\060351.xls,.xls,3.34,OK,
C:\Users\User\OneDrive\Documents\Uni\Dissertation\MScProject\Dataset\060352.xls,.xls,0.84,OK,
C:\Users\User\OneDrive\Documents\Uni\Dissertation\MScProject\Dataset\060353.xls,.xls,0.4,OK,
C:\Users\User\OneDrive\Documents\Uni\Dissertation\MScProject\Dataset\060604.xls,.xls,0.11,OK,
C:\Users\User\OneDrive\Documents\Uni\Dissertation\MScProject\Dataset\060837.xls,.xls,0.02,OK,
C:\Users\User\OneDrive\Documents\Uni\Dissertation\MScProject\Dataset\060838.xls,.xls,0.1,OK,
C:\Users\User\OneDrive\Documents\Uni\Dissertation\MScProject\Dataset\060839.xls,.xls,0.04,OK,
C:\Users\User\OneDrive\Documents\Uni\Dissertation\MScProject\Dataset\060840.xls,.xls,12.18,OK,
C:\Users\User\OneDrive\Documents\Uni\Dissertation\MScProject\Dataset\060977.xls,.xls,0.1,OK,
C:\Users\User\OneDrive\Documents\Uni\Dissertation\MScProject\Dataset\060978.xls,.xls,0.05,OK,
C:\Users\User\OneDrive\Documents\Uni\Dissertation\MScProject\Dataset\061072.xls,.xls,3.68,OK,
C:\Users\User\OneDrive\Documents\Uni\Dissertation\MScProject\Dataset\061091.xls,.xls,0.05,OK,
C:\Users\User\OneDrive\Documents\Uni\Dissertation\MScProject\Dataset\061184.xls,.xls,0.29,OK,
C:\Users\User\OneDrive\Documents\Uni\Dissertation\MScProject\Dataset\061228.xls,.xls,0.07,OK,
C:\Users\User\OneDrive\Documents\Uni\Dissertation\MScProject\Dataset\061229.xls,.xls,0.04,OK,
C:\Users\User\OneDrive\Documents\Uni\Dissertation\MScProject\Dataset\061230.xls,.xls,0.07,OK,
C:\Users\User\OneDrive\Documents\Uni\Dissertation\MScProject\Dataset\061231.xls,.xls,0.05,OK,
C:\Users\User\OneDrive\Documents\Uni\Dissertation\MScProject\Dataset\061235.xls,.xls,0.02,OK,
C:\Users\User\OneDrive\Documents\Uni\Dissertation\MScProject\Dataset\061236.xls,.xls,0.01,OK,
C:\Users\User\OneDrive\Documents\Uni\Dissertation\MScProject\Dataset\061237.xls,.xls,0.68,OK,
C:\Users\User\OneDrive\Documents\Uni\Dissertation\MScProject\Dataset\061240.xls,.xls,0.03,OK,
C:\Users\User\OneDrive\Documents\Uni\Dissertation\MScProject\Dataset\061243.xls,.xls,0.12,OK,
C:\Users\User\OneDrive\Documents\Uni\Dissertation\MScProject\Dataset\061244.xls,.xls,6.63,OK,
C:\Users\User\OneDrive\Documents\Uni\Dissertation\MScProject\Dataset\061245.xls,.xls,0.03,OK,
C:\Users\User\OneDrive\Documents\Uni\Dissertation\MScProject\Dataset\061246.xls,.xls,0.04,OK,
C:\Users\User\OneDrive\Documents\Uni\Dissertation\MScProject\Dataset\061247.xls,.xls,3.48,OK,
C:\Users\User\OneDrive\Documents\Uni\Dissertation\MScProject\Dataset\061376.xls,.xls,0.1,OK,
C:\Users\User\OneDrive\Documents\Uni\Dissertation\MScProject\Dataset\061378.xls,.xls,0.17,OK,
C:\Users\User\OneDrive\Documents\Uni\Dissertation\MScProject\Dataset\061408.xls,.xls,0.09,OK,
C:\Users\User\OneDrive\Documents\Uni\Dissertation\MScProject\Dataset\061451.xls,.xls,0.06,OK,
C:\Users\User\OneDrive\Documents\Uni\Dissertation\MScProject\Dataset\061452.xls,.xls,0.46,OK,
C:\Users\User\OneDrive\Documents\Uni\Dissertation\MScProject\Dataset\061455.xls,.xls,0.63,OK,
C:\Users\User\OneDrive\Documents\Uni\Dissertation\MScProject\Dataset\061578.xls,.xls,0.04,OK,
C:\Users\User\OneDrive\Documents\Uni\Dissertation\MScProject\Dataset\061690.xls,.xls,0.14,OK,
C:\Users\User\OneDrive\Documents\Uni\Dissertation\MScProject\Dataset\061692.xls,.xls,0.04,OK,
C:\Users\User\OneDrive\Documents\Uni\Dissertation\MScProject\Dataset\061693.xls,.xls,0.49,OK,
C:\Users\User\OneDrive\Documents\Uni\Dissertation\MScProject\Dataset\061694.xls,.xls,0.02,OK,
C:\Users\User\OneDrive\Documents\Uni\Dissertation\MScProject\Dataset\061695.xls,.xls,0.07,OK,
C:\Users\User\OneDrive\Documents\Uni\Dissertation\MScProject\Dataset\061697.xls,.xls,0.02,OK,
C:\Users\User\OneDrive\Documents\Uni\Dissertation\MScProject\Dataset\061698.xls,.xls,0.04,OK,
C:\Users\User\OneDrive\Documents\Uni\Dissertation\MScProject\Dataset\061699.xls,.xls,0.05,OK,
C:\Users\User\OneDrive\Documents\Uni\Dissertation\MScProject\Dataset\061702.xls,.xls,0.27,OK,
C:\Users\User\OneDrive\Documents\Uni\Dissertation\MScProject\Dataset\061703.xls,.xls,0.27,OK,
C:\Users\User\OneDrive\Documents\Uni\Dissertation\MScProject\Dataset\061706.xls,.xls,0.24,OK,
C:\Users\User\OneDrive\Documents\Uni\Dissertation\MScProject\Dataset\061709.xls,.xls,0.02,OK,
C:\Users\User\OneDrive\Documents\Uni\Dissertation\MScProject\Dataset\061710.xls,.xls,1.63,OK,
C:\Users\User\OneDrive\Documents\Uni\Dissertation\MScProject\Dataset\061712.xls,.xls,0.04,OK,
C:\Users\User\OneDrive\Documents\Uni\Dissertation\MScProject\Dataset\061713.xls,.xls,0.08,OK,
C:\Users\User\OneDrive\Documents\Uni\Dissertation\MScProject\Dataset\061714.xls,.xls,0.08,OK,
C:\Users\User\OneDrive\Documents\Uni\Dissertation\MScProject\Dataset\061715.xls,.xls,0.02,OK,
C:\Users\User\OneDrive\Documents\Uni\Dissertation\MScProject\Dataset\061716.xls,.xls,0.3,OK,
C:\Users\User\OneDrive\Documents\Uni\Dissertation\MScProject\Dataset\061717.xls,.xls,0.03,OK,
C:\Users\User\OneDrive\Documents\Uni\Dissertation\MScProject\Dataset\061719.xls,.xls,5.18,OK,
C:\Users\User\OneDrive\Documents\Uni\Dissertation\MScProject\Dataset\061721.xls,.xls,0.15,OK,
C:\Users\User\OneDrive\Documents\Uni\Dissertation\MScProject\Dataset\061722.xls,.xls,0.03,OK,
C:\Users\User\OneDrive\Documents\Uni\Dissertation\MScProject\Dataset\061723.xls,.xls,0.05,OK,
C:\Users\User\OneDrive\Documents\Uni\Dissertation\MScProject\Dataset\061752.xls,.xls,0.15,OK,
C:\Users\User\OneDrive\Documents\Uni\Dissertation\MScProject\Dataset\061762.xls,.xls,0.29,OK,
C:\Users\User\OneDrive\Documents\Uni\Dissertation\MScProject\Dataset\061840.xls,.xls,0.1,OK,
C:\Users\User\OneDrive\Documents\Uni\Dissertation\MScProject\Dataset\061841.xls,.xls,0.02,OK,
C:\Users\User\OneDrive\Documents\Uni\Dissertation\MScProject\Dataset\061842.xls,.xls,0.03,OK,
C:\Users\User\OneDrive\Documents\Uni\Dissertation\MScProject\Dataset\061851.xls,.xls,0.06,OK,
C:\Users\User\OneDrive\Documents\Uni\Dissertation\MScProject\Dataset\061942.xls,.xls,1.48,OK,
C:\Users\User\OneDrive\Documents\Uni\Dissertation\MScProject\Dataset\061945.xls,.xls,0.06,OK,
C:\Users\User\OneDrive\Documents\Uni\Dissertation\MScProject\Dataset\061948.xls,.xls,1.17,OK,
C:\Users\User\OneDrive\Documents\Uni\Dissertation\MScProject\Dataset\061953.xls,.xls,0.02,OK,
C:\Users\User\OneDrive\Documents\Uni\Dissertation\MScProject\Dataset\062044.xls,.xls,0.02,OK,
C:\Users\User\OneDrive\Documents\Uni\Dissertation\MScProject\Dataset\062045.xls,.xls,0.43,OK,
C:\Users\User\OneDrive\Documents\Uni\Dissertation\MScProject\Dataset\062046.xls,.xls,0.02,OK,
C:\Users\User\OneDrive\Documents\Uni\Dissertation\MScProject\Dataset\062047.xls,.xls,0.02,OK,
C:\Users\User\OneDrive\Documents\Uni\Dissertation\MScProject\Dataset\062048.xls,.xls,0.05,OK,
C:\Users\User\OneDrive\Documents\Uni\Dissertation\MScProject\Dataset\062051.xls,.xls,0.03,OK,
C:\Users\User\OneDrive\Documents\Uni\Dissertation\MScProject\Dataset\062065.xls,.xls,0.16,OK,
C:\Users\User\OneDrive\Documents\Uni\Dissertation\MScProject\Dataset\062068.xls,.xls,0.06,OK,
C:\Users\User\OneDrive\Documents\Uni\Dissertation\MScProject\Dataset\062071.xls,.xls,0.19,OK,
C:\Users\User\OneDrive\Documents\Uni\Dissertation\MScProject\Dataset\062240.xls,.xls,0.12,OK,
C:\Users\User\OneDrive\Documents\Uni\Dissertation\MScProject\Dataset\062243.xls,.xls,0.02,OK,
C:\Users\User\OneDrive\Documents\Uni\Dissertation\MScProject\Dataset\062244.xls,.xls,0.02,OK,
C:\Users\User\OneDrive\Documents\Uni\Dissertation\MScProject\Dataset\062245.xls,.xls,0.02,OK,
C:\Users\User\OneDrive\Documents\Uni\Dissertation\MScProject\Dataset\062246.xls,.xls,0.06,OK,
C:\Users\User\OneDrive\Documents\Uni\Dissertation\MScProject\Dataset\062247.xls,.xls,0.03,OK,
C:\Users\User\OneDrive\Documents\Uni\Dissertation\MScProject\Dataset\062248.xls,.xls,0.04,OK,
C:\Users\User\OneDrive\Documents\Uni\Dissertation\MScProject\Dataset\062249.xls,.xls,0.03,OK,
C:\Users\User\OneDrive\Documents\Uni\Dissertation\MScProject\Dataset\062250.xls,.xls,0.03,OK,
C:\Users\User\OneDrive\Documents\Uni\Dissertation\MScProject\Dataset\062280.xls,.xls,0.03,OK,
C:\Users\User\OneDrive\Documents\Uni\Dissertation\MScProject\Dataset\062286.xls,.xls,0.13,OK,
C:\Users\User\OneDrive\Documents\Uni\Dissertation\MScProject\Dataset\062288.xls,.xls,0.2,OK,
C:\Users\User\OneDrive\Documents\Uni\Dissertation\MScProject\Dataset\062290.xls,.xls,0.2,OK,
C:\Users\User\OneDrive\Documents\Uni\Dissertation\MScProject\Dataset\062291.xls,.xls,0.07,OK,
C:\Users\User\OneDrive\Documents\Uni\Dissertation\MScProject\Dataset\062292.xls,.xls,0.1,OK,
C:\Users\User\OneDrive\Documents\Uni\Dissertation\MScProject\Dataset\062515.xls,.xls,0.06,OK,
C:\Users\User\OneDrive\Documents\Uni\Dissertation\MScProject\Dataset\062516.xls,.xls,0.03,OK,
C:\Users\User\OneDrive\Documents\Uni\Dissertation\MScProject\Dataset\062517.xls,.xls,0.08,OK,
C:\Users\User\OneDrive\Documents\Uni\Dissertation\MScProject\Dataset\062518.xls,.xls,0.03,OK,
C:\Users\User\OneDrive\Documents\Uni\Dissertation\MScProject\Dataset\062519.xls,.xls,0.02,OK,
C:\Users\User\OneDrive\Documents\Uni\Dissertation\MScProject\Dataset\062520.xls,.xls,0.02,OK,
C:\Users\User\OneDrive\Documents\Uni\Dissertation\MScProject\Dataset\062521.xls,.xls,0.02,OK,
C:\Users\User\OneDrive\Documents\Uni\Dissertation\MScProject\Dataset\062522.xls,.xls,0.02,OK,
C:\Users\User\OneDrive\Documents\Uni\Dissertation\MScProject\Dataset\062523.xls,.xls,0.51,OK,
C:\Users\User\OneDrive\Documents\Uni\Dissertation\MScProject\Dataset\062526.xls,.xls,0.09,OK,
C:\Users\User\OneDrive\Documents\Uni\Dissertation\MScProject\Dataset\062531.xls,.xls,0.09,OK,
C:\Users\User\OneDrive\Documents\Uni\Dissertation\MScProject\Dataset\062534.xls,.xls,0.02,OK,
C:\Users\User\OneDrive\Documents\Uni\Dissertation\MScProject\Dataset\062535.xls,.xls,0.02,OK,
C:\Users\User\OneDrive\Documents\Uni\Dissertation\MScProject\Dataset\062537.xls,.xls,0.05,OK,
C:\Users\User\OneDrive\Documents\Uni\Dissertation\MScProject\Dataset\062541.xls,.xls,0.02,OK,
C:\Users\User\OneDrive\Documents\Uni\Dissertation\MScProject\Dataset\062542.xls,.xls,0.03,OK,
C:\Users\User\OneDrive\Documents\Uni\Dissertation\MScProject\Dataset\062544.xls,.xls,0.11,OK,
C:\Users\User\OneDrive\Documents\Uni\Dissertation\MScProject\Dataset\062545.xls,.xls,0.54,OK,
C:\Users\User\OneDrive\Documents\Uni\Dissertation\MScProject\Dataset\062695.xls,.xls,0.02,OK,
C:\Users\User\OneDrive\Documents\Uni\Dissertation\MScProject\Dataset\062696.xls,.xls,0.04,OK,
C:\Users\User\OneDrive\Documents\Uni\Dissertation\MScProject\Dataset\062698.xls,.xls,0.1,OK,
C:\Users\User\OneDrive\Documents\Uni\Dissertation\MScProject\Dataset\062706.xls,.xls,0.02,OK,
C:\Users\User\OneDrive\Documents\Uni\Dissertation\MScProject\Dataset\062867.xls,.xls,0.12,OK,
C:\Users\User\OneDrive\Documents\Uni\Dissertation\MScProject\Dataset\063010.xls,.xls,0.14,OK,
C:\Users\User\OneDrive\Documents\Uni\Dissertation\MScProject\Dataset\063011.xls,.xls,0.56,OK,
C:\Users\User\OneDrive\Documents\Uni\Dissertation\MScProject\Dataset\063013.xls,.xls,0.15,OK,
C:\Users\User\OneDrive\Documents\Uni\Dissertation\MScProject\Dataset\063062.xls,.xls,0.12,OK,
C:\Users\User\OneDrive\Documents\Uni\Dissertation\MScProject\Dataset\063143.xls,.xls,0.29,OK,
C:\Users\User\OneDrive\Documents\Uni\Dissertation\MScProject\Dataset\063272.xls,.xls,0.04,OK,
C:\Users\User\OneDrive\Documents\Uni\Dissertation\MScProject\Dataset\063448.xls,.xls,0.41,OK,
C:\Users\User\OneDrive\Documents\Uni\Dissertation\MScProject\Dataset\063449.xls,.xls,0.46,OK,
C:\Users\User\OneDrive\Documents\Uni\Dissertation\MScProject\Dataset\063453.xls,.xls,0.03,OK,
C:\Users\User\OneDrive\Documents\Uni\Dissertation\MScProject\Dataset\063456.xls,.xls,0.06,OK,
C:\Users\User\OneDrive\Documents\Uni\Dissertation\MScProject\Dataset\063457.xls,.xls,0.07,OK,
C:\Users\User\OneDrive\Documents\Uni\Dissertation\MScProject\Dataset\063458.xls,.xls,9.65,OK,
C:\Users\User\OneDrive\Documents\Uni\Dissertation\MScProject\Dataset\063459.xls,.xls,0.62,OK,
C:\Users\User\OneDrive\Documents\Uni\Dissertation\MScProject\Dataset\063462.xls,.xls,0.18,OK,
C:\Users\User\OneDrive\Documents\Uni\Dissertation\MScProject\Dataset\063463.xls,.xls,1.79,OK,
C:\Users\User\OneDrive\Documents\Uni\Dissertation\MScProject\Dataset\063464.xls,.xls,0.21,OK,
C:\Users\User\OneDrive\Documents\Uni\Dissertation\MScProject\Dataset\063465.xls,.xls,4.3,OK,
C:\Users\User\OneDrive\Documents\Uni\Dissertation\MScProject\Dataset\063466.xls,.xls,0.07,OK,
C:\Users\User\OneDrive\Documents\Uni\Dissertation\MScProject\Dataset\063468.xls,.xls,13.01,OK,
C:\Users\User\OneDrive\Documents\Uni\Dissertation\MScProject\Dataset\063511.xls,.xls,0.13,OK,
C:\Users\User\OneDrive\Documents\Uni\Dissertation\MScProject\Dataset\063717.xls,.xls,0.02,OK,
C:\Users\User\OneDrive\Documents\Uni\Dissertation\MScProject\Dataset\063719.xls,.xls,1.72,OK,
C:\Users\User\OneDrive\Documents\Uni\Dissertation\MScProject\Dataset\063720.xls,.xls,0.12,OK,
C:\Users\User\OneDrive\Documents\Uni\Dissertation\MScProject\Dataset\063721.xls,.xls,0.66,OK,
C:\Users\User\OneDrive\Documents\Uni\Dissertation\MScProject\Dataset\063725.xls,.xls,0.04,OK,
C:\Users\User\OneDrive\Documents\Uni\Dissertation\MScProject\Dataset\063728.xls,.xls,0.09,OK,
C:\Users\User\OneDrive\Documents\Uni\Dissertation\MScProject\Dataset\063729.xls,.xls,0.09,OK,
C:\Users\User\OneDrive\Documents\Uni\Dissertation\MScProject\Dataset\063731.xls,.xls,0.37,OK,
C:\Users\User\OneDrive\Documents\Uni\Dissertation\MScProject\Dataset\063785.xls,.xls,0.51,OK,
C:\Users\User\OneDrive\Documents\Uni\Dissertation\MScProject\Dataset\063796.xls,.xls,0.06,OK,
C:\Users\User\OneDrive\Documents\Uni\Dissertation\MScProject\Dataset\063802.xls,.xls,1.13,OK,
C:\Users\User\OneDrive\Documents\Uni\Dissertation\MScProject\Dataset\064220.xls,.xls,3.98,OK,
C:\Users\User\OneDrive\Documents\Uni\Dissertation\MScProject\Dataset\064290.xls,.xls,0.73,OK,
C:\Users\User\OneDrive\Documents\Uni\Dissertation\MScProject\Dataset\064393.xls,.xls,0.07,OK,
C:\Users\User\OneDrive\Documents\Uni\Dissertation\MScProject\Dataset\064394.xls,.xls,22.36,OK,
C:\Users\User\OneDrive\Documents\Uni\Dissertation\MScProject\Dataset\064526.xls,.xls,0.42,OK,
C:\Users\User\OneDrive\Documents\Uni\Dissertation\MScProject\Dataset\064532.xls,.xls,0.04,OK,
C:\Users\User\OneDrive\Documents\Uni\Dissertation\MScProject\Dataset\064534.xls,.xls,0.11,OK,
C:\Users\User\OneDrive\Documents\Uni\Dissertation\MScProject\Dataset\064659.xls,.xls,0.02,OK,
C:\Users\User\OneDrive\Documents\Uni\Dissertation\MScProject\Dataset\064661.xls,.xls,0.07,OK,
C:\Users\User\OneDrive\Documents\Uni\Dissertation\MScProject\Dataset\064662.xls,.xls,12.16,OK,
C:\Users\User\OneDrive\Documents\Uni\Dissertation\MScProject\Dataset\064663.xls,.xls,0.04,OK,
C:\Users\User\OneDrive\Documents\Uni\Dissertation\MScProject\Dataset\064664.xls,.xls,0.06,OK,
C:\Users\User\OneDrive\Documents\Uni\Dissertation\MScProject\Dataset\064665.xls,.xls,0.02,OK,
C:\Users\User\OneDrive\Documents\Uni\Dissertation\MScProject\Dataset\064667.xls,.xls,0.05,OK,
C:\Users\User\OneDrive\Documents\Uni\Dissertation\MScProject\Dataset\064668.xls,.xls,1.53,OK,
C:\Users\User\OneDrive\Documents\Uni\Dissertation\MScProject\Dataset\064669.xls,.xls,0.04,OK,
C:\Users\User\OneDrive\Documents\Uni\Dissertation\MScProject\Dataset\064670.xls,.xls,0.03,OK,
C:\Users\User\OneDrive\Documents\Uni\Dissertation\MScProject\Dataset\064672.xls,.xls,0.02,OK,
C:\Users\User\OneDrive\Documents\Uni\Dissertation\MScProject\Dataset\064674.xls,.xls,0.02,OK,
C:\Users\User\OneDrive\Documents\Uni\Dissertation\MScProject\Dataset\064675.xls,.xls,0.06,OK,
C:\Users\User\OneDrive\Documents\Uni\Dissertation\MScProject\Dataset\064676.xls,.xls,0.02,OK,
C:\Users\User\OneDrive\Documents\Uni\Dissertation\MScProject\Dataset\064677.xls,.xls,0.03,OK,
C:\Users\User\OneDrive\Documents\Uni\Dissertation\MScProject\Dataset\064678.xls,.xls,13.1,OK,
C:\Users\User\OneDrive\Documents\Uni\Dissertation\MScProject\Dataset\064679.xls,.xls,0.03,OK,
C:\Users\User\OneDrive\Documents\Uni\Dissertation\MScProject\Dataset\064680.xls,.xls,0.08,OK,
C:\Users\User\OneDrive\Documents\Uni\Dissertation\MScProject\Dataset\064681.xls,.xls,0.02,OK,
C:\Users\User\OneDrive\Documents\Uni\Dissertation\MScProject\Dataset\064682.xls,.xls,0.07,OK,
C:\Users\User\OneDrive\Documents\Uni\Dissertation\MScProject\Dataset\064683.xls,.xls,0.09,OK,
C:\Users\User\OneDrive\Documents\Uni\Dissertation\MScProject\Dataset\064684.xls,.xls,0.14,OK,
C:\Users\User\OneDrive\Documents\Uni\Dissertation\MScProject\Dataset\064685.xls,.xls,0.02,OK,
C:\Users\User\OneDrive\Documents\Uni\Dissertation\MScProject\Dataset\064686.xls,.xls,0.34,OK,
C:\Users\User\OneDrive\Documents\Uni\Dissertation\MScProject\Dataset\064688.xls,.xls,0.09,OK,
C:\Users\User\OneDrive\Documents\Uni\Dissertation\MScProject\Dataset\065037.xls,.xls,0.11,OK,
C:\Users\User\OneDrive\Documents\Uni\Dissertation\MScProject\Dataset\065038.xls,.xls,0.03,OK,
C:\Users\User\OneDrive\Documents\Uni\Dissertation\MScProject\Dataset\065039.xls,.xls,0.02,OK,
C:\Users\User\OneDrive\Documents\Uni\Dissertation\MScProject\Dataset\065041.xls,.xls,0.09,OK,
C:\Users\User\OneDrive\Documents\Uni\Dissertation\MScProject\Dataset\065042.xls,.xls,0.11,OK,
C:\Users\User\OneDrive\Documents\Uni\Dissertation\MScProject\Dataset\065044.xls,.xls,1.85,OK,
C:\Users\User\OneDrive\Documents\Uni\Dissertation\MScProject\Dataset\065046.xls,.xls,1.15,OK,
C:\Users\User\OneDrive\Documents\Uni\Dissertation\MScProject\Dataset\065047.xls,.xls,2.44,OK,
C:\Users\User\OneDrive\Documents\Uni\Dissertation\MScProject\Dataset\065220.xls,.xls,0.25,OK,
C:\Users\User\OneDrive\Documents\Uni\Dissertation\MScProject\Dataset\065221.xls,.xls,0.13,OK,
C:\Users\User\OneDrive\Documents\Uni\Dissertation\MScProject\Dataset\065226.xls,.xls,0.28,OK,
C:\Users\User\OneDrive\Documents\Uni\Dissertation\MScProject\Dataset\065315.xls,.xls,0.04,OK,
C:\Users\User\OneDrive\Documents\Uni\Dissertation\MScProject\Dataset\065344.xls,.xls,0.04,OK,
C:\Users\User\OneDrive\Documents\Uni\Dissertation\MScProject\Dataset\065345.xls,.xls,0.02,OK,
C:\Users\User\OneDrive\Documents\Uni\Dissertation\MScProject\Dataset\065346.xls,.xls,0.17,OK,
C:\Users\User\OneDrive\Documents\Uni\Dissertation\MScProject\Dataset\065349.xls,.xls,0.12,OK,
C:\Users\User\OneDrive\Documents\Uni\Dissertation\MScProject\Dataset\065533.xls,.xls,0.03,OK,
C:\Users\User\OneDrive\Documents\Uni\Dissertation\MScProject\Dataset\065534.xls,.xls,0.03,OK,
C:\Users\User\OneDrive\Documents\Uni\Dissertation\MScProject\Dataset\065536.xls,.xls,1.01,OK,
C:\Users\User\OneDrive\Documents\Uni\Dissertation\MScProject\Dataset\065537.xls,.xls,2.84,OK,
C:\Users\User\OneDrive\Documents\Uni\Dissertation\MScProject\Dataset\065704.xls,.xls,0.02,OK,
C:\Users\User\OneDrive\Documents\Uni\Dissertation\MScProject\Dataset\065709.xls,.xls,0.1,OK,
C:\Users\User\OneDrive\Documents\Uni\Dissertation\MScProject\Dataset\065711.xls,.xls,0.05,OK,
C:\Users\User\OneDrive\Documents\Uni\Dissertation\MScProject\Dataset\065713.xls,.xls,0.28,OK,
C:\Users\User\OneDrive\Documents\Uni\Dissertation\MScProject\Dataset\065715.xls,.xls,2.17,OK,
C:\Users\User\OneDrive\Documents\Uni\Dissertation\MScProject\Dataset\065717.xls,.xls,0.63,OK,
C:\Users\User\OneDrive\Documents\Uni\Dissertation\MScProject\Dataset\065818.xls,.xls,0.02,OK,
C:\Users\User\OneDrive\Documents\Uni\Dissertation\MScProject\Dataset\065821.xls,.xls,0.08,OK,
C:\Users\User\OneDrive\Documents\Uni\Dissertation\MScProject\Dataset\065923.xls,.xls,0.11,OK,
C:\Users\User\OneDrive\Documents\Uni\Dissertation\MScProject\Dataset\065926.xls,.xls,0.41,OK,
C:\Users\User\OneDrive\Documents\Uni\Dissertation\MScProject\Dataset\065927.xls,.xls,0.3,OK,
C:\Users\User\OneDrive\Documents\Uni\Dissertation\MScProject\Dataset\066189.xls,.xls,1.74,OK,
C:\Users\User\OneDrive\Documents\Uni\Dissertation\MScProject\Dataset\066190.xls,.xls,0.03,OK,
C:\Users\User\OneDrive\Documents\Uni\Dissertation\MScProject\Dataset\066191.xls,.xls,0.05,OK,
C:\Users\User\OneDrive\Documents\Uni\Dissertation\MScProject\Dataset\066192.xls,.xls,0.07,OK,
C:\Users\User\OneDrive\Documents\Uni\Dissertation\MScProject\Dataset\066193.xls,.xls,0.15,OK,
C:\Users\User\OneDrive\Documents\Uni\Dissertation\MScProject\Dataset\066194.xls,.xls,0.57,OK,
C:\Users\User\OneDrive\Documents\Uni\Dissertation\MScProject\Dataset\066195.xls,.xls,0.19,OK,
C:\Users\User\OneDrive\Documents\Uni\Dissertation\MScProject\Dataset\066197.xls,.xls,0.05,OK,
C:\Users\User\OneDrive\Documents\Uni\Dissertation\MScProject\Dataset\066198.xls,.xls,0.15,OK,
C:\Users\User\OneDrive\Documents\Uni\Dissertation\MScProject\Dataset\066199.xls,.xls,0.11,OK,
C:\Users\User\OneDrive\Documents\Uni\Dissertation\MScProject\Dataset\066200.xls,.xls,0.05,OK,
C:\Users\User\OneDrive\Documents\Uni\Dissertation\MScProject\Dataset\066201.xls,.xls,1.97,OK,
C:\Users\User\OneDrive\Documents\Uni\Dissertation\MScProject\Dataset\066202.xls,.xls,0.04,OK,
C:\Users\User\OneDrive\Documents\Uni\Dissertation\MScProject\Dataset\066203.xls,.xls,1.11,OK,
C:\Users\User\OneDrive\Documents\Uni\Dissertation\MScProject\Dataset\066204.xls,.xls,0.02,OK,
C:\Users\User\OneDrive\Documents\Uni\Dissertation\MScProject\Dataset\066205.xls,.xls,2.28,OK,
C:\Users\User\OneDrive\Documents\Uni\Dissertation\MScProject\Dataset\066207.xls,.xls,1.15,OK,
C:\Users\User\OneDrive\Documents\Uni\Dissertation\MScProject\Dataset\066208.xls,.xls,0.01,OK,
C:\Users\User\OneDrive\Documents\Uni\Dissertation\MScProject\Dataset\066209.xls,.xls,0.93,OK,
C:\Users\User\OneDrive\Documents\Uni\Dissertation\MScProject\Dataset\066210.xls,.xls,0.07,OK,
C:\Users\User\OneDrive\Documents\Uni\Dissertation\MScProject\Dataset\066211.xls,.xls,0.1,OK,
C:\Users\User\OneDrive\Documents\Uni\Dissertation\MScProject\Dataset\066212.xls,.xls,2.15,OK,
C:\Users\User\OneDrive\Documents\Uni\Dissertation\MScProject\Dataset\066214.xls,.xls,1.53,OK,
C:\Users\User\OneDrive\Documents\Uni\Dissertation\MScProject\Dataset\066217.xls,.xls,0.05,OK,
C:\Users\User\OneDrive\Documents\Uni\Dissertation\MScProject\Dataset\066218.xls,.xls,1.43,OK,
C:\Users\User\OneDrive\Documents\Uni\Dissertation\MScProject\Dataset\066220.xls,.xls,0.03,OK,
C:\Users\User\OneDrive\Documents\Uni\Dissertation\MScProject\Dataset\066221.xls,.xls,0.06,OK,
C:\Users\User\OneDrive\Documents\Uni\Dissertation\MScProject\Dataset\066222.xls,.xls,0.04,OK,
C:\Users\User\OneDrive\Documents\Uni\Dissertation\MScProject\Dataset\066497.xls,.xls,0.05,OK,
C:\Users\User\OneDrive\Documents\Uni\Dissertation\MScProject\Dataset\066501.xls,.xls,0.68,OK,
C:\Users\User\OneDrive\Documents\Uni\Dissertation\MScProject\Dataset\066623.xls,.xls,0.06,OK,
C:\Users\User\OneDrive\Documents\Uni\Dissertation\MScProject\Dataset\066624.xls,.xls,0.06,OK,
C:\Users\User\OneDrive\Documents\Uni\Dissertation\MScProject\Dataset\066887.xls,.xls,0.02,OK,
C:\Users\User\OneDrive\Documents\Uni\Dissertation\MScProject\Dataset\067043.xls,.xls,0.28,OK,
C:\Users\User\OneDrive\Documents\Uni\Dissertation\MScProject\Dataset\067051.xls,.xls,0.03,OK,
C:\Users\User\OneDrive\Documents\Uni\Dissertation\MScProject\Dataset\067061.xls,.xls,0.13,OK,
C:\Users\User\OneDrive\Documents\Uni\Dissertation\MScProject\Dataset\067062.xls,.xls,0.51,OK,
C:\Users\User\OneDrive\Documents\Uni\Dissertation\MScProject\Dataset\067063.xls,.xls,0.06,OK,
C:\Users\User\OneDrive\Documents\Uni\Dissertation\MScProject\Dataset\067064.xls,.xls,0.07,OK,
C:\Users\User\OneDrive\Documents\Uni\Dissertation\MScProject\Dataset\067065.xls,.xls,0.24,OK,
C:\Users\User\OneDrive\Documents\Uni\Dissertation\MScProject\Dataset\067066.xls,.xls,0.03,OK,
C:\Users\User\OneDrive\Documents\Uni\Dissertation\MScProject\Dataset\067067.xls,.xls,0.89,OK,
C:\Users\User\OneDrive\Documents\Uni\Dissertation\MScProject\Dataset\067122.xls,.xls,0.02,OK,
C:\Users\User\OneDrive\Documents\Uni\Dissertation\MScProject\Dataset\067165.xls,.xls,0.02,OK,
C:\Users\User\OneDrive\Documents\Uni\Dissertation\MScProject\Dataset\067204.xls,.xls,0.04,OK,
C:\Users\User\OneDrive\Documents\Uni\Dissertation\MScProject\Dataset\067470.xls,.xls,0.02,OK,
C:\Users\User\OneDrive\Documents\Uni\Dissertation\MScProject\Dataset\067473.xls,.xls,0.12,OK,
C:\Users\User\OneDrive\Documents\Uni\Dissertation\MScProject\Dataset\067474.xls,.xls,0.12,OK,
C:\Users\User\OneDrive\Documents\Uni\Dissertation\MScProject\Dataset\067475.xls,.xls,8.54,OK,
C:\Users\User\OneDrive\Documents\Uni\Dissertation\MScProject\Dataset\067476.xls,.xls,0.08,OK,
C:\Users\User\OneDrive\Documents\Uni\Dissertation\MScProject\Dataset\067479.xls,.xls,0.05,OK,
C:\Users\User\OneDrive\Documents\Uni\Dissertation\MScProject\Dataset\067480.xls,.xls,0.06,OK,
C:\Users\User\OneDrive\Documents\Uni\Dissertation\MScProject\Dataset\067481.xls,.xls,8.99,OK,
C:\Users\User\OneDrive\Documents\Uni\Dissertation\MScProject\Dataset\067482.xls,.xls,0.58,OK,
C:\Users\User\OneDrive\Documents\Uni\Dissertation\MScProject\Dataset\067483.xls,.xls,0.12,OK,
C:\Users\User\OneDrive\Documents\Uni\Dissertation\MScProject\Dataset\067484.xls,.xls,0.97,OK,
C:\Users\User\OneDrive\Documents\Uni\Dissertation\MScProject\Dataset\067485.xls,.xls,0.08,OK,
C:\Users\User\OneDrive\Documents\Uni\Dissertation\MScProject\Dataset\067487.xls,.xls,0.07,OK,
C:\Users\User\OneDrive\Documents\Uni\Dissertation\MScProject\Dataset\067488.xls,.xls,0.07,OK,
C:\Users\User\OneDrive\Documents\Uni\Dissertation\MScProject\Dataset\067489.xls,.xls,0.11,OK,
C:\Users\User\OneDrive\Documents\Uni\Dissertation\MScProject\Dataset\067490.xls,.xls,0.11,OK,
C:\Users\User\OneDrive\Documents\Uni\Dissertation\MScProject\Dataset\067491.xls,.xls,0.06,OK,
C:\Users\User\OneDrive\Documents\Uni\Dissertation\MScProject\Dataset\067494.xls,.xls,0.07,OK,
C:\Users\User\OneDrive\Documents\Uni\Dissertation\MScProject\Dataset\067495.xls,.xls,0.1,OK,
C:\Users\User\OneDrive\Documents\Uni\Dissertation\MScProject\Dataset\067496.xls,.xls,0.16,OK,
C:\Users\User\OneDrive\Documents\Uni\Dissertation\MScProject\Dataset\067498.xls,.xls,0.14,OK,
C:\Users\User\OneDrive\Documents\Uni\Dissertation\MScProject\Dataset\067536.xls,.xls,0.04,OK,
C:\Users\User\OneDrive\Documents\Uni\Dissertation\MScProject\Dataset\067547.xls,.xls,0.04,OK,
C:\Users\User\OneDrive\Documents\Uni\Dissertation\MScProject\Dataset\067554.xls,.xls,0.06,OK,
C:\Users\User\OneDrive\Documents\Uni\Dissertation\MScProject\Dataset\067564.xls,.xls,0.12,OK,
C:\Users\User\OneDrive\Documents\Uni\Dissertation\MScProject\Dataset\067634.xls,.xls,0.11,OK,
C:\Users\User\OneDrive\Documents\Uni\Dissertation\MScProject\Dataset\067704.xls,.xls,0.69,OK,
C:\Users\User\OneDrive\Documents\Uni\Dissertation\MScProject\Dataset\067722.xls,.xls,0.02,OK,
C:\Users\User\OneDrive\Documents\Uni\Dissertation\MScProject\Dataset\067828.xls,.xls,0.02,OK,
C:\Users\User\OneDrive\Documents\Uni\Dissertation\MScProject\Dataset\067829.xls,.xls,0.09,OK,
C:\Users\User\OneDrive\Documents\Uni\Dissertation\MScProject\Dataset\067832.xls,.xls,0.65,OK,
C:\Users\User\OneDrive\Documents\Uni\Dissertation\MScProject\Dataset\067997.xls,.xls,0.02,OK,
C:\Users\User\OneDrive\Documents\Uni\Dissertation\MScProject\Dataset\068032.xls,.xls,0.05,OK,
C:\Users\User\OneDrive\Documents\Uni\Dissertation\MScProject\Dataset\068160.xls,.xls,0.05,OK,
C:\Users\User\OneDrive\Documents\Uni\Dissertation\MScProject\Dataset\068161.xls,.xls,0.11,OK,
C:\Users\User\OneDrive\Documents\Uni\Dissertation\MScProject\Dataset\068276.xls,.xls,0.21,OK,
C:\Users\User\OneDrive\Documents\Uni\Dissertation\MScProject\Dataset\068375.xls,.xls,0.08,OK,
C:\Users\User\OneDrive\Documents\Uni\Dissertation\MScProject\Dataset\068378.xls,.xls,0.04,OK,
C:\Users\User\OneDrive\Documents\Uni\Dissertation\MScProject\Dataset\068379.xls,.xls,0.2,OK,
C:\Users\User\OneDrive\Documents\Uni\Dissertation\MScProject\Dataset\068381.xls,.xls,2.96,OK,
C:\Users\User\OneDrive\Documents\Uni\Dissertation\MScProject\Dataset\068382.xls,.xls,4.75,OK,
C:\Users\User\OneDrive\Documents\Uni\Dissertation\MScProject\Dataset\068383.xls,.xls,2.81,OK,
C:\Users\User\OneDrive\Documents\Uni\Dissertation\MScProject\Dataset\068384.xls,.xls,2.67,OK,
C:\Users\User\OneDrive\Documents\Uni\Dissertation\MScProject\Dataset\068385.xls,.xls,2.75,OK,
C:\Users\User\OneDrive\Documents\Uni\Dissertation\MScProject\Dataset\068566.xls,.xls,0.03,OK,
C:\Users\User\OneDrive\Documents\Uni\Dissertation\MScProject\Dataset\068626.xls,.xls,0.59,OK,
C:\Users\User\OneDrive\Documents\Uni\Dissertation\MScProject\Dataset\068627.xls,.xls,0.03,OK,
C:\Users\User\OneDrive\Documents\Uni\Dissertation\MScProject\Dataset\068628.xls,.xls,0.01,OK,
C:\Users\User\OneDrive\Documents\Uni\Dissertation\MScProject\Dataset\068630.xls,.xls,0.02,OK,
C:\Users\User\OneDrive\Documents\Uni\Dissertation\MScProject\Dataset\068631.xls,.xls,0.03,OK,
C:\Users\User\OneDrive\Documents\Uni\Dissertation\MScProject\Dataset\068632.xls,.xls,0.58,OK,
C:\Users\User\OneDrive\Documents\Uni\Dissertation\MScProject\Dataset\068633.xls,.xls,0.02,OK,
C:\Users\User\OneDrive\Documents\Uni\Dissertation\MScProject\Dataset\068731.xls,.xls,0.47,OK,
C:\Users\User\OneDrive\Documents\Uni\Dissertation\MScProject\Dataset\068781.xls,.xls,0.03,OK,
C:\Users\User\OneDrive\Documents\Uni\Dissertation\MScProject\Dataset\068807.xls,.xls,0.05,OK,
C:\Users\User\OneDrive\Documents\Uni\Dissertation\MScProject\Dataset\068903.xls,.xls,0.04,OK,
C:\Users\User\OneDrive\Documents\Uni\Dissertation\MScProject\Dataset\068905.xls,.xls,0.02,OK,
C:\Users\User\OneDrive\Documents\Uni\Dissertation\MScProject\Dataset\068908.xls,.xls,0.06,OK,
C:\Users\User\OneDrive\Documents\Uni\Dissertation\MScProject\Dataset\068909.xls,.xls,0.04,OK,
C:\Users\User\OneDrive\Documents\Uni\Dissertation\MScProject\Dataset\069002.xls,.xls,0.03,OK,
C:\Users\User\OneDrive\Documents\Uni\Dissertation\MScProject\Dataset\069004.xls,.xls,0.04,OK,
C:\Users\User\OneDrive\Documents\Uni\Dissertation\MScProject\Dataset\069057.xls,.xls,0.07,OK,
C:\Users\User\OneDrive\Documents\Uni\Dissertation\MScProject\Dataset\069058.xls,.xls,0.16,OK,
C:\Users\User\OneDrive\Documents\Uni\Dissertation\MScProject\Dataset\069059.xls,.xls,0.1,OK,
C:\Users\User\OneDrive\Documents\Uni\Dissertation\MScProject\Dataset\069060.xls,.xls,2.05,OK,
C:\Users\User\OneDrive\Documents\Uni\Dissertation\MScProject\Dataset\069210.xls,.xls,0.04,OK,
C:\Users\User\OneDrive\Documents\Uni\Dissertation\MScProject\Dataset\069211.xls,.xls,0.04,OK,
C:\Users\User\OneDrive\Documents\Uni\Dissertation\MScProject\Dataset\069323.xls,.xls,0.11,OK,
C:\Users\User\OneDrive\Documents\Uni\Dissertation\MScProject\Dataset\069327.xls,.xls,0.19,OK,
C:\Users\User\OneDrive\Documents\Uni\Dissertation\MScProject\Dataset\069373.xls,.xls,0.02,OK,
C:\Users\User\OneDrive\Documents\Uni\Dissertation\MScProject\Dataset\069383.xls,.xls,0.06,OK,
C:\Users\User\OneDrive\Documents\Uni\Dissertation\MScProject\Dataset\069439.xls,.xls,0.15,OK,
C:\Users\User\OneDrive\Documents\Uni\Dissertation\MScProject\Dataset\069440.xls,.xls,0.02,OK,
C:\Users\User\OneDrive\Documents\Uni\Dissertation\MScProject\Dataset\069441.xls,.xls,0.22,OK,
C:\Users\User\OneDrive\Documents\Uni\Dissertation\MScProject\Dataset\069443.xls,.xls,1.11,OK,
C:\Users\User\OneDrive\Documents\Uni\Dissertation\MScProject\Dataset\069444.xls,.xls,0.03,OK,
C:\Users\User\OneDrive\Documents\Uni\Dissertation\MScProject\Dataset\069445.xls,.xls,0.04,OK,
C:\Users\User\OneDrive\Documents\Uni\Dissertation\MScProject\Dataset\069452.xls,.xls,0.21,OK,
C:\Users\User\OneDrive\Documents\Uni\Dissertation\MScProject\Dataset\069603.xls,.xls,0.07,OK,
C:\Users\User\OneDrive\Documents\Uni\Dissertation\MScProject\Dataset\069605.xls,.xls,0.02,OK,
C:\Users\User\OneDrive\Documents\Uni\Dissertation\MScProject\Dataset\069679.xls,.xls,0.04,OK,
C:\Users\User\OneDrive\Documents\Uni\Dissertation\MScProject\Dataset\069682.xls,.xls,0.49,OK,
C:\Users\User\OneDrive\Documents\Uni\Dissertation\MScProject\Dataset\069683.xls,.xls,0.28,OK,
C:\Users\User\OneDrive\Documents\Uni\Dissertation\MScProject\Dataset\069685.xls,.xls,0.41,OK,
C:\Users\User\OneDrive\Documents\Uni\Dissertation\MScProject\Dataset\069687.xls,.xls,0.07,OK,
C:\Users\User\OneDrive\Documents\Uni\Dissertation\MScProject\Dataset\069691.xls,.xls,0.13,OK,
C:\Users\User\OneDrive\Documents\Uni\Dissertation\MScProject\Dataset\069695.xls,.xls,0.12,OK,
C:\Users\User\OneDrive\Documents\Uni\Dissertation\MScProject\Dataset\069696.xls,.xls,0.33,OK,
C:\Users\User\OneDrive\Documents\Uni\Dissertation\MScProject\Dataset\069697.xls,.xls,0.22,OK,
C:\Users\User\OneDrive\Documents\Uni\Dissertation\MScProject\Dataset\069701.xls,.xls,0.04,OK,
C:\Users\User\OneDrive\Documents\Uni\Dissertation\MScProject\Dataset\069703.xls,.xls,0.04,OK,
C:\Users\User\OneDrive\Documents\Uni\Dissertation\MScProject\Dataset\069704.xls,.xls,0.05,OK,
C:\Users\User\OneDrive\Documents\Uni\Dissertation\MScProject\Dataset\069738.xls,.xls,0.05,OK,
C:\Users\User\OneDrive\Documents\Uni\Dissertation\MScProject\Dataset\069750.xls,.xls,0.12,OK,
C:\Users\User\OneDrive\Documents\Uni\Dissertation\MScProject\Dataset\069905.xls,.xls,9.02,OK,
C:\Users\User\OneDrive\Documents\Uni\Dissertation\MScProject\Dataset\069906.xls,.xls,0.11,OK,
C:\Users\User\OneDrive\Documents\Uni\Dissertation\MScProject\Dataset\070082.xls,.xls,0.04,OK,
C:\Users\User\OneDrive\Documents\Uni\Dissertation\MScProject\Dataset\070083.xls,.xls,0.05,OK,
C:\Users\User\OneDrive\Documents\Uni\Dissertation\MScProject\Dataset\070249.xls,.xls,0.07,OK,
C:\Users\User\OneDrive\Documents\Uni\Dissertation\MScProject\Dataset\070412.xls,.xls,0.04,OK,
C:\Users\User\OneDrive\Documents\Uni\Dissertation\MScProject\Dataset\070544.xls,.xls,0.21,OK,
C:\Users\User\OneDrive\Documents\Uni\Dissertation\MScProject\Dataset\070545.xls,.xls,0.36,OK,
C:\Users\User\OneDrive\Documents\Uni\Dissertation\MScProject\Dataset\070546.xls,.xls,0.42,OK,
C:\Users\User\OneDrive\Documents\Uni\Dissertation\MScProject\Dataset\070547.xls,.xls,0.03,OK,
C:\Users\User\OneDrive\Documents\Uni\Dissertation\MScProject\Dataset\070549.xls,.xls,0.18,OK,
C:\Users\User\OneDrive\Documents\Uni\Dissertation\MScProject\Dataset\070550.xls,.xls,0.11,OK,
C:\Users\User\OneDrive\Documents\Uni\Dissertation\MScProject\Dataset\070551.xls,.xls,0.05,OK,
C:\Users\User\OneDrive\Documents\Uni\Dissertation\MScProject\Dataset\070552.xls,.xls,0.02,OK,
C:\Users\User\OneDrive\Documents\Uni\Dissertation\MScProject\Dataset\070554.xls,.xls,0.74,OK,
C:\Users\User\OneDrive\Documents\Uni\Dissertation\MScProject\Dataset\070556.xls,.xls,6.13,OK,
C:\Users\User\OneDrive\Documents\Uni\Dissertation\MScProject\Dataset\070557.xls,.xls,0.04,OK,
C:\Users\User\OneDrive\Documents\Uni\Dissertation\MScProject\Dataset\070558.xls,.xls,0.09,OK,
C:\Users\User\OneDrive\Documents\Uni\Dissertation\MScProject\Dataset\070559.xls,.xls,0.09,OK,
C:\Users\User\OneDrive\Documents\Uni\Dissertation\MScProject\Dataset\070560.xls,.xls,0.07,OK,
C:\Users\User\OneDrive\Documents\Uni\Dissertation\MScProject\Dataset\070561.xls,.xls,0.12,OK,
C:\Users\User\OneDrive\Documents\Uni\Dissertation\MScProject\Dataset\070564.xls,.xls,0.18,OK,
C:\Users\User\OneDrive\Documents\Uni\Dissertation\MScProject\Dataset\070565.xls,.xls,1.84,OK,
C:\Users\User\OneDrive\Documents\Uni\Dissertation\MScProject\Dataset\070567.xls,.xls,0.05,OK,
C:\Users\User\OneDrive\Documents\Uni\Dissertation\MScProject\Dataset\070569.xls,.xls,0.02,OK,
C:\Users\User\OneDrive\Documents\Uni\Dissertation\MScProject\Dataset\070827.xls,.xls,0.03,OK,
C:\Users\User\OneDrive\Documents\Uni\Dissertation\MScProject\Dataset\070828.xls,.xls,0.05,OK,
C:\Users\User\OneDrive\Documents\Uni\Dissertation\MScProject\Dataset\070833.xls,.xls,0.11,OK,
C:\Users\User\OneDrive\Documents\Uni\Dissertation\MScProject\Dataset\070836.xls,.xls,0.12,OK,
C:\Users\User\OneDrive\Documents\Uni\Dissertation\MScProject\Dataset\070838.xls,.xls,0.03,OK,
C:\Users\User\OneDrive\Documents\Uni\Dissertation\MScProject\Dataset\070839.xls,.xls,0.06,OK,
C:\Users\User\OneDrive\Documents\Uni\Dissertation\MScProject\Dataset\070840.xls,.xls,0.1,OK,
C:\Users\User\OneDrive\Documents\Uni\Dissertation\MScProject\Dataset\070850.xls,.xls,0.2,OK,
C:\Users\User\OneDrive\Documents\Uni\Dissertation\MScProject\Dataset\070852.xls,.xls,0.16,OK,
C:\Users\User\OneDrive\Documents\Uni\Dissertation\MScProject\Dataset\071138.xls,.xls,0.01,OK,
C:\Users\User\OneDrive\Documents\Uni\Dissertation\MScProject\Dataset\071139.xls,.xls,0.06,OK,
C:\Users\User\OneDrive\Documents\Uni\Dissertation\MScProject\Dataset\071140.xls,.xls,0.2,OK,
C:\Users\User\OneDrive\Documents\Uni\Dissertation\MScProject\Dataset\071141.xls,.xls,0.91,OK,
C:\Users\User\OneDrive\Documents\Uni\Dissertation\MScProject\Dataset\071142.xls,.xls,0.14,OK,
C:\Users\User\OneDrive\Documents\Uni\Dissertation\MScProject\Dataset\071143.xls,.xls,0.25,OK,
C:\Users\User\OneDrive\Documents\Uni\Dissertation\MScProject\Dataset\071144.xls,.xls,0.06,OK,
C:\Users\User\OneDrive\Documents\Uni\Dissertation\MScProject\Dataset\071146.xls,.xls,0.06,OK,
C:\Users\User\OneDrive\Documents\Uni\Dissertation\MScProject\Dataset\071147.xls,.xls,0.04,OK,
C:\Users\User\OneDrive\Documents\Uni\Dissertation\MScProject\Dataset\071148.xls,.xls,0.04,OK,
C:\Users\User\OneDrive\Documents\Uni\Dissertation\MScProject\Dataset\071149.xls,.xls,0.04,OK,
C:\Users\User\OneDrive\Documents\Uni\Dissertation\MScProject\Dataset\071151.xls,.xls,0.05,OK,
C:\Users\User\OneDrive\Documents\Uni\Dissertation\MScProject\Dataset\071152.xls,.xls,0.05,OK,
C:\Users\User\OneDrive\Documents\Uni\Dissertation\MScProject\Dataset\071153.xls,.xls,6.12,OK,
C:\Users\User\OneDrive\Documents\Uni\Dissertation\MScProject\Dataset\071155.xls,.xls,0.08,OK,
C:\Users\User\OneDrive\Documents\Uni\Dissertation\MScProject\Dataset\071156.xls,.xls,0.08,OK,
C:\Users\User\OneDrive\Documents\Uni\Dissertation\MScProject\Dataset\071158.xls,.xls,0.06,OK,
C:\Users\User\OneDrive\Documents\Uni\Dissertation\MScProject\Dataset\071160.xls,.xls,0.07,OK,
C:\Users\User\OneDrive\Documents\Uni\Dissertation\MScProject\Dataset\071161.xls,.xls,0.2,OK,
C:\Users\User\OneDrive\Documents\Uni\Dissertation\MScProject\Dataset\071162.xls,.xls,4.14,OK,
C:\Users\User\OneDrive\Documents\Uni\Dissertation\MScProject\Dataset\071498.xls,.xls,3.2,OK,
C:\Users\User\OneDrive\Documents\Uni\Dissertation\MScProject\Dataset\071499.xls,.xls,3.14,OK,
C:\Users\User\OneDrive\Documents\Uni\Dissertation\MScProject\Dataset\071501.xls,.xls,0.07,OK,
C:\Users\User\OneDrive\Documents\Uni\Dissertation\MScProject\Dataset\071502.xls,.xls,0.12,OK,
C:\Users\User\OneDrive\Documents\Uni\Dissertation\MScProject\Dataset\071503.xls,.xls,0.72,OK,
C:\Users\User\OneDrive\Documents\Uni\Dissertation\MScProject\Dataset\071504.xls,.xls,0.1,OK,
C:\Users\User\OneDrive\Documents\Uni\Dissertation\MScProject\Dataset\071507.xls,.xls,0.04,OK,
C:\Users\User\OneDrive\Documents\Uni\Dissertation\MScProject\Dataset\071508.xls,.xls,0.34,OK,
C:\Users\User\OneDrive\Documents\Uni\Dissertation\MScProject\Dataset\071509.xls,.xls,0.33,OK,
C:\Users\User\OneDrive\Documents\Uni\Dissertation\MScProject\Dataset\071510.xls,.xls,2.84,OK,
C:\Users\User\OneDrive\Documents\Uni\Dissertation\MScProject\Dataset\071511.xls,.xls,3.16,OK,
C:\Users\User\OneDrive\Documents\Uni\Dissertation\MScProject\Dataset\071602.xls,.xls,0.04,OK,
C:\Users\User\OneDrive\Documents\Uni\Dissertation\MScProject\Dataset\071603.xls,.xls,0.45,OK,
C:\Users\User\OneDrive\Documents\Uni\Dissertation\MScProject\Dataset\071604.xls,.xls,0.48,OK,
C:\Users\User\OneDrive\Documents\Uni\Dissertation\MScProject\Dataset\071605.xls,.xls,0.07,OK,
C:\Users\User\OneDrive\Documents\Uni\Dissertation\MScProject\Dataset\071773.xls,.xls,0.04,OK,
C:\Users\User\OneDrive\Documents\Uni\Dissertation\MScProject\Dataset\071774.xls,.xls,0.04,OK,
C:\Users\User\OneDrive\Documents\Uni\Dissertation\MScProject\Dataset\071775.xls,.xls,0.74,OK,
C:\Users\User\OneDrive\Documents\Uni\Dissertation\MScProject\Dataset\071779.xls,.xls,0.12,OK,
C:\Users\User\OneDrive\Documents\Uni\Dissertation\MScProject\Dataset\071886.xls,.xls,4.26,OK,
C:\Users\User\OneDrive\Documents\Uni\Dissertation\MScProject\Dataset\071970.xls,.xls,0.03,OK,
C:\Users\User\OneDrive\Documents\Uni\Dissertation\MScProject\Dataset\071971.xls,.xls,0.33,OK,
C:\Users\User\OneDrive\Documents\Uni\Dissertation\MScProject\Dataset\071972.xls,.xls,0.05,OK,
C:\Users\User\OneDrive\Documents\Uni\Dissertation\MScProject\Dataset\071973.xls,.xls,0.01,OK,
C:\Users\User\OneDrive\Documents\Uni\Dissertation\MScProject\Dataset\071974.xls,.xls,0.22,OK,
C:\Users\User\OneDrive\Documents\Uni\Dissertation\MScProject\Dataset\071975.xls,.xls,0.21,OK,
C:\Users\User\OneDrive\Documents\Uni\Dissertation\MScProject\Dataset\071976.xls,.xls,0.02,OK,
C:\Users\User\OneDrive\Documents\Uni\Dissertation\MScProject\Dataset\071977.xls,.xls,0.01,OK,
C:\Users\User\OneDrive\Documents\Uni\Dissertation\MScProject\Dataset\071978.xls,.xls,0.02,OK,
C:\Users\User\OneDrive\Documents\Uni\Dissertation\MScProject\Dataset\071979.xls,.xls,12.76,OK,
C:\Users\User\OneDrive\Documents\Uni\Dissertation\MScProject\Dataset\071980.xls,.xls,0.07,OK,
C:\Users\User\OneDrive\Documents\Uni\Dissertation\MScProject\Dataset\071981.xls,.xls,0.11,OK,
C:\Users\User\OneDrive\Documents\Uni\Dissertation\MScProject\Dataset\071982.xls,.xls,1.38,OK,
C:\Users\User\OneDrive\Documents\Uni\Dissertation\MScProject\Dataset\071985.xls,.xls,0.02,OK,
C:\Users\User\OneDrive\Documents\Uni\Dissertation\MScProject\Dataset\071987.xls,.xls,0.34,OK,
C:\Users\User\OneDrive\Documents\Uni\Dissertation\MScProject\Dataset\071988.xls,.xls,0.03,OK,
C:\Users\User\OneDrive\Documents\Uni\Dissertation\MScProject\Dataset\071989.xls,.xls,0.04,OK,
C:\Users\User\OneDrive\Documents\Uni\Dissertation\MScProject\Dataset\071990.xls,.xls,0.11,OK,
C:\Users\User\OneDrive\Documents\Uni\Dissertation\MScProject\Dataset\071991.xls,.xls,0.04,OK,
C:\Users\User\OneDrive\Documents\Uni\Dissertation\MScProject\Dataset\071992.xls,.xls,0.12,OK,
C:\Users\User\OneDrive\Documents\Uni\Dissertation\MScProject\Dataset\071993.xls,.xls,0.06,OK,
C:\Users\User\OneDrive\Documents\Uni\Dissertation\MScProject\Dataset\071994.xls,.xls,0.16,OK,
C:\Users\User\OneDrive\Documents\Uni\Dissertation\MScProject\Dataset\071995.xls,.xls,0.2,OK,
C:\Users\User\OneDrive\Documents\Uni\Dissertation\MScProject\Dataset\071996.xls,.xls,0.08,OK,
C:\Users\User\OneDrive\Documents\Uni\Dissertation\MScProject\Dataset\071997.xls,.xls,0.2,OK,
C:\Users\User\OneDrive\Documents\Uni\Dissertation\MScProject\Dataset\071998.xls,.xls,0.11,OK,
C:\Users\User\OneDrive\Documents\Uni\Dissertation\MScProject\Dataset\071999.xls,.xls,8.75,OK,
C:\Users\User\OneDrive\Documents\Uni\Dissertation\MScProject\Dataset\072081.xls,.xls,0.01,OK,
C:\Users\User\OneDrive\Documents\Uni\Dissertation\MScProject\Dataset\072109.xls,.xls,0.17,OK,
C:\Users\User\OneDrive\Documents\Uni\Dissertation\MScProject\Dataset\072143.xls,.xls,0.11,OK,
C:\Users\User\OneDrive\Documents\Uni\Dissertation\MScProject\Dataset\072144.xls,.xls,0.12,OK,
C:\Users\User\OneDrive\Documents\Uni\Dissertation\MScProject\Dataset\072222.xls,.xls,0.03,OK,
C:\Users\User\OneDrive\Documents\Uni\Dissertation\MScProject\Dataset\072223.xls,.xls,0.03,OK,
C:\Users\User\OneDrive\Documents\Uni\Dissertation\MScProject\Dataset\072224.xls,.xls,0.21,OK,
C:\Users\User\OneDrive\Documents\Uni\Dissertation\MScProject\Dataset\072225.xls,.xls,0.07,OK,
C:\Users\User\OneDrive\Documents\Uni\Dissertation\MScProject\Dataset\072226.xls,.xls,0.09,OK,
C:\Users\User\OneDrive\Documents\Uni\Dissertation\MScProject\Dataset\072227.xls,.xls,1.12,OK,
C:\Users\User\OneDrive\Documents\Uni\Dissertation\MScProject\Dataset\072228.xls,.xls,0.56,OK,
C:\Users\User\OneDrive\Documents\Uni\Dissertation\MScProject\Dataset\072229.xls,.xls,0.7,OK,
C:\Users\User\OneDrive\Documents\Uni\Dissertation\MScProject\Dataset\072230.xls,.xls,0.02,OK,
C:\Users\User\OneDrive\Documents\Uni\Dissertation\MScProject\Dataset\072232.xls,.xls,0.12,OK,
C:\Users\User\OneDrive\Documents\Uni\Dissertation\MScProject\Dataset\072327.xls,.xls,0.05,OK,
C:\Users\User\OneDrive\Documents\Uni\Dissertation\MScProject\Dataset\072389.xls,.xls,0.13,OK,
C:\Users\User\OneDrive\Documents\Uni\Dissertation\MScProject\Dataset\072480.xls,.xls,0.03,OK,
C:\Users\User\OneDrive\Documents\Uni\Dissertation\MScProject\Dataset\072484.xls,.xls,1.34,OK,
C:\Users\User\OneDrive\Documents\Uni\Dissertation\MScProject\Dataset\072487.xls,.xls,0.34,OK,
C:\Users\User\OneDrive\Documents\Uni\Dissertation\MScProject\Dataset\072490.xls,.xls,0.17,OK,
C:\Users\User\OneDrive\Documents\Uni\Dissertation\MScProject\Dataset\072491.xls,.xls,0.08,OK,
C:\Users\User\OneDrive\Documents\Uni\Dissertation\MScProject\Dataset\072577.xls,.xls,0.04,OK,
C:\Users\User\OneDrive\Documents\Uni\Dissertation\MScProject\Dataset\072578.xls,.xls,0.21,OK,
C:\Users\User\OneDrive\Documents\Uni\Dissertation\MScProject\Dataset\072579.xls,.xls,0.03,OK,
C:\Users\User\OneDrive\Documents\Uni\Dissertation\MScProject\Dataset\072580.xls,.xls,0.03,OK,
C:\Users\User\OneDrive\Documents\Uni\Dissertation\MScProject\Dataset\072581.xls,.xls,0.03,OK,
C:\Users\User\OneDrive\Documents\Uni\Dissertation\MScProject\Dataset\072583.xls,.xls,0.04,OK,
C:\Users\User\OneDrive\Documents\Uni\Dissertation\MScProject\Dataset\072584.xls,.xls,0.05,OK,
C:\Users\User\OneDrive\Documents\Uni\Dissertation\MScProject\Dataset\072585.xls,.xls,0.62,OK,
C:\Users\User\OneDrive\Documents\Uni\Dissertation\MScProject\Dataset\072587.xls,.xls,0.37,OK,
C:\Users\User\OneDrive\Documents\Uni\Dissertation\MScProject\Dataset\072589.xls,.xls,0.2,OK,
C:\Users\User\OneDrive\Documents\Uni\Dissertation\MScProject\Dataset\072768.xls,.xls,0.03,OK,
C:\Users\User\OneDrive\Documents\Uni\Dissertation\MScProject\Dataset\072939.xls,.xls,0.06,OK,
C:\Users\User\OneDrive\Documents\Uni\Dissertation\MScProject\Dataset\073205.xls,.xls,0.08,OK,
C:\Users\User\OneDrive\Documents\Uni\Dissertation\MScProject\Dataset\073206.xls,.xls,0.03,OK,
C:\Users\User\OneDrive\Documents\Uni\Dissertation\MScProject\Dataset\073340.xls,.xls,0.14,OK,
C:\Users\User\OneDrive\Documents\Uni\Dissertation\MScProject\Dataset\073385.xls,.xls,0.09,OK,
C:\Users\User\OneDrive\Documents\Uni\Dissertation\MScProject\Dataset\073512.xls,.xls,0.21,OK,
C:\Users\User\OneDrive\Documents\Uni\Dissertation\MScProject\Dataset\073592.xls,.xls,1.0,OK,
C:\Users\User\OneDrive\Documents\Uni\Dissertation\MScProject\Dataset\073597.xls,.xls,0.27,OK,
C:\Users\User\OneDrive\Documents\Uni\Dissertation\MScProject\Dataset\073598.xls,.xls,0.07,OK,
C:\Users\User\OneDrive\Documents\Uni\Dissertation\MScProject\Dataset\073599.xls,.xls,0.39,OK,
C:\Users\User\OneDrive\Documents\Uni\Dissertation\MScProject\Dataset\073600.xls,.xls,0.34,OK,
C:\Users\User\OneDrive\Documents\Uni\Dissertation\MScProject\Dataset\073601.xls,.xls,0.13,OK,
C:\Users\User\OneDrive\Documents\Uni\Dissertation\MScProject\Dataset\073602.xls,.xls,0.05,OK,
C:\Users\User\OneDrive\Documents\Uni\Dissertation\MScProject\Dataset\073603.xls,.xls,0.1,OK,
C:\Users\User\OneDrive\Documents\Uni\Dissertation\MScProject\Dataset\073604.xls,.xls,0.06,OK,
C:\Users\User\OneDrive\Documents\Uni\Dissertation\MScProject\Dataset\073605.xls,.xls,0.3,OK,
C:\Users\User\OneDrive\Documents\Uni\Dissertation\MScProject\Dataset\073611.xls,.xls,0.14,OK,
C:\Users\User\OneDrive\Documents\Uni\Dissertation\MScProject\Dataset\073614.xls,.xls,0.37,OK,
C:\Users\User\OneDrive\Documents\Uni\Dissertation\MScProject\Dataset\073740.xls,.xls,0.02,OK,
C:\Users\User\OneDrive\Documents\Uni\Dissertation\MScProject\Dataset\073806.xls,.xls,0.03,OK,
C:\Users\User\OneDrive\Documents\Uni\Dissertation\MScProject\Dataset\073807.xls,.xls,0.02,OK,
C:\Users\User\OneDrive\Documents\Uni\Dissertation\MScProject\Dataset\073812.xls,.xls,0.08,OK,
C:\Users\User\OneDrive\Documents\Uni\Dissertation\MScProject\Dataset\073813.xls,.xls,0.07,OK,
C:\Users\User\OneDrive\Documents\Uni\Dissertation\MScProject\Dataset\073819.xls,.xls,0.03,OK,
C:\Users\User\OneDrive\Documents\Uni\Dissertation\MScProject\Dataset\073820.xls,.xls,0.16,OK,
C:\Users\User\OneDrive\Documents\Uni\Dissertation\MScProject\Dataset\073821.xls,.xls,0.32,OK,
C:\Users\User\OneDrive\Documents\Uni\Dissertation\MScProject\Dataset\073822.xls,.xls,8.34,OK,
C:\Users\User\OneDrive\Documents\Uni\Dissertation\MScProject\Dataset\073827.xls,.xls,4.47,OK,
C:\Users\User\OneDrive\Documents\Uni\Dissertation\MScProject\Dataset\073828.xls,.xls,2.14,OK,
C:\Users\User\OneDrive\Documents\Uni\Dissertation\MScProject\Dataset\073830.xls,.xls,0.35,OK,
C:\Users\User\OneDrive\Documents\Uni\Dissertation\MScProject\Dataset\073935.xls,.xls,0.03,OK,
C:\Users\User\OneDrive\Documents\Uni\Dissertation\MScProject\Dataset\073941.xls,.xls,0.02,OK,
C:\Users\User\OneDrive\Documents\Uni\Dissertation\MScProject\Dataset\074006.xls,.xls,0.14,OK,
C:\Users\User\OneDrive\Documents\Uni\Dissertation\MScProject\Dataset\074007.xls,.xls,2.4,OK,
C:\Users\User\OneDrive\Documents\Uni\Dissertation\MScProject\Dataset\074306.xls,.xls,0.14,OK,
C:\Users\User\OneDrive\Documents\Uni\Dissertation\MScProject\Dataset\074307.xls,.xls,0.08,OK,
C:\Users\User\OneDrive\Documents\Uni\Dissertation\MScProject\Dataset\074308.xls,.xls,0.07,OK,
C:\Users\User\OneDrive\Documents\Uni\Dissertation\MScProject\Dataset\074310.xls,.xls,0.05,OK,
C:\Users\User\OneDrive\Documents\Uni\Dissertation\MScProject\Dataset\074311.xls,.xls,0.98,OK,
C:\Users\User\OneDrive\Documents\Uni\Dissertation\MScProject\Dataset\074399.xls,.xls,0.02,OK,
C:\Users\User\OneDrive\Documents\Uni\Dissertation\MScProject\Dataset\074401.xls,.xls,0.02,OK,
C:\Users\User\OneDrive\Documents\Uni\Dissertation\MScProject\Dataset\074403.xls,.xls,0.03,OK,
C:\Users\User\OneDrive\Documents\Uni\Dissertation\MScProject\Dataset\074518.xls,.xls,0.02,OK,
C:\Users\User\OneDrive\Documents\Uni\Dissertation\MScProject\Dataset\074522.xls,.xls,0.17,OK,
C:\Users\User\OneDrive\Documents\Uni\Dissertation\MScProject\Dataset\074601.xls,.xls,0.03,OK,
C:\Users\User\OneDrive\Documents\Uni\Dissertation\MScProject\Dataset\074602.xls,.xls,0.02,OK,
C:\Users\User\OneDrive\Documents\Uni\Dissertation\MScProject\Dataset\074603.xls,.xls,0.02,OK,
C:\Users\User\OneDrive\Documents\Uni\Dissertation\MScProject\Dataset\074607.xls,.xls,0.05,OK,
C:\Users\User\OneDrive\Documents\Uni\Dissertation\MScProject\Dataset\074776.xls,.xls,0.11,OK,
C:\Users\User\OneDrive\Documents\Uni\Dissertation\MScProject\Dataset\074845.xls,.xls,0.91,OK,
C:\Users\User\OneDrive\Documents\Uni\Dissertation\MScProject\Dataset\074921.xls,.xls,0.27,OK,
C:\Users\User\OneDrive\Documents\Uni\Dissertation\MScProject\Dataset\074922.xls,.xls,5.99,OK,
C:\Users\User\OneDrive\Documents\Uni\Dissertation\MScProject\Dataset\074923.xls,.xls,0.09,OK,
C:\Users\User\OneDrive\Documents\Uni\Dissertation\MScProject\Dataset\074924.xls,.xls,0.08,OK,
C:\Users\User\OneDrive\Documents\Uni\Dissertation\MScProject\Dataset\074925.xls,.xls,0.02,OK,
C:\Users\User\OneDrive\Documents\Uni\Dissertation\MScProject\Dataset\074926.xls,.xls,0.08,OK,
C:\Users\User\OneDrive\Documents\Uni\Dissertation\MScProject\Dataset\074927.xls,.xls,0.08,OK,
C:\Users\User\OneDrive\Documents\Uni\Dissertation\MScProject\Dataset\074928.xls,.xls,0.11,OK,
C:\Users\User\OneDrive\Documents\Uni\Dissertation\MScProject\Dataset\074929.xls,.xls,0.27,OK,
C:\Users\User\OneDrive\Documents\Uni\Dissertation\MScProject\Dataset\074932.xls,.xls,0.02,OK,
C:\Users\User\OneDrive\Documents\Uni\Dissertation\MScProject\Dataset\074933.xls,.xls,0.16,OK,
C:\Users\User\OneDrive\Documents\Uni\Dissertation\MScProject\Dataset\074934.xls,.xls,0.03,OK,
C:\Users\User\OneDrive\Documents\Uni\Dissertation\MScProject\Dataset\074935.xls,.xls,0.03,OK,
C:\Users\User\OneDrive\Documents\Uni\Dissertation\MScProject\Dataset\074936.xls,.xls,0.02,OK,
C:\Users\User\OneDrive\Documents\Uni\Dissertation\MScProject\Dataset\074937.xls,.xls,0.07,OK,
C:\Users\User\OneDrive\Documents\Uni\Dissertation\MScProject\Dataset\074938.xls,.xls,1.57,OK,
C:\Users\User\OneDrive\Documents\Uni\Dissertation\MScProject\Dataset\074939.xls,.xls,1.58,OK,
C:\Users\User\OneDrive\Documents\Uni\Dissertation\MScProject\Dataset\074940.xls,.xls,0.02,OK,
C:\Users\User\OneDrive\Documents\Uni\Dissertation\MScProject\Dataset\074941.xls,.xls,0.03,OK,
C:\Users\User\OneDrive\Documents\Uni\Dissertation\MScProject\Dataset\074942.xls,.xls,0.05,OK,
C:\Users\User\OneDrive\Documents\Uni\Dissertation\MScProject\Dataset\074943.xls,.xls,0.06,OK,
C:\Users\User\OneDrive\Documents\Uni\Dissertation\MScProject\Dataset\074945.xls,.xls,0.09,OK,
C:\Users\User\OneDrive\Documents\Uni\Dissertation\MScProject\Dataset\074946.xls,.xls,0.03,OK,
C:\Users\User\OneDrive\Documents\Uni\Dissertation\MScProject\Dataset\074947.xls,.xls,0.05,OK,
C:\Users\User\OneDrive\Documents\Uni\Dissertation\MScProject\Dataset\074948.xls,.xls,0.03,OK,
C:\Users\User\OneDrive\Documents\Uni\Dissertation\MScProject\Dataset\074949.xls,.xls,3.97,OK,
C:\Users\User\OneDrive\Documents\Uni\Dissertation\MScProject\Dataset\074950.xls,.xls,3.84,OK,
C:\Users\User\OneDrive\Documents\Uni\Dissertation\MScProject\Dataset\074951.xls,.xls,0.03,OK,
C:\Users\User\OneDrive\Documents\Uni\Dissertation\MScProject\Dataset\074955.xls,.xls,5.69,OK,
C:\Users\User\OneDrive\Documents\Uni\Dissertation\MScProject\Dataset\074956.xls,.xls,0.1,OK,
C:\Users\User\OneDrive\Documents\Uni\Dissertation\MScProject\Dataset\074957.xls,.xls,13.02,OK,
C:\Users\User\OneDrive\Documents\Uni\Dissertation\MScProject\Dataset\074958.xls,.xls,0.03,OK,
C:\Users\User\OneDrive\Documents\Uni\Dissertation\MScProject\Dataset\074959.xls,.xls,0.46,OK,
C:\Users\User\OneDrive\Documents\Uni\Dissertation\MScProject\Dataset\074960.xls,.xls,0.07,OK,
C:\Users\User\OneDrive\Documents\Uni\Dissertation\MScProject\Dataset\074961.xls,.xls,0.09,OK,
C:\Users\User\OneDrive\Documents\Uni\Dissertation\MScProject\Dataset\075059.xls,.xls,0.03,OK,
C:\Users\User\OneDrive\Documents\Uni\Dissertation\MScProject\Dataset\075127.xls,.xls,0.03,OK,
C:\Users\User\OneDrive\Documents\Uni\Dissertation\MScProject\Dataset\075129.xls,.xls,0.21,OK,
C:\Users\User\OneDrive\Documents\Uni\Dissertation\MScProject\Dataset\075130.xls,.xls,0.21,OK,
C:\Users\User\OneDrive\Documents\Uni\Dissertation\MScProject\Dataset\075223.xls,.xls,0.05,OK,
C:\Users\User\OneDrive\Documents\Uni\Dissertation\MScProject\Dataset\075230.xls,.xls,0.03,OK,
C:\Users\User\OneDrive\Documents\Uni\Dissertation\MScProject\Dataset\075232.xls,.xls,0.73,OK,
C:\Users\User\OneDrive\Documents\Uni\Dissertation\MScProject\Dataset\075233.xls,.xls,0.35,OK,
C:\Users\User\OneDrive\Documents\Uni\Dissertation\MScProject\Dataset\075234.xls,.xls,0.05,OK,
C:\Users\User\OneDrive\Documents\Uni\Dissertation\MScProject\Dataset\075235.xls,.xls,0.25,OK,
C:\Users\User\OneDrive\Documents\Uni\Dissertation\MScProject\Dataset\075236.xls,.xls,0.02,OK,
C:\Users\User\OneDrive\Documents\Uni\Dissertation\MScProject\Dataset\075237.xls,.xls,0.02,OK,
C:\Users\User\OneDrive\Documents\Uni\Dissertation\MScProject\Dataset\075238.xls,.xls,0.02,OK,
C:\Users\User\OneDrive\Documents\Uni\Dissertation\MScProject\Dataset\075240.xls,.xls,0.1,OK,
C:\Users\User\OneDrive\Documents\Uni\Dissertation\MScProject\Dataset\075243.xls,.xls,0.05,OK,
C:\Users\User\OneDrive\Documents\Uni\Dissertation\MScProject\Dataset\075244.xls,.xls,0.06,OK,
C:\Users\User\OneDrive\Documents\Uni\Dissertation\MScProject\Dataset\075247.xls,.xls,0.02,OK,
C:\Users\User\OneDrive\Documents\Uni\Dissertation\MScProject\Dataset\075250.xls,.xls,0.11,OK,
C:\Users\User\OneDrive\Documents\Uni\Dissertation\MScProject\Dataset\075252.xls,.xls,0.02,OK,
C:\Users\User\OneDrive\Documents\Uni\Dissertation\MScProject\Dataset\075253.xls,.xls,1.16,OK,
C:\Users\User\OneDrive\Documents\Uni\Dissertation\MScProject\Dataset\075254.xls,.xls,0.03,OK,
C:\Users\User\OneDrive\Documents\Uni\Dissertation\MScProject\Dataset\075260.xls,.xls,0.01,OK,
C:\Users\User\OneDrive\Documents\Uni\Dissertation\MScProject\Dataset\075487.xls,.xls,0.03,OK,
C:\Users\User\OneDrive\Documents\Uni\Dissertation\MScProject\Dataset\075507.xls,.xls,0.15,OK,
C:\Users\User\OneDrive\Documents\Uni\Dissertation\MScProject\Dataset\075511.xls,.xls,0.04,OK,
C:\Users\User\OneDrive\Documents\Uni\Dissertation\MScProject\Dataset\075512.xls,.xls,0.05,OK,
C:\Users\User\OneDrive\Documents\Uni\Dissertation\MScProject\Dataset\075514.xls,.xls,0.24,OK,
C:\Users\User\OneDrive\Documents\Uni\Dissertation\MScProject\Dataset\075515.xls,.xls,1.23,OK,
C:\Users\User\OneDrive\Documents\Uni\Dissertation\MScProject\Dataset\075516.xls,.xls,0.08,OK,
C:\Users\User\OneDrive\Documents\Uni\Dissertation\MScProject\Dataset\075521.xls,.xls,0.12,OK,
C:\Users\User\OneDrive\Documents\Uni\Dissertation\MScProject\Dataset\075523.xls,.xls,0.16,OK,
C:\Users\User\OneDrive\Documents\Uni\Dissertation\MScProject\Dataset\075528.xls,.xls,1.75,OK,
C:\Users\User\OneDrive\Documents\Uni\Dissertation\MScProject\Dataset\075529.xls,.xls,0.75,OK,
C:\Users\User\OneDrive\Documents\Uni\Dissertation\MScProject\Dataset\075530.xls,.xls,0.03,OK,
C:\Users\User\OneDrive\Documents\Uni\Dissertation\MScProject\Dataset\075531.xls,.xls,0.03,OK,
C:\Users\User\OneDrive\Documents\Uni\Dissertation\MScProject\Dataset\075532.xls,.xls,0.3,OK,
C:\Users\User\OneDrive\Documents\Uni\Dissertation\MScProject\Dataset\075764.xls,.xls,0.72,OK,
C:\Users\User\OneDrive\Documents\Uni\Dissertation\MScProject\Dataset\075765.xls,.xls,0.84,OK,
C:\Users\User\OneDrive\Documents\Uni\Dissertation\MScProject\Dataset\075770.xls,.xls,0.24,OK,
C:\Users\User\OneDrive\Documents\Uni\Dissertation\MScProject\Dataset\075771.xls,.xls,0.1,OK,
C:\Users\User\OneDrive\Documents\Uni\Dissertation\MScProject\Dataset\075772.xls,.xls,2.81,OK,
C:\Users\User\OneDrive\Documents\Uni\Dissertation\MScProject\Dataset\076040.xls,.xls,0.01,OK,
C:\Users\User\OneDrive\Documents\Uni\Dissertation\MScProject\Dataset\076041.xls,.xls,0.27,OK,
C:\Users\User\OneDrive\Documents\Uni\Dissertation\MScProject\Dataset\076042.xls,.xls,0.11,OK,
C:\Users\User\OneDrive\Documents\Uni\Dissertation\MScProject\Dataset\076044.xls,.xls,0.02,OK,
C:\Users\User\OneDrive\Documents\Uni\Dissertation\MScProject\Dataset\076201.xls,.xls,0.05,OK,
C:\Users\User\OneDrive\Documents\Uni\Dissertation\MScProject\Dataset\076210.xls,.xls,0.04,OK,
C:\Users\User\OneDrive\Documents\Uni\Dissertation\MScProject\Dataset\076339.xls,.xls,0.04,OK,
C:\Users\User\OneDrive\Documents\Uni\Dissertation\MScProject\Dataset\076340.xls,.xls,0.04,OK,
C:\Users\User\OneDrive\Documents\Uni\Dissertation\MScProject\Dataset\076343.xls,.xls,0.04,OK,
C:\Users\User\OneDrive\Documents\Uni\Dissertation\MScProject\Dataset\076345.xls,.xls,0.22,OK,
C:\Users\User\OneDrive\Documents\Uni\Dissertation\MScProject\Dataset\076346.xls,.xls,0.23,OK,
C:\Users\User\OneDrive\Documents\Uni\Dissertation\MScProject\Dataset\076347.xls,.xls,0.07,OK,
C:\Users\User\OneDrive\Documents\Uni\Dissertation\MScProject\Dataset\076350.xls,.xls,2.82,OK,
C:\Users\User\OneDrive\Documents\Uni\Dissertation\MScProject\Dataset\076468.xls,.xls,0.02,OK,
C:\Users\User\OneDrive\Documents\Uni\Dissertation\MScProject\Dataset\076504.xls,.xls,0.43,OK,
C:\Users\User\OneDrive\Documents\Uni\Dissertation\MScProject\Dataset\076505.xls,.xls,0.78,OK,
C:\Users\User\OneDrive\Documents\Uni\Dissertation\MScProject\Dataset\076575.xls,.xls,0.09,OK,
C:\Users\User\OneDrive\Documents\Uni\Dissertation\MScProject\Dataset\076576.xls,.xls,0.2,OK,
C:\Users\User\OneDrive\Documents\Uni\Dissertation\MScProject\Dataset\076580.xls,.xls,0.02,OK,
C:\Users\User\OneDrive\Documents\Uni\Dissertation\MScProject\Dataset\076582.xls,.xls,0.02,OK,
C:\Users\User\OneDrive\Documents\Uni\Dissertation\MScProject\Dataset\076658.xls,.xls,0.14,OK,
C:\Users\User\OneDrive\Documents\Uni\Dissertation\MScProject\Dataset\076687.xls,.xls,0.02,OK,
C:\Users\User\OneDrive\Documents\Uni\Dissertation\MScProject\Dataset\076688.xls,.xls,0.03,OK,
C:\Users\User\OneDrive\Documents\Uni\Dissertation\MScProject\Dataset\076689.xls,.xls,0.26,OK,
C:\Users\User\OneDrive\Documents\Uni\Dissertation\MScProject\Dataset\076690.xls,.xls,0.02,OK,
C:\Users\User\OneDrive\Documents\Uni\Dissertation\MScProject\Dataset\076708.xls,.xls,0.3,OK,
C:\Users\User\OneDrive\Documents\Uni\Dissertation\MScProject\Dataset\076729.xls,.xls,0.03,OK,
C:\Users\User\OneDrive\Documents\Uni\Dissertation\MScProject\Dataset\076732.xls,.xls,0.03,OK,
C:\Users\User\OneDrive\Documents\Uni\Dissertation\MScProject\Dataset\076780.xls,.xls,0.03,OK,
C:\Users\User\OneDrive\Documents\Uni\Dissertation\MScProject\Dataset\076910.xls,.xls,0.04,OK,
C:\Users\User\OneDrive\Documents\Uni\Dissertation\MScProject\Dataset\076911.xls,.xls,0.1,OK,
C:\Users\User\OneDrive\Documents\Uni\Dissertation\MScProject\Dataset\076912.xls,.xls,0.11,OK,
C:\Users\User\OneDrive\Documents\Uni\Dissertation\MScProject\Dataset\076914.xls,.xls,0.05,OK,
C:\Users\User\OneDrive\Documents\Uni\Dissertation\MScProject\Dataset\076915.xls,.xls,0.02,OK,
C:\Users\User\OneDrive\Documents\Uni\Dissertation\MScProject\Dataset\076918.xls,.xls,0.13,OK,
C:\Users\User\OneDrive\Documents\Uni\Dissertation\MScProject\Dataset\076920.xls,.xls,0.03,OK,
C:\Users\User\OneDrive\Documents\Uni\Dissertation\MScProject\Dataset\076921.xls,.xls,0.01,OK,
C:\Users\User\OneDrive\Documents\Uni\Dissertation\MScProject\Dataset\076922.xls,.xls,0.09,OK,
C:\Users\User\OneDrive\Documents\Uni\Dissertation\MScProject\Dataset\076925.xls,.xls,0.02,OK,
C:\Users\User\OneDrive\Documents\Uni\Dissertation\MScProject\Dataset\076926.xls,.xls,0.06,OK,
C:\Users\User\OneDrive\Documents\Uni\Dissertation\MScProject\Dataset\076928.xls,.xls,0.05,OK,
C:\Users\User\OneDrive\Documents\Uni\Dissertation\MScProject\Dataset\076930.xls,.xls,0.02,OK,
C:\Users\User\OneDrive\Documents\Uni\Dissertation\MScProject\Dataset\076931.xls,.xls,0.38,OK,
C:\Users\User\OneDrive\Documents\Uni\Dissertation\MScProject\Dataset\076932.xls,.xls,0.07,OK,
C:\Users\User\OneDrive\Documents\Uni\Dissertation\MScProject\Dataset\076933.xls,.xls,0.03,OK,
C:\Users\User\OneDrive\Documents\Uni\Dissertation\MScProject\Dataset\076935.xls,.xls,0.06,OK,
C:\Users\User\OneDrive\Documents\Uni\Dissertation\MScProject\Dataset\076937.xls,.xls,0.03,OK,
C:\Users\User\OneDrive\Documents\Uni\Dissertation\MScProject\Dataset\076940.xls,.xls,0.04,OK,
C:\Users\User\OneDrive\Documents\Uni\Dissertation\MScProject\Dataset\076941.xls,.xls,0.02,OK,
C:\Users\User\OneDrive\Documents\Uni\Dissertation\MScProject\Dataset\076942.xls,.xls,0.02,OK,
C:\Users\User\OneDrive\Documents\Uni\Dissertation\MScProject\Dataset\076945.xls,.xls,0.1,OK,
C:\Users\User\OneDrive\Documents\Uni\Dissertation\MScProject\Dataset\076947.xls,.xls,0.08,OK,
C:\Users\User\OneDrive\Documents\Uni\Dissertation\MScProject\Dataset\076948.xls,.xls,0.03,OK,
C:\Users\User\OneDrive\Documents\Uni\Dissertation\MScProject\Dataset\076950.xls,.xls,0.03,OK,
C:\Users\User\OneDrive\Documents\Uni\Dissertation\MScProject\Dataset\076951.xls,.xls,0.05,OK,
C:\Users\User\OneDrive\Documents\Uni\Dissertation\MScProject\Dataset\076952.xls,.xls,0.1,OK,
C:\Users\User\OneDrive\Documents\Uni\Dissertation\MScProject\Dataset\077173.xls,.xls,0.06,OK,
C:\Users\User\OneDrive\Documents\Uni\Dissertation\MScProject\Dataset\077178.xls,.xls,0.06,OK,
C:\Users\User\OneDrive\Documents\Uni\Dissertation\MScProject\Dataset\077179.xls,.xls,0.12,OK,
C:\Users\User\OneDrive\Documents\Uni\Dissertation\MScProject\Dataset\077184.xls,.xls,3.5,OK,
C:\Users\User\OneDrive\Documents\Uni\Dissertation\MScProject\Dataset\077185.xls,.xls,3.66,OK,
C:\Users\User\OneDrive\Documents\Uni\Dissertation\MScProject\Dataset\077325.xls,.xls,0.31,OK,
C:\Users\User\OneDrive\Documents\Uni\Dissertation\MScProject\Dataset\077457.xls,.xls,0.47,OK,
C:\Users\User\OneDrive\Documents\Uni\Dissertation\MScProject\Dataset\077458.xls,.xls,2.55,OK,
C:\Users\User\OneDrive\Documents\Uni\Dissertation\MScProject\Dataset\077460.xls,.xls,3.15,OK,
C:\Users\User\OneDrive\Documents\Uni\Dissertation\MScProject\Dataset\077722.xls,.xls,0.26,OK,
C:\Users\User\OneDrive\Documents\Uni\Dissertation\MScProject\Dataset\077724.xls,.xls,0.03,OK,
C:\Users\User\OneDrive\Documents\Uni\Dissertation\MScProject\Dataset\077726.xls,.xls,0.51,OK,
C:\Users\User\OneDrive\Documents\Uni\Dissertation\MScProject\Dataset\077729.xls,.xls,0.04,OK,
C:\Users\User\OneDrive\Documents\Uni\Dissertation\MScProject\Dataset\077730.xls,.xls,0.02,OK,
C:\Users\User\OneDrive\Documents\Uni\Dissertation\MScProject\Dataset\077732.xls,.xls,0.09,OK,
C:\Users\User\OneDrive\Documents\Uni\Dissertation\MScProject\Dataset\077734.xls,.xls,0.07,OK,
C:\Users\User\OneDrive\Documents\Uni\Dissertation\MScProject\Dataset\077735.xls,.xls,0.29,OK,
C:\Users\User\OneDrive\Documents\Uni\Dissertation\MScProject\Dataset\077736.xls,.xls,0.12,OK,
C:\Users\User\OneDrive\Documents\Uni\Dissertation\MScProject\Dataset\077737.xls,.xls,1.81,OK,
C:\Users\User\OneDrive\Documents\Uni\Dissertation\MScProject\Dataset\077738.xls,.xls,2.21,OK,
C:\Users\User\OneDrive\Documents\Uni\Dissertation\MScProject\Dataset\077739.xls,.xls,0.09,OK,
C:\Users\User\OneDrive\Documents\Uni\Dissertation\MScProject\Dataset\077979.xls,.xls,4.41,OK,
C:\Users\User\OneDrive\Documents\Uni\Dissertation\MScProject\Dataset\077980.xls,.xls,0.09,OK,
C:\Users\User\OneDrive\Documents\Uni\Dissertation\MScProject\Dataset\078009.xls,.xls,0.09,OK,
C:\Users\User\OneDrive\Documents\Uni\Dissertation\MScProject\Dataset\078129.xls,.xls,0.09,OK,
C:\Users\User\OneDrive\Documents\Uni\Dissertation\MScProject\Dataset\078130.xls,.xls,0.06,OK,
C:\Users\User\OneDrive\Documents\Uni\Dissertation\MScProject\Dataset\078131.xls,.xls,0.01,OK,
C:\Users\User\OneDrive\Documents\Uni\Dissertation\MScProject\Dataset\078295.xls,.xls,0.62,OK,
C:\Users\User\OneDrive\Documents\Uni\Dissertation\MScProject\Dataset\078438.xls,.xls,1.15,OK,
C:\Users\User\OneDrive\Documents\Uni\Dissertation\MScProject\Dataset\078439.xls,.xls,3.96,OK,
C:\Users\User\OneDrive\Documents\Uni\Dissertation\MScProject\Dataset\078440.xls,.xls,0.14,OK,
C:\Users\User\OneDrive\Documents\Uni\Dissertation\MScProject\Dataset\078442.xls,.xls,12.35,OK,
C:\Users\User\OneDrive\Documents\Uni\Dissertation\MScProject\Dataset\078443.xls,.xls,0.7,OK,
C:\Users\User\OneDrive\Documents\Uni\Dissertation\MScProject\Dataset\078444.xls,.xls,2.65,OK,
C:\Users\User\OneDrive\Documents\Uni\Dissertation\MScProject\Dataset\078445.xls,.xls,3.22,OK,
C:\Users\User\OneDrive\Documents\Uni\Dissertation\MScProject\Dataset\078723.xls,.xls,8.38,OK,
C:\Users\User\OneDrive\Documents\Uni\Dissertation\MScProject\Dataset\078725.xls,.xls,0.4,OK,
C:\Users\User\OneDrive\Documents\Uni\Dissertation\MScProject\Dataset\078855.xls,.xls,0.6,OK,
C:\Users\User\OneDrive\Documents\Uni\Dissertation\MScProject\Dataset\079210.xls,.xls,0.04,OK,
C:\Users\User\OneDrive\Documents\Uni\Dissertation\MScProject\Dataset\079213.xls,.xls,0.1,OK,
C:\Users\User\OneDrive\Documents\Uni\Dissertation\MScProject\Dataset\079215.xls,.xls,0.58,OK,
C:\Users\User\OneDrive\Documents\Uni\Dissertation\MScProject\Dataset\079216.xls,.xls,4.88,OK,
C:\Users\User\OneDrive\Documents\Uni\Dissertation\MScProject\Dataset\079217.xls,.xls,0.09,OK,
C:\Users\User\OneDrive\Documents\Uni\Dissertation\MScProject\Dataset\079218.xls,.xls,0.04,OK,
C:\Users\User\OneDrive\Documents\Uni\Dissertation\MScProject\Dataset\079222.xls,.xls,0.4,OK,
C:\Users\User\OneDrive\Documents\Uni\Dissertation\MScProject\Dataset\079226.xls,.xls,0.1,OK,
C:\Users\User\OneDrive\Documents\Uni\Dissertation\MScProject\Dataset\079228.xls,.xls,0.41,OK,
C:\Users\User\OneDrive\Documents\Uni\Dissertation\MScProject\Dataset\079230.xls,.xls,0.04,OK,
C:\Users\User\OneDrive\Documents\Uni\Dissertation\MScProject\Dataset\079231.xls,.xls,0.05,OK,
C:\Users\User\OneDrive\Documents\Uni\Dissertation\MScProject\Dataset\079237.xls,.xls,0.21,OK,
C:\Users\User\OneDrive\Documents\Uni\Dissertation\MScProject\Dataset\079239.xls,.xls,0.03,OK,
C:\Users\User\OneDrive\Documents\Uni\Dissertation\MScProject\Dataset\079240.xls,.xls,0.22,OK,
C:\Users\User\OneDrive\Documents\Uni\Dissertation\MScProject\Dataset\079243.xls,.xls,0.19,OK,
C:\Users\User\OneDrive\Documents\Uni\Dissertation\MScProject\Dataset\079245.xls,.xls,0.23,OK,
C:\Users\User\OneDrive\Documents\Uni\Dissertation\MScProject\Dataset\079246.xls,.xls,0.1,OK,
C:\Users\User\OneDrive\Documents\Uni\Dissertation\MScProject\Dataset\079354.xls,.xls,0.04,OK,
C:\Users\User\OneDrive\Documents\Uni\Dissertation\MScProject\Dataset\079478.xls,.xls,0.34,OK,
C:\Users\User\OneDrive\Documents\Uni\Dissertation\MScProject\Dataset\079479.xls,.xls,0.26,OK,
C:\Users\User\OneDrive\Documents\Uni\Dissertation\MScProject\Dataset\079583.xls,.xls,0.03,OK,
C:\Users\User\OneDrive\Documents\Uni\Dissertation\MScProject\Dataset\079589.xls,.xls,0.36,OK,
C:\Users\User\OneDrive\Documents\Uni\Dissertation\MScProject\Dataset\079592.xls,.xls,0.2,OK,
C:\Users\User\OneDrive\Documents\Uni\Dissertation\MScProject\Dataset\079609.xls,.xls,0.04,OK,
C:\Users\User\OneDrive\Documents\Uni\Dissertation\MScProject\Dataset\079670.xls,.xls,0.04,OK,
C:\Users\User\OneDrive\Documents\Uni\Dissertation\MScProject\Dataset\079697.xls,.xls,0.03,OK,
C:\Users\User\OneDrive\Documents\Uni\Dissertation\MScProject\Dataset\079785.xls,.xls,0.06,OK,
C:\Users\User\OneDrive\Documents\Uni\Dissertation\MScProject\Dataset\079821.xls,.xls,0.04,OK,
C:\Users\User\OneDrive\Documents\Uni\Dissertation\MScProject\Dataset\080013.xls,.xls,0.09,OK,
C:\Users\User\OneDrive\Documents\Uni\Dissertation\MScProject\Dataset\080016.xls,.xls,0.1,OK,
C:\Users\User\OneDrive\Documents\Uni\Dissertation\MScProject\Dataset\080022.xls,.xls,0.05,OK,
C:\Users\User\OneDrive\Documents\Uni\Dissertation\MScProject\Dataset\080024.xls,.xls,3.82,OK,
C:\Users\User\OneDrive\Documents\Uni\Dissertation\MScProject\Dataset\080025.xls,.xls,4.98,OK,
C:\Users\User\OneDrive\Documents\Uni\Dissertation\MScProject\Dataset\080026.xls,.xls,8.61,OK,
C:\Users\User\OneDrive\Documents\Uni\Dissertation\MScProject\Dataset\080029.xls,.xls,4.78,OK,
C:\Users\User\OneDrive\Documents\Uni\Dissertation\MScProject\Dataset\080031.xls,.xls,6.85,OK,
C:\Users\User\OneDrive\Documents\Uni\Dissertation\MScProject\Dataset\080032.xls,.xls,5.68,OK,
C:\Users\User\OneDrive\Documents\Uni\Dissertation\MScProject\Dataset\080035.xls,.xls,7.58,OK,
C:\Users\User\OneDrive\Documents\Uni\Dissertation\MScProject\Dataset\080397.xls,.xls,0.03,OK,
C:\Users\User\OneDrive\Documents\Uni\Dissertation\MScProject\Dataset\080405.xls,.xls,0.03,OK,
C:\Users\User\OneDrive\Documents\Uni\Dissertation\MScProject\Dataset\080406.xls,.xls,0.15,OK,
C:\Users\User\OneDrive\Documents\Uni\Dissertation\MScProject\Dataset\080407.xls,.xls,0.32,OK,
C:\Users\User\OneDrive\Documents\Uni\Dissertation\MScProject\Dataset\080411.xls,.xls,0.09,OK,
C:\Users\User\OneDrive\Documents\Uni\Dissertation\MScProject\Dataset\080412.xls,.xls,0.1,OK,
C:\Users\User\OneDrive\Documents\Uni\Dissertation\MScProject\Dataset\080416.xls,.xls,0.02,OK,
C:\Users\User\OneDrive\Documents\Uni\Dissertation\MScProject\Dataset\080417.xls,.xls,0.02,OK,
C:\Users\User\OneDrive\Documents\Uni\Dissertation\MScProject\Dataset\080418.xls,.xls,0.04,OK,
C:\Users\User\OneDrive\Documents\Uni\Dissertation\MScProject\Dataset\080420.xls,.xls,0.67,OK,
C:\Users\User\OneDrive\Documents\Uni\Dissertation\MScProject\Dataset\080421.xls,.xls,0.04,OK,
C:\Users\User\OneDrive\Documents\Uni\Dissertation\MScProject\Dataset\080425.xls,.xls,0.02,OK,
C:\Users\User\OneDrive\Documents\Uni\Dissertation\MScProject\Dataset\080426.xls,.xls,0.05,OK,
C:\Users\User\OneDrive\Documents\Uni\Dissertation\MScProject\Dataset\080428.xls,.xls,0.02,OK,
C:\Users\User\OneDrive\Documents\Uni\Dissertation\MScProject\Dataset\080593.xls,.xls,0.11,OK,
C:\Users\User\OneDrive\Documents\Uni\Dissertation\MScProject\Dataset\080594.xls,.xls,0.04,OK,
C:\Users\User\OneDrive\Documents\Uni\Dissertation\MScProject\Dataset\080606.xls,.xls,0.03,OK,
C:\Users\User\OneDrive\Documents\Uni\Dissertation\MScProject\Dataset\080607.xls,.xls,0.03,OK,
C:\Users\User\OneDrive\Documents\Uni\Dissertation\MScProject\Dataset\080610.xls,.xls,0.04,OK,
C:\Users\User\OneDrive\Documents\Uni\Dissertation\MScProject\Dataset\080611.xls,.xls,0.05,OK,
C:\Users\User\OneDrive\Documents\Uni\Dissertation\MScProject\Dataset\080613.xls,.xls,3.72,OK,
C:\Users\User\OneDrive\Documents\Uni\Dissertation\MScProject\Dataset\080614.xls,.xls,0.23,OK,
C:\Users\User\OneDrive\Documents\Uni\Dissertation\MScProject\Dataset\080683.xls,.xls,0.03,OK,
C:\Users\User\OneDrive\Documents\Uni\Dissertation\MScProject\Dataset\080805.xls,.xls,8.43,OK,
C:\Users\User\OneDrive\Documents\Uni\Dissertation\MScProject\Dataset\080806.xls,.xls,8.94,OK,
C:\Users\User\OneDrive\Documents\Uni\Dissertation\MScProject\Dataset\080808.xls,.xls,11.57,OK,
C:\Users\User\OneDrive\Documents\Uni\Dissertation\MScProject\Dataset\080978.xls,.xls,1.74,OK,
C:\Users\User\OneDrive\Documents\Uni\Dissertation\MScProject\Dataset\080979.xls,.xls,2.27,OK,
C:\Users\User\OneDrive\Documents\Uni\Dissertation\MScProject\Dataset\080980.xls,.xls,0.03,OK,
C:\Users\User\OneDrive\Documents\Uni\Dissertation\MScProject\Dataset\080982.xls,.xls,0.03,OK,
C:\Users\User\OneDrive\Documents\Uni\Dissertation\MScProject\Dataset\080983.xls,.xls,0.09,OK,
C:\Users\User\OneDrive\Documents\Uni\Dissertation\MScProject\Dataset\080984.xls,.xls,0.02,OK,
C:\Users\User\OneDrive\Documents\Uni\Dissertation\MScProject\Dataset\080985.xls,.xls,2.16,OK,
C:\Users\User\OneDrive\Documents\Uni\Dissertation\MScProject\Dataset\080988.xls,.xls,0.08,OK,
C:\Users\User\OneDrive\Documents\Uni\Dissertation\MScProject\Dataset\080990.xls,.xls,0.09,OK,
C:\Users\User\OneDrive\Documents\Uni\Dissertation\MScProject\Dataset\080991.xls,.xls,0.07,OK,
C:\Users\User\OneDrive\Documents\Uni\Dissertation\MScProject\Dataset\080992.xls,.xls,0.04,OK,
C:\Users\User\OneDrive\Documents\Uni\Dissertation\MScProject\Dataset\080993.xls,.xls,0.02,OK,
C:\Users\User\OneDrive\Documents\Uni\Dissertation\MScProject\Dataset\080994.xls,.xls,0.04,OK,
C:\Users\User\OneDrive\Documents\Uni\Dissertation\MScProject\Dataset\080997.xls,.xls,0.06,OK,
C:\Users\User\OneDrive\Documents\Uni\Dissertation\MScProject\Dataset\080998.xls,.xls,0.04,OK,
C:\Users\User\OneDrive\Documents\Uni\Dissertation\MScProject\Dataset\081001.xls,.xls,0.12,OK,
C:\Users\User\OneDrive\Documents\Uni\Dissertation\MScProject\Dataset\081003.xls,.xls,0.11,OK,
C:\Users\User\OneDrive\Documents\Uni\Dissertation\MScProject\Dataset\081004.xls,.xls,3.02,OK,
C:\Users\User\OneDrive\Documents\Uni\Dissertation\MScProject\Dataset\081005.xls,.xls,0.03,OK,
C:\Users\User\OneDrive\Documents\Uni\Dissertation\MScProject\Dataset\081007.xls,.xls,0.01,OK,
C:\Users\User\OneDrive\Documents\Uni\Dissertation\MScProject\Dataset\081364.xls,.xls,0.06,OK,
C:\Users\User\OneDrive\Documents\Uni\Dissertation\MScProject\Dataset\081374.xls,.xls,0.09,OK,
C:\Users\User\OneDrive\Documents\Uni\Dissertation\MScProject\Dataset\081494.xls,.xls,0.62,OK,
C:\Users\User\OneDrive\Documents\Uni\Dissertation\MScProject\Dataset\081497.xls,.xls,0.48,OK,
C:\Users\User\OneDrive\Documents\Uni\Dissertation\MScProject\Dataset\081503.xls,.xls,0.07,OK,
C:\Users\User\OneDrive\Documents\Uni\Dissertation\MScProject\Dataset\081504.xls,.xls,0.39,OK,
C:\Users\User\OneDrive\Documents\Uni\Dissertation\MScProject\Dataset\081610.xls,.xls,0.11,OK,
C:\Users\User\OneDrive\Documents\Uni\Dissertation\MScProject\Dataset\081647.xls,.xls,0.28,OK,
C:\Users\User\OneDrive\Documents\Uni\Dissertation\MScProject\Dataset\081693.xls,.xls,0.02,OK,
C:\Users\User\OneDrive\Documents\Uni\Dissertation\MScProject\Dataset\081736.xls,.xls,3.97,OK,
C:\Users\User\OneDrive\Documents\Uni\Dissertation\MScProject\Dataset\081808.xls,.xls,0.03,OK,
C:\Users\User\OneDrive\Documents\Uni\Dissertation\MScProject\Dataset\081826.xls,.xls,0.07,OK,
C:\Users\User\OneDrive\Documents\Uni\Dissertation\MScProject\Dataset\081844.xls,.xls,0.03,OK,
C:\Users\User\OneDrive\Documents\Uni\Dissertation\MScProject\Dataset\082001.xls,.xls,8.08,OK,
C:\Users\User\OneDrive\Documents\Uni\Dissertation\MScProject\Dataset\082121.xls,.xls,0.06,OK,
C:\Users\User\OneDrive\Documents\Uni\Dissertation\MScProject\Dataset\082122.xls,.xls,2.24,OK,
C:\Users\User\OneDrive\Documents\Uni\Dissertation\MScProject\Dataset\082129.xls,.xls,0.06,OK,
C:\Users\User\OneDrive\Documents\Uni\Dissertation\MScProject\Dataset\082134.xls,.xls,0.06,OK,
C:\Users\User\OneDrive\Documents\Uni\Dissertation\MScProject\Dataset\082142.xls,.xls,0.04,OK,
C:\Users\User\OneDrive\Documents\Uni\Dissertation\MScProject\Dataset\082199.xls,.xls,0.03,OK,
C:\Users\User\OneDrive\Documents\Uni\Dissertation\MScProject\Dataset\082200.xls,.xls,0.09,OK,
C:\Users\User\OneDrive\Documents\Uni\Dissertation\MScProject\Dataset\082338.xls,.xls,0.12,OK,
C:\Users\User\OneDrive\Documents\Uni\Dissertation\MScProject\Dataset\082407.xls,.xls,0.11,OK,
C:\Users\User\OneDrive\Documents\Uni\Dissertation\MScProject\Dataset\082477.xls,.xls,0.05,OK,
C:\Users\User\OneDrive\Documents\Uni\Dissertation\MScProject\Dataset\082575.xls,.xls,0.07,OK,
C:\Users\User\OneDrive\Documents\Uni\Dissertation\MScProject\Dataset\082576.xls,.xls,0.02,OK,
C:\Users\User\OneDrive\Documents\Uni\Dissertation\MScProject\Dataset\082599.xls,.xls,0.04,OK,
C:\Users\User\OneDrive\Documents\Uni\Dissertation\MScProject\Dataset\082717.xls,.xls,0.02,OK,
C:\Users\User\OneDrive\Documents\Uni\Dissertation\MScProject\Dataset\082819.xls,.xls,0.29,OK,
C:\Users\User\OneDrive\Documents\Uni\Dissertation\MScProject\Dataset\082820.xls,.xls,0.11,OK,
C:\Users\User\OneDrive\Documents\Uni\Dissertation\MScProject\Dataset\082821.xls,.xls,0.21,OK,
C:\Users\User\OneDrive\Documents\Uni\Dissertation\MScProject\Dataset\082822.xls,.xls,0.04,OK,
C:\Users\User\OneDrive\Documents\Uni\Dissertation\MScProject\Dataset\082823.xls,.xls,0.16,OK,
C:\Users\User\OneDrive\Documents\Uni\Dissertation\MScProject\Dataset\082824.xls,.xls,1.56,OK,
C:\Users\User\OneDrive\Documents\Uni\Dissertation\MScProject\Dataset\082825.xls,.xls,0.07,OK,
C:\Users\User\OneDrive\Documents\Uni\Dissertation\MScProject\Dataset\082827.xls,.xls,0.02,OK,
C:\Users\User\OneDrive\Documents\Uni\Dissertation\MScProject\Dataset\082830.xls,.xls,0.89,OK,
C:\Users\User\OneDrive\Documents\Uni\Dissertation\MScProject\Dataset\082834.xls,.xls,0.04,OK,
C:\Users\User\OneDrive\Documents\Uni\Dissertation\MScProject\Dataset\082835.xls,.xls,0.05,OK,
C:\Users\User\OneDrive\Documents\Uni\Dissertation\MScProject\Dataset\082836.xls,.xls,1.08,OK,
C:\Users\User\OneDrive\Documents\Uni\Dissertation\MScProject\Dataset\082838.xls,.xls,0.13,OK,
C:\Users\User\OneDrive\Documents\Uni\Dissertation\MScProject\Dataset\082839.xls,.xls,0.02,OK,
C:\Users\User\OneDrive\Documents\Uni\Dissertation\MScProject\Dataset\082841.xls,.xls,1.0,OK,
C:\Users\User\OneDrive\Documents\Uni\Dissertation\MScProject\Dataset\082842.xls,.xls,0.06,OK,
C:\Users\User\OneDrive\Documents\Uni\Dissertation\MScProject\Dataset\082843.xls,.xls,0.11,OK,
C:\Users\User\OneDrive\Documents\Uni\Dissertation\MScProject\Dataset\082846.xls,.xls,1.55,OK,
C:\Users\User\OneDrive\Documents\Uni\Dissertation\MScProject\Dataset\082867.xls,.xls,0.03,OK,
C:\Users\User\OneDrive\Documents\Uni\Dissertation\MScProject\Dataset\082869.xls,.xls,0.18,OK,
C:\Users\User\OneDrive\Documents\Uni\Dissertation\MScProject\Dataset\083022.xls,.xls,0.02,OK,
C:\Users\User\OneDrive\Documents\Uni\Dissertation\MScProject\Dataset\083023.xls,.xls,0.42,OK,
C:\Users\User\OneDrive\Documents\Uni\Dissertation\MScProject\Dataset\083024.xls,.xls,0.04,OK,
C:\Users\User\OneDrive\Documents\Uni\Dissertation\MScProject\Dataset\083145.xls,.xls,0.03,OK,
C:\Users\User\OneDrive\Documents\Uni\Dissertation\MScProject\Dataset\083685.xls,.xls,0.05,OK,
C:\Users\User\OneDrive\Documents\Uni\Dissertation\MScProject\Dataset\083686.xls,.xls,0.05,OK,
C:\Users\User\OneDrive\Documents\Uni\Dissertation\MScProject\Dataset\083687.xls,.xls,0.06,OK,
C:\Users\User\OneDrive\Documents\Uni\Dissertation\MScProject\Dataset\083695.xls,.xls,0.02,OK,
C:\Users\User\OneDrive\Documents\Uni\Dissertation\MScProject\Dataset\083696.xls,.xls,0.13,OK,
C:\Users\User\OneDrive\Documents\Uni\Dissertation\MScProject\Dataset\083697.xls,.xls,0.05,OK,
C:\Users\User\OneDrive\Documents\Uni\Dissertation\MScProject\Dataset\084029.xls,.xls,2.23,OK,
C:\Users\User\OneDrive\Documents\Uni\Dissertation\MScProject\Dataset\084031.xls,.xls,2.3,OK,
C:\Users\User\OneDrive\Documents\Uni\Dissertation\MScProject\Dataset\084181.xls,.xls,0.02,OK,
C:\Users\User\OneDrive\Documents\Uni\Dissertation\MScProject\Dataset\084183.xls,.xls,0.05,OK,
C:\Users\User\OneDrive\Documents\Uni\Dissertation\MScProject\Dataset\084184.xls,.xls,29.03,OK,
C:\Users\User\OneDrive\Documents\Uni\Dissertation\MScProject\Dataset\084185.xls,.xls,0.05,OK,
C:\Users\User\OneDrive\Documents\Uni\Dissertation\MScProject\Dataset\084186.xls,.xls,0.04,OK,
C:\Users\User\OneDrive\Documents\Uni\Dissertation\MScProject\Dataset\084188.xls,.xls,10.23,OK,
C:\Users\User\OneDrive\Documents\Uni\Dissertation\MScProject\Dataset\084189.xls,.xls,0.35,OK,
C:\Users\User\OneDrive\Documents\Uni\Dissertation\MScProject\Dataset\084190.xls,.xls,0.02,OK,
C:\Users\User\OneDrive\Documents\Uni\Dissertation\MScProject\Dataset\084191.xls,.xls,0.02,OK,
C:\Users\User\OneDrive\Documents\Uni\Dissertation\MScProject\Dataset\084193.xls,.xls,0.06,OK,
C:\Users\User\OneDrive\Documents\Uni\Dissertation\MScProject\Dataset\084194.xls,.xls,0.16,OK,
C:\Users\User\OneDrive\Documents\Uni\Dissertation\MScProject\Dataset\084196.xls,.xls,0.09,OK,
C:\Users\User\OneDrive\Documents\Uni\Dissertation\MScProject\Dataset\084197.xls,.xls,0.09,OK,
C:\Users\User\OneDrive\Documents\Uni\Dissertation\MScProject\Dataset\084198.xls,.xls,0.1,OK,
C:\Users\User\OneDrive\Documents\Uni\Dissertation\MScProject\Dataset\084199.xls,.xls,0.09,OK,
C:\Users\User\OneDrive\Documents\Uni\Dissertation\MScProject\Dataset\084201.xls,.xls,0.43,OK,
C:\Users\User\OneDrive\Documents\Uni\Dissertation\MScProject\Dataset\084202.xls,.xls,0.43,OK,
C:\Users\User\OneDrive\Documents\Uni\Dissertation\MScProject\Dataset\084203.xls,.xls,0.05,OK,
C:\Users\User\OneDrive\Documents\Uni\Dissertation\MScProject\Dataset\084204.xls,.xls,0.09,OK,
C:\Users\User\OneDrive\Documents\Uni\Dissertation\MScProject\Dataset\084205.xls,.xls,0.18,OK,
C:\Users\User\OneDrive\Documents\Uni\Dissertation\MScProject\Dataset\084207.xls,.xls,0.03,OK,
C:\Users\User\OneDrive\Documents\Uni\Dissertation\MScProject\Dataset\084383.xls,.xls,0.12,OK,
C:\Users\User\OneDrive\Documents\Uni\Dissertation\MScProject\Dataset\084384.xls,.xls,3.33,OK,
C:\Users\User\OneDrive\Documents\Uni\Dissertation\MScProject\Dataset\084463.xls,.xls,0.02,OK,
C:\Users\User\OneDrive\Documents\Uni\Dissertation\MScProject\Dataset\084468.xls,.xls,0.01,OK,
C:\Users\User\OneDrive\Documents\Uni\Dissertation\MScProject\Dataset\084471.xls,.xls,0.02,OK,
C:\Users\User\OneDrive\Documents\Uni\Dissertation\MScProject\Dataset\084472.xls,.xls,0.06,OK,
C:\Users\User\OneDrive\Documents\Uni\Dissertation\MScProject\Dataset\084530.xls,.xls,0.02,OK,
C:\Users\User\OneDrive\Documents\Uni\Dissertation\MScProject\Dataset\084538.xls,.xls,0.09,OK,
C:\Users\User\OneDrive\Documents\Uni\Dissertation\MScProject\Dataset\084539.xls,.xls,0.26,OK,
C:\Users\User\OneDrive\Documents\Uni\Dissertation\MScProject\Dataset\084541.xls,.xls,0.75,OK,
C:\Users\User\OneDrive\Documents\Uni\Dissertation\MScProject\Dataset\084575.xls,.xls,0.03,OK,
C:\Users\User\OneDrive\Documents\Uni\Dissertation\MScProject\Dataset\084595.xls,.xls,0.04,OK,
C:\Users\User\OneDrive\Documents\Uni\Dissertation\MScProject\Dataset\084749.xls,.xls,0.07,OK,
C:\Users\User\OneDrive\Documents\Uni\Dissertation\MScProject\Dataset\084760.xls,.xls,0.04,OK,
C:\Users\User\OneDrive\Documents\Uni\Dissertation\MScProject\Dataset\084794.xls,.xls,13.08,OK,
C:\Users\User\OneDrive\Documents\Uni\Dissertation\MScProject\Dataset\084796.xls,.xls,0.08,OK,
C:\Users\User\OneDrive\Documents\Uni\Dissertation\MScProject\Dataset\084799.xls,.xls,13.08,OK,
C:\Users\User\OneDrive\Documents\Uni\Dissertation\MScProject\Dataset\084811.xls,.xls,0.02,OK,
C:\Users\User\OneDrive\Documents\Uni\Dissertation\MScProject\Dataset\084885.xls,.xls,0.04,OK,
C:\Users\User\OneDrive\Documents\Uni\Dissertation\MScProject\Dataset\084893.xls,.xls,0.03,OK,
C:\Users\User\OneDrive\Documents\Uni\Dissertation\MScProject\Dataset\084953.xls,.xls,0.04,OK,
C:\Users\User\OneDrive\Documents\Uni\Dissertation\MScProject\Dataset\084982.xls,.xls,0.02,OK,
C:\Users\User\OneDrive\Documents\Uni\Dissertation\MScProject\Dataset\084984.xls,.xls,0.06,OK,
C:\Users\User\OneDrive\Documents\Uni\Dissertation\MScProject\Dataset\084989.xls,.xls,0.06,OK,
C:\Users\User\OneDrive\Documents\Uni\Dissertation\MScProject\Dataset\085008.xls,.xls,0.03,OK,
C:\Users\User\OneDrive\Documents\Uni\Dissertation\MScProject\Dataset\085270.xls,.xls,0.06,OK,
C:\Users\User\OneDrive\Documents\Uni\Dissertation\MScProject\Dataset\085306.xls,.xls,0.11,OK,
C:\Users\User\OneDrive\Documents\Uni\Dissertation\MScProject\Dataset\085308.xls,.xls,13.69,OK,
C:\Users\User\OneDrive\Documents\Uni\Dissertation\MScProject\Dataset\085311.xls,.xls,10.25,OK,
C:\Users\User\OneDrive\Documents\Uni\Dissertation\MScProject\Dataset\085314.xls,.xls,10.25,OK,
C:\Users\User\OneDrive\Documents\Uni\Dissertation\MScProject\Dataset\085594.xls,.xls,0.04,OK,
C:\Users\User\OneDrive\Documents\Uni\Dissertation\MScProject\Dataset\085595.xls,.xls,1.39,OK,
C:\Users\User\OneDrive\Documents\Uni\Dissertation\MScProject\Dataset\085596.xls,.xls,1.58,OK,
C:\Users\User\OneDrive\Documents\Uni\Dissertation\MScProject\Dataset\085597.xls,.xls,0.01,OK,
C:\Users\User\OneDrive\Documents\Uni\Dissertation\MScProject\Dataset\085599.xls,.xls,0.06,OK,
C:\Users\User\OneDrive\Documents\Uni\Dissertation\MScProject\Dataset\085602.xls,.xls,0.03,OK,
C:\Users\User\OneDrive\Documents\Uni\Dissertation\MScProject\Dataset\085603.xls,.xls,0.1,OK,
C:\Users\User\OneDrive\Documents\Uni\Dissertation\MScProject\Dataset\085604.xls,.xls,0.03,OK,
C:\Users\User\OneDrive\Documents\Uni\Dissertation\MScProject\Dataset\085605.xls,.xls,1.55,OK,
C:\Users\User\OneDrive\Documents\Uni\Dissertation\MScProject\Dataset\085610.xls,.xls,0.03,OK,
C:\Users\User\OneDrive\Documents\Uni\Dissertation\MScProject\Dataset\085613.xls,.xls,0.02,OK,
C:\Users\User\OneDrive\Documents\Uni\Dissertation\MScProject\Dataset\085615.xls,.xls,0.06,OK,
C:\Users\User\OneDrive\Documents\Uni\Dissertation\MScProject\Dataset\085616.xls,.xls,0.08,OK,
C:\Users\User\OneDrive\Documents\Uni\Dissertation\MScProject\Dataset\085617.xls,.xls,0.1,OK,
C:\Users\User\OneDrive\Documents\Uni\Dissertation\MScProject\Dataset\085618.xls,.xls,0.12,OK,
C:\Users\User\OneDrive\Documents\Uni\Dissertation\MScProject\Dataset\085620.xls,.xls,0.03,OK,
C:\Users\User\OneDrive\Documents\Uni\Dissertation\MScProject\Dataset\085621.xls,.xls,0.02,OK,
C:\Users\User\OneDrive\Documents\Uni\Dissertation\MScProject\Dataset\085622.xls,.xls,0.02,OK,
C:\Users\User\OneDrive\Documents\Uni\Dissertation\MScProject\Dataset\085623.xls,.xls,0.02,OK,
C:\Users\User\OneDrive\Documents\Uni\Dissertation\MScProject\Dataset\085624.xls,.xls,0.03,OK,
C:\Users\User\OneDrive\Documents\Uni\Dissertation\MScProject\Dataset\085625.xls,.xls,0.02,OK,
C:\Users\User\OneDrive\Documents\Uni\Dissertation\MScProject\Dataset\085659.xls,.xls,0.04,OK,
C:\Users\User\OneDrive\Documents\Uni\Dissertation\MScProject\Dataset\085660.xls,.xls,0.02,OK,
C:\Users\User\OneDrive\Documents\Uni\Dissertation\MScProject\Dataset\085887.xls,.xls,0.16,OK,
C:\Users\User\OneDrive\Documents\Uni\Dissertation\MScProject\Dataset\085888.xls,.xls,0.16,OK,
C:\Users\User\OneDrive\Documents\Uni\Dissertation\MScProject\Dataset\085889.xls,.xls,3.84,OK,
C:\Users\User\OneDrive\Documents\Uni\Dissertation\MScProject\Dataset\085890.xls,.xls,1.59,OK,
C:\Users\User\OneDrive\Documents\Uni\Dissertation\MScProject\Dataset\085892.xls,.xls,18.77,OK,
C:\Users\User\OneDrive\Documents\Uni\Dissertation\MScProject\Dataset\085894.xls,.xls,3.08,OK,
C:\Users\User\OneDrive\Documents\Uni\Dissertation\MScProject\Dataset\085896.xls,.xls,2.3,OK,
C:\Users\User\OneDrive\Documents\Uni\Dissertation\MScProject\Dataset\085905.xls,.xls,5.53,OK,
C:\Users\User\OneDrive\Documents\Uni\Dissertation\MScProject\Dataset\085907.xls,.xls,0.86,OK,
C:\Users\User\OneDrive\Documents\Uni\Dissertation\MScProject\Dataset\085908.xls,.xls,0.03,OK,
C:\Users\User\OneDrive\Documents\Uni\Dissertation\MScProject\Dataset\085909.xls,.xls,0.15,OK,
C:\Users\User\OneDrive\Documents\Uni\Dissertation\MScProject\Dataset\085911.xls,.xls,0.03,OK,
C:\Users\User\OneDrive\Documents\Uni\Dissertation\MScProject\Dataset\085914.xls,.xls,0.54,OK,
C:\Users\User\OneDrive\Documents\Uni\Dissertation\MScProject\Dataset\085917.xls,.xls,2.29,OK,
C:\Users\User\OneDrive\Documents\Uni\Dissertation\MScProject\Dataset\086111.xls,.xls,0.01,OK,
C:\Users\User\OneDrive\Documents\Uni\Dissertation\MScProject\Dataset\086112.xls,.xls,0.02,OK,
C:\Users\User\OneDrive\Documents\Uni\Dissertation\MScProject\Dataset\086113.xls,.xls,0.04,OK,
C:\Users\User\OneDrive\Documents\Uni\Dissertation\MScProject\Dataset\086114.xls,.xls,0.72,OK,
C:\Users\User\OneDrive\Documents\Uni\Dissertation\MScProject\Dataset\086115.xls,.xls,0.06,OK,
C:\Users\User\OneDrive\Documents\Uni\Dissertation\MScProject\Dataset\086116.xls,.xls,0.05,OK,
C:\Users\User\OneDrive\Documents\Uni\Dissertation\MScProject\Dataset\086119.xls,.xls,0.11,OK,
C:\Users\User\OneDrive\Documents\Uni\Dissertation\MScProject\Dataset\086121.xls,.xls,4.35,OK,
C:\Users\User\OneDrive\Documents\Uni\Dissertation\MScProject\Dataset\086123.xls,.xls,0.28,OK,
C:\Users\User\OneDrive\Documents\Uni\Dissertation\MScProject\Dataset\086158.xls,.xls,0.05,OK,
C:\Users\User\OneDrive\Documents\Uni\Dissertation\MScProject\Dataset\086312.xls,.xls,0.02,OK,
C:\Users\User\OneDrive\Documents\Uni\Dissertation\MScProject\Dataset\086313.xls,.xls,0.06,OK,
C:\Users\User\OneDrive\Documents\Uni\Dissertation\MScProject\Dataset\086314.xls,.xls,0.12,OK,
C:\Users\User\OneDrive\Documents\Uni\Dissertation\MScProject\Dataset\086315.xls,.xls,0.07,OK,
C:\Users\User\OneDrive\Documents\Uni\Dissertation\MScProject\Dataset\086386.xls,.xls,0.03,OK,
C:\Users\User\OneDrive\Documents\Uni\Dissertation\MScProject\Dataset\086588.xls,.xls,0.12,OK,
C:\Users\User\OneDrive\Documents\Uni\Dissertation\MScProject\Dataset\086883.xls,.xls,0.04,OK,
C:\Users\User\OneDrive\Documents\Uni\Dissertation\MScProject\Dataset\086884.xls,.xls,0.05,OK,
C:\Users\User\OneDrive\Documents\Uni\Dissertation\MScProject\Dataset\086885.xls,.xls,0.06,OK,
C:\Users\User\OneDrive\Documents\Uni\Dissertation\MScProject\Dataset\086886.xls,.xls,0.03,OK,
C:\Users\User\OneDrive\Documents\Uni\Dissertation\MScProject\Dataset\086887.xls,.xls,0.05,OK,
C:\Users\User\OneDrive\Documents\Uni\Dissertation\MScProject\Dataset\086888.xls,.xls,0.03,OK,
C:\Users\User\OneDrive\Documents\Uni\Dissertation\MScProject\Dataset\086889.xls,.xls,0.12,OK,
C:\Users\User\OneDrive\Documents\Uni\Dissertation\MScProject\Dataset\086890.xls,.xls,0.21,OK,
C:\Users\User\OneDrive\Documents\Uni\Dissertation\MScProject\Dataset\086891.xls,.xls,0.08,OK,
C:\Users\User\OneDrive\Documents\Uni\Dissertation\MScProject\Dataset\086892.xls,.xls,0.04,OK,
C:\Users\User\OneDrive\Documents\Uni\Dissertation\MScProject\Dataset\086893.xls,.xls,0.04,OK,
C:\Users\User\OneDrive\Documents\Uni\Dissertation\MScProject\Dataset\086895.xls,.xls,0.04,OK,
C:\Users\User\OneDrive\Documents\Uni\Dissertation\MScProject\Dataset\086898.xls,.xls,0.03,OK,
C:\Users\User\OneDrive\Documents\Uni\Dissertation\MScProject\Dataset\086901.xls,.xls,2.61,OK,
C:\Users\User\OneDrive\Documents\Uni\Dissertation\MScProject\Dataset\086902.xls,.xls,0.34,OK,
C:\Users\User\OneDrive\Documents\Uni\Dissertation\MScProject\Dataset\086903.xls,.xls,0.14,OK,
C:\Users\User\OneDrive\Documents\Uni\Dissertation\MScProject\Dataset\086904.xls,.xls,12.3,OK,
C:\Users\User\OneDrive\Documents\Uni\Dissertation\MScProject\Dataset\086907.xls,.xls,2.62,OK,
C:\Users\User\OneDrive\Documents\Uni\Dissertation\MScProject\Dataset\086908.xls,.xls,25.4,OK,
C:\Users\User\OneDrive\Documents\Uni\Dissertation\MScProject\Dataset\086909.xls,.xls,0.37,OK,
C:\Users\User\OneDrive\Documents\Uni\Dissertation\MScProject\Dataset\086910.xls,.xls,0.07,OK,
C:\Users\User\OneDrive\Documents\Uni\Dissertation\MScProject\Dataset\086911.xls,.xls,12.2,OK,
C:\Users\User\OneDrive\Documents\Uni\Dissertation\MScProject\Dataset\086912.xls,.xls,0.34,OK,
C:\Users\User\OneDrive\Documents\Uni\Dissertation\MScProject\Dataset\086914.xls,.xls,0.63,OK,
C:\Users\User\OneDrive\Documents\Uni\Dissertation\MScProject\Dataset\086915.xls,.xls,7.02,OK,
C:\Users\User\OneDrive\Documents\Uni\Dissertation\MScProject\Dataset\086916.xls,.xls,0.15,OK,
C:\Users\User\OneDrive\Documents\Uni\Dissertation\MScProject\Dataset\086917.xls,.xls,3.77,OK,
C:\Users\User\OneDrive\Documents\Uni\Dissertation\MScProject\Dataset\086918.xls,.xls,0.26,OK,
C:\Users\User\OneDrive\Documents\Uni\Dissertation\MScProject\Dataset\086919.xls,.xls,9.89,OK,
C:\Users\User\OneDrive\Documents\Uni\Dissertation\MScProject\Dataset\086920.xls,.xls,0.23,OK,
C:\Users\User\OneDrive\Documents\Uni\Dissertation\MScProject\Dataset\086921.xls,.xls,0.75,OK,
C:\Users\User\OneDrive\Documents\Uni\Dissertation\MScProject\Dataset\086941.xls,.xls,0.82,OK,
C:\Users\User\OneDrive\Documents\Uni\Dissertation\MScProject\Dataset\087152.xls,.xls,0.01,OK,
C:\Users\User\OneDrive\Documents\Uni\Dissertation\MScProject\Dataset\087153.xls,.xls,0.03,OK,
C:\Users\User\OneDrive\Documents\Uni\Dissertation\MScProject\Dataset\087154.xls,.xls,0.03,OK,
C:\Users\User\OneDrive\Documents\Uni\Dissertation\MScProject\Dataset\087155.xls,.xls,0.12,OK,
C:\Users\User\OneDrive\Documents\Uni\Dissertation\MScProject\Dataset\087157.xls,.xls,0.1,OK,
C:\Users\User\OneDrive\Documents\Uni\Dissertation\MScProject\Dataset\087159.xls,.xls,0.99,OK,
C:\Users\User\OneDrive\Documents\Uni\Dissertation\MScProject\Dataset\087160.xls,.xls,1.82,OK,
C:\Users\User\OneDrive\Documents\Uni\Dissertation\MScProject\Dataset\087161.xls,.xls,0.06,OK,
C:\Users\User\OneDrive\Documents\Uni\Dissertation\MScProject\Dataset\087162.xls,.xls,0.08,OK,
C:\Users\User\OneDrive\Documents\Uni\Dissertation\MScProject\Dataset\087163.xls,.xls,0.36,OK,
C:\Users\User\OneDrive\Documents\Uni\Dissertation\MScProject\Dataset\087164.xls,.xls,0.13,OK,
C:\Users\User\OneDrive\Documents\Uni\Dissertation\MScProject\Dataset\087166.xls,.xls,0.03,OK,
C:\Users\User\OneDrive\Documents\Uni\Dissertation\MScProject\Dataset\087361.xls,.xls,0.13,OK,
C:\Users\User\OneDrive\Documents\Uni\Dissertation\MScProject\Dataset\087470.xls,.xls,0.28,OK,
C:\Users\User\OneDrive\Documents\Uni\Dissertation\MScProject\Dataset\087757.xls,.xls,0.02,OK,
C:\Users\User\OneDrive\Documents\Uni\Dissertation\MScProject\Dataset\087758.xls,.xls,0.02,OK,
C:\Users\User\OneDrive\Documents\Uni\Dissertation\MScProject\Dataset\087759.xls,.xls,0.06,OK,
C:\Users\User\OneDrive\Documents\Uni\Dissertation\MScProject\Dataset\087761.xls,.xls,0.03,OK,
C:\Users\User\OneDrive\Documents\Uni\Dissertation\MScProject\Dataset\087762.xls,.xls,0.8,OK,
C:\Users\User\OneDrive\Documents\Uni\Dissertation\MScProject\Dataset\087765.xls,.xls,0.13,OK,
C:\Users\User\OneDrive\Documents\Uni\Dissertation\MScProject\Dataset\087766.xls,.xls,0.13,OK,
C:\Users\User\OneDrive\Documents\Uni\Dissertation\MScProject\Dataset\087771.xls,.xls,0.03,OK,
C:\Users\User\OneDrive\Documents\Uni\Dissertation\MScProject\Dataset\087773.xls,.xls,9.03,OK,
C:\Users\User\OneDrive\Documents\Uni\Dissertation\MScProject\Dataset\087774.xls,.xls,0.21,OK,
C:\Users\User\OneDrive\Documents\Uni\Dissertation\MScProject\Dataset\087947.xls,.xls,0.01,OK,
C:\Users\User\OneDrive\Documents\Uni\Dissertation\MScProject\Dataset\088018.xls,.xls,0.4,OK,
C:\Users\User\OneDrive\Documents\Uni\Dissertation\MScProject\Dataset\088020.xls,.xls,0.11,OK,
C:\Users\User\OneDrive\Documents\Uni\Dissertation\MScProject\Dataset\088021.xls,.xls,0.03,OK,
C:\Users\User\OneDrive\Documents\Uni\Dissertation\MScProject\Dataset\088022.xls,.xls,0.03,OK,
C:\Users\User\OneDrive\Documents\Uni\Dissertation\MScProject\Dataset\088023.xls,.xls,0.17,OK,
C:\Users\User\OneDrive\Documents\Uni\Dissertation\MScProject\Dataset\088025.xls,.xls,0.06,OK,
C:\Users\User\OneDrive\Documents\Uni\Dissertation\MScProject\Dataset\088026.xls,.xls,4.03,OK,
C:\Users\User\OneDrive\Documents\Uni\Dissertation\MScProject\Dataset\088027.xls,.xls,0.21,OK,
C:\Users\User\OneDrive\Documents\Uni\Dissertation\MScProject\Dataset\088028.xls,.xls,0.02,OK,
C:\Users\User\OneDrive\Documents\Uni\Dissertation\MScProject\Dataset\088029.xls,.xls,0.02,OK,
C:\Users\User\OneDrive\Documents\Uni\Dissertation\MScProject\Dataset\088032.xls,.xls,0.02,OK,
C:\Users\User\OneDrive\Documents\Uni\Dissertation\MScProject\Dataset\088034.xls,.xls,0.1,OK,
C:\Users\User\OneDrive\Documents\Uni\Dissertation\MScProject\Dataset\088035.xls,.xls,0.45,OK,
C:\Users\User\OneDrive\Documents\Uni\Dissertation\MScProject\Dataset\088036.xls,.xls,0.16,OK,
C:\Users\User\OneDrive\Documents\Uni\Dissertation\MScProject\Dataset\088037.xls,.xls,0.16,OK,
C:\Users\User\OneDrive\Documents\Uni\Dissertation\MScProject\Dataset\088040.xls,.xls,0.02,OK,
C:\Users\User\OneDrive\Documents\Uni\Dissertation\MScProject\Dataset\088042.xls,.xls,0.06,OK,
C:\Users\User\OneDrive\Documents\Uni\Dissertation\MScProject\Dataset\088043.xls,.xls,0.22,OK,
C:\Users\User\OneDrive\Documents\Uni\Dissertation\MScProject\Dataset\088044.xls,.xls,0.88,OK,
C:\Users\User\OneDrive\Documents\Uni\Dissertation\MScProject\Dataset\088143.xls,.xls,0.04,OK,
C:\Users\User\OneDrive\Documents\Uni\Dissertation\MScProject\Dataset\088169.xls,.xls,0.07,OK,
C:\Users\User\OneDrive\Documents\Uni\Dissertation\MScProject\Dataset\088170.xls,.xls,0.08,OK,
C:\Users\User\OneDrive\Documents\Uni\Dissertation\MScProject\Dataset\088182.xls,.xls,0.51,OK,
C:\Users\User\OneDrive\Documents\Uni\Dissertation\MScProject\Dataset\088257.xls,.xls,0.41,OK,
C:\Users\User\OneDrive\Documents\Uni\Dissertation\MScProject\Dataset\088316.xls,.xls,0.02,OK,
C:\Users\User\OneDrive\Documents\Uni\Dissertation\MScProject\Dataset\088317.xls,.xls,0.02,OK,
C:\Users\User\OneDrive\Documents\Uni\Dissertation\MScProject\Dataset\088318.xls,.xls,0.02,OK,
C:\Users\User\OneDrive\Documents\Uni\Dissertation\MScProject\Dataset\088319.xls,.xls,0.02,OK,
C:\Users\User\OneDrive\Documents\Uni\Dissertation\MScProject\Dataset\088321.xls,.xls,0.1,OK,
C:\Users\User\OneDrive\Documents\Uni\Dissertation\MScProject\Dataset\088322.xls,.xls,0.06,OK,
C:\Users\User\OneDrive\Documents\Uni\Dissertation\MScProject\Dataset\088323.xls,.xls,9.31,OK,
C:\Users\User\OneDrive\Documents\Uni\Dissertation\MScProject\Dataset\088326.xls,.xls,0.18,OK,
C:\Users\User\OneDrive\Documents\Uni\Dissertation\MScProject\Dataset\088327.xls,.xls,0.22,OK,
C:\Users\User\OneDrive\Documents\Uni\Dissertation\MScProject\Dataset\088328.xls,.xls,0.06,OK,
C:\Users\User\OneDrive\Documents\Uni\Dissertation\MScProject\Dataset\088330.xls,.xls,0.09,OK,
C:\Users\User\OneDrive\Documents\Uni\Dissertation\MScProject\Dataset\088416.xls,.xls,0.04,OK,
C:\Users\User\OneDrive\Documents\Uni\Dissertation\MScProject\Dataset\088438.xls,.xls,0.03,OK,
C:\Users\User\OneDrive\Documents\Uni\Dissertation\MScProject\Dataset\088444.xls,.xls,0.03,OK,
C:\Users\User\OneDrive\Documents\Uni\Dissertation\MScProject\Dataset\088457.xls,.xls,0.03,OK,
C:\Users\User\OneDrive\Documents\Uni\Dissertation\MScProject\Dataset\088560.xls,.xls,0.03,OK,
C:\Users\User\OneDrive\Documents\Uni\Dissertation\MScProject\Dataset\088637.xls,.xls,0.03,OK,
C:\Users\User\OneDrive\Documents\Uni\Dissertation\MScProject\Dataset\088638.xls,.xls,0.03,OK,
C:\Users\User\OneDrive\Documents\Uni\Dissertation\MScProject\Dataset\089026.xls,.xls,0.17,OK,
C:\Users\User\OneDrive\Documents\Uni\Dissertation\MScProject\Dataset\089035.xls,.xls,0.12,OK,
C:\Users\User\OneDrive\Documents\Uni\Dissertation\MScProject\Dataset\089064.xls,.xls,0.96,OK,
C:\Users\User\OneDrive\Documents\Uni\Dissertation\MScProject\Dataset\089082.xls,.xls,2.74,OK,
C:\Users\User\OneDrive\Documents\Uni\Dissertation\MScProject\Dataset\089083.xls,.xls,0.03,OK,
C:\Users\User\OneDrive\Documents\Uni\Dissertation\MScProject\Dataset\089084.xls,.xls,2.32,OK,
C:\Users\User\OneDrive\Documents\Uni\Dissertation\MScProject\Dataset\089085.xls,.xls,8.98,OK,
C:\Users\User\OneDrive\Documents\Uni\Dissertation\MScProject\Dataset\089087.xls,.xls,0.02,OK,
C:\Users\User\OneDrive\Documents\Uni\Dissertation\MScProject\Dataset\089088.xls,.xls,2.94,OK,
C:\Users\User\OneDrive\Documents\Uni\Dissertation\MScProject\Dataset\089089.xls,.xls,0.02,OK,
C:\Users\User\OneDrive\Documents\Uni\Dissertation\MScProject\Dataset\089090.xls,.xls,2.26,OK,
C:\Users\User\OneDrive\Documents\Uni\Dissertation\MScProject\Dataset\089091.xls,.xls,0.44,OK,
C:\Users\User\OneDrive\Documents\Uni\Dissertation\MScProject\Dataset\089093.xls,.xls,0.02,OK,
C:\Users\User\OneDrive\Documents\Uni\Dissertation\MScProject\Dataset\089094.xls,.xls,0.03,OK,
C:\Users\User\OneDrive\Documents\Uni\Dissertation\MScProject\Dataset\089099.xls,.xls,0.02,OK,
C:\Users\User\OneDrive\Documents\Uni\Dissertation\MScProject\Dataset\089101.xls,.xls,0.02,OK,
C:\Users\User\OneDrive\Documents\Uni\Dissertation\MScProject\Dataset\089102.xls,.xls,0.06,OK,
C:\Users\User\OneDrive\Documents\Uni\Dissertation\MScProject\Dataset\089103.xls,.xls,0.07,OK,
C:\Users\User\OneDrive\Documents\Uni\Dissertation\MScProject\Dataset\089110.xls,.xls,0.09,OK,
C:\Users\User\OneDrive\Documents\Uni\Dissertation\MScProject\Dataset\089112.xls,.xls,0.12,OK,
C:\Users\User\OneDrive\Documents\Uni\Dissertation\MScProject\Dataset\089113.xls,.xls,0.09,OK,
C:\Users\User\OneDrive\Documents\Uni\Dissertation\MScProject\Dataset\089114.xls,.xls,0.02,OK,
C:\Users\User\OneDrive\Documents\Uni\Dissertation\MScProject\Dataset\089115.xls,.xls,0.02,OK,
C:\Users\User\OneDrive\Documents\Uni\Dissertation\MScProject\Dataset\089206.xls,.xls,0.45,OK,
C:\Users\User\OneDrive\Documents\Uni\Dissertation\MScProject\Dataset\089210.xls,.xls,3.74,OK,
C:\Users\User\OneDrive\Documents\Uni\Dissertation\MScProject\Dataset\089269.xls,.xls,0.05,OK,
C:\Users\User\OneDrive\Documents\Uni\Dissertation\MScProject\Dataset\089323.xls,.xls,0.72,OK,
C:\Users\User\OneDrive\Documents\Uni\Dissertation\MScProject\Dataset\089324.xls,.xls,0.7,OK,
C:\Users\User\OneDrive\Documents\Uni\Dissertation\MScProject\Dataset\089325.xls,.xls,0.09,OK,
C:\Users\User\OneDrive\Documents\Uni\Dissertation\MScProject\Dataset\089327.xls,.xls,0.16,OK,
C:\Users\User\OneDrive\Documents\Uni\Dissertation\MScProject\Dataset\089329.xls,.xls,0.09,OK,
C:\Users\User\OneDrive\Documents\Uni\Dissertation\MScProject\Dataset\089330.xls,.xls,13.98,OK,
C:\Users\User\OneDrive\Documents\Uni\Dissertation\MScProject\Dataset\089331.xls,.xls,0.04,OK,
C:\Users\User\OneDrive\Documents\Uni\Dissertation\MScProject\Dataset\089332.xls,.xls,0.04,OK,
C:\Users\User\OneDrive\Documents\Uni\Dissertation\MScProject\Dataset\089334.xls,.xls,0.03,OK,
C:\Users\User\OneDrive\Documents\Uni\Dissertation\MScProject\Dataset\089335.xls,.xls,0.06,OK,
C:\Users\User\OneDrive\Documents\Uni\Dissertation\MScProject\Dataset\089339.xls,.xls,13.58,OK,
C:\Users\User\OneDrive\Documents\Uni\Dissertation\MScProject\Dataset\089435.xls,.xls,0.12,OK,
C:\Users\User\OneDrive\Documents\Uni\Dissertation\MScProject\Dataset\089437.xls,.xls,0.02,OK,
C:\Users\User\OneDrive\Documents\Uni\Dissertation\MScProject\Dataset\089440.xls,.xls,0.08,OK,
C:\Users\User\OneDrive\Documents\Uni\Dissertation\MScProject\Dataset\090194.xls,.xls,0.04,OK,
C:\Users\User\OneDrive\Documents\Uni\Dissertation\MScProject\Dataset\090197.xls,.xls,0.05,OK,
C:\Users\User\OneDrive\Documents\Uni\Dissertation\MScProject\Dataset\090198.xls,.xls,0.17,OK,
C:\Users\User\OneDrive\Documents\Uni\Dissertation\MScProject\Dataset\090199.xls,.xls,0.02,OK,
C:\Users\User\OneDrive\Documents\Uni\Dissertation\MScProject\Dataset\090200.xls,.xls,0.02,OK,
C:\Users\User\OneDrive\Documents\Uni\Dissertation\MScProject\Dataset\090201.xls,.xls,0.08,OK,
C:\Users\User\OneDrive\Documents\Uni\Dissertation\MScProject\Dataset\090202.xls,.xls,0.02,OK,
C:\Users\User\OneDrive\Documents\Uni\Dissertation\MScProject\Dataset\090204.xls,.xls,0.06,OK,
C:\Users\User\OneDrive\Documents\Uni\Dissertation\MScProject\Dataset\090205.xls,.xls,0.03,OK,
C:\Users\User\OneDrive\Documents\Uni\Dissertation\MScProject\Dataset\090207.xls,.xls,0.03,OK,
C:\Users\User\OneDrive\Documents\Uni\Dissertation\MScProject\Dataset\090208.xls,.xls,2.99,OK,
C:\Users\User\OneDrive\Documents\Uni\Dissertation\MScProject\Dataset\090209.xls,.xls,0.1,OK,
C:\Users\User\OneDrive\Documents\Uni\Dissertation\MScProject\Dataset\090210.xls,.xls,0.04,OK,
C:\Users\User\OneDrive\Documents\Uni\Dissertation\MScProject\Dataset\090211.xls,.xls,0.05,OK,
C:\Users\User\OneDrive\Documents\Uni\Dissertation\MScProject\Dataset\090212.xls,.xls,0.08,OK,
C:\Users\User\OneDrive\Documents\Uni\Dissertation\MScProject\Dataset\090213.xls,.xls,0.06,OK,
C:\Users\User\OneDrive\Documents\Uni\Dissertation\MScProject\Dataset\090214.xls,.xls,0.23,OK,
C:\Users\User\OneDrive\Documents\Uni\Dissertation\MScProject\Dataset\090215.xls,.xls,0.24,OK,
C:\Users\User\OneDrive\Documents\Uni\Dissertation\MScProject\Dataset\090371.xls,.xls,0.03,OK,
C:\Users\User\OneDrive\Documents\Uni\Dissertation\MScProject\Dataset\090569.xls,.xls,0.03,OK,
C:\Users\User\OneDrive\Documents\Uni\Dissertation\MScProject\Dataset\090571.xls,.xls,0.11,OK,
C:\Users\User\OneDrive\Documents\Uni\Dissertation\MScProject\Dataset\090573.xls,.xls,2.23,OK,
C:\Users\User\OneDrive\Documents\Uni\Dissertation\MScProject\Dataset\090574.xls,.xls,2.26,OK,
C:\Users\User\OneDrive\Documents\Uni\Dissertation\MScProject\Dataset\090575.xls,.xls,4.72,OK,
C:\Users\User\OneDrive\Documents\Uni\Dissertation\MScProject\Dataset\090577.xls,.xls,2.49,OK,
C:\Users\User\OneDrive\Documents\Uni\Dissertation\MScProject\Dataset\090578.xls,.xls,6.5,OK,
C:\Users\User\OneDrive\Documents\Uni\Dissertation\MScProject\Dataset\090579.xls,.xls,3.81,OK,
C:\Users\User\OneDrive\Documents\Uni\Dissertation\MScProject\Dataset\090580.xls,.xls,11.72,OK,
C:\Users\User\OneDrive\Documents\Uni\Dissertation\MScProject\Dataset\090592.xls,.xls,0.03,OK,
C:\Users\User\OneDrive\Documents\Uni\Dissertation\MScProject\Dataset\090600.xls,.xls,0.03,OK,
C:\Users\User\OneDrive\Documents\Uni\Dissertation\MScProject\Dataset\090601.xls,.xls,0.03,OK,
C:\Users\User\OneDrive\Documents\Uni\Dissertation\MScProject\Dataset\090602.xls,.xls,0.03,OK,
C:\Users\User\OneDrive\Documents\Uni\Dissertation\MScProject\Dataset\090603.xls,.xls,0.06,OK,
C:\Users\User\OneDrive\Documents\Uni\Dissertation\MScProject\Dataset\090605.xls,.xls,0.07,OK,
C:\Users\User\OneDrive\Documents\Uni\Dissertation\MScProject\Dataset\090759.xls,.xls,0.08,OK,
C:\Users\User\OneDrive\Documents\Uni\Dissertation\MScProject\Dataset\090924.xls,.xls,2.01,OK,
C:\Users\User\OneDrive\Documents\Uni\Dissertation\MScProject\Dataset\090925.xls,.xls,5.52,OK,
C:\Users\User\OneDrive\Documents\Uni\Dissertation\MScProject\Dataset\090926.xls,.xls,0.54,OK,
C:\Users\User\OneDrive\Documents\Uni\Dissertation\MScProject\Dataset\090975.xls,.xls,0.03,OK,
C:\Users\User\OneDrive\Documents\Uni\Dissertation\MScProject\Dataset\091025.xls,.xls,0.03,OK,
C:\Users\User\OneDrive\Documents\Uni\Dissertation\MScProject\Dataset\091049.xls,.xls,0.07,OK,
C:\Users\User\OneDrive\Documents\Uni\Dissertation\MScProject\Dataset\091113.xls,.xls,0.13,OK,
C:\Users\User\OneDrive\Documents\Uni\Dissertation\MScProject\Dataset\091114.xls,.xls,0.04,OK,
C:\Users\User\OneDrive\Documents\Uni\Dissertation\MScProject\Dataset\091115.xls,.xls,0.02,OK,
C:\Users\User\OneDrive\Documents\Uni\Dissertation\MScProject\Dataset\091116.xls,.xls,0.06,OK,
C:\Users\User\OneDrive\Documents\Uni\Dissertation\MScProject\Dataset\091118.xls,.xls,0.06,OK,
C:\Users\User\OneDrive\Documents\Uni\Dissertation\MScProject\Dataset\091119.xls,.xls,0.65,OK,
C:\Users\User\OneDrive\Documents\Uni\Dissertation\MScProject\Dataset\091121.xls,.xls,0.25,OK,
C:\Users\User\OneDrive\Documents\Uni\Dissertation\MScProject\Dataset\091343.xls,.xls,0.08,OK,
C:\Users\User\OneDrive\Documents\Uni\Dissertation\MScProject\Dataset\091344.xls,.xls,0.09,OK,
C:\Users\User\OneDrive\Documents\Uni\Dissertation\MScProject\Dataset\091385.xls,.xls,0.19,OK,
C:\Users\User\OneDrive\Documents\Uni\Dissertation\MScProject\Dataset\091429.xls,.xls,0.12,OK,
C:\Users\User\OneDrive\Documents\Uni\Dissertation\MScProject\Dataset\091431.xls,.xls,0.04,OK,
C:\Users\User\OneDrive\Documents\Uni\Dissertation\MScProject\Dataset\091434.xls,.xls,0.1,OK,
C:\Users\User\OneDrive\Documents\Uni\Dissertation\MScProject\Dataset\091435.xls,.xls,0.5,OK,
C:\Users\User\OneDrive\Documents\Uni\Dissertation\MScProject\Dataset\091436.xls,.xls,0.02,OK,
C:\Users\User\OneDrive\Documents\Uni\Dissertation\MScProject\Dataset\091437.xls,.xls,0.02,OK,
C:\Users\User\OneDrive\Documents\Uni\Dissertation\MScProject\Dataset\091438.xls,.xls,0.08,OK,
C:\Users\User\OneDrive\Documents\Uni\Dissertation\MScProject\Dataset\091441.xls,.xls,0.17,OK,
C:\Users\User\OneDrive\Documents\Uni\Dissertation\MScProject\Dataset\091442.xls,.xls,2.6,OK,
C:\Users\User\OneDrive\Documents\Uni\Dissertation\MScProject\Dataset\091444.xls,.xls,0.16,OK,
C:\Users\User\OneDrive\Documents\Uni\Dissertation\MScProject\Dataset\091446.xls,.xls,0.02,OK,
C:\Users\User\OneDrive\Documents\Uni\Dissertation\MScProject\Dataset\091447.xls,.xls,0.02,OK,
C:\Users\User\OneDrive\Documents\Uni\Dissertation\MScProject\Dataset\091448.xls,.xls,8.69,OK,
C:\Users\User\OneDrive\Documents\Uni\Dissertation\MScProject\Dataset\091449.xls,.xls,0.05,OK,
C:\Users\User\OneDrive\Documents\Uni\Dissertation\MScProject\Dataset\091450.xls,.xls,0.05,OK,
C:\Users\User\OneDrive\Documents\Uni\Dissertation\MScProject\Dataset\091454.xls,.xls,0.13,OK,
C:\Users\User\OneDrive\Documents\Uni\Dissertation\MScProject\Dataset\091456.xls,.xls,0.03,OK,
C:\Users\User\OneDrive\Documents\Uni\Dissertation\MScProject\Dataset\091457.xls,.xls,1.24,OK,
C:\Users\User\OneDrive\Documents\Uni\Dissertation\MScProject\Dataset\091492.xls,.xls,0.05,OK,
C:\Users\User\OneDrive\Documents\Uni\Dissertation\MScProject\Dataset\091557.xls,.xls,0.07,OK,
C:\Users\User\OneDrive\Documents\Uni\Dissertation\MScProject\Dataset\091738.xls,.xls,0.14,OK,
C:\Users\User\OneDrive\Documents\Uni\Dissertation\MScProject\Dataset\091739.xls,.xls,0.21,OK,
C:\Users\User\OneDrive\Documents\Uni\Dissertation\MScProject\Dataset\091740.xls,.xls,0.3,OK,
C:\Users\User\OneDrive\Documents\Uni\Dissertation\MScProject\Dataset\091742.xls,.xls,0.04,OK,
C:\Users\User\OneDrive\Documents\Uni\Dissertation\MScProject\Dataset\091743.xls,.xls,0.03,OK,
C:\Users\User\OneDrive\Documents\Uni\Dissertation\MScProject\Dataset\091745.xls,.xls,0.02,OK,
C:\Users\User\OneDrive\Documents\Uni\Dissertation\MScProject\Dataset\091749.xls,.xls,2.4,OK,
C:\Users\User\OneDrive\Documents\Uni\Dissertation\MScProject\Dataset\091750.xls,.xls,1.16,OK,
C:\Users\User\OneDrive\Documents\Uni\Dissertation\MScProject\Dataset\091751.xls,.xls,0.25,OK,
C:\Users\User\OneDrive\Documents\Uni\Dissertation\MScProject\Dataset\091752.xls,.xls,0.02,OK,
C:\Users\User\OneDrive\Documents\Uni\Dissertation\MScProject\Dataset\091755.xls,.xls,0.02,OK,
C:\Users\User\OneDrive\Documents\Uni\Dissertation\MScProject\Dataset\091756.xls,.xls,0.03,OK,
C:\Users\User\OneDrive\Documents\Uni\Dissertation\MScProject\Dataset\091758.xls,.xls,0.76,OK,
C:\Users\User\OneDrive\Documents\Uni\Dissertation\MScProject\Dataset\091762.xls,.xls,0.05,OK,
C:\Users\User\OneDrive\Documents\Uni\Dissertation\MScProject\Dataset\091763.xls,.xls,0.03,OK,
C:\Users\User\OneDrive\Documents\Uni\Dissertation\MScProject\Dataset\091764.xls,.xls,0.02,OK,
C:\Users\User\OneDrive\Documents\Uni\Dissertation\MScProject\Dataset\091765.xls,.xls,0.02,OK,
C:\Users\User\OneDrive\Documents\Uni\Dissertation\MScProject\Dataset\091767.xls,.xls,0.03,OK,
C:\Users\User\OneDrive\Documents\Uni\Dissertation\MScProject\Dataset\091794.xls,.xls,0.03,OK,
C:\Users\User\OneDrive\Documents\Uni\Dissertation\MScProject\Dataset\091816.xls,.xls,0.03,OK,
C:\Users\User\OneDrive\Documents\Uni\Dissertation\MScProject\Dataset\091817.xls,.xls,0.04,OK,
C:\Users\User\OneDrive\Documents\Uni\Dissertation\MScProject\Dataset\091942.xls,.xls,0.15,OK,
C:\Users\User\OneDrive\Documents\Uni\Dissertation\MScProject\Dataset\091944.xls,.xls,0.03,OK,
C:\Users\User\OneDrive\Documents\Uni\Dissertation\MScProject\Dataset\091946.xls,.xls,0.04,OK,
C:\Users\User\OneDrive\Documents\Uni\Dissertation\MScProject\Dataset\091949.xls,.xls,0.07,OK,
C:\Users\User\OneDrive\Documents\Uni\Dissertation\MScProject\Dataset\091950.xls,.xls,0.24,OK,
C:\Users\User\OneDrive\Documents\Uni\Dissertation\MScProject\Dataset\091951.xls,.xls,1.85,OK,
C:\Users\User\OneDrive\Documents\Uni\Dissertation\MScProject\Dataset\091952.xls,.xls,0.44,OK,
C:\Users\User\OneDrive\Documents\Uni\Dissertation\MScProject\Dataset\091954.xls,.xls,2.54,OK,
C:\Users\User\OneDrive\Documents\Uni\Dissertation\MScProject\Dataset\092036.xls,.xls,0.04,OK,
C:\Users\User\OneDrive\Documents\Uni\Dissertation\MScProject\Dataset\092039.xls,.xls,0.14,OK,
C:\Users\User\OneDrive\Documents\Uni\Dissertation\MScProject\Dataset\092087.xls,.xls,0.02,OK,
C:\Users\User\OneDrive\Documents\Uni\Dissertation\MScProject\Dataset\092089.xls,.xls,0.05,OK,
C:\Users\User\OneDrive\Documents\Uni\Dissertation\MScProject\Dataset\092090.xls,.xls,0.53,OK,
C:\Users\User\OneDrive\Documents\Uni\Dissertation\MScProject\Dataset\092183.xls,.xls,0.17,OK,
C:\Users\User\OneDrive\Documents\Uni\Dissertation\MScProject\Dataset\092185.xls,.xls,0.13,OK,
C:\Users\User\OneDrive\Documents\Uni\Dissertation\MScProject\Dataset\092237.xls,.xls,7.66,OK,
C:\Users\User\OneDrive\Documents\Uni\Dissertation\MScProject\Dataset\092238.xls,.xls,6.94,OK,
C:\Users\User\OneDrive\Documents\Uni\Dissertation\MScProject\Dataset\092239.xls,.xls,0.05,OK,
C:\Users\User\OneDrive\Documents\Uni\Dissertation\MScProject\Dataset\092336.xls,.xls,0.39,OK,
C:\Users\User\OneDrive\Documents\Uni\Dissertation\MScProject\Dataset\092340.xls,.xls,0.15,OK,
C:\Users\User\OneDrive\Documents\Uni\Dissertation\MScProject\Dataset\092481.xls,.xls,0.27,OK,
C:\Users\User\OneDrive\Documents\Uni\Dissertation\MScProject\Dataset\092482.xls,.xls,0.05,OK,
C:\Users\User\OneDrive\Documents\Uni\Dissertation\MScProject\Dataset\092483.xls,.xls,3.92,OK,
C:\Users\User\OneDrive\Documents\Uni\Dissertation\MScProject\Dataset\092484.xls,.xls,5.8,OK,
C:\Users\User\OneDrive\Documents\Uni\Dissertation\MScProject\Dataset\092485.xls,.xls,4.64,OK,
C:\Users\User\OneDrive\Documents\Uni\Dissertation\MScProject\Dataset\092649.xls,.xls,0.03,OK,
C:\Users\User\OneDrive\Documents\Uni\Dissertation\MScProject\Dataset\092719.xls,.xls,0.04,OK,
C:\Users\User\OneDrive\Documents\Uni\Dissertation\MScProject\Dataset\092724.xls,.xls,0.03,OK,
C:\Users\User\OneDrive\Documents\Uni\Dissertation\MScProject\Dataset\092729.xls,.xls,0.27,OK,
C:\Users\User\OneDrive\Documents\Uni\Dissertation\MScProject\Dataset\092730.xls,.xls,0.52,OK,
C:\Users\User\OneDrive\Documents\Uni\Dissertation\MScProject\Dataset\092760.xls,.xls,0.02,OK,
C:\Users\User\OneDrive\Documents\Uni\Dissertation\MScProject\Dataset\092898.xls,.xls,0.02,OK,
C:\Users\User\OneDrive\Documents\Uni\Dissertation\MScProject\Dataset\092904.xls,.xls,0.01,OK,
C:\Users\User\OneDrive\Documents\Uni\Dissertation\MScProject\Dataset\092921.xls,.xls,0.01,OK,
C:\Users\User\OneDrive\Documents\Uni\Dissertation\MScProject\Dataset\092922.xls,.xls,0.03,OK,
C:\Users\User\OneDrive\Documents\Uni\Dissertation\MScProject\Dataset\092923.xls,.xls,0.03,OK,
C:\Users\User\OneDrive\Documents\Uni\Dissertation\MScProject\Dataset\092924.xls,.xls,0.04,OK,
C:\Users\User\OneDrive\Documents\Uni\Dissertation\MScProject\Dataset\092925.xls,.xls,0.18,OK,
C:\Users\User\OneDrive\Documents\Uni\Dissertation\MScProject\Dataset\092926.xls,.xls,0.11,OK,
C:\Users\User\OneDrive\Documents\Uni\Dissertation\MScProject\Dataset\092927.xls,.xls,0.94,OK,
C:\Users\User\OneDrive\Documents\Uni\Dissertation\MScProject\Dataset\092928.xls,.xls,0.03,OK,
C:\Users\User\OneDrive\Documents\Uni\Dissertation\MScProject\Dataset\092929.xls,.xls,0.3,OK,
C:\Users\User\OneDrive\Documents\Uni\Dissertation\MScProject\Dataset\092930.xls,.xls,0.72,OK,
C:\Users\User\OneDrive\Documents\Uni\Dissertation\MScProject\Dataset\092931.xls,.xls,0.06,OK,
C:\Users\User\OneDrive\Documents\Uni\Dissertation\MScProject\Dataset\092932.xls,.xls,0.12,OK,
C:\Users\User\OneDrive\Documents\Uni\Dissertation\MScProject\Dataset\092933.xls,.xls,0.22,OK,
C:\Users\User\OneDrive\Documents\Uni\Dissertation\MScProject\Dataset\092934.xls,.xls,0.13,OK,
C:\Users\User\OneDrive\Documents\Uni\Dissertation\MScProject\Dataset\092935.xls,.xls,0.67,OK,
C:\Users\User\OneDrive\Documents\Uni\Dissertation\MScProject\Dataset\092938.xls,.xls,8.16,OK,
C:\Users\User\OneDrive\Documents\Uni\Dissertation\MScProject\Dataset\092939.xls,.xls,0.09,OK,
C:\Users\User\OneDrive\Documents\Uni\Dissertation\MScProject\Dataset\092940.xls,.xls,0.32,OK,
C:\Users\User\OneDrive\Documents\Uni\Dissertation\MScProject\Dataset\092942.xls,.xls,0.11,OK,
C:\Users\User\OneDrive\Documents\Uni\Dissertation\MScProject\Dataset\092943.xls,.xls,0.22,OK,
C:\Users\User\OneDrive\Documents\Uni\Dissertation\MScProject\Dataset\093209.xls,.xls,0.34,OK,
C:\Users\User\OneDrive\Documents\Uni\Dissertation\MScProject\Dataset\093211.xls,.xls,8.66,OK,
C:\Users\User\OneDrive\Documents\Uni\Dissertation\MScProject\Dataset\093212.xls,.xls,2.09,OK,
C:\Users\User\OneDrive\Documents\Uni\Dissertation\MScProject\Dataset\093213.xls,.xls,0.02,OK,
C:\Users\User\OneDrive\Documents\Uni\Dissertation\MScProject\Dataset\093214.xls,.xls,0.02,OK,
C:\Users\User\OneDrive\Documents\Uni\Dissertation\MScProject\Dataset\093215.xls,.xls,6.64,OK,
C:\Users\User\OneDrive\Documents\Uni\Dissertation\MScProject\Dataset\093414.xls,.xls,0.03,OK,
C:\Users\User\OneDrive\Documents\Uni\Dissertation\MScProject\Dataset\093415.xls,.xls,0.05,OK,
C:\Users\User\OneDrive\Documents\Uni\Dissertation\MScProject\Dataset\093418.xls,.xls,0.06,OK,
C:\Users\User\OneDrive\Documents\Uni\Dissertation\MScProject\Dataset\093419.xls,.xls,0.18,OK,
C:\Users\User\OneDrive\Documents\Uni\Dissertation\MScProject\Dataset\093420.xls,.xls,0.16,OK,
C:\Users\User\OneDrive\Documents\Uni\Dissertation\MScProject\Dataset\093421.xls,.xls,0.03,OK,
C:\Users\User\OneDrive\Documents\Uni\Dissertation\MScProject\Dataset\093423.xls,.xls,0.09,OK,
C:\Users\User\OneDrive\Documents\Uni\Dissertation\MScProject\Dataset\093425.xls,.xls,0.21,OK,
C:\Users\User\OneDrive\Documents\Uni\Dissertation\MScProject\Dataset\093427.xls,.xls,0.03,OK,
C:\Users\User\OneDrive\Documents\Uni\Dissertation\MScProject\Dataset\093431.xls,.xls,0.05,OK,
C:\Users\User\OneDrive\Documents\Uni\Dissertation\MScProject\Dataset\093432.xls,.xls,0.05,OK,
C:\Users\User\OneDrive\Documents\Uni\Dissertation\MScProject\Dataset\093435.xls,.xls,0.1,OK,
C:\Users\User\OneDrive\Documents\Uni\Dissertation\MScProject\Dataset\093534.xls,.xls,0.15,OK,
C:\Users\User\OneDrive\Documents\Uni\Dissertation\MScProject\Dataset\093535.xls,.xls,0.09,OK,
C:\Users\User\OneDrive\Documents\Uni\Dissertation\MScProject\Dataset\093624.xls,.xls,0.03,OK,
C:\Users\User\OneDrive\Documents\Uni\Dissertation\MScProject\Dataset\093625.xls,.xls,0.03,OK,
C:\Users\User\OneDrive\Documents\Uni\Dissertation\MScProject\Dataset\093626.xls,.xls,0.02,OK,
C:\Users\User\OneDrive\Documents\Uni\Dissertation\MScProject\Dataset\093694.xls,.xls,0.05,OK,
C:\Users\User\OneDrive\Documents\Uni\Dissertation\MScProject\Dataset\093695.xls,.xls,0.02,OK,
C:\Users\User\OneDrive\Documents\Uni\Dissertation\MScProject\Dataset\093696.xls,.xls,0.02,OK,
C:\Users\User\OneDrive\Documents\Uni\Dissertation\MScProject\Dataset\093698.xls,.xls,0.06,OK,
C:\Users\User\OneDrive\Documents\Uni\Dissertation\MScProject\Dataset\093757.xls,.xls,0.04,OK,
C:\Users\User\OneDrive\Documents\Uni\Dissertation\MScProject\Dataset\093774.xls,.xls,0.03,OK,
C:\Users\User\OneDrive\Documents\Uni\Dissertation\MScProject\Dataset\093851.xls,.xls,0.16,OK,
C:\Users\User\OneDrive\Documents\Uni\Dissertation\MScProject\Dataset\093866.xls,.xls,0.22,OK,
C:\Users\User\OneDrive\Documents\Uni\Dissertation\MScProject\Dataset\093867.xls,.xls,8.15,OK,
C:\Users\User\OneDrive\Documents\Uni\Dissertation\MScProject\Dataset\093871.xls,.xls,0.24,OK,
C:\Users\User\OneDrive\Documents\Uni\Dissertation\MScProject\Dataset\093950.xls,.xls,0.05,OK,
C:\Users\User\OneDrive\Documents\Uni\Dissertation\MScProject\Dataset\093983.xls,.xls,0.06,OK,
C:\Users\User\OneDrive\Documents\Uni\Dissertation\MScProject\Dataset\093985.xls,.xls,0.15,OK,
C:\Users\User\OneDrive\Documents\Uni\Dissertation\MScProject\Dataset\093986.xls,.xls,0.02,OK,
C:\Users\User\OneDrive\Documents\Uni\Dissertation\MScProject\Dataset\093987.xls,.xls,0.02,OK,
C:\Users\User\OneDrive\Documents\Uni\Dissertation\MScProject\Dataset\093988.xls,.xls,0.14,OK,
C:\Users\User\OneDrive\Documents\Uni\Dissertation\MScProject\Dataset\093991.xls,.xls,0.2,OK,
C:\Users\User\OneDrive\Documents\Uni\Dissertation\MScProject\Dataset\093994.xls,.xls,0.15,OK,
C:\Users\User\OneDrive\Documents\Uni\Dissertation\MScProject\Dataset\093995.xls,.xls,0.05,OK,
C:\Users\User\OneDrive\Documents\Uni\Dissertation\MScProject\Dataset\093996.xls,.xls,0.14,OK,
C:\Users\User\OneDrive\Documents\Uni\Dissertation\MScProject\Dataset\093997.xls,.xls,0.17,OK,
C:\Users\User\OneDrive\Documents\Uni\Dissertation\MScProject\Dataset\093998.xls,.xls,0.41,OK,
C:\Users\User\OneDrive\Documents\Uni\Dissertation\MScProject\Dataset\093999.xls,.xls,0.08,OK,
C:\Users\User\OneDrive\Documents\Uni\Dissertation\MScProject\Dataset\094003.xls,.xls,0.15,OK,
C:\Users\User\OneDrive\Documents\Uni\Dissertation\MScProject\Dataset\094037.xls,.xls,0.05,OK,
C:\Users\User\OneDrive\Documents\Uni\Dissertation\MScProject\Dataset\094137.xls,.xls,0.04,OK,
C:\Users\User\OneDrive\Documents\Uni\Dissertation\MScProject\Dataset\094138.xls,.xls,0.07,OK,
C:\Users\User\OneDrive\Documents\Uni\Dissertation\MScProject\Dataset\094139.xls,.xls,0.06,OK,
C:\Users\User\OneDrive\Documents\Uni\Dissertation\MScProject\Dataset\094275.xls,.xls,0.18,OK,
C:\Users\User\OneDrive\Documents\Uni\Dissertation\MScProject\Dataset\094278.xls,.xls,1.59,OK,
C:\Users\User\OneDrive\Documents\Uni\Dissertation\MScProject\Dataset\094283.xls,.xls,0.04,OK,
C:\Users\User\OneDrive\Documents\Uni\Dissertation\MScProject\Dataset\094302.xls,.xls,0.02,OK,
C:\Users\User\OneDrive\Documents\Uni\Dissertation\MScProject\Dataset\094306.xls,.xls,0.02,OK,
C:\Users\User\OneDrive\Documents\Uni\Dissertation\MScProject\Dataset\094518.xls,.xls,0.07,OK,
C:\Users\User\OneDrive\Documents\Uni\Dissertation\MScProject\Dataset\094519.xls,.xls,0.02,OK,
C:\Users\User\OneDrive\Documents\Uni\Dissertation\MScProject\Dataset\094522.xls,.xls,0.03,OK,
C:\Users\User\OneDrive\Documents\Uni\Dissertation\MScProject\Dataset\094523.xls,.xls,0.21,OK,
C:\Users\User\OneDrive\Documents\Uni\Dissertation\MScProject\Dataset\094524.xls,.xls,0.09,OK,
C:\Users\User\OneDrive\Documents\Uni\Dissertation\MScProject\Dataset\094525.xls,.xls,0.02,OK,
C:\Users\User\OneDrive\Documents\Uni\Dissertation\MScProject\Dataset\094526.xls,.xls,0.22,OK,
C:\Users\User\OneDrive\Documents\Uni\Dissertation\MScProject\Dataset\094528.xls,.xls,0.08,OK,
C:\Users\User\OneDrive\Documents\Uni\Dissertation\MScProject\Dataset\094529.xls,.xls,0.02,OK,
C:\Users\User\OneDrive\Documents\Uni\Dissertation\MScProject\Dataset\094530.xls,.xls,0.07,OK,
C:\Users\User\OneDrive\Documents\Uni\Dissertation\MScProject\Dataset\094531.xls,.xls,0.07,OK,
C:\Users\User\OneDrive\Documents\Uni\Dissertation\MScProject\Dataset\094532.xls,.xls,0.02,OK,
C:\Users\User\OneDrive\Documents\Uni\Dissertation\MScProject\Dataset\094533.xls,.xls,0.08,OK,
C:\Users\User\OneDrive\Documents\Uni\Dissertation\MScProject\Dataset\094535.xls,.xls,3.97,OK,
C:\Users\User\OneDrive\Documents\Uni\Dissertation\MScProject\Dataset\094536.xls,.xls,0.02,OK,
C:\Users\User\OneDrive\Documents\Uni\Dissertation\MScProject\Dataset\094537.xls,.xls,0.02,OK,
C:\Users\User\OneDrive\Documents\Uni\Dissertation\MScProject\Dataset\094538.xls,.xls,0.06,OK,
C:\Users\User\OneDrive\Documents\Uni\Dissertation\MScProject\Dataset\094539.xls,.xls,0.05,OK,
C:\Users\User\OneDrive\Documents\Uni\Dissertation\MScProject\Dataset\094540.xls,.xls,0.06,OK,
C:\Users\User\OneDrive\Documents\Uni\Dissertation\MScProject\Dataset\094541.xls,.xls,0.06,OK,
C:\Users\User\OneDrive\Documents\Uni\Dissertation\MScProject\Dataset\094542.xls,.xls,0.37,OK,
C:\Users\User\OneDrive\Documents\Uni\Dissertation\MScProject\Dataset\094543.xls,.xls,0.18,OK,
C:\Users\User\OneDrive\Documents\Uni\Dissertation\MScProject\Dataset\094544.xls,.xls,0.02,OK,
C:\Users\User\OneDrive\Documents\Uni\Dissertation\MScProject\Dataset\094545.xls,.xls,0.02,OK,
C:\Users\User\OneDrive\Documents\Uni\Dissertation\MScProject\Dataset\094546.xls,.xls,0.02,OK,
C:\Users\User\OneDrive\Documents\Uni\Dissertation\MScProject\Dataset\094548.xls,.xls,0.02,OK,
C:\Users\User\OneDrive\Documents\Uni\Dissertation\MScProject\Dataset\094549.xls,.xls,0.04,OK,
C:\Users\User\OneDrive\Documents\Uni\Dissertation\MScProject\Dataset\094550.xls,.xls,0.04,OK,
C:\Users\User\OneDrive\Documents\Uni\Dissertation\MScProject\Dataset\094553.xls,.xls,0.03,OK,
C:\Users\User\OneDrive\Documents\Uni\Dissertation\MScProject\Dataset\094554.xls,.xls,0.06,OK,
C:\Users\User\OneDrive\Documents\Uni\Dissertation\MScProject\Dataset\094556.xls,.xls,0.02,OK,
C:\Users\User\OneDrive\Documents\Uni\Dissertation\MScProject\Dataset\094606.xls,.xls,0.03,OK,
C:\Users\User\OneDrive\Documents\Uni\Dissertation\MScProject\Dataset\094612.xls,.xls,0.06,OK,
C:\Users\User\OneDrive\Documents\Uni\Dissertation\MScProject\Dataset\094627.xls,.xls,0.11,OK,
C:\Users\User\OneDrive\Documents\Uni\Dissertation\MScProject\Dataset\094787.xls,.xls,0.02,OK,
C:\Users\User\OneDrive\Documents\Uni\Dissertation\MScProject\Dataset\094788.xls,.xls,0.03,OK,
C:\Users\User\OneDrive\Documents\Uni\Dissertation\MScProject\Dataset\094789.xls,.xls,0.03,OK,
C:\Users\User\OneDrive\Documents\Uni\Dissertation\MScProject\Dataset\094790.xls,.xls,0.04,OK,
C:\Users\User\OneDrive\Documents\Uni\Dissertation\MScProject\Dataset\094793.xls,.xls,0.03,OK,
C:\Users\User\OneDrive\Documents\Uni\Dissertation\MScProject\Dataset\094794.xls,.xls,0.68,OK,
C:\Users\User\OneDrive\Documents\Uni\Dissertation\MScProject\Dataset\094795.xls,.xls,2.41,OK,
C:\Users\User\OneDrive\Documents\Uni\Dissertation\MScProject\Dataset\094796.xls,.xls,2.6,OK,
C:\Users\User\OneDrive\Documents\Uni\Dissertation\MScProject\Dataset\094797.xls,.xls,0.02,OK,
C:\Users\User\OneDrive\Documents\Uni\Dissertation\MScProject\Dataset\095004.xls,.xls,0.74,OK,
C:\Users\User\OneDrive\Documents\Uni\Dissertation\MScProject\Dataset\095117.xls,.xls,0.02,OK,
C:\Users\User\OneDrive\Documents\Uni\Dissertation\MScProject\Dataset\095352.xls,.xls,1.54,OK,
C:\Users\User\OneDrive\Documents\Uni\Dissertation\MScProject\Dataset\095353.xls,.xls,0.03,OK,
C:\Users\User\OneDrive\Documents\Uni\Dissertation\MScProject\Dataset\095355.xls,.xls,5.79,OK,
C:\Users\User\OneDrive\Documents\Uni\Dissertation\MScProject\Dataset\095356.xls,.xls,0.02,OK,
C:\Users\User\OneDrive\Documents\Uni\Dissertation\MScProject\Dataset\095358.xls,.xls,1.31,OK,
C:\Users\User\OneDrive\Documents\Uni\Dissertation\MScProject\Dataset\095359.xls,.xls,0.03,OK,
C:\Users\User\OneDrive\Documents\Uni\Dissertation\MScProject\Dataset\095360.xls,.xls,0.36,OK,
C:\Users\User\OneDrive\Documents\Uni\Dissertation\MScProject\Dataset\095361.xls,.xls,0.04,OK,
C:\Users\User\OneDrive\Documents\Uni\Dissertation\MScProject\Dataset\095362.xls,.xls,0.04,OK,
C:\Users\User\OneDrive\Documents\Uni\Dissertation\MScProject\Dataset\095363.xls,.xls,0.03,OK,
C:\Users\User\OneDrive\Documents\Uni\Dissertation\MScProject\Dataset\095364.xls,.xls,6.98,OK,
C:\Users\User\OneDrive\Documents\Uni\Dissertation\MScProject\Dataset\095365.xls,.xls,4.44,OK,
C:\Users\User\OneDrive\Documents\Uni\Dissertation\MScProject\Dataset\095366.xls,.xls,0.02,OK,
C:\Users\User\OneDrive\Documents\Uni\Dissertation\MScProject\Dataset\095367.xls,.xls,0.02,OK,
C:\Users\User\OneDrive\Documents\Uni\Dissertation\MScProject\Dataset\095369.xls,.xls,0.05,OK,
C:\Users\User\OneDrive\Documents\Uni\Dissertation\MScProject\Dataset\095371.xls,.xls,0.02,OK,
C:\Users\User\OneDrive\Documents\Uni\Dissertation\MScProject\Dataset\095372.xls,.xls,0.13,OK,
C:\Users\User\OneDrive\Documents\Uni\Dissertation\MScProject\Dataset\095374.xls,.xls,0.03,OK,
C:\Users\User\OneDrive\Documents\Uni\Dissertation\MScProject\Dataset\095375.xls,.xls,0.06,OK,
C:\Users\User\OneDrive\Documents\Uni\Dissertation\MScProject\Dataset\095377.xls,.xls,0.03,OK,
C:\Users\User\OneDrive\Documents\Uni\Dissertation\MScProject\Dataset\095378.xls,.xls,0.02,OK,
C:\Users\User\OneDrive\Documents\Uni\Dissertation\MScProject\Dataset\095380.xls,.xls,0.13,OK,
C:\Users\User\OneDrive\Documents\Uni\Dissertation\MScProject\Dataset\095381.xls,.xls,0.03,OK,
C:\Users\User\OneDrive\Documents\Uni\Dissertation\MScProject\Dataset\095382.xls,.xls,0.05,OK,
C:\Users\User\OneDrive\Documents\Uni\Dissertation\MScProject\Dataset\095384.xls,.xls,0.06,OK,
C:\Users\User\OneDrive\Documents\Uni\Dissertation\MScProject\Dataset\095386.xls,.xls,0.04,OK,
C:\Users\User\OneDrive\Documents\Uni\Dissertation\MScProject\Dataset\095387.xls,.xls,0.81,OK,
C:\Users\User\OneDrive\Documents\Uni\Dissertation\MScProject\Dataset\095388.xls,.xls,12.14,OK,
C:\Users\User\OneDrive\Documents\Uni\Dissertation\MScProject\Dataset\095390.xls,.xls,0.04,OK,
C:\Users\User\OneDrive\Documents\Uni\Dissertation\MScProject\Dataset\095391.xls,.xls,1.54,OK,
C:\Users\User\OneDrive\Documents\Uni\Dissertation\MScProject\Dataset\095613.xls,.xls,0.03,OK,
C:\Users\User\OneDrive\Documents\Uni\Dissertation\MScProject\Dataset\095614.xls,.xls,0.03,OK,
C:\Users\User\OneDrive\Documents\Uni\Dissertation\MScProject\Dataset\095616.xls,.xls,0.03,OK,
C:\Users\User\OneDrive\Documents\Uni\Dissertation\MScProject\Dataset\095618.xls,.xls,0.2,OK,
C:\Users\User\OneDrive\Documents\Uni\Dissertation\MScProject\Dataset\095619.xls,.xls,0.04,OK,
C:\Users\User\OneDrive\Documents\Uni\Dissertation\MScProject\Dataset\095620.xls,.xls,0.08,OK,
C:\Users\User\OneDrive\Documents\Uni\Dissertation\MScProject\Dataset\095621.xls,.xls,0.03,OK,
C:\Users\User\OneDrive\Documents\Uni\Dissertation\MScProject\Dataset\095622.xls,.xls,0.03,OK,
C:\Users\User\OneDrive\Documents\Uni\Dissertation\MScProject\Dataset\095623.xls,.xls,1.35,OK,
C:\Users\User\OneDrive\Documents\Uni\Dissertation\MScProject\Dataset\095624.xls,.xls,0.73,OK,
C:\Users\User\OneDrive\Documents\Uni\Dissertation\MScProject\Dataset\095626.xls,.xls,0.06,OK,
C:\Users\User\OneDrive\Documents\Uni\Dissertation\MScProject\Dataset\095627.xls,.xls,0.26,OK,
C:\Users\User\OneDrive\Documents\Uni\Dissertation\MScProject\Dataset\095629.xls,.xls,0.19,OK,
C:\Users\User\OneDrive\Documents\Uni\Dissertation\MScProject\Dataset\095630.xls,.xls,0.21,OK,
C:\Users\User\OneDrive\Documents\Uni\Dissertation\MScProject\Dataset\095631.xls,.xls,9.29,OK,
C:\Users\User\OneDrive\Documents\Uni\Dissertation\MScProject\Dataset\095632.xls,.xls,4.51,OK,
C:\Users\User\OneDrive\Documents\Uni\Dissertation\MScProject\Dataset\095635.xls,.xls,0.02,OK,
C:\Users\User\OneDrive\Documents\Uni\Dissertation\MScProject\Dataset\095636.xls,.xls,0.03,OK,
C:\Users\User\OneDrive\Documents\Uni\Dissertation\MScProject\Dataset\095637.xls,.xls,0.24,OK,
C:\Users\User\OneDrive\Documents\Uni\Dissertation\MScProject\Dataset\095839.xls,.xls,11.18,OK,
C:\Users\User\OneDrive\Documents\Uni\Dissertation\MScProject\Dataset\095840.xls,.xls,11.18,OK,
C:\Users\User\OneDrive\Documents\Uni\Dissertation\MScProject\Dataset\095986.xls,.xls,0.08,OK,
C:\Users\User\OneDrive\Documents\Uni\Dissertation\MScProject\Dataset\096075.xls,.xls,0.03,OK,
C:\Users\User\OneDrive\Documents\Uni\Dissertation\MScProject\Dataset\096076.xls,.xls,0.03,OK,
C:\Users\User\OneDrive\Documents\Uni\Dissertation\MScProject\Dataset\096078.xls,.xls,0.02,OK,
C:\Users\User\OneDrive\Documents\Uni\Dissertation\MScProject\Dataset\096081.xls,.xls,0.02,OK,
C:\Users\User\OneDrive\Documents\Uni\Dissertation\MScProject\Dataset\096083.xls,.xls,0.03,OK,
C:\Users\User\OneDrive\Documents\Uni\Dissertation\MScProject\Dataset\096084.xls,.xls,0.05,OK,
C:\Users\User\OneDrive\Documents\Uni\Dissertation\MScProject\Dataset\096089.xls,.xls,0.17,OK,
C:\Users\User\OneDrive\Documents\Uni\Dissertation\MScProject\Dataset\096090.xls,.xls,1.41,OK,
C:\Users\User\OneDrive\Documents\Uni\Dissertation\MScProject\Dataset\096091.xls,.xls,2.1,OK,
C:\Users\User\OneDrive\Documents\Uni\Dissertation\MScProject\Dataset\096092.xls,.xls,0.24,OK,
C:\Users\User\OneDrive\Documents\Uni\Dissertation\MScProject\Dataset\096093.xls,.xls,0.52,OK,
C:\Users\User\OneDrive\Documents\Uni\Dissertation\MScProject\Dataset\096215.xls,.xls,0.04,OK,
C:\Users\User\OneDrive\Documents\Uni\Dissertation\MScProject\Dataset\096221.xls,.xls,0.04,OK,
C:\Users\User\OneDrive\Documents\Uni\Dissertation\MScProject\Dataset\096327.xls,.xls,0.8,OK,
C:\Users\User\OneDrive\Documents\Uni\Dissertation\MScProject\Dataset\096330.xls,.xls,0.05,OK,
C:\Users\User\OneDrive\Documents\Uni\Dissertation\MScProject\Dataset\096333.xls,.xls,0.04,OK,
C:\Users\User\OneDrive\Documents\Uni\Dissertation\MScProject\Dataset\096350.xls,.xls,1.65,OK,
C:\Users\User\OneDrive\Documents\Uni\Dissertation\MScProject\Dataset\096454.xls,.xls,0.02,OK,
C:\Users\User\OneDrive\Documents\Uni\Dissertation\MScProject\Dataset\096455.xls,.xls,0.09,OK,
C:\Users\User\OneDrive\Documents\Uni\Dissertation\MScProject\Dataset\096456.xls,.xls,0.06,OK,
C:\Users\User\OneDrive\Documents\Uni\Dissertation\MScProject\Dataset\096457.xls,.xls,0.04,OK,
C:\Users\User\OneDrive\Documents\Uni\Dissertation\MScProject\Dataset\096459.xls,.xls,0.04,OK,
C:\Users\User\OneDrive\Documents\Uni\Dissertation\MScProject\Dataset\096463.xls,.xls,0.42,OK,
C:\Users\User\OneDrive\Documents\Uni\Dissertation\MScProject\Dataset\096464.xls,.xls,0.07,OK,
C:\Users\User\OneDrive\Documents\Uni\Dissertation\MScProject\Dataset\096470.xls,.xls,8.72,OK,
C:\Users\User\OneDrive\Documents\Uni\Dissertation\MScProject\Dataset\096474.xls,.xls,0.03,OK,
C:\Users\User\OneDrive\Documents\Uni\Dissertation\MScProject\Dataset\097103.xls,.xls,1.22,OK,
C:\Users\User\OneDrive\Documents\Uni\Dissertation\MScProject\Dataset\097285.xls,.xls,0.06,OK,
C:\Users\User\OneDrive\Documents\Uni\Dissertation\MScProject\Dataset\097286.xls,.xls,0.02,OK,
C:\Users\User\OneDrive\Documents\Uni\Dissertation\MScProject\Dataset\097290.xls,.xls,0.04,OK,
C:\Users\User\OneDrive\Documents\Uni\Dissertation\MScProject\Dataset\097292.xls,.xls,0.02,OK,
C:\Users\User\OneDrive\Documents\Uni\Dissertation\MScProject\Dataset\097296.xls,.xls,0.05,OK,
C:\Users\User\OneDrive\Documents\Uni\Dissertation\MScProject\Dataset\097300.xls,.xls,0.99,OK,
C:\Users\User\OneDrive\Documents\Uni\Dissertation\MScProject\Dataset\097502.xls,.xls,29.81,OK,
C:\Users\User\OneDrive\Documents\Uni\Dissertation\MScProject\Dataset\097504.xls,.xls,0.05,OK,
C:\Users\User\OneDrive\Documents\Uni\Dissertation\MScProject\Dataset\097506.xls,.xls,2.71,OK,
C:\Users\User\OneDrive\Documents\Uni\Dissertation\MScProject\Dataset\097507.xls,.xls,0.04,OK,
C:\Users\User\OneDrive\Documents\Uni\Dissertation\MScProject\Dataset\097508.xls,.xls,0.1,OK,
C:\Users\User\OneDrive\Documents\Uni\Dissertation\MScProject\Dataset\097509.xls,.xls,0.11,OK,
C:\Users\User\OneDrive\Documents\Uni\Dissertation\MScProject\Dataset\097510.xls,.xls,0.25,OK,
C:\Users\User\OneDrive\Documents\Uni\Dissertation\MScProject\Dataset\097763.xls,.xls,0.04,OK,
C:\Users\User\OneDrive\Documents\Uni\Dissertation\MScProject\Dataset\097881.xls,.xls,0.03,OK,
C:\Users\User\OneDrive\Documents\Uni\Dissertation\MScProject\Dataset\097952.xls,.xls,0.04,OK,
C:\Users\User\OneDrive\Documents\Uni\Dissertation\MScProject\Dataset\098185.xls,.xls,0.02,OK,
C:\Users\User\OneDrive\Documents\Uni\Dissertation\MScProject\Dataset\098208.xls,.xls,0.02,OK,
C:\Users\User\OneDrive\Documents\Uni\Dissertation\MScProject\Dataset\098212.xls,.xls,0.12,OK,
C:\Users\User\OneDrive\Documents\Uni\Dissertation\MScProject\Dataset\098213.xls,.xls,0.05,OK,
C:\Users\User\OneDrive\Documents\Uni\Dissertation\MScProject\Dataset\098215.xls,.xls,0.58,OK,
C:\Users\User\OneDrive\Documents\Uni\Dissertation\MScProject\Dataset\098218.xls,.xls,0.29,OK,
C:\Users\User\OneDrive\Documents\Uni\Dissertation\MScProject\Dataset\098221.xls,.xls,0.07,OK,
C:\Users\User\OneDrive\Documents\Uni\Dissertation\MScProject\Dataset\098222.xls,.xls,0.07,OK,
C:\Users\User\OneDrive\Documents\Uni\Dissertation\MScProject\Dataset\098224.xls,.xls,0.03,OK,
C:\Users\User\OneDrive\Documents\Uni\Dissertation\MScProject\Dataset\098226.xls,.xls,0.99,OK,
C:\Users\User\OneDrive\Documents\Uni\Dissertation\MScProject\Dataset\098227.xls,.xls,0.05,OK,
C:\Users\User\OneDrive\Documents\Uni\Dissertation\MScProject\Dataset\098228.xls,.xls,0.06,OK,
C:\Users\User\OneDrive\Documents\Uni\Dissertation\MScProject\Dataset\098250.xls,.xls,0.02,OK,
C:\Users\User\OneDrive\Documents\Uni\Dissertation\MScProject\Dataset\098531.xls,.xls,0.02,OK,
C:\Users\User\OneDrive\Documents\Uni\Dissertation\MScProject\Dataset\098532.xls,.xls,0.01,OK,
C:\Users\User\OneDrive\Documents\Uni\Dissertation\MScProject\Dataset\098533.xls,.xls,0.08,OK,
C:\Users\User\OneDrive\Documents\Uni\Dissertation\MScProject\Dataset\098534.xls,.xls,0.04,OK,
C:\Users\User\OneDrive\Documents\Uni\Dissertation\MScProject\Dataset\098535.xls,.xls,0.02,OK,
C:\Users\User\OneDrive\Documents\Uni\Dissertation\MScProject\Dataset\098536.xls,.xls,0.22,OK,
C:\Users\User\OneDrive\Documents\Uni\Dissertation\MScProject\Dataset\098537.xls,.xls,0.04,OK,
C:\Users\User\OneDrive\Documents\Uni\Dissertation\MScProject\Dataset\098538.xls,.xls,0.03,OK,
C:\Users\User\OneDrive\Documents\Uni\Dissertation\MScProject\Dataset\098539.xls,.xls,0.15,OK,
C:\Users\User\OneDrive\Documents\Uni\Dissertation\MScProject\Dataset\098541.xls,.xls,0.14,OK,
C:\Users\User\OneDrive\Documents\Uni\Dissertation\MScProject\Dataset\098544.xls,.xls,0.03,OK,
C:\Users\User\OneDrive\Documents\Uni\Dissertation\MScProject\Dataset\098548.xls,.xls,0.09,OK,
C:\Users\User\OneDrive\Documents\Uni\Dissertation\MScProject\Dataset\098549.xls,.xls,0.36,OK,
C:\Users\User\OneDrive\Documents\Uni\Dissertation\MScProject\Dataset\098565.xls,.xls,0.02,OK,
C:\Users\User\OneDrive\Documents\Uni\Dissertation\MScProject\Dataset\098765.xls,.xls,0.04,OK,
C:\Users\User\OneDrive\Documents\Uni\Dissertation\MScProject\Dataset\098766.xls,.xls,0.04,OK,
C:\Users\User\OneDrive\Documents\Uni\Dissertation\MScProject\Dataset\098767.xls,.xls,0.05,OK,
C:\Users\User\OneDrive\Documents\Uni\Dissertation\MScProject\Dataset\098770.xls,.xls,0.24,OK,
C:\Users\User\OneDrive\Documents\Uni\Dissertation\MScProject\Dataset\098771.xls,.xls,0.03,OK,
C:\Users\User\OneDrive\Documents\Uni\Dissertation\MScProject\Dataset\098772.xls,.xls,0.04,OK,
C:\Users\User\OneDrive\Documents\Uni\Dissertation\MScProject\Dataset\098790.xls,.xls,0.38,OK,
C:\Users\User\OneDrive\Documents\Uni\Dissertation\MScProject\Dataset\099299.xls,.xls,0.08,OK,
C:\Users\User\OneDrive\Documents\Uni\Dissertation\MScProject\Dataset\099309.xls,.xls,0.04,OK,
C:\Users\User\OneDrive\Documents\Uni\Dissertation\MScProject\Dataset\099320.xls,.xls,2.04,OK,
C:\Users\User\OneDrive\Documents\Uni\Dissertation\MScProject\Dataset\099327.xls,.xls,0.53,OK,
C:\Users\User\OneDrive\Documents\Uni\Dissertation\MScProject\Dataset\099482.xls,.xls,1.35,OK,
C:\Users\User\OneDrive\Documents\Uni\Dissertation\MScProject\Dataset\099485.xls,.xls,0.11,OK,
C:\Users\User\OneDrive\Documents\Uni\Dissertation\MScProject\Dataset\099494.xls,.xls,0.08,OK,
C:\Users\User\OneDrive\Documents\Uni\Dissertation\MScProject\Dataset\099495.xls,.xls,3.72,OK,
C:\Users\User\OneDrive\Documents\Uni\Dissertation\MScProject\Dataset\099521.xls,.xls,0.04,OK,
C:\Users\User\OneDrive\Documents\Uni\Dissertation\MScProject\Dataset\099577.xls,.xls,0.05,OK,
C:\Users\User\OneDrive\Documents\Uni\Dissertation\MScProject\Dataset\099579.xls,.xls,0.39,OK,
C:\Users\User\OneDrive\Documents\Uni\Dissertation\MScProject\Dataset\099581.xls,.xls,12.13,OK,
C:\Users\User\OneDrive\Documents\Uni\Dissertation\MScProject\Dataset\099722.xls,.xls,0.05,OK,
C:\Users\User\OneDrive\Documents\Uni\Dissertation\MScProject\Dataset\099723.xls,.xls,0.08,OK,
C:\Users\User\OneDrive\Documents\Uni\Dissertation\MScProject\Dataset\099724.xls,.xls,0.14,OK,
C:\Users\User\OneDrive\Documents\Uni\Dissertation\MScProject\Dataset\099725.xls,.xls,0.22,OK,
C:\Users\User\OneDrive\Documents\Uni\Dissertation\MScProject\Dataset\099726.xls,.xls,3.02,OK,
C:\Users\User\OneDrive\Documents\Uni\Dissertation\MScProject\Dataset\099845.xls,.xls,0.03,OK,
C:\Users\User\OneDrive\Documents\Uni\Dissertation\MScProject\Dataset\099865.xls,.xls,0.03,OK,
C:\Users\User\OneDrive\Documents\Uni\Dissertation\MScProject\Dataset\099875.xls,.xls,0.02,OK,
C:\Users\User\OneDrive\Documents\Uni\Dissertation\MScProject\Dataset\099879.xls,.xls,0.01,OK,
C:\Users\User\OneDrive\Documents\Uni\Dissertation\MScProject\Dataset\099882.xls,.xls,0.04,OK,
C:\Users\User\OneDrive\Documents\Uni\Dissertation\MScProject\Dataset\099892.xls,.xls,0.04,OK,
C:\Users\User\OneDrive\Documents\Uni\Dissertation\MScProject\Dataset\099904.xls,.xls,0.08,OK,
C:\Users\User\OneDrive\Documents\Uni\Dissertation\MScProject\Dataset\099909.xls,.xls,0.05,OK,
C:\Users\User\OneDrive\Documents\Uni\Dissertation\MScProject\Dataset\099955.xls,.xls,0.06,OK,
C:\Users\User\OneDrive\Documents\Uni\Dissertation\MScProject\Dataset\099956.xls,.xls,0.01,OK,
C:\Users\User\OneDrive\Documents\Uni\Dissertation\MScProject\Dataset\099957.xls,.xls,0.02,OK,
C:\Users\User\OneDrive\Documents\Uni\Dissertation\MScProject\Dataset\099959.xls,.xls,0.47,OK,
C:\Users\User\OneDrive\Documents\Uni\Dissertation\MScProject\Dataset\099963.xls,.xls,0.1,OK,
C:\Users\User\OneDrive\Documents\Uni\Dissertation\MScProject\Dataset\100180.xls,.xls,0.04,OK,
C:\Users\User\OneDrive\Documents\Uni\Dissertation\MScProject\Dataset\100183.xls,.xls,0.13,OK,
C:\Users\User\OneDrive\Documents\Uni\Dissertation\MScProject\Dataset\100186.xls,.xls,0.19,OK,
C:\Users\User\OneDrive\Documents\Uni\Dissertation\MScProject\Dataset\100201.xls,.xls,0.08,OK,
C:\Users\User\OneDrive\Documents\Uni\Dissertation\MScProject\Dataset\100202.xls,.xls,0.19,OK,
C:\Users\User\OneDrive\Documents\Uni\Dissertation\MScProject\Dataset\100203.xls,.xls,0.11,OK,
C:\Users\User\OneDrive\Documents\Uni\Dissertation\MScProject\Dataset\100204.xls,.xls,0.05,OK,
C:\Users\User\OneDrive\Documents\Uni\Dissertation\MScProject\Dataset\100205.xls,.xls,0.02,OK,
C:\Users\User\OneDrive\Documents\Uni\Dissertation\MScProject\Dataset\100206.xls,.xls,0.02,OK,
C:\Users\User\OneDrive\Documents\Uni\Dissertation\MScProject\Dataset\100207.xls,.xls,0.01,OK,
C:\Users\User\OneDrive\Documents\Uni\Dissertation\MScProject\Dataset\100209.xls,.xls,0.12,OK,
C:\Users\User\OneDrive\Documents\Uni\Dissertation\MScProject\Dataset\100211.xls,.xls,0.04,OK,
C:\Users\User\OneDrive\Documents\Uni\Dissertation\MScProject\Dataset\100213.xls,.xls,0.33,OK,
C:\Users\User\OneDrive\Documents\Uni\Dissertation\MScProject\Dataset\100215.xls,.xls,0.04,OK,
C:\Users\User\OneDrive\Documents\Uni\Dissertation\MScProject\Dataset\100216.xls,.xls,0.02,OK,
C:\Users\User\OneDrive\Documents\Uni\Dissertation\MScProject\Dataset\100218.xls,.xls,2.92,OK,
C:\Users\User\OneDrive\Documents\Uni\Dissertation\MScProject\Dataset\100219.xls,.xls,0.07,OK,
C:\Users\User\OneDrive\Documents\Uni\Dissertation\MScProject\Dataset\100220.xls,.xls,2.4,OK,
C:\Users\User\OneDrive\Documents\Uni\Dissertation\MScProject\Dataset\100224.xls,.xls,0.03,OK,
C:\Users\User\OneDrive\Documents\Uni\Dissertation\MScProject\Dataset\100225.xls,.xls,0.27,OK,
C:\Users\User\OneDrive\Documents\Uni\Dissertation\MScProject\Dataset\100226.xls,.xls,0.03,OK,
C:\Users\User\OneDrive\Documents\Uni\Dissertation\MScProject\Dataset\100228.xls,.xls,0.02,OK,
C:\Users\User\OneDrive\Documents\Uni\Dissertation\MScProject\Dataset\100229.xls,.xls,0.05,OK,
C:\Users\User\OneDrive\Documents\Uni\Dissertation\MScProject\Dataset\100234.xls,.xls,1.65,OK,
C:\Users\User\OneDrive\Documents\Uni\Dissertation\MScProject\Dataset\100236.xls,.xls,0.04,OK,
C:\Users\User\OneDrive\Documents\Uni\Dissertation\MScProject\Dataset\100237.xls,.xls,0.02,OK,
C:\Users\User\OneDrive\Documents\Uni\Dissertation\MScProject\Dataset\100238.xls,.xls,8.99,OK,
C:\Users\User\OneDrive\Documents\Uni\Dissertation\MScProject\Dataset\100240.xls,.xls,0.03,OK,
C:\Users\User\OneDrive\Documents\Uni\Dissertation\MScProject\Dataset\100241.xls,.xls,3.43,OK,
C:\Users\User\OneDrive\Documents\Uni\Dissertation\MScProject\Dataset\100440.xls,.xls,0.03,OK,
C:\Users\User\OneDrive\Documents\Uni\Dissertation\MScProject\Dataset\100441.xls,.xls,0.03,OK,
C:\Users\User\OneDrive\Documents\Uni\Dissertation\MScProject\Dataset\100487.xls,.xls,0.05,OK,
C:\Users\User\OneDrive\Documents\Uni\Dissertation\MScProject\Dataset\100488.xls,.xls,0.13,OK,
C:\Users\User\OneDrive\Documents\Uni\Dissertation\MScProject\Dataset\100490.xls,.xls,0.04,OK,
C:\Users\User\OneDrive\Documents\Uni\Dissertation\MScProject\Dataset\100491.xls,.xls,1.96,OK,
C:\Users\User\OneDrive\Documents\Uni\Dissertation\MScProject\Dataset\100492.xls,.xls,0.06,OK,
C:\Users\User\OneDrive\Documents\Uni\Dissertation\MScProject\Dataset\100494.xls,.xls,0.04,OK,
C:\Users\User\OneDrive\Documents\Uni\Dissertation\MScProject\Dataset\100495.xls,.xls,0.04,OK,
C:\Users\User\OneDrive\Documents\Uni\Dissertation\MScProject\Dataset\100547.xls,.xls,2.17,OK,
C:\Users\User\OneDrive\Documents\Uni\Dissertation\MScProject\Dataset\100624.xls,.xls,0.07,OK,
C:\Users\User\OneDrive\Documents\Uni\Dissertation\MScProject\Dataset\100625.xls,.xls,0.07,OK,
C:\Users\User\OneDrive\Documents\Uni\Dissertation\MScProject\Dataset\100832.xls,.xls,0.94,OK,
C:\Users\User\OneDrive\Documents\Uni\Dissertation\MScProject\Dataset\100833.xls,.xls,0.13,OK,
C:\Users\User\OneDrive\Documents\Uni\Dissertation\MScProject\Dataset\100834.xls,.xls,0.99,OK,
C:\Users\User\OneDrive\Documents\Uni\Dissertation\MScProject\Dataset\100835.xls,.xls,0.03,OK,
C:\Users\User\OneDrive\Documents\Uni\Dissertation\MScProject\Dataset\100838.xls,.xls,0.17,OK,
C:\Users\User\OneDrive\Documents\Uni\Dissertation\MScProject\Dataset\100839.xls,.xls,10.31,OK,
C:\Users\User\OneDrive\Documents\Uni\Dissertation\MScProject\Dataset\100840.xls,.xls,0.02,OK,
C:\Users\User\OneDrive\Documents\Uni\Dissertation\MScProject\Dataset\100841.xls,.xls,0.16,OK,
C:\Users\User\OneDrive\Documents\Uni\Dissertation\MScProject\Dataset\100842.xls,.xls,0.17,OK,
C:\Users\User\OneDrive\Documents\Uni\Dissertation\MScProject\Dataset\100844.xls,.xls,0.04,OK,
C:\Users\User\OneDrive\Documents\Uni\Dissertation\MScProject\Dataset\100846.xls,.xls,0.01,OK,
C:\Users\User\OneDrive\Documents\Uni\Dissertation\MScProject\Dataset\100848.xls,.xls,0.13,OK,
C:\Users\User\OneDrive\Documents\Uni\Dissertation\MScProject\Dataset\100849.xls,.xls,0.02,OK,
C:\Users\User\OneDrive\Documents\Uni\Dissertation\MScProject\Dataset\100850.xls,.xls,0.14,OK,
C:\Users\User\OneDrive\Documents\Uni\Dissertation\MScProject\Dataset\100851.xls,.xls,0.05,OK,
C:\Users\User\OneDrive\Documents\Uni\Dissertation\MScProject\Dataset\100854.xls,.xls,3.67,OK,
C:\Users\User\OneDrive\Documents\Uni\Dissertation\MScProject\Dataset\100855.xls,.xls,0.56,OK,
C:\Users\User\OneDrive\Documents\Uni\Dissertation\MScProject\Dataset\100964.xls,.xls,0.03,OK,
C:\Users\User\OneDrive\Documents\Uni\Dissertation\MScProject\Dataset\100967.xls,.xls,0.03,OK,
C:\Users\User\OneDrive\Documents\Uni\Dissertation\MScProject\Dataset\100974.xls,.xls,0.02,OK,
C:\Users\User\OneDrive\Documents\Uni\Dissertation\MScProject\Dataset\100984.xls,.xls,0.03,OK,
C:\Users\User\OneDrive\Documents\Uni\Dissertation\MScProject\Dataset\101052.xls,.xls,0.04,OK,
C:\Users\User\OneDrive\Documents\Uni\Dissertation\MScProject\Dataset\101053.xls,.xls,0.12,OK,
C:\Users\User\OneDrive\Documents\Uni\Dissertation\MScProject\Dataset\101218.xls,.xls,0.02,OK,
C:\Users\User\OneDrive\Documents\Uni\Dissertation\MScProject\Dataset\101219.xls,.xls,0.03,OK,
C:\Users\User\OneDrive\Documents\Uni\Dissertation\MScProject\Dataset\101221.xls,.xls,0.09,OK,
C:\Users\User\OneDrive\Documents\Uni\Dissertation\MScProject\Dataset\101280.xls,.xls,0.03,OK,
C:\Users\User\OneDrive\Documents\Uni\Dissertation\MScProject\Dataset\101388.xls,.xls,0.03,OK,
C:\Users\User\OneDrive\Documents\Uni\Dissertation\MScProject\Dataset\101390.xls,.xls,0.04,OK,
C:\Users\User\OneDrive\Documents\Uni\Dissertation\MScProject\Dataset\101393.xls,.xls,0.32,OK,
C:\Users\User\OneDrive\Documents\Uni\Dissertation\MScProject\Dataset\101396.xls,.xls,5.97,OK,
C:\Users\User\OneDrive\Documents\Uni\Dissertation\MScProject\Dataset\101399.xls,.xls,5.97,OK,
C:\Users\User\OneDrive\Documents\Uni\Dissertation\MScProject\Dataset\101402.xls,.xls,0.69,OK,
C:\Users\User\OneDrive\Documents\Uni\Dissertation\MScProject\Dataset\101406.xls,.xls,0.06,OK,
C:\Users\User\OneDrive\Documents\Uni\Dissertation\MScProject\Dataset\101440.xls,.xls,0.03,OK,
C:\Users\User\OneDrive\Documents\Uni\Dissertation\MScProject\Dataset\101530.xls,.xls,0.03,OK,
C:\Users\User\OneDrive\Documents\Uni\Dissertation\MScProject\Dataset\101531.xls,.xls,0.05,OK,
C:\Users\User\OneDrive\Documents\Uni\Dissertation\MScProject\Dataset\101533.xls,.xls,0.04,OK,
C:\Users\User\OneDrive\Documents\Uni\Dissertation\MScProject\Dataset\101535.xls,.xls,0.08,OK,
C:\Users\User\OneDrive\Documents\Uni\Dissertation\MScProject\Dataset\101537.xls,.xls,0.04,OK,
C:\Users\User\OneDrive\Documents\Uni\Dissertation\MScProject\Dataset\101538.xls,.xls,0.5,OK,
C:\Users\User\OneDrive\Documents\Uni\Dissertation\MScProject\Dataset\101539.xls,.xls,0.02,OK,
C:\Users\User\OneDrive\Documents\Uni\Dissertation\MScProject\Dataset\101901.xls,.xls,25.89,OK,
C:\Users\User\OneDrive\Documents\Uni\Dissertation\MScProject\Dataset\101915.xls,.xls,0.03,OK,
C:\Users\User\OneDrive\Documents\Uni\Dissertation\MScProject\Dataset\101916.xls,.xls,0.05,OK,
C:\Users\User\OneDrive\Documents\Uni\Dissertation\MScProject\Dataset\101918.xls,.xls,0.01,OK,
C:\Users\User\OneDrive\Documents\Uni\Dissertation\MScProject\Dataset\101925.xls,.xls,0.03,OK,
C:\Users\User\OneDrive\Documents\Uni\Dissertation\MScProject\Dataset\101927.xls,.xls,0.08,OK,
C:\Users\User\OneDrive\Documents\Uni\Dissertation\MScProject\Dataset\102047.xls,.xls,0.49,OK,
C:\Users\User\OneDrive\Documents\Uni\Dissertation\MScProject\Dataset\102249.xls,.xls,1.09,OK,
C:\Users\User\OneDrive\Documents\Uni\Dissertation\MScProject\Dataset\102250.xls,.xls,0.05,OK,
C:\Users\User\OneDrive\Documents\Uni\Dissertation\MScProject\Dataset\102251.xls,.xls,0.03,OK,
C:\Users\User\OneDrive\Documents\Uni\Dissertation\MScProject\Dataset\102256.xls,.xls,0.03,OK,
C:\Users\User\OneDrive\Documents\Uni\Dissertation\MScProject\Dataset\102257.xls,.xls,0.42,OK,
C:\Users\User\OneDrive\Documents\Uni\Dissertation\MScProject\Dataset\102258.xls,.xls,0.02,OK,
C:\Users\User\OneDrive\Documents\Uni\Dissertation\MScProject\Dataset\102259.xls,.xls,0.04,OK,
C:\Users\User\OneDrive\Documents\Uni\Dissertation\MScProject\Dataset\102261.xls,.xls,0.33,OK,
C:\Users\User\OneDrive\Documents\Uni\Dissertation\MScProject\Dataset\102262.xls,.xls,0.06,OK,
C:\Users\User\OneDrive\Documents\Uni\Dissertation\MScProject\Dataset\102265.xls,.xls,0.03,OK,
C:\Users\User\OneDrive\Documents\Uni\Dissertation\MScProject\Dataset\102266.xls,.xls,0.02,OK,
C:\Users\User\OneDrive\Documents\Uni\Dissertation\MScProject\Dataset\102268.xls,.xls,0.02,OK,
C:\Users\User\OneDrive\Documents\Uni\Dissertation\MScProject\Dataset\102269.xls,.xls,0.13,OK,
C:\Users\User\OneDrive\Documents\Uni\Dissertation\MScProject\Dataset\102271.xls,.xls,0.04,OK,
C:\Users\User\OneDrive\Documents\Uni\Dissertation\MScProject\Dataset\102272.xls,.xls,0.02,OK,
C:\Users\User\OneDrive\Documents\Uni\Dissertation\MScProject\Dataset\102273.xls,.xls,0.07,OK,
C:\Users\User\OneDrive\Documents\Uni\Dissertation\MScProject\Dataset\102274.xls,.xls,0.02,OK,
C:\Users\User\OneDrive\Documents\Uni\Dissertation\MScProject\Dataset\102460.xls,.xls,0.01,OK,
C:\Users\User\OneDrive\Documents\Uni\Dissertation\MScProject\Dataset\102464.xls,.xls,0.01,OK,
C:\Users\User\OneDrive\Documents\Uni\Dissertation\MScProject\Dataset\102466.xls,.xls,0.03,OK,
C:\Users\User\OneDrive\Documents\Uni\Dissertation\MScProject\Dataset\102467.xls,.xls,0.01,OK,
C:\Users\User\OneDrive\Documents\Uni\Dissertation\MScProject\Dataset\102468.xls,.xls,0.04,OK,
C:\Users\User\OneDrive\Documents\Uni\Dissertation\MScProject\Dataset\102474.xls,.xls,0.02,OK,
C:\Users\User\OneDrive\Documents\Uni\Dissertation\MScProject\Dataset\102476.xls,.xls,0.1,OK,
C:\Users\User\OneDrive\Documents\Uni\Dissertation\MScProject\Dataset\102486.xls,.xls,0.14,OK,
C:\Users\User\OneDrive\Documents\Uni\Dissertation\MScProject\Dataset\102513.xls,.xls,0.09,OK,
C:\Users\User\OneDrive\Documents\Uni\Dissertation\MScProject\Dataset\102516.xls,.xls,0.07,OK,
C:\Users\User\OneDrive\Documents\Uni\Dissertation\MScProject\Dataset\102606.xls,.xls,0.02,OK,
C:\Users\User\OneDrive\Documents\Uni\Dissertation\MScProject\Dataset\102607.xls,.xls,1.92,OK,
C:\Users\User\OneDrive\Documents\Uni\Dissertation\MScProject\Dataset\102609.xls,.xls,0.35,OK,
C:\Users\User\OneDrive\Documents\Uni\Dissertation\MScProject\Dataset\102610.xls,.xls,0.02,OK,
C:\Users\User\OneDrive\Documents\Uni\Dissertation\MScProject\Dataset\102612.xls,.xls,0.05,OK,
C:\Users\User\OneDrive\Documents\Uni\Dissertation\MScProject\Dataset\102613.xls,.xls,0.3,OK,
C:\Users\User\OneDrive\Documents\Uni\Dissertation\MScProject\Dataset\102614.xls,.xls,0.11,OK,
C:\Users\User\OneDrive\Documents\Uni\Dissertation\MScProject\Dataset\102615.xls,.xls,7.54,OK,
C:\Users\User\OneDrive\Documents\Uni\Dissertation\MScProject\Dataset\102862.xls,.xls,0.38,OK,
C:\Users\User\OneDrive\Documents\Uni\Dissertation\MScProject\Dataset\102978.xls,.xls,3.09,OK,
C:\Users\User\OneDrive\Documents\Uni\Dissertation\MScProject\Dataset\103002.xls,.xls,0.18,OK,
C:\Users\User\OneDrive\Documents\Uni\Dissertation\MScProject\Dataset\103260.xls,.xls,0.04,OK,
C:\Users\User\OneDrive\Documents\Uni\Dissertation\MScProject\Dataset\103284.xls,.xls,0.03,OK,
C:\Users\User\OneDrive\Documents\Uni\Dissertation\MScProject\Dataset\103285.xls,.xls,0.03,OK,
C:\Users\User\OneDrive\Documents\Uni\Dissertation\MScProject\Dataset\103287.xls,.xls,0.06,OK,
C:\Users\User\OneDrive\Documents\Uni\Dissertation\MScProject\Dataset\103288.xls,.xls,0.02,OK,
C:\Users\User\OneDrive\Documents\Uni\Dissertation\MScProject\Dataset\103289.xls,.xls,0.02,OK,
C:\Users\User\OneDrive\Documents\Uni\Dissertation\MScProject\Dataset\103290.xls,.xls,0.01,OK,
C:\Users\User\OneDrive\Documents\Uni\Dissertation\MScProject\Dataset\103293.xls,.xls,0.02,OK,
C:\Users\User\OneDrive\Documents\Uni\Dissertation\MScProject\Dataset\103294.xls,.xls,0.02,OK,
C:\Users\User\OneDrive\Documents\Uni\Dissertation\MScProject\Dataset\103295.xls,.xls,0.08,OK,
C:\Users\User\OneDrive\Documents\Uni\Dissertation\MScProject\Dataset\103297.xls,.xls,0.02,OK,
C:\Users\User\OneDrive\Documents\Uni\Dissertation\MScProject\Dataset\103298.xls,.xls,0.03,OK,
C:\Users\User\OneDrive\Documents\Uni\Dissertation\MScProject\Dataset\103299.xls,.xls,0.12,OK,
C:\Users\User\OneDrive\Documents\Uni\Dissertation\MScProject\Dataset\103300.xls,.xls,0.15,OK,
C:\Users\User\OneDrive\Documents\Uni\Dissertation\MScProject\Dataset\103301.xls,.xls,0.07,OK,
C:\Users\User\OneDrive\Documents\Uni\Dissertation\MScProject\Dataset\103303.xls,.xls,0.08,OK,
C:\Users\User\OneDrive\Documents\Uni\Dissertation\MScProject\Dataset\103304.xls,.xls,6.6,OK,
C:\Users\User\OneDrive\Documents\Uni\Dissertation\MScProject\Dataset\103305.xls,.xls,0.12,OK,
C:\Users\User\OneDrive\Documents\Uni\Dissertation\MScProject\Dataset\103306.xls,.xls,0.07,OK,
C:\Users\User\OneDrive\Documents\Uni\Dissertation\MScProject\Dataset\103307.xls,.xls,0.05,OK,
C:\Users\User\OneDrive\Documents\Uni\Dissertation\MScProject\Dataset\103308.xls,.xls,0.05,OK,
C:\Users\User\OneDrive\Documents\Uni\Dissertation\MScProject\Dataset\103310.xls,.xls,0.15,OK,
C:\Users\User\OneDrive\Documents\Uni\Dissertation\MScProject\Dataset\103311.xls,.xls,0.09,OK,
C:\Users\User\OneDrive\Documents\Uni\Dissertation\MScProject\Dataset\103312.xls,.xls,0.07,OK,
C:\Users\User\OneDrive\Documents\Uni\Dissertation\MScProject\Dataset\103313.xls,.xls,0.18,OK,
C:\Users\User\OneDrive\Documents\Uni\Dissertation\MScProject\Dataset\103314.xls,.xls,0.03,OK,
C:\Users\User\OneDrive\Documents\Uni\Dissertation\MScProject\Dataset\103434.xls,.xls,0.28,OK,
C:\Users\User\OneDrive\Documents\Uni\Dissertation\MScProject\Dataset\103589.xls,.xls,1.54,OK,
C:\Users\User\OneDrive\Documents\Uni\Dissertation\MScProject\Dataset\103811.xls,.xls,0.13,OK,
C:\Users\User\OneDrive\Documents\Uni\Dissertation\MScProject\Dataset\103815.xls,.xls,0.13,OK,
C:\Users\User\OneDrive\Documents\Uni\Dissertation\MScProject\Dataset\103824.xls,.xls,0.04,OK,
C:\Users\User\OneDrive\Documents\Uni\Dissertation\MScProject\Dataset\103906.xls,.xls,1.69,OK,
C:\Users\User\OneDrive\Documents\Uni\Dissertation\MScProject\Dataset\103909.xls,.xls,0.05,OK,
C:\Users\User\OneDrive\Documents\Uni\Dissertation\MScProject\Dataset\103910.xls,.xls,0.02,OK,
C:\Users\User\OneDrive\Documents\Uni\Dissertation\MScProject\Dataset\103911.xls,.xls,0.02,OK,
C:\Users\User\OneDrive\Documents\Uni\Dissertation\MScProject\Dataset\103913.xls,.xls,0.02,OK,
C:\Users\User\OneDrive\Documents\Uni\Dissertation\MScProject\Dataset\103915.xls,.xls,0.03,OK,
C:\Users\User\OneDrive\Documents\Uni\Dissertation\MScProject\Dataset\103916.xls,.xls,0.02,OK,
C:\Users\User\OneDrive\Documents\Uni\Dissertation\MScProject\Dataset\103918.xls,.xls,0.05,OK,
C:\Users\User\OneDrive\Documents\Uni\Dissertation\MScProject\Dataset\103919.xls,.xls,0.02,OK,
C:\Users\User\OneDrive\Documents\Uni\Dissertation\MScProject\Dataset\103921.xls,.xls,0.05,OK,
C:\Users\User\OneDrive\Documents\Uni\Dissertation\MScProject\Dataset\103922.xls,.xls,0.29,OK,
C:\Users\User\OneDrive\Documents\Uni\Dissertation\MScProject\Dataset\103923.xls,.xls,2.02,OK,
C:\Users\User\OneDrive\Documents\Uni\Dissertation\MScProject\Dataset\103924.xls,.xls,0.66,OK,
C:\Users\User\OneDrive\Documents\Uni\Dissertation\MScProject\Dataset\103925.xls,.xls,0.07,OK,
C:\Users\User\OneDrive\Documents\Uni\Dissertation\MScProject\Dataset\103926.xls,.xls,0.22,OK,
C:\Users\User\OneDrive\Documents\Uni\Dissertation\MScProject\Dataset\103927.xls,.xls,0.35,OK,
C:\Users\User\OneDrive\Documents\Uni\Dissertation\MScProject\Dataset\103928.xls,.xls,0.52,OK,
C:\Users\User\OneDrive\Documents\Uni\Dissertation\MScProject\Dataset\103929.xls,.xls,0.06,OK,
C:\Users\User\OneDrive\Documents\Uni\Dissertation\MScProject\Dataset\103930.xls,.xls,1.5,OK,
C:\Users\User\OneDrive\Documents\Uni\Dissertation\MScProject\Dataset\103932.xls,.xls,0.12,OK,
C:\Users\User\OneDrive\Documents\Uni\Dissertation\MScProject\Dataset\104147.xls,.xls,0.1,OK,
C:\Users\User\OneDrive\Documents\Uni\Dissertation\MScProject\Dataset\104153.xls,.xls,0.02,OK,
C:\Users\User\OneDrive\Documents\Uni\Dissertation\MScProject\Dataset\104157.xls,.xls,0.42,OK,
C:\Users\User\OneDrive\Documents\Uni\Dissertation\MScProject\Dataset\104158.xls,.xls,0.55,OK,
C:\Users\User\OneDrive\Documents\Uni\Dissertation\MScProject\Dataset\104161.xls,.xls,0.51,OK,
C:\Users\User\OneDrive\Documents\Uni\Dissertation\MScProject\Dataset\104162.xls,.xls,0.23,OK,
C:\Users\User\OneDrive\Documents\Uni\Dissertation\MScProject\Dataset\104165.xls,.xls,0.12,OK,
C:\Users\User\OneDrive\Documents\Uni\Dissertation\MScProject\Dataset\104402.xls,.xls,0.04,OK,
C:\Users\User\OneDrive\Documents\Uni\Dissertation\MScProject\Dataset\104405.xls,.xls,0.33,OK,
C:\Users\User\OneDrive\Documents\Uni\Dissertation\MScProject\Dataset\104406.xls,.xls,0.08,OK,
C:\Users\User\OneDrive\Documents\Uni\Dissertation\MScProject\Dataset\104408.xls,.xls,0.35,OK,
C:\Users\User\OneDrive\Documents\Uni\Dissertation\MScProject\Dataset\104411.xls,.xls,0.03,OK,
C:\Users\User\OneDrive\Documents\Uni\Dissertation\MScProject\Dataset\104412.xls,.xls,0.12,OK,
C:\Users\User\OneDrive\Documents\Uni\Dissertation\MScProject\Dataset\104414.xls,.xls,0.08,OK,
C:\Users\User\OneDrive\Documents\Uni\Dissertation\MScProject\Dataset\104416.xls,.xls,0.07,OK,
C:\Users\User\OneDrive\Documents\Uni\Dissertation\MScProject\Dataset\104419.xls,.xls,0.44,OK,
C:\Users\User\OneDrive\Documents\Uni\Dissertation\MScProject\Dataset\104421.xls,.xls,0.05,OK,
C:\Users\User\OneDrive\Documents\Uni\Dissertation\MScProject\Dataset\104423.xls,.xls,0.04,OK,
C:\Users\User\OneDrive\Documents\Uni\Dissertation\MScProject\Dataset\104424.xls,.xls,1.03,OK,
C:\Users\User\OneDrive\Documents\Uni\Dissertation\MScProject\Dataset\104426.xls,.xls,0.04,OK,
C:\Users\User\OneDrive\Documents\Uni\Dissertation\MScProject\Dataset\104427.xls,.xls,0.86,OK,
C:\Users\User\OneDrive\Documents\Uni\Dissertation\MScProject\Dataset\104428.xls,.xls,0.11,OK,
C:\Users\User\OneDrive\Documents\Uni\Dissertation\MScProject\Dataset\104429.xls,.xls,0.07,OK,
C:\Users\User\OneDrive\Documents\Uni\Dissertation\MScProject\Dataset\104431.xls,.xls,0.35,OK,
C:\Users\User\OneDrive\Documents\Uni\Dissertation\MScProject\Dataset\104432.xls,.xls,0.07,OK,
C:\Users\User\OneDrive\Documents\Uni\Dissertation\MScProject\Dataset\104433.xls,.xls,0.04,OK,
C:\Users\User\OneDrive\Documents\Uni\Dissertation\MScProject\Dataset\104563.xls,.xls,0.43,OK,
C:\Users\User\OneDrive\Documents\Uni\Dissertation\MScProject\Dataset\104564.xls,.xls,0.17,OK,
C:\Users\User\OneDrive\Documents\Uni\Dissertation\MScProject\Dataset\104674.xls,.xls,2.57,OK,
C:\Users\User\OneDrive\Documents\Uni\Dissertation\MScProject\Dataset\104848.xls,.xls,0.55,OK,
C:\Users\User\OneDrive\Documents\Uni\Dissertation\MScProject\Dataset\104892.xls,.xls,0.03,OK,
C:\Users\User\OneDrive\Documents\Uni\Dissertation\MScProject\Dataset\104893.xls,.xls,5.67,OK,
C:\Users\User\OneDrive\Documents\Uni\Dissertation\MScProject\Dataset\104894.xls,.xls,0.03,OK,
C:\Users\User\OneDrive\Documents\Uni\Dissertation\MScProject\Dataset\104895.xls,.xls,0.03,OK,
C:\Users\User\OneDrive\Documents\Uni\Dissertation\MScProject\Dataset\104896.xls,.xls,0.05,OK,
C:\Users\User\OneDrive\Documents\Uni\Dissertation\MScProject\Dataset\104897.xls,.xls,0.21,OK,
C:\Users\User\OneDrive\Documents\Uni\Dissertation\MScProject\Dataset\104929.xls,.xls,0.05,OK,
C:\Users\User\OneDrive\Documents\Uni\Dissertation\MScProject\Dataset\104930.xls,.xls,1.12,OK,
C:\Users\User\OneDrive\Documents\Uni\Dissertation\MScProject\Dataset\104944.xls,.xls,0.2,OK,
C:\Users\User\OneDrive\Documents\Uni\Dissertation\MScProject\Dataset\104954.xls,.xls,0.2,OK,
C:\Users\User\OneDrive\Documents\Uni\Dissertation\MScProject\Dataset\104967.xls,.xls,0.86,OK,
C:\Users\User\OneDrive\Documents\Uni\Dissertation\MScProject\Dataset\105069.xls,.xls,2.2,OK,
C:\Users\User\OneDrive\Documents\Uni\Dissertation\MScProject\Dataset\105170.xls,.xls,0.03,OK,
C:\Users\User\OneDrive\Documents\Uni\Dissertation\MScProject\Dataset\105171.xls,.xls,0.03,OK,
C:\Users\User\OneDrive\Documents\Uni\Dissertation\MScProject\Dataset\105177.xls,.xls,0.59,OK,
C:\Users\User\OneDrive\Documents\Uni\Dissertation\MScProject\Dataset\105194.xls,.xls,0.09,OK,
C:\Users\User\OneDrive\Documents\Uni\Dissertation\MScProject\Dataset\105202.xls,.xls,0.19,OK,
C:\Users\User\OneDrive\Documents\Uni\Dissertation\MScProject\Dataset\105228.xls,.xls,0.21,OK,
C:\Users\User\OneDrive\Documents\Uni\Dissertation\MScProject\Dataset\105384.xls,.xls,0.06,OK,
C:\Users\User\OneDrive\Documents\Uni\Dissertation\MScProject\Dataset\105387.xls,.xls,0.03,OK,
C:\Users\User\OneDrive\Documents\Uni\Dissertation\MScProject\Dataset\105390.xls,.xls,0.02,OK,
C:\Users\User\OneDrive\Documents\Uni\Dissertation\MScProject\Dataset\105392.xls,.xls,0.03,OK,
C:\Users\User\OneDrive\Documents\Uni\Dissertation\MScProject\Dataset\105394.xls,.xls,0.26,OK,
C:\Users\User\OneDrive\Documents\Uni\Dissertation\MScProject\Dataset\105396.xls,.xls,0.24,OK,
C:\Users\User\OneDrive\Documents\Uni\Dissertation\MScProject\Dataset\105397.xls,.xls,0.42,OK,
C:\Users\User\OneDrive\Documents\Uni\Dissertation\MScProject\Dataset\105398.xls,.xls,0.03,OK,
C:\Users\User\OneDrive\Documents\Uni\Dissertation\MScProject\Dataset\105400.xls,.xls,0.3,OK,
C:\Users\User\OneDrive\Documents\Uni\Dissertation\MScProject\Dataset\105401.xls,.xls,0.17,OK,
C:\Users\User\OneDrive\Documents\Uni\Dissertation\MScProject\Dataset\105402.xls,.xls,5.19,OK,
C:\Users\User\OneDrive\Documents\Uni\Dissertation\MScProject\Dataset\105403.xls,.xls,0.08,OK,
C:\Users\User\OneDrive\Documents\Uni\Dissertation\MScProject\Dataset\105405.xls,.xls,5.26,OK,
C:\Users\User\OneDrive\Documents\Uni\Dissertation\MScProject\Dataset\105406.xls,.xls,0.06,OK,
C:\Users\User\OneDrive\Documents\Uni\Dissertation\MScProject\Dataset\105407.xls,.xls,0.1,OK,
C:\Users\User\OneDrive\Documents\Uni\Dissertation\MScProject\Dataset\105408.xls,.xls,0.58,OK,
C:\Users\User\OneDrive\Documents\Uni\Dissertation\MScProject\Dataset\105409.xls,.xls,0.06,OK,
C:\Users\User\OneDrive\Documents\Uni\Dissertation\MScProject\Dataset\105410.xls,.xls,3.79,OK,
C:\Users\User\OneDrive\Documents\Uni\Dissertation\MScProject\Dataset\105411.xls,.xls,0.05,OK,
C:\Users\User\OneDrive\Documents\Uni\Dissertation\MScProject\Dataset\105412.xls,.xls,0.32,OK,
C:\Users\User\OneDrive\Documents\Uni\Dissertation\MScProject\Dataset\105413.xls,.xls,0.03,OK,
C:\Users\User\OneDrive\Documents\Uni\Dissertation\MScProject\Dataset\105695.xls,.xls,0.04,OK,
C:\Users\User\OneDrive\Documents\Uni\Dissertation\MScProject\Dataset\105718.xls,.xls,0.03,OK,
C:\Users\User\OneDrive\Documents\Uni\Dissertation\MScProject\Dataset\105719.xls,.xls,5.42,OK,
C:\Users\User\OneDrive\Documents\Uni\Dissertation\MScProject\Dataset\105720.xls,.xls,0.03,OK,
C:\Users\User\OneDrive\Documents\Uni\Dissertation\MScProject\Dataset\105723.xls,.xls,5.49,OK,
C:\Users\User\OneDrive\Documents\Uni\Dissertation\MScProject\Dataset\105725.xls,.xls,0.03,OK,
C:\Users\User\OneDrive\Documents\Uni\Dissertation\MScProject\Dataset\105726.xls,.xls,0.02,OK,
C:\Users\User\OneDrive\Documents\Uni\Dissertation\MScProject\Dataset\105727.xls,.xls,0.44,OK,
C:\Users\User\OneDrive\Documents\Uni\Dissertation\MScProject\Dataset\105731.xls,.xls,0.35,OK,
C:\Users\User\OneDrive\Documents\Uni\Dissertation\MScProject\Dataset\105732.xls,.xls,0.47,OK,
C:\Users\User\OneDrive\Documents\Uni\Dissertation\MScProject\Dataset\105733.xls,.xls,0.11,OK,
C:\Users\User\OneDrive\Documents\Uni\Dissertation\MScProject\Dataset\105737.xls,.xls,2.13,OK,
C:\Users\User\OneDrive\Documents\Uni\Dissertation\MScProject\Dataset\105738.xls,.xls,0.02,OK,
C:\Users\User\OneDrive\Documents\Uni\Dissertation\MScProject\Dataset\105739.xls,.xls,0.02,OK,
C:\Users\User\OneDrive\Documents\Uni\Dissertation\MScProject\Dataset\105741.xls,.xls,6.67,OK,
C:\Users\User\OneDrive\Documents\Uni\Dissertation\MScProject\Dataset\105743.xls,.xls,0.02,OK,
C:\Users\User\OneDrive\Documents\Uni\Dissertation\MScProject\Dataset\105744.xls,.xls,0.02,OK,
C:\Users\User\OneDrive\Documents\Uni\Dissertation\MScProject\Dataset\105745.xls,.xls,0.75,OK,
C:\Users\User\OneDrive\Documents\Uni\Dissertation\MScProject\Dataset\105746.xls,.xls,2.61,OK,
C:\Users\User\OneDrive\Documents\Uni\Dissertation\MScProject\Dataset\105747.xls,.xls,0.75,OK,
C:\Users\User\OneDrive\Documents\Uni\Dissertation\MScProject\Dataset\105748.xls,.xls,38.63,OK,
C:\Users\User\OneDrive\Documents\Uni\Dissertation\MScProject\Dataset\105750.xls,.xls,0.03,OK,
C:\Users\User\OneDrive\Documents\Uni\Dissertation\MScProject\Dataset\105751.xls,.xls,7.37,OK,
C:\Users\User\OneDrive\Documents\Uni\Dissertation\MScProject\Dataset\105752.xls,.xls,4.05,OK,
C:\Users\User\OneDrive\Documents\Uni\Dissertation\MScProject\Dataset\105753.xls,.xls,0.56,OK,
C:\Users\User\OneDrive\Documents\Uni\Dissertation\MScProject\Dataset\105755.xls,.xls,0.09,OK,
C:\Users\User\OneDrive\Documents\Uni\Dissertation\MScProject\Dataset\105802.xls,.xls,0.02,OK,
C:\Users\User\OneDrive\Documents\Uni\Dissertation\MScProject\Dataset\105916.xls,.xls,0.08,OK,
C:\Users\User\OneDrive\Documents\Uni\Dissertation\MScProject\Dataset\105917.xls,.xls,0.23,OK,
C:\Users\User\OneDrive\Documents\Uni\Dissertation\MScProject\Dataset\106184.xls,.xls,0.04,OK,
C:\Users\User\OneDrive\Documents\Uni\Dissertation\MScProject\Dataset\106209.xls,.xls,0.06,OK,
C:\Users\User\OneDrive\Documents\Uni\Dissertation\MScProject\Dataset\106214.xls,.xls,0.03,OK,
C:\Users\User\OneDrive\Documents\Uni\Dissertation\MScProject\Dataset\106221.xls,.xls,0.05,OK,
C:\Users\User\OneDrive\Documents\Uni\Dissertation\MScProject\Dataset\106353.xls,.xls,0.04,OK,
C:\Users\User\OneDrive\Documents\Uni\Dissertation\MScProject\Dataset\106364.xls,.xls,0.07,OK,
C:\Users\User\OneDrive\Documents\Uni\Dissertation\MScProject\Dataset\106366.xls,.xls,0.1,OK,
C:\Users\User\OneDrive\Documents\Uni\Dissertation\MScProject\Dataset\106481.xls,.xls,0.04,OK,
C:\Users\User\OneDrive\Documents\Uni\Dissertation\MScProject\Dataset\106526.xls,.xls,0.04,OK,
C:\Users\User\OneDrive\Documents\Uni\Dissertation\MScProject\Dataset\106550.xls,.xls,0.1,OK,
C:\Users\User\OneDrive\Documents\Uni\Dissertation\MScProject\Dataset\106552.xls,.xls,0.02,OK,
C:\Users\User\OneDrive\Documents\Uni\Dissertation\MScProject\Dataset\106553.xls,.xls,0.4,OK,
C:\Users\User\OneDrive\Documents\Uni\Dissertation\MScProject\Dataset\106554.xls,.xls,0.1,OK,
C:\Users\User\OneDrive\Documents\Uni\Dissertation\MScProject\Dataset\106555.xls,.xls,0.93,OK,
C:\Users\User\OneDrive\Documents\Uni\Dissertation\MScProject\Dataset\106556.xls,.xls,0.74,OK,
C:\Users\User\OneDrive\Documents\Uni\Dissertation\MScProject\Dataset\106558.xls,.xls,0.23,OK,
C:\Users\User\OneDrive\Documents\Uni\Dissertation\MScProject\Dataset\106560.xls,.xls,0.03,OK,
C:\Users\User\OneDrive\Documents\Uni\Dissertation\MScProject\Dataset\106564.xls,.xls,0.1,OK,
C:\Users\User\OneDrive\Documents\Uni\Dissertation\MScProject\Dataset\106565.xls,.xls,0.14,OK,
C:\Users\User\OneDrive\Documents\Uni\Dissertation\MScProject\Dataset\106566.xls,.xls,0.02,OK,
C:\Users\User\OneDrive\Documents\Uni\Dissertation\MScProject\Dataset\106567.xls,.xls,0.05,OK,
C:\Users\User\OneDrive\Documents\Uni\Dissertation\MScProject\Dataset\106568.xls,.xls,0.37,OK,
C:\Users\User\OneDrive\Documents\Uni\Dissertation\MScProject\Dataset\106803.xls,.xls,0.06,OK,
C:\Users\User\OneDrive\Documents\Uni\Dissertation\MScProject\Dataset\106805.xls,.xls,0.02,OK,
C:\Users\User\OneDrive\Documents\Uni\Dissertation\MScProject\Dataset\106807.xls,.xls,0.21,OK,
C:\Users\User\OneDrive\Documents\Uni\Dissertation\MScProject\Dataset\106808.xls,.xls,0.06,OK,
C:\Users\User\OneDrive\Documents\Uni\Dissertation\MScProject\Dataset\106811.xls,.xls,0.04,OK,
C:\Users\User\OneDrive\Documents\Uni\Dissertation\MScProject\Dataset\106813.xls,.xls,0.36,OK,
C:\Users\User\OneDrive\Documents\Uni\Dissertation\MScProject\Dataset\106816.xls,.xls,4.32,OK,
C:\Users\User\OneDrive\Documents\Uni\Dissertation\MScProject\Dataset\106817.xls,.xls,0.12,OK,
C:\Users\User\OneDrive\Documents\Uni\Dissertation\MScProject\Dataset\106903.xls,.xls,0.03,OK,
C:\Users\User\OneDrive\Documents\Uni\Dissertation\MScProject\Dataset\107031.xls,.xls,0.06,OK,
C:\Users\User\OneDrive\Documents\Uni\Dissertation\MScProject\Dataset\107184.xls,.xls,0.04,OK,
C:\Users\User\OneDrive\Documents\Uni\Dissertation\MScProject\Dataset\107186.xls,.xls,0.02,OK,
C:\Users\User\OneDrive\Documents\Uni\Dissertation\MScProject\Dataset\107189.xls,.xls,0.02,OK,
C:\Users\User\OneDrive\Documents\Uni\Dissertation\MScProject\Dataset\107190.xls,.xls,0.02,OK,
C:\Users\User\OneDrive\Documents\Uni\Dissertation\MScProject\Dataset\107191.xls,.xls,0.07,OK,
C:\Users\User\OneDrive\Documents\Uni\Dissertation\MScProject\Dataset\107193.xls,.xls,0.57,OK,
C:\Users\User\OneDrive\Documents\Uni\Dissertation\MScProject\Dataset\107194.xls,.xls,0.08,OK,
C:\Users\User\OneDrive\Documents\Uni\Dissertation\MScProject\Dataset\107195.xls,.xls,0.09,OK,
C:\Users\User\OneDrive\Documents\Uni\Dissertation\MScProject\Dataset\107196.xls,.xls,0.08,OK,
C:\Users\User\OneDrive\Documents\Uni\Dissertation\MScProject\Dataset\107197.xls,.xls,0.01,OK,
C:\Users\User\OneDrive\Documents\Uni\Dissertation\MScProject\Dataset\107199.xls,.xls,0.03,OK,
C:\Users\User\OneDrive\Documents\Uni\Dissertation\MScProject\Dataset\107201.xls,.xls,0.01,OK,
C:\Users\User\OneDrive\Documents\Uni\Dissertation\MScProject\Dataset\107202.xls,.xls,0.02,OK,
C:\Users\User\OneDrive\Documents\Uni\Dissertation\MScProject\Dataset\107203.xls,.xls,1.27,OK,
C:\Users\User\OneDrive\Documents\Uni\Dissertation\MScProject\Dataset\107204.xls,.xls,0.04,OK,
C:\Users\User\OneDrive\Documents\Uni\Dissertation\MScProject\Dataset\107205.xls,.xls,0.06,OK,
C:\Users\User\OneDrive\Documents\Uni\Dissertation\MScProject\Dataset\107368.xls,.xls,0.08,OK,
C:\Users\User\OneDrive\Documents\Uni\Dissertation\MScProject\Dataset\107369.xls,.xls,0.09,OK,
C:\Users\User\OneDrive\Documents\Uni\Dissertation\MScProject\Dataset\107583.xls,.xls,0.65,OK,
C:\Users\User\OneDrive\Documents\Uni\Dissertation\MScProject\Dataset\107584.xls,.xls,0.65,OK,
C:\Users\User\OneDrive\Documents\Uni\Dissertation\MScProject\Dataset\107585.xls,.xls,0.36,OK,
C:\Users\User\OneDrive\Documents\Uni\Dissertation\MScProject\Dataset\107586.xls,.xls,0.04,OK,
C:\Users\User\OneDrive\Documents\Uni\Dissertation\MScProject\Dataset\108048.xls,.xls,0.05,OK,
C:\Users\User\OneDrive\Documents\Uni\Dissertation\MScProject\Dataset\108049.xls,.xls,0.04,OK,
C:\Users\User\OneDrive\Documents\Uni\Dissertation\MScProject\Dataset\108050.xls,.xls,0.07,OK,
C:\Users\User\OneDrive\Documents\Uni\Dissertation\MScProject\Dataset\108051.xls,.xls,0.04,OK,
C:\Users\User\OneDrive\Documents\Uni\Dissertation\MScProject\Dataset\108052.xls,.xls,0.05,OK,
C:\Users\User\OneDrive\Documents\Uni\Dissertation\MScProject\Dataset\108226.xls,.xls,0.07,OK,
C:\Users\User\OneDrive\Documents\Uni\Dissertation\MScProject\Dataset\108437.xls,.xls,5.96,OK,
C:\Users\User\OneDrive\Documents\Uni\Dissertation\MScProject\Dataset\108522.xls,.xls,0.04,OK,
C:\Users\User\OneDrive\Documents\Uni\Dissertation\MScProject\Dataset\108638.xls,.xls,0.03,OK,
C:\Users\User\OneDrive\Documents\Uni\Dissertation\MScProject\Dataset\108639.xls,.xls,0.02,OK,
C:\Users\User\OneDrive\Documents\Uni\Dissertation\MScProject\Dataset\108641.xls,.xls,0.09,OK,
C:\Users\User\OneDrive\Documents\Uni\Dissertation\MScProject\Dataset\108642.xls,.xls,0.06,OK,
C:\Users\User\OneDrive\Documents\Uni\Dissertation\MScProject\Dataset\108643.xls,.xls,0.04,OK,
C:\Users\User\OneDrive\Documents\Uni\Dissertation\MScProject\Dataset\108646.xls,.xls,0.07,OK,
C:\Users\User\OneDrive\Documents\Uni\Dissertation\MScProject\Dataset\108647.xls,.xls,0.05,OK,
C:\Users\User\OneDrive\Documents\Uni\Dissertation\MScProject\Dataset\108648.xls,.xls,0.15,OK,
C:\Users\User\OneDrive\Documents\Uni\Dissertation\MScProject\Dataset\108649.xls,.xls,0.08,OK,
C:\Users\User\OneDrive\Documents\Uni\Dissertation\MScProject\Dataset\108650.xls,.xls,0.81,OK,
C:\Users\User\OneDrive\Documents\Uni\Dissertation\MScProject\Dataset\108934.xls,.xls,0.38,OK,
C:\Users\User\OneDrive\Documents\Uni\Dissertation\MScProject\Dataset\108935.xls,.xls,0.18,OK,
C:\Users\User\OneDrive\Documents\Uni\Dissertation\MScProject\Dataset\108936.xls,.xls,0.05,OK,
C:\Users\User\OneDrive\Documents\Uni\Dissertation\MScProject\Dataset\108937.xls,.xls,0.05,OK,
C:\Users\User\OneDrive\Documents\Uni\Dissertation\MScProject\Dataset\108938.xls,.xls,0.02,OK,
C:\Users\User\OneDrive\Documents\Uni\Dissertation\MScProject\Dataset\108939.xls,.xls,0.01,OK,
C:\Users\User\OneDrive\Documents\Uni\Dissertation\MScProject\Dataset\108940.xls,.xls,0.02,OK,
C:\Users\User\OneDrive\Documents\Uni\Dissertation\MScProject\Dataset\108941.xls,.xls,1.09,OK,
C:\Users\User\OneDrive\Documents\Uni\Dissertation\MScProject\Dataset\108944.xls,.xls,0.24,OK,
C:\Users\User\OneDrive\Documents\Uni\Dissertation\MScProject\Dataset\108945.xls,.xls,0.12,OK,
C:\Users\User\OneDrive\Documents\Uni\Dissertation\MScProject\Dataset\108947.xls,.xls,0.23,OK,
C:\Users\User\OneDrive\Documents\Uni\Dissertation\MScProject\Dataset\108948.xls,.xls,0.17,OK,
C:\Users\User\OneDrive\Documents\Uni\Dissertation\MScProject\Dataset\108949.xls,.xls,0.15,OK,
C:\Users\User\OneDrive\Documents\Uni\Dissertation\MScProject\Dataset\108951.xls,.xls,0.05,OK,
C:\Users\User\OneDrive\Documents\Uni\Dissertation\MScProject\Dataset\108952.xls,.xls,0.07,OK,
C:\Users\User\OneDrive\Documents\Uni\Dissertation\MScProject\Dataset\108953.xls,.xls,3.8,OK,
C:\Users\User\OneDrive\Documents\Uni\Dissertation\MScProject\Dataset\108954.xls,.xls,0.26,OK,
C:\Users\User\OneDrive\Documents\Uni\Dissertation\MScProject\Dataset\108955.xls,.xls,5.42,OK,
C:\Users\User\OneDrive\Documents\Uni\Dissertation\MScProject\Dataset\108956.xls,.xls,0.01,OK,
C:\Users\User\OneDrive\Documents\Uni\Dissertation\MScProject\Dataset\108957.xls,.xls,0.26,OK,
C:\Users\User\OneDrive\Documents\Uni\Dissertation\MScProject\Dataset\108958.xls,.xls,0.05,OK,
C:\Users\User\OneDrive\Documents\Uni\Dissertation\MScProject\Dataset\108959.xls,.xls,0.02,OK,
C:\Users\User\OneDrive\Documents\Uni\Dissertation\MScProject\Dataset\109213.xls,.xls,2.49,OK,
C:\Users\User\OneDrive\Documents\Uni\Dissertation\MScProject\Dataset\109337.xls,.xls,0.11,OK,
C:\Users\User\OneDrive\Documents\Uni\Dissertation\MScProject\Dataset\109338.xls,.xls,0.13,OK,
C:\Users\User\OneDrive\Documents\Uni\Dissertation\MScProject\Dataset\109362.xls,.xls,0.04,OK,
C:\Users\User\OneDrive\Documents\Uni\Dissertation\MScProject\Dataset\109368.xls,.xls,0.05,OK,
C:\Users\User\OneDrive\Documents\Uni\Dissertation\MScProject\Dataset\109417.xls,.xls,0.06,OK,
C:\Users\User\OneDrive\Documents\Uni\Dissertation\MScProject\Dataset\109419.xls,.xls,0.03,OK,
C:\Users\User\OneDrive\Documents\Uni\Dissertation\MScProject\Dataset\109420.xls,.xls,0.02,OK,
C:\Users\User\OneDrive\Documents\Uni\Dissertation\MScProject\Dataset\109425.xls,.xls,0.17,OK,
C:\Users\User\OneDrive\Documents\Uni\Dissertation\MScProject\Dataset\109428.xls,.xls,0.04,OK,
C:\Users\User\OneDrive\Documents\Uni\Dissertation\MScProject\Dataset\109636.xls,.xls,0.87,OK,
C:\Users\User\OneDrive\Documents\Uni\Dissertation\MScProject\Dataset\109637.xls,.xls,0.1,OK,
C:\Users\User\OneDrive\Documents\Uni\Dissertation\MScProject\Dataset\109638.xls,.xls,0.09,OK,
C:\Users\User\OneDrive\Documents\Uni\Dissertation\MScProject\Dataset\109887.xls,.xls,0.23,OK,
C:\Users\User\OneDrive\Documents\Uni\Dissertation\MScProject\Dataset\109891.xls,.xls,0.27,OK,
C:\Users\User\OneDrive\Documents\Uni\Dissertation\MScProject\Dataset\109894.xls,.xls,0.05,OK,
C:\Users\User\OneDrive\Documents\Uni\Dissertation\MScProject\Dataset\109896.xls,.xls,0.04,OK,
C:\Users\User\OneDrive\Documents\Uni\Dissertation\MScProject\Dataset\109897.xls,.xls,0.11,OK,
C:\Users\User\OneDrive\Documents\Uni\Dissertation\MScProject\Dataset\109898.xls,.xls,0.05,OK,
C:\Users\User\OneDrive\Documents\Uni\Dissertation\MScProject\Dataset\109899.xls,.xls,0.02,OK,
C:\Users\User\OneDrive\Documents\Uni\Dissertation\MScProject\Dataset\109902.xls,.xls,0.03,OK,
C:\Users\User\OneDrive\Documents\Uni\Dissertation\MScProject\Dataset\109903.xls,.xls,0.03,OK,
C:\Users\User\OneDrive\Documents\Uni\Dissertation\MScProject\Dataset\109904.xls,.xls,0.02,OK,
C:\Users\User\OneDrive\Documents\Uni\Dissertation\MScProject\Dataset\109905.xls,.xls,0.11,OK,
C:\Users\User\OneDrive\Documents\Uni\Dissertation\MScProject\Dataset\109908.xls,.xls,0.04,OK,
C:\Users\User\OneDrive\Documents\Uni\Dissertation\MScProject\Dataset\109909.xls,.xls,0.02,OK,
C:\Users\User\OneDrive\Documents\Uni\Dissertation\MScProject\Dataset\109912.xls,.xls,0.03,OK,
C:\Users\User\OneDrive\Documents\Uni\Dissertation\MScProject\Dataset\109913.xls,.xls,3.59,OK,
C:\Users\User\OneDrive\Documents\Uni\Dissertation\MScProject\Dataset\109916.xls,.xls,0.03,OK,
C:\Users\User\OneDrive\Documents\Uni\Dissertation\MScProject\Dataset\109917.xls,.xls,0.12,OK,
C:\Users\User\OneDrive\Documents\Uni\Dissertation\MScProject\Dataset\109919.xls,.xls,0.09,OK,
C:\Users\User\OneDrive\Documents\Uni\Dissertation\MScProject\Dataset\110055.xls,.xls,0.21,OK,
C:\Users\User\OneDrive\Documents\Uni\Dissertation\MScProject\Dataset\110111.xls,.xls,0.04,OK,
C:\Users\User\OneDrive\Documents\Uni\Dissertation\MScProject\Dataset\110193.xls,.xls,0.57,OK,
C:\Users\User\OneDrive\Documents\Uni\Dissertation\MScProject\Dataset\110194.xls,.xls,0.54,OK,
C:\Users\User\OneDrive\Documents\Uni\Dissertation\MScProject\Dataset\110195.xls,.xls,0.05,OK,
C:\Users\User\OneDrive\Documents\Uni\Dissertation\MScProject\Dataset\110196.xls,.xls,0.02,OK,
C:\Users\User\OneDrive\Documents\Uni\Dissertation\MScProject\Dataset\110199.xls,.xls,1.19,OK,
C:\Users\User\OneDrive\Documents\Uni\Dissertation\MScProject\Dataset\110200.xls,.xls,0.21,OK,
C:\Users\User\OneDrive\Documents\Uni\Dissertation\MScProject\Dataset\110202.xls,.xls,0.04,OK,
C:\Users\User\OneDrive\Documents\Uni\Dissertation\MScProject\Dataset\110203.xls,.xls,0.02,OK,
C:\Users\User\OneDrive\Documents\Uni\Dissertation\MScProject\Dataset\110204.xls,.xls,0.04,OK,
C:\Users\User\OneDrive\Documents\Uni\Dissertation\MScProject\Dataset\110205.xls,.xls,0.06,OK,
C:\Users\User\OneDrive\Documents\Uni\Dissertation\MScProject\Dataset\110206.xls,.xls,0.03,OK,
C:\Users\User\OneDrive\Documents\Uni\Dissertation\MScProject\Dataset\110208.xls,.xls,0.03,OK,
C:\Users\User\OneDrive\Documents\Uni\Dissertation\MScProject\Dataset\110211.xls,.xls,0.05,OK,
C:\Users\User\OneDrive\Documents\Uni\Dissertation\MScProject\Dataset\110215.xls,.xls,0.07,OK,
C:\Users\User\OneDrive\Documents\Uni\Dissertation\MScProject\Dataset\110225.xls,.xls,0.16,OK,
C:\Users\User\OneDrive\Documents\Uni\Dissertation\MScProject\Dataset\110232.xls,.xls,0.03,OK,
C:\Users\User\OneDrive\Documents\Uni\Dissertation\MScProject\Dataset\110300.xls,.xls,0.02,OK,
C:\Users\User\OneDrive\Documents\Uni\Dissertation\MScProject\Dataset\110304.xls,.xls,0.04,OK,
C:\Users\User\OneDrive\Documents\Uni\Dissertation\MScProject\Dataset\110305.xls,.xls,0.03,OK,
C:\Users\User\OneDrive\Documents\Uni\Dissertation\MScProject\Dataset\110383.xls,.xls,0.02,OK,
C:\Users\User\OneDrive\Documents\Uni\Dissertation\MScProject\Dataset\110389.xls,.xls,0.24,OK,
C:\Users\User\OneDrive\Documents\Uni\Dissertation\MScProject\Dataset\110409.xls,.xls,0.02,OK,
C:\Users\User\OneDrive\Documents\Uni\Dissertation\MScProject\Dataset\110521.xls,.xls,2.95,OK,
C:\Users\User\OneDrive\Documents\Uni\Dissertation\MScProject\Dataset\110522.xls,.xls,0.45,OK,
C:\Users\User\OneDrive\Documents\Uni\Dissertation\MScProject\Dataset\110523.xls,.xls,0.08,OK,
C:\Users\User\OneDrive\Documents\Uni\Dissertation\MScProject\Dataset\110524.xls,.xls,0.16,OK,
C:\Users\User\OneDrive\Documents\Uni\Dissertation\MScProject\Dataset\110525.xls,.xls,0.06,OK,
C:\Users\User\OneDrive\Documents\Uni\Dissertation\MScProject\Dataset\110529.xls,.xls,0.11,OK,
C:\Users\User\OneDrive\Documents\Uni\Dissertation\MScProject\Dataset\110530.xls,.xls,0.03,OK,
C:\Users\User\OneDrive\Documents\Uni\Dissertation\MScProject\Dataset\110531.xls,.xls,0.02,OK,
C:\Users\User\OneDrive\Documents\Uni\Dissertation\MScProject\Dataset\110532.xls,.xls,0.02,OK,
C:\Users\User\OneDrive\Documents\Uni\Dissertation\MScProject\Dataset\110533.xls,.xls,0.02,OK,
C:\Users\User\OneDrive\Documents\Uni\Dissertation\MScProject\Dataset\110534.xls,.xls,0.03,OK,
C:\Users\User\OneDrive\Documents\Uni\Dissertation\MScProject\Dataset\110538.xls,.xls,3.05,OK,
C:\Users\User\OneDrive\Documents\Uni\Dissertation\MScProject\Dataset\110540.xls,.xls,0.05,OK,
C:\Users\User\OneDrive\Documents\Uni\Dissertation\MScProject\Dataset\110541.xls,.xls,0.05,OK,
C:\Users\User\OneDrive\Documents\Uni\Dissertation\MScProject\Dataset\110542.xls,.xls,0.02,OK,
C:\Users\User\OneDrive\Documents\Uni\Dissertation\MScProject\Dataset\110543.xls,.xls,0.02,OK,
C:\Users\User\OneDrive\Documents\Uni\Dissertation\MScProject\Dataset\110545.xls,.xls,0.02,OK,
C:\Users\User\OneDrive\Documents\Uni\Dissertation\MScProject\Dataset\110546.xls,.xls,0.04,OK,
C:\Users\User\OneDrive\Documents\Uni\Dissertation\MScProject\Dataset\110549.xls,.xls,0.03,OK,
C:\Users\User\OneDrive\Documents\Uni\Dissertation\MScProject\Dataset\110551.xls,.xls,0.13,OK,
C:\Users\User\OneDrive\Documents\Uni\Dissertation\MScProject\Dataset\110552.xls,.xls,0.03,OK,
C:\Users\User\OneDrive\Documents\Uni\Dissertation\MScProject\Dataset\110589.xls,.xls,0.07,OK,
C:\Users\User\OneDrive\Documents\Uni\Dissertation\MScProject\Dataset\110727.xls,.xls,0.06,OK,
C:\Users\User\OneDrive\Documents\Uni\Dissertation\MScProject\Dataset\110819.xls,.xls,0.02,OK,
C:\Users\User\OneDrive\Documents\Uni\Dissertation\MScProject\Dataset\110820.xls,.xls,0.02,OK,
C:\Users\User\OneDrive\Documents\Uni\Dissertation\MScProject\Dataset\111137.xls,.xls,0.02,OK,
C:\Users\User\OneDrive\Documents\Uni\Dissertation\MScProject\Dataset\111138.xls,.xls,0.05,OK,
C:\Users\User\OneDrive\Documents\Uni\Dissertation\MScProject\Dataset\111139.xls,.xls,0.07,OK,
C:\Users\User\OneDrive\Documents\Uni\Dissertation\MScProject\Dataset\111141.xls,.xls,0.03,OK,
C:\Users\User\OneDrive\Documents\Uni\Dissertation\MScProject\Dataset\111145.xls,.xls,0.07,OK,
C:\Users\User\OneDrive\Documents\Uni\Dissertation\MScProject\Dataset\111146.xls,.xls,0.04,OK,
C:\Users\User\OneDrive\Documents\Uni\Dissertation\MScProject\Dataset\111188.xls,.xls,0.04,OK,
C:\Users\User\OneDrive\Documents\Uni\Dissertation\MScProject\Dataset\111268.xls,.xls,0.03,OK,
C:\Users\User\OneDrive\Documents\Uni\Dissertation\MScProject\Dataset\111273.xls,.xls,0.03,OK,
C:\Users\User\OneDrive\Documents\Uni\Dissertation\MScProject\Dataset\111347.xls,.xls,0.04,OK,
C:\Users\User\OneDrive\Documents\Uni\Dissertation\MScProject\Dataset\111348.xls,.xls,0.02,OK,
C:\Users\User\OneDrive\Documents\Uni\Dissertation\MScProject\Dataset\111349.xls,.xls,0.04,OK,
C:\Users\User\OneDrive\Documents\Uni\Dissertation\MScProject\Dataset\111350.xls,.xls,0.03,OK,
C:\Users\User\OneDrive\Documents\Uni\Dissertation\MScProject\Dataset\111352.xls,.xls,0.04,OK,
C:\Users\User\OneDrive\Documents\Uni\Dissertation\MScProject\Dataset\111360.xls,.xls,0.42,OK,
C:\Users\User\OneDrive\Documents\Uni\Dissertation\MScProject\Dataset\111361.xls,.xls,0.24,OK,
C:\Users\User\OneDrive\Documents\Uni\Dissertation\MScProject\Dataset\111362.xls,.xls,0.63,OK,
C:\Users\User\OneDrive\Documents\Uni\Dissertation\MScProject\Dataset\111363.xls,.xls,14.2,OK,
C:\Users\User\OneDrive\Documents\Uni\Dissertation\MScProject\Dataset\111365.xls,.xls,1.84,OK,
C:\Users\User\OneDrive\Documents\Uni\Dissertation\MScProject\Dataset\111367.xls,.xls,0.1,OK,
C:\Users\User\OneDrive\Documents\Uni\Dissertation\MScProject\Dataset\111565.xls,.xls,0.05,OK,
C:\Users\User\OneDrive\Documents\Uni\Dissertation\MScProject\Dataset\111566.xls,.xls,0.05,OK,
C:\Users\User\OneDrive\Documents\Uni\Dissertation\MScProject\Dataset\111567.xls,.xls,0.03,OK,
C:\Users\User\OneDrive\Documents\Uni\Dissertation\MScProject\Dataset\111568.xls,.xls,0.14,OK,
C:\Users\User\OneDrive\Documents\Uni\Dissertation\MScProject\Dataset\111569.xls,.xls,0.03,OK,
C:\Users\User\OneDrive\Documents\Uni\Dissertation\MScProject\Dataset\111570.xls,.xls,0.02,OK,
C:\Users\User\OneDrive\Documents\Uni\Dissertation\MScProject\Dataset\111571.xls,.xls,0.05,OK,
C:\Users\User\OneDrive\Documents\Uni\Dissertation\MScProject\Dataset\111572.xls,.xls,0.04,OK,
C:\Users\User\OneDrive\Documents\Uni\Dissertation\MScProject\Dataset\111573.xls,.xls,0.06,OK,
C:\Users\User\OneDrive\Documents\Uni\Dissertation\MScProject\Dataset\111576.xls,.xls,2.22,OK,
C:\Users\User\OneDrive\Documents\Uni\Dissertation\MScProject\Dataset\111577.xls,.xls,4.65,OK,
C:\Users\User\OneDrive\Documents\Uni\Dissertation\MScProject\Dataset\111578.xls,.xls,0.08,OK,
C:\Users\User\OneDrive\Documents\Uni\Dissertation\MScProject\Dataset\111880.xls,.xls,0.02,OK,
C:\Users\User\OneDrive\Documents\Uni\Dissertation\MScProject\Dataset\111882.xls,.xls,1.41,OK,
C:\Users\User\OneDrive\Documents\Uni\Dissertation\MScProject\Dataset\111884.xls,.xls,0.03,OK,
C:\Users\User\OneDrive\Documents\Uni\Dissertation\MScProject\Dataset\111887.xls,.xls,0.08,OK,
C:\Users\User\OneDrive\Documents\Uni\Dissertation\MScProject\Dataset\112110.xls,.xls,8.01,OK,
C:\Users\User\OneDrive\Documents\Uni\Dissertation\MScProject\Dataset\112113.xls,.xls,0.3,OK,
C:\Users\User\OneDrive\Documents\Uni\Dissertation\MScProject\Dataset\112122.xls,.xls,0.09,OK,
C:\Users\User\OneDrive\Documents\Uni\Dissertation\MScProject\Dataset\112123.xls,.xls,1.09,OK,
C:\Users\User\OneDrive\Documents\Uni\Dissertation\MScProject\Dataset\112130.xls,.xls,1.07,OK,
C:\Users\User\OneDrive\Documents\Uni\Dissertation\MScProject\Dataset\112188.xls,.xls,0.49,OK,
C:\Users\User\OneDrive\Documents\Uni\Dissertation\MScProject\Dataset\112193.xls,.xls,3.37,OK,
C:\Users\User\OneDrive\Documents\Uni\Dissertation\MScProject\Dataset\112287.xls,.xls,0.06,OK,
C:\Users\User\OneDrive\Documents\Uni\Dissertation\MScProject\Dataset\112288.xls,.xls,0.02,OK,
C:\Users\User\OneDrive\Documents\Uni\Dissertation\MScProject\Dataset\112289.xls,.xls,0.23,OK,
C:\Users\User\OneDrive\Documents\Uni\Dissertation\MScProject\Dataset\112290.xls,.xls,0.15,OK,
C:\Users\User\OneDrive\Documents\Uni\Dissertation\MScProject\Dataset\112291.xls,.xls,0.06,OK,
C:\Users\User\OneDrive\Documents\Uni\Dissertation\MScProject\Dataset\112292.xls,.xls,0.18,OK,
C:\Users\User\OneDrive\Documents\Uni\Dissertation\MScProject\Dataset\112293.xls,.xls,0.08,OK,
C:\Users\User\OneDrive\Documents\Uni\Dissertation\MScProject\Dataset\112593.xls,.xls,0.07,OK,
C:\Users\User\OneDrive\Documents\Uni\Dissertation\MScProject\Dataset\112745.xls,.xls,0.37,OK,
C:\Users\User\OneDrive\Documents\Uni\Dissertation\MScProject\Dataset\112753.xls,.xls,22.61,OK,
C:\Users\User\OneDrive\Documents\Uni\Dissertation\MScProject\Dataset\112875.xls,.xls,1.25,OK,
C:\Users\User\OneDrive\Documents\Uni\Dissertation\MScProject\Dataset\112876.xls,.xls,0.12,OK,
C:\Users\User\OneDrive\Documents\Uni\Dissertation\MScProject\Dataset\112920.xls,.xls,0.34,OK,
C:\Users\User\OneDrive\Documents\Uni\Dissertation\MScProject\Dataset\113131.xls,.xls,10.19,OK,
C:\Users\User\OneDrive\Documents\Uni\Dissertation\MScProject\Dataset\113219.xls,.xls,0.04,OK,
C:\Users\User\OneDrive\Documents\Uni\Dissertation\MScProject\Dataset\113220.xls,.xls,0.09,OK,
C:\Users\User\OneDrive\Documents\Uni\Dissertation\MScProject\Dataset\113222.xls,.xls,0.04,OK,
C:\Users\User\OneDrive\Documents\Uni\Dissertation\MScProject\Dataset\113340.xls,.xls,0.03,OK,
C:\Users\User\OneDrive\Documents\Uni\Dissertation\MScProject\Dataset\113342.xls,.xls,0.04,OK,
C:\Users\User\OneDrive\Documents\Uni\Dissertation\MScProject\Dataset\113353.xls,.xls,0.16,OK,
C:\Users\User\OneDrive\Documents\Uni\Dissertation\MScProject\Dataset\113363.xls,.xls,0.25,OK,
C:\Users\User\OneDrive\Documents\Uni\Dissertation\MScProject\Dataset\113364.xls,.xls,0.49,OK,
C:\Users\User\OneDrive\Documents\Uni\Dissertation\MScProject\Dataset\113676.xls,.xls,0.07,OK,
C:\Users\User\OneDrive\Documents\Uni\Dissertation\MScProject\Dataset\113677.xls,.xls,0.07,OK,
C:\Users\User\OneDrive\Documents\Uni\Dissertation\MScProject\Dataset\113819.xls,.xls,0.1,OK,
C:\Users\User\OneDrive\Documents\Uni\Dissertation\MScProject\Dataset\113845.xls,.xls,0.04,OK,
C:\Users\User\OneDrive\Documents\Uni\Dissertation\MScProject\Dataset\113847.xls,.xls,0.02,OK,
C:\Users\User\OneDrive\Documents\Uni\Dissertation\MScProject\Dataset\113897.xls,.xls,0.04,OK,
C:\Users\User\OneDrive\Documents\Uni\Dissertation\MScProject\Dataset\113912.xls,.xls,0.03,OK,
C:\Users\User\OneDrive\Documents\Uni\Dissertation\MScProject\Dataset\113925.xls,.xls,0.07,OK,
C:\Users\User\OneDrive\Documents\Uni\Dissertation\MScProject\Dataset\113926.xls,.xls,0.09,OK,
C:\Users\User\OneDrive\Documents\Uni\Dissertation\MScProject\Dataset\113929.xls,.xls,0.18,OK,
C:\Users\User\OneDrive\Documents\Uni\Dissertation\MScProject\Dataset\113930.xls,.xls,0.13,OK,
C:\Users\User\OneDrive\Documents\Uni\Dissertation\MScProject\Dataset\113931.xls,.xls,0.03,OK,
C:\Users\User\OneDrive\Documents\Uni\Dissertation\MScProject\Dataset\113934.xls,.xls,0.04,OK,
C:\Users\User\OneDrive\Documents\Uni\Dissertation\MScProject\Dataset\113935.xls,.xls,0.05,OK,
C:\Users\User\OneDrive\Documents\Uni\Dissertation\MScProject\Dataset\113936.xls,.xls,0.06,OK,
C:\Users\User\OneDrive\Documents\Uni\Dissertation\MScProject\Dataset\113938.xls,.xls,0.03,OK,
C:\Users\User\OneDrive\Documents\Uni\Dissertation\MScProject\Dataset\113939.xls,.xls,0.16,OK,
C:\Users\User\OneDrive\Documents\Uni\Dissertation\MScProject\Dataset\113940.xls,.xls,0.01,OK,
C:\Users\User\OneDrive\Documents\Uni\Dissertation\MScProject\Dataset\113942.xls,.xls,0.07,OK,
C:\Users\User\OneDrive\Documents\Uni\Dissertation\MScProject\Dataset\113946.xls,.xls,0.03,OK,
C:\Users\User\OneDrive\Documents\Uni\Dissertation\MScProject\Dataset\113948.xls,.xls,0.06,OK,
C:\Users\User\OneDrive\Documents\Uni\Dissertation\MScProject\Dataset\114261.xls,.xls,0.04,OK,
C:\Users\User\OneDrive\Documents\Uni\Dissertation\MScProject\Dataset\114274.xls,.xls,0.05,OK,
C:\Users\User\OneDrive\Documents\Uni\Dissertation\MScProject\Dataset\114343.xls,.xls,0.04,OK,
C:\Users\User\OneDrive\Documents\Uni\Dissertation\MScProject\Dataset\114345.xls,.xls,0.01,OK,
C:\Users\User\OneDrive\Documents\Uni\Dissertation\MScProject\Dataset\114358.xls,.xls,0.02,OK,
C:\Users\User\OneDrive\Documents\Uni\Dissertation\MScProject\Dataset\114359.xls,.xls,0.03,OK,
C:\Users\User\OneDrive\Documents\Uni\Dissertation\MScProject\Dataset\114360.xls,.xls,0.09,OK,
C:\Users\User\OneDrive\Documents\Uni\Dissertation\MScProject\Dataset\114361.xls,.xls,0.08,OK,
C:\Users\User\OneDrive\Documents\Uni\Dissertation\MScProject\Dataset\114389.xls,.xls,0.02,OK,
C:\Users\User\OneDrive\Documents\Uni\Dissertation\MScProject\Dataset\114390.xls,.xls,0.12,OK,
C:\Users\User\OneDrive\Documents\Uni\Dissertation\MScProject\Dataset\114450.xls,.xls,0.03,OK,
C:\Users\User\OneDrive\Documents\Uni\Dissertation\MScProject\Dataset\114457.xls,.xls,0.03,OK,
C:\Users\User\OneDrive\Documents\Uni\Dissertation\MScProject\Dataset\114605.xls,.xls,6.34,OK,
C:\Users\User\OneDrive\Documents\Uni\Dissertation\MScProject\Dataset\114606.xls,.xls,0.04,OK,
C:\Users\User\OneDrive\Documents\Uni\Dissertation\MScProject\Dataset\114814.xls,.xls,0.36,OK,
C:\Users\User\OneDrive\Documents\Uni\Dissertation\MScProject\Dataset\114815.xls,.xls,0.07,OK,
C:\Users\User\OneDrive\Documents\Uni\Dissertation\MScProject\Dataset\114816.xls,.xls,0.05,OK,
C:\Users\User\OneDrive\Documents\Uni\Dissertation\MScProject\Dataset\114818.xls,.xls,0.04,OK,
C:\Users\User\OneDrive\Documents\Uni\Dissertation\MScProject\Dataset\114819.xls,.xls,0.01,OK,
C:\Users\User\OneDrive\Documents\Uni\Dissertation\MScProject\Dataset\114820.xls,.xls,0.03,OK,
C:\Users\User\OneDrive\Documents\Uni\Dissertation\MScProject\Dataset\114825.xls,.xls,0.03,OK,
C:\Users\User\OneDrive\Documents\Uni\Dissertation\MScProject\Dataset\114826.xls,.xls,0.19,OK,
C:\Users\User\OneDrive\Documents\Uni\Dissertation\MScProject\Dataset\114827.xls,.xls,0.12,OK,
C:\Users\User\OneDrive\Documents\Uni\Dissertation\MScProject\Dataset\114828.xls,.xls,0.02,OK,
C:\Users\User\OneDrive\Documents\Uni\Dissertation\MScProject\Dataset\114832.xls,.xls,0.05,OK,
C:\Users\User\OneDrive\Documents\Uni\Dissertation\MScProject\Dataset\114835.xls,.xls,0.12,OK,
C:\Users\User\OneDrive\Documents\Uni\Dissertation\MScProject\Dataset\114836.xls,.xls,0.12,OK,
C:\Users\User\OneDrive\Documents\Uni\Dissertation\MScProject\Dataset\114837.xls,.xls,0.04,OK,
C:\Users\User\OneDrive\Documents\Uni\Dissertation\MScProject\Dataset\114838.xls,.xls,0.07,OK,
C:\Users\User\OneDrive\Documents\Uni\Dissertation\MScProject\Dataset\114954.xls,.xls,0.04,OK,
C:\Users\User\OneDrive\Documents\Uni\Dissertation\MScProject\Dataset\114957.xls,.xls,0.02,OK,
C:\Users\User\OneDrive\Documents\Uni\Dissertation\MScProject\Dataset\115060.xls,.xls,0.81,OK,
C:\Users\User\OneDrive\Documents\Uni\Dissertation\MScProject\Dataset\115070.xls,.xls,0.09,OK,
C:\Users\User\OneDrive\Documents\Uni\Dissertation\MScProject\Dataset\115071.xls,.xls,0.05,OK,
C:\Users\User\OneDrive\Documents\Uni\Dissertation\MScProject\Dataset\115072.xls,.xls,0.12,OK,
C:\Users\User\OneDrive\Documents\Uni\Dissertation\MScProject\Dataset\115073.xls,.xls,8.57,OK,
C:\Users\User\OneDrive\Documents\Uni\Dissertation\MScProject\Dataset\115074.xls,.xls,0.05,OK,
C:\Users\User\OneDrive\Documents\Uni\Dissertation\MScProject\Dataset\115075.xls,.xls,0.36,OK,
C:\Users\User\OneDrive\Documents\Uni\Dissertation\MScProject\Dataset\115076.xls,.xls,0.04,OK,
C:\Users\User\OneDrive\Documents\Uni\Dissertation\MScProject\Dataset\115077.xls,.xls,0.05,OK,
C:\Users\User\OneDrive\Documents\Uni\Dissertation\MScProject\Dataset\115078.xls,.xls,1.01,OK,
C:\Users\User\OneDrive\Documents\Uni\Dissertation\MScProject\Dataset\115080.xls,.xls,0.19,OK,
C:\Users\User\OneDrive\Documents\Uni\Dissertation\MScProject\Dataset\115082.xls,.xls,0.04,OK,
C:\Users\User\OneDrive\Documents\Uni\Dissertation\MScProject\Dataset\115083.xls,.xls,0.04,OK,
C:\Users\User\OneDrive\Documents\Uni\Dissertation\MScProject\Dataset\115084.xls,.xls,0.45,OK,
C:\Users\User\OneDrive\Documents\Uni\Dissertation\MScProject\Dataset\115089.xls,.xls,0.02,OK,
C:\Users\User\OneDrive\Documents\Uni\Dissertation\MScProject\Dataset\115095.xls,.xls,0.25,OK,
C:\Users\User\OneDrive\Documents\Uni\Dissertation\MScProject\Dataset\115096.xls,.xls,0.32,OK,
C:\Users\User\OneDrive\Documents\Uni\Dissertation\MScProject\Dataset\115099.xls,.xls,0.03,OK,
C:\Users\User\OneDrive\Documents\Uni\Dissertation\MScProject\Dataset\115296.xls,.xls,0.04,OK,
C:\Users\User\OneDrive\Documents\Uni\Dissertation\MScProject\Dataset\115339.xls,.xls,0.47,OK,
C:\Users\User\OneDrive\Documents\Uni\Dissertation\MScProject\Dataset\115356.xls,.xls,1.14,OK,
C:\Users\User\OneDrive\Documents\Uni\Dissertation\MScProject\Dataset\115357.xls,.xls,9.31,OK,
C:\Users\User\OneDrive\Documents\Uni\Dissertation\MScProject\Dataset\115411.xls,.xls,0.05,OK,
C:\Users\User\OneDrive\Documents\Uni\Dissertation\MScProject\Dataset\115418.xls,.xls,0.04,OK,
C:\Users\User\OneDrive\Documents\Uni\Dissertation\MScProject\Dataset\115421.xls,.xls,2.36,OK,
C:\Users\User\OneDrive\Documents\Uni\Dissertation\MScProject\Dataset\115475.xls,.xls,0.02,OK,
C:\Users\User\OneDrive\Documents\Uni\Dissertation\MScProject\Dataset\115488.xls,.xls,0.28,OK,
C:\Users\User\OneDrive\Documents\Uni\Dissertation\MScProject\Dataset\115489.xls,.xls,0.64,OK,
C:\Users\User\OneDrive\Documents\Uni\Dissertation\MScProject\Dataset\115490.xls,.xls,0.02,OK,
C:\Users\User\OneDrive\Documents\Uni\Dissertation\MScProject\Dataset\115495.xls,.xls,0.17,OK,
C:\Users\User\OneDrive\Documents\Uni\Dissertation\MScProject\Dataset\115716.xls,.xls,0.2,OK,
C:\Users\User\OneDrive\Documents\Uni\Dissertation\MScProject\Dataset\115852.xls,.xls,2.23,OK,
C:\Users\User\OneDrive\Documents\Uni\Dissertation\MScProject\Dataset\115853.xls,.xls,0.02,OK,
C:\Users\User\OneDrive\Documents\Uni\Dissertation\MScProject\Dataset\115854.xls,.xls,0.08,OK,
C:\Users\User\OneDrive\Documents\Uni\Dissertation\MScProject\Dataset\115855.xls,.xls,2.32,OK,
C:\Users\User\OneDrive\Documents\Uni\Dissertation\MScProject\Dataset\116081.xls,.xls,0.02,OK,
C:\Users\User\OneDrive\Documents\Uni\Dissertation\MScProject\Dataset\116110.xls,.xls,0.17,OK,
C:\Users\User\OneDrive\Documents\Uni\Dissertation\MScProject\Dataset\116113.xls,.xls,0.03,OK,
C:\Users\User\OneDrive\Documents\Uni\Dissertation\MScProject\Dataset\116116.xls,.xls,0.09,OK,
C:\Users\User\OneDrive\Documents\Uni\Dissertation\MScProject\Dataset\116117.xls,.xls,0.14,OK,
C:\Users\User\OneDrive\Documents\Uni\Dissertation\MScProject\Dataset\116118.xls,.xls,0.1,OK,
C:\Users\User\OneDrive\Documents\Uni\Dissertation\MScProject\Dataset\116120.xls,.xls,0.07,OK,
C:\Users\User\OneDrive\Documents\Uni\Dissertation\MScProject\Dataset\116122.xls,.xls,0.03,OK,
C:\Users\User\OneDrive\Documents\Uni\Dissertation\MScProject\Dataset\116127.xls,.xls,0.05,OK,
C:\Users\User\OneDrive\Documents\Uni\Dissertation\MScProject\Dataset\116129.xls,.xls,0.12,OK,
C:\Users\User\OneDrive\Documents\Uni\Dissertation\MScProject\Dataset\116132.xls,.xls,0.06,OK,
C:\Users\User\OneDrive\Documents\Uni\Dissertation\MScProject\Dataset\116134.xls,.xls,0.02,OK,
C:\Users\User\OneDrive\Documents\Uni\Dissertation\MScProject\Dataset\116135.xls,.xls,0.05,OK,
C:\Users\User\OneDrive\Documents\Uni\Dissertation\MScProject\Dataset\116136.xls,.xls,3.64,OK,
C:\Users\User\OneDrive\Documents\Uni\Dissertation\MScProject\Dataset\116137.xls,.xls,3.77,OK,
C:\Users\User\OneDrive\Documents\Uni\Dissertation\MScProject\Dataset\116139.xls,.xls,0.04,OK,
C:\Users\User\OneDrive\Documents\Uni\Dissertation\MScProject\Dataset\116245.xls,.xls,0.08,OK,
C:\Users\User\OneDrive\Documents\Uni\Dissertation\MScProject\Dataset\116430.xls,.xls,0.02,OK,
C:\Users\User\OneDrive\Documents\Uni\Dissertation\MScProject\Dataset\116433.xls,.xls,0.13,OK,
C:\Users\User\OneDrive\Documents\Uni\Dissertation\MScProject\Dataset\116434.xls,.xls,0.16,OK,
C:\Users\User\OneDrive\Documents\Uni\Dissertation\MScProject\Dataset\116435.xls,.xls,4.25,OK,
C:\Users\User\OneDrive\Documents\Uni\Dissertation\MScProject\Dataset\116437.xls,.xls,4.52,OK,
C:\Users\User\OneDrive\Documents\Uni\Dissertation\MScProject\Dataset\116438.xls,.xls,0.17,OK,
C:\Users\User\OneDrive\Documents\Uni\Dissertation\MScProject\Dataset\116439.xls,.xls,0.33,OK,
C:\Users\User\OneDrive\Documents\Uni\Dissertation\MScProject\Dataset\116440.xls,.xls,8.69,OK,
C:\Users\User\OneDrive\Documents\Uni\Dissertation\MScProject\Dataset\116442.xls,.xls,4.95,OK,
C:\Users\User\OneDrive\Documents\Uni\Dissertation\MScProject\Dataset\116581.xls,.xls,0.2,OK,
C:\Users\User\OneDrive\Documents\Uni\Dissertation\MScProject\Dataset\116582.xls,.xls,0.21,OK,
C:\Users\User\OneDrive\Documents\Uni\Dissertation\MScProject\Dataset\116591.xls,.xls,0.03,OK,
C:\Users\User\OneDrive\Documents\Uni\Dissertation\MScProject\Dataset\116622.xls,.xls,0.36,OK,
C:\Users\User\OneDrive\Documents\Uni\Dissertation\MScProject\Dataset\116623.xls,.xls,0.39,OK,
C:\Users\User\OneDrive\Documents\Uni\Dissertation\MScProject\Dataset\116848.xls,.xls,0.96,OK,
C:\Users\User\OneDrive\Documents\Uni\Dissertation\MScProject\Dataset\116849.xls,.xls,0.45,OK,
C:\Users\User\OneDrive\Documents\Uni\Dissertation\MScProject\Dataset\116851.xls,.xls,0.03,OK,
C:\Users\User\OneDrive\Documents\Uni\Dissertation\MScProject\Dataset\116853.xls,.xls,0.18,OK,
C:\Users\User\OneDrive\Documents\Uni\Dissertation\MScProject\Dataset\116854.xls,.xls,0.14,OK,
C:\Users\User\OneDrive\Documents\Uni\Dissertation\MScProject\Dataset\116855.xls,.xls,1.54,OK,
C:\Users\User\OneDrive\Documents\Uni\Dissertation\MScProject\Dataset\116858.xls,.xls,0.02,OK,
C:\Users\User\OneDrive\Documents\Uni\Dissertation\MScProject\Dataset\116859.xls,.xls,0.07,OK,
C:\Users\User\OneDrive\Documents\Uni\Dissertation\MScProject\Dataset\116861.xls,.xls,0.1,OK,
C:\Users\User\OneDrive\Documents\Uni\Dissertation\MScProject\Dataset\116862.xls,.xls,0.1,OK,
C:\Users\User\OneDrive\Documents\Uni\Dissertation\MScProject\Dataset\116863.xls,.xls,0.04,OK,
C:\Users\User\OneDrive\Documents\Uni\Dissertation\MScProject\Dataset\116864.xls,.xls,0.11,OK,
C:\Users\User\OneDrive\Documents\Uni\Dissertation\MScProject\Dataset\116866.xls,.xls,0.02,OK,
C:\Users\User\OneDrive\Documents\Uni\Dissertation\MScProject\Dataset\116867.xls,.xls,0.04,OK,
C:\Users\User\OneDrive\Documents\Uni\Dissertation\MScProject\Dataset\116868.xls,.xls,0.06,OK,
C:\Users\User\OneDrive\Documents\Uni\Dissertation\MScProject\Dataset\116869.xls,.xls,0.06,OK,
C:\Users\User\OneDrive\Documents\Uni\Dissertation\MScProject\Dataset\116870.xls,.xls,0.03,OK,
C:\Users\User\OneDrive\Documents\Uni\Dissertation\MScProject\Dataset\116871.xls,.xls,0.08,OK,
C:\Users\User\OneDrive\Documents\Uni\Dissertation\MScProject\Dataset\116874.xls,.xls,0.05,OK,
C:\Users\User\OneDrive\Documents\Uni\Dissertation\MScProject\Dataset\117106.xls,.xls,0.04,OK,
C:\Users\User\OneDrive\Documents\Uni\Dissertation\MScProject\Dataset\117107.xls,.xls,0.04,OK,
C:\Users\User\OneDrive\Documents\Uni\Dissertation\MScProject\Dataset\117108.xls,.xls,0.2,OK,
C:\Users\User\OneDrive\Documents\Uni\Dissertation\MScProject\Dataset\117109.xls,.xls,0.07,OK,
C:\Users\User\OneDrive\Documents\Uni\Dissertation\MScProject\Dataset\117111.xls,.xls,0.03,OK,
C:\Users\User\OneDrive\Documents\Uni\Dissertation\MScProject\Dataset\117112.xls,.xls,0.73,OK,
C:\Users\User\OneDrive\Documents\Uni\Dissertation\MScProject\Dataset\117113.xls,.xls,0.09,OK,
C:\Users\User\OneDrive\Documents\Uni\Dissertation\MScProject\Dataset\117114.xls,.xls,0.03,OK,
C:\Users\User\OneDrive\Documents\Uni\Dissertation\MScProject\Dataset\117115.xls,.xls,0.59,OK,
C:\Users\User\OneDrive\Documents\Uni\Dissertation\MScProject\Dataset\117116.xls,.xls,0.09,OK,
C:\Users\User\OneDrive\Documents\Uni\Dissertation\MScProject\Dataset\117117.xls,.xls,0.1,OK,
C:\Users\User\OneDrive\Documents\Uni\Dissertation\MScProject\Dataset\117119.xls,.xls,1.9,OK,
C:\Users\User\OneDrive\Documents\Uni\Dissertation\MScProject\Dataset\117120.xls,.xls,0.05,OK,
C:\Users\User\OneDrive\Documents\Uni\Dissertation\MScProject\Dataset\117127.xls,.xls,0.19,OK,
C:\Users\User\OneDrive\Documents\Uni\Dissertation\MScProject\Dataset\117129.xls,.xls,0.06,OK,
C:\Users\User\OneDrive\Documents\Uni\Dissertation\MScProject\Dataset\117130.xls,.xls,0.07,OK,
C:\Users\User\OneDrive\Documents\Uni\Dissertation\MScProject\Dataset\117131.xls,.xls,0.06,OK,
C:\Users\User\OneDrive\Documents\Uni\Dissertation\MScProject\Dataset\117132.xls,.xls,0.09,OK,
C:\Users\User\OneDrive\Documents\Uni\Dissertation\MScProject\Dataset\117133.xls,.xls,0.03,OK,
C:\Users\User\OneDrive\Documents\Uni\Dissertation\MScProject\Dataset\117134.xls,.xls,0.17,OK,
C:\Users\User\OneDrive\Documents\Uni\Dissertation\MScProject\Dataset\117137.xls,.xls,0.03,OK,
C:\Users\User\OneDrive\Documents\Uni\Dissertation\MScProject\Dataset\117140.xls,.xls,0.03,OK,
C:\Users\User\OneDrive\Documents\Uni\Dissertation\MScProject\Dataset\117177.xls,.xls,0.02,OK,
C:\Users\User\OneDrive\Documents\Uni\Dissertation\MScProject\Dataset\117333.xls,.xls,0.3,OK,
C:\Users\User\OneDrive\Documents\Uni\Dissertation\MScProject\Dataset\117334.xls,.xls,0.71,OK,
C:\Users\User\OneDrive\Documents\Uni\Dissertation\MScProject\Dataset\117335.xls,.xls,0.02,OK,
C:\Users\User\OneDrive\Documents\Uni\Dissertation\MScProject\Dataset\117336.xls,.xls,0.03,OK,
C:\Users\User\OneDrive\Documents\Uni\Dissertation\MScProject\Dataset\117337.xls,.xls,0.03,OK,
C:\Users\User\OneDrive\Documents\Uni\Dissertation\MScProject\Dataset\117338.xls,.xls,0.17,OK,
C:\Users\User\OneDrive\Documents\Uni\Dissertation\MScProject\Dataset\117339.xls,.xls,0.25,OK,
C:\Users\User\OneDrive\Documents\Uni\Dissertation\MScProject\Dataset\117340.xls,.xls,0.09,OK,
C:\Users\User\OneDrive\Documents\Uni\Dissertation\MScProject\Dataset\117344.xls,.xls,0.02,OK,
C:\Users\User\OneDrive\Documents\Uni\Dissertation\MScProject\Dataset\117345.xls,.xls,0.02,OK,
C:\Users\User\OneDrive\Documents\Uni\Dissertation\MScProject\Dataset\117347.xls,.xls,0.12,OK,
C:\Users\User\OneDrive\Documents\Uni\Dissertation\MScProject\Dataset\117349.xls,.xls,0.56,OK,
C:\Users\User\OneDrive\Documents\Uni\Dissertation\MScProject\Dataset\117351.xls,.xls,0.13,OK,
C:\Users\User\OneDrive\Documents\Uni\Dissertation\MScProject\Dataset\117370.xls,.xls,0.02,OK,
C:\Users\User\OneDrive\Documents\Uni\Dissertation\MScProject\Dataset\117444.xls,.xls,0.03,OK,
C:\Users\User\OneDrive\Documents\Uni\Dissertation\MScProject\Dataset\117548.xls,.xls,0.01,OK,
C:\Users\User\OneDrive\Documents\Uni\Dissertation\MScProject\Dataset\117549.xls,.xls,0.02,OK,
C:\Users\User\OneDrive\Documents\Uni\Dissertation\MScProject\Dataset\117657.xls,.xls,0.16,OK,
C:\Users\User\OneDrive\Documents\Uni\Dissertation\MScProject\Dataset\117760.xls,.xls,0.04,OK,
C:\Users\User\OneDrive\Documents\Uni\Dissertation\MScProject\Dataset\117761.xls,.xls,0.07,OK,
C:\Users\User\OneDrive\Documents\Uni\Dissertation\MScProject\Dataset\117895.xls,.xls,0.02,OK,
C:\Users\User\OneDrive\Documents\Uni\Dissertation\MScProject\Dataset\118029.xls,.xls,0.03,OK,
C:\Users\User\OneDrive\Documents\Uni\Dissertation\MScProject\Dataset\118128.xls,.xls,0.07,OK,
C:\Users\User\OneDrive\Documents\Uni\Dissertation\MScProject\Dataset\118131.xls,.xls,0.38,OK,
C:\Users\User\OneDrive\Documents\Uni\Dissertation\MScProject\Dataset\118132.xls,.xls,2.76,OK,
C:\Users\User\OneDrive\Documents\Uni\Dissertation\MScProject\Dataset\118133.xls,.xls,0.03,OK,
C:\Users\User\OneDrive\Documents\Uni\Dissertation\MScProject\Dataset\118134.xls,.xls,0.17,OK,
C:\Users\User\OneDrive\Documents\Uni\Dissertation\MScProject\Dataset\118135.xls,.xls,0.06,OK,
C:\Users\User\OneDrive\Documents\Uni\Dissertation\MScProject\Dataset\118136.xls,.xls,3.4,OK,
C:\Users\User\OneDrive\Documents\Uni\Dissertation\MScProject\Dataset\118137.xls,.xls,0.05,OK,
C:\Users\User\OneDrive\Documents\Uni\Dissertation\MScProject\Dataset\118138.xls,.xls,0.09,OK,
C:\Users\User\OneDrive\Documents\Uni\Dissertation\MScProject\Dataset\118147.xls,.xls,0.04,OK,
C:\Users\User\OneDrive\Documents\Uni\Dissertation\MScProject\Dataset\118150.xls,.xls,0.15,OK,
C:\Users\User\OneDrive\Documents\Uni\Dissertation\MScProject\Dataset\118391.xls,.xls,0.06,OK,
C:\Users\User\OneDrive\Documents\Uni\Dissertation\MScProject\Dataset\118392.xls,.xls,0.06,OK,
C:\Users\User\OneDrive\Documents\Uni\Dissertation\MScProject\Dataset\118398.xls,.xls,0.16,OK,
C:\Users\User\OneDrive\Documents\Uni\Dissertation\MScProject\Dataset\118399.xls,.xls,0.02,OK,
C:\Users\User\OneDrive\Documents\Uni\Dissertation\MScProject\Dataset\118401.xls,.xls,0.02,OK,
C:\Users\User\OneDrive\Documents\Uni\Dissertation\MScProject\Dataset\118402.xls,.xls,3.01,OK,
C:\Users\User\OneDrive\Documents\Uni\Dissertation\MScProject\Dataset\118404.xls,.xls,0.03,OK,
C:\Users\User\OneDrive\Documents\Uni\Dissertation\MScProject\Dataset\118405.xls,.xls,0.09,OK,
C:\Users\User\OneDrive\Documents\Uni\Dissertation\MScProject\Dataset\118408.xls,.xls,0.03,OK,
C:\Users\User\OneDrive\Documents\Uni\Dissertation\MScProject\Dataset\118410.xls,.xls,0.08,OK,
C:\Users\User\OneDrive\Documents\Uni\Dissertation\MScProject\Dataset\118411.xls,.xls,0.04,OK,
C:\Users\User\OneDrive\Documents\Uni\Dissertation\MScProject\Dataset\118516.xls,.xls,0.03,OK,
C:\Users\User\OneDrive\Documents\Uni\Dissertation\MScProject\Dataset\118569.xls,.xls,0.03,OK,
C:\Users\User\OneDrive\Documents\Uni\Dissertation\MScProject\Dataset\118570.xls,.xls,1.15,OK,
C:\Users\User\OneDrive\Documents\Uni\Dissertation\MScProject\Dataset\118571.xls,.xls,0.03,OK,
C:\Users\User\OneDrive\Documents\Uni\Dissertation\MScProject\Dataset\118664.xls,.xls,0.09,OK,
C:\Users\User\OneDrive\Documents\Uni\Dissertation\MScProject\Dataset\118665.xls,.xls,0.17,OK,
C:\Users\User\OneDrive\Documents\Uni\Dissertation\MScProject\Dataset\118666.xls,.xls,0.22,OK,
C:\Users\User\OneDrive\Documents\Uni\Dissertation\MScProject\Dataset\118667.xls,.xls,0.04,OK,
C:\Users\User\OneDrive\Documents\Uni\Dissertation\MScProject\Dataset\118668.xls,.xls,0.03,OK,
C:\Users\User\OneDrive\Documents\Uni\Dissertation\MScProject\Dataset\118669.xls,.xls,0.03,OK,
C:\Users\User\OneDrive\Documents\Uni\Dissertation\MScProject\Dataset\118671.xls,.xls,0.16,OK,
C:\Users\User\OneDrive\Documents\Uni\Dissertation\MScProject\Dataset\118672.xls,.xls,0.66,OK,
C:\Users\User\OneDrive\Documents\Uni\Dissertation\MScProject\Dataset\118673.xls,.xls,0.21,OK,
C:\Users\User\OneDrive\Documents\Uni\Dissertation\MScProject\Dataset\118674.xls,.xls,0.02,OK,
C:\Users\User\OneDrive\Documents\Uni\Dissertation\MScProject\Dataset\118675.xls,.xls,0.08,OK,
C:\Users\User\OneDrive\Documents\Uni\Dissertation\MScProject\Dataset\118676.xls,.xls,0.06,OK,
C:\Users\User\OneDrive\Documents\Uni\Dissertation\MScProject\Dataset\118677.xls,.xls,0.05,OK,
C:\Users\User\OneDrive\Documents\Uni\Dissertation\MScProject\Dataset\118678.xls,.xls,0.1,OK,
C:\Users\User\OneDrive\Documents\Uni\Dissertation\MScProject\Dataset\118680.xls,.xls,0.02,OK,
C:\Users\User\OneDrive\Documents\Uni\Dissertation\MScProject\Dataset\118681.xls,.xls,0.08,OK,
C:\Users\User\OneDrive\Documents\Uni\Dissertation\MScProject\Dataset\118682.xls,.xls,0.08,OK,
C:\Users\User\OneDrive\Documents\Uni\Dissertation\MScProject\Dataset\118683.xls,.xls,0.11,OK,
C:\Users\User\OneDrive\Documents\Uni\Dissertation\MScProject\Dataset\118684.xls,.xls,0.02,OK,
C:\Users\User\OneDrive\Documents\Uni\Dissertation\MScProject\Dataset\118685.xls,.xls,0.03,OK,
C:\Users\User\OneDrive\Documents\Uni\Dissertation\MScProject\Dataset\118687.xls,.xls,5.96,OK,
C:\Users\User\OneDrive\Documents\Uni\Dissertation\MScProject\Dataset\118688.xls,.xls,0.02,OK,
C:\Users\User\OneDrive\Documents\Uni\Dissertation\MScProject\Dataset\118689.xls,.xls,0.02,OK,
C:\Users\User\OneDrive\Documents\Uni\Dissertation\MScProject\Dataset\118690.xls,.xls,0.02,OK,
C:\Users\User\OneDrive\Documents\Uni\Dissertation\MScProject\Dataset\118694.xls,.xls,0.1,OK,
C:\Users\User\OneDrive\Documents\Uni\Dissertation\MScProject\Dataset\118695.xls,.xls,0.02,OK,
C:\Users\User\OneDrive\Documents\Uni\Dissertation\MScProject\Dataset\118838.xls,.xls,0.03,OK,
C:\Users\User\OneDrive\Documents\Uni\Dissertation\MScProject\Dataset\118989.xls,.xls,0.25,OK,
C:\Users\User\OneDrive\Documents\Uni\Dissertation\MScProject\Dataset\118990.xls,.xls,0.23,OK,
C:\Users\User\OneDrive\Documents\Uni\Dissertation\MScProject\Dataset\119062.xls,.xls,0.03,OK,
C:\Users\User\OneDrive\Documents\Uni\Dissertation\MScProject\Dataset\119064.xls,.xls,0.03,OK,
C:\Users\User\OneDrive\Documents\Uni\Dissertation\MScProject\Dataset\119065.xls,.xls,0.02,OK,
C:\Users\User\OneDrive\Documents\Uni\Dissertation\MScProject\Dataset\119066.xls,.xls,0.02,OK,
C:\Users\User\OneDrive\Documents\Uni\Dissertation\MScProject\Dataset\119082.xls,.xls,0.03,OK,
C:\Users\User\OneDrive\Documents\Uni\Dissertation\MScProject\Dataset\119086.xls,.xls,0.06,OK,
C:\Users\User\OneDrive\Documents\Uni\Dissertation\MScProject\Dataset\119089.xls,.xls,0.24,OK,
C:\Users\User\OneDrive\Documents\Uni\Dissertation\MScProject\Dataset\119091.xls,.xls,0.1,OK,
C:\Users\User\OneDrive\Documents\Uni\Dissertation\MScProject\Dataset\119094.xls,.xls,0.09,OK,
C:\Users\User\OneDrive\Documents\Uni\Dissertation\MScProject\Dataset\119095.xls,.xls,0.29,OK,
C:\Users\User\OneDrive\Documents\Uni\Dissertation\MScProject\Dataset\119147.xls,.xls,0.03,OK,
C:\Users\User\OneDrive\Documents\Uni\Dissertation\MScProject\Dataset\119271.xls,.xls,0.04,OK,
C:\Users\User\OneDrive\Documents\Uni\Dissertation\MScProject\Dataset\119345.xls,.xls,0.04,OK,
C:\Users\User\OneDrive\Documents\Uni\Dissertation\MScProject\Dataset\119346.xls,.xls,0.07,OK,
C:\Users\User\OneDrive\Documents\Uni\Dissertation\MScProject\Dataset\119348.xls,.xls,0.03,OK,
C:\Users\User\OneDrive\Documents\Uni\Dissertation\MScProject\Dataset\119350.xls,.xls,0.02,OK,
C:\Users\User\OneDrive\Documents\Uni\Dissertation\MScProject\Dataset\119351.xls,.xls,0.02,OK,
C:\Users\User\OneDrive\Documents\Uni\Dissertation\MScProject\Dataset\119353.xls,.xls,0.04,OK,
C:\Users\User\OneDrive\Documents\Uni\Dissertation\MScProject\Dataset\119354.xls,.xls,0.5,OK,
C:\Users\User\OneDrive\Documents\Uni\Dissertation\MScProject\Dataset\119355.xls,.xls,0.48,OK,
C:\Users\User\OneDrive\Documents\Uni\Dissertation\MScProject\Dataset\119356.xls,.xls,0.04,OK,
C:\Users\User\OneDrive\Documents\Uni\Dissertation\MScProject\Dataset\119357.xls,.xls,0.08,OK,
C:\Users\User\OneDrive\Documents\Uni\Dissertation\MScProject\Dataset\119358.xls,.xls,0.06,OK,
C:\Users\User\OneDrive\Documents\Uni\Dissertation\MScProject\Dataset\119361.xls,.xls,0.08,OK,
C:\Users\User\OneDrive\Documents\Uni\Dissertation\MScProject\Dataset\119626.xls,.xls,0.11,OK,
C:\Users\User\OneDrive\Documents\Uni\Dissertation\MScProject\Dataset\119627.xls,.xls,0.07,OK,
C:\Users\User\OneDrive\Documents\Uni\Dissertation\MScProject\Dataset\119644.xls,.xls,0.14,OK,
C:\Users\User\OneDrive\Documents\Uni\Dissertation\MScProject\Dataset\119694.xls,.xls,0.41,OK,
C:\Users\User\OneDrive\Documents\Uni\Dissertation\MScProject\Dataset\119720.xls,.xls,0.03,OK,
C:\Users\User\OneDrive\Documents\Uni\Dissertation\MScProject\Dataset\119901.xls,.xls,0.04,OK,
C:\Users\User\OneDrive\Documents\Uni\Dissertation\MScProject\Dataset\119902.xls,.xls,0.02,OK,
C:\Users\User\OneDrive\Documents\Uni\Dissertation\MScProject\Dataset\119904.xls,.xls,0.04,OK,
C:\Users\User\OneDrive\Documents\Uni\Dissertation\MScProject\Dataset\119905.xls,.xls,0.04,OK,
C:\Users\User\OneDrive\Documents\Uni\Dissertation\MScProject\Dataset\119906.xls,.xls,0.05,OK,
C:\Users\User\OneDrive\Documents\Uni\Dissertation\MScProject\Dataset\119907.xls,.xls,0.03,OK,
C:\Users\User\OneDrive\Documents\Uni\Dissertation\MScProject\Dataset\119909.xls,.xls,0.04,OK,
C:\Users\User\OneDrive\Documents\Uni\Dissertation\MScProject\Dataset\119913.xls,.xls,0.11,OK,
C:\Users\User\OneDrive\Documents\Uni\Dissertation\MScProject\Dataset\120011.xls,.xls,0.14,OK,
C:\Users\User\OneDrive\Documents\Uni\Dissertation\MScProject\Dataset\120022.xls,.xls,0.14,OK,
C:\Users\User\OneDrive\Documents\Uni\Dissertation\MScProject\Dataset\120050.xls,.xls,0.02,OK,
C:\Users\User\OneDrive\Documents\Uni\Dissertation\MScProject\Dataset\120051.xls,.xls,0.02,OK,
C:\Users\User\OneDrive\Documents\Uni\Dissertation\MScProject\Dataset\120212.xls,.xls,0.03,OK,
C:\Users\User\OneDrive\Documents\Uni\Dissertation\MScProject\Dataset\120226.xls,.xls,0.09,OK,
C:\Users\User\OneDrive\Documents\Uni\Dissertation\MScProject\Dataset\120227.xls,.xls,0.31,OK,
C:\Users\User\OneDrive\Documents\Uni\Dissertation\MScProject\Dataset\120237.xls,.xls,0.03,OK,
C:\Users\User\OneDrive\Documents\Uni\Dissertation\MScProject\Dataset\120238.xls,.xls,0.12,OK,
C:\Users\User\OneDrive\Documents\Uni\Dissertation\MScProject\Dataset\120240.xls,.xls,0.08,OK,
C:\Users\User\OneDrive\Documents\Uni\Dissertation\MScProject\Dataset\120249.xls,.xls,0.08,OK,
C:\Users\User\OneDrive\Documents\Uni\Dissertation\MScProject\Dataset\120395.xls,.xls,0.05,OK,
C:\Users\User\OneDrive\Documents\Uni\Dissertation\MScProject\Dataset\120398.xls,.xls,0.03,OK,
C:\Users\User\OneDrive\Documents\Uni\Dissertation\MScProject\Dataset\120399.xls,.xls,0.02,OK,
C:\Users\User\OneDrive\Documents\Uni\Dissertation\MScProject\Dataset\120400.xls,.xls,0.11,OK,
C:\Users\User\OneDrive\Documents\Uni\Dissertation\MScProject\Dataset\120402.xls,.xls,0.02,OK,
C:\Users\User\OneDrive\Documents\Uni\Dissertation\MScProject\Dataset\120403.xls,.xls,0.02,OK,
C:\Users\User\OneDrive\Documents\Uni\Dissertation\MScProject\Dataset\120404.xls,.xls,0.04,OK,
C:\Users\User\OneDrive\Documents\Uni\Dissertation\MScProject\Dataset\120405.xls,.xls,0.08,OK,
C:\Users\User\OneDrive\Documents\Uni\Dissertation\MScProject\Dataset\120409.xls,.xls,0.89,OK,
C:\Users\User\OneDrive\Documents\Uni\Dissertation\MScProject\Dataset\120565.xls,.xls,0.04,OK,
C:\Users\User\OneDrive\Documents\Uni\Dissertation\MScProject\Dataset\120567.xls,.xls,0.1,OK,
C:\Users\User\OneDrive\Documents\Uni\Dissertation\MScProject\Dataset\120571.xls,.xls,0.07,OK,
C:\Users\User\OneDrive\Documents\Uni\Dissertation\MScProject\Dataset\120890.xls,.xls,0.18,OK,
C:\Users\User\OneDrive\Documents\Uni\Dissertation\MScProject\Dataset\120901.xls,.xls,0.03,OK,
C:\Users\User\OneDrive\Documents\Uni\Dissertation\MScProject\Dataset\120915.xls,.xls,0.03,OK,
C:\Users\User\OneDrive\Documents\Uni\Dissertation\MScProject\Dataset\121066.xls,.xls,0.39,OK,
C:\Users\User\OneDrive\Documents\Uni\Dissertation\MScProject\Dataset\121067.xls,.xls,1.11,OK,
C:\Users\User\OneDrive\Documents\Uni\Dissertation\MScProject\Dataset\121068.xls,.xls,2.21,OK,
C:\Users\User\OneDrive\Documents\Uni\Dissertation\MScProject\Dataset\121069.xls,.xls,38.78,OK,
C:\Users\User\OneDrive\Documents\Uni\Dissertation\MScProject\Dataset\121507.xls,.xls,0.05,OK,
C:\Users\User\OneDrive\Documents\Uni\Dissertation\MScProject\Dataset\121508.xls,.xls,0.08,OK,
C:\Users\User\OneDrive\Documents\Uni\Dissertation\MScProject\Dataset\121509.xls,.xls,0.2,OK,
C:\Users\User\OneDrive\Documents\Uni\Dissertation\MScProject\Dataset\121510.xls,.xls,0.12,OK,
C:\Users\User\OneDrive\Documents\Uni\Dissertation\MScProject\Dataset\121511.xls,.xls,12.27,OK,
C:\Users\User\OneDrive\Documents\Uni\Dissertation\MScProject\Dataset\121512.xls,.xls,5.35,OK,
C:\Users\User\OneDrive\Documents\Uni\Dissertation\MScProject\Dataset\121513.xls,.xls,2.93,OK,
C:\Users\User\OneDrive\Documents\Uni\Dissertation\MScProject\Dataset\121514.xls,.xls,0.08,OK,
C:\Users\User\OneDrive\Documents\Uni\Dissertation\MScProject\Dataset\121636.xls,.xls,0.03,OK,
C:\Users\User\OneDrive\Documents\Uni\Dissertation\MScProject\Dataset\121638.xls,.xls,0.02,OK,
C:\Users\User\OneDrive\Documents\Uni\Dissertation\MScProject\Dataset\121639.xls,.xls,0.12,OK,
C:\Users\User\OneDrive\Documents\Uni\Dissertation\MScProject\Dataset\121773.xls,.xls,0.02,OK,
C:\Users\User\OneDrive\Documents\Uni\Dissertation\MScProject\Dataset\121774.xls,.xls,0.66,OK,
C:\Users\User\OneDrive\Documents\Uni\Dissertation\MScProject\Dataset\121775.xls,.xls,0.03,OK,
C:\Users\User\OneDrive\Documents\Uni\Dissertation\MScProject\Dataset\121776.xls,.xls,0.04,OK,
C:\Users\User\OneDrive\Documents\Uni\Dissertation\MScProject\Dataset\121777.xls,.xls,0.16,OK,
C:\Users\User\OneDrive\Documents\Uni\Dissertation\MScProject\Dataset\121985.xls,.xls,0.08,OK,
C:\Users\User\OneDrive\Documents\Uni\Dissertation\MScProject\Dataset\121986.xls,.xls,0.19,OK,
C:\Users\User\OneDrive\Documents\Uni\Dissertation\MScProject\Dataset\121987.xls,.xls,0.25,OK,
C:\Users\User\OneDrive\Documents\Uni\Dissertation\MScProject\Dataset\122154.xls,.xls,0.03,OK,
C:\Users\User\OneDrive\Documents\Uni\Dissertation\MScProject\Dataset\122402.xls,.xls,0.5,OK,
C:\Users\User\OneDrive\Documents\Uni\Dissertation\MScProject\Dataset\122403.xls,.xls,0.49,OK,
C:\Users\User\OneDrive\Documents\Uni\Dissertation\MScProject\Dataset\122405.xls,.xls,0.51,OK,
C:\Users\User\OneDrive\Documents\Uni\Dissertation\MScProject\Dataset\122406.xls,.xls,0.08,OK,
C:\Users\User\OneDrive\Documents\Uni\Dissertation\MScProject\Dataset\122407.xls,.xls,0.07,OK,
C:\Users\User\OneDrive\Documents\Uni\Dissertation\MScProject\Dataset\122408.xls,.xls,0.3,OK,
C:\Users\User\OneDrive\Documents\Uni\Dissertation\MScProject\Dataset\122409.xls,.xls,0.43,OK,
C:\Users\User\OneDrive\Documents\Uni\Dissertation\MScProject\Dataset\122410.xls,.xls,0.04,OK,
C:\Users\User\OneDrive\Documents\Uni\Dissertation\MScProject\Dataset\122411.xls,.xls,0.43,OK,
C:\Users\User\OneDrive\Documents\Uni\Dissertation\MScProject\Dataset\122413.xls,.xls,0.02,OK,
C:\Users\User\OneDrive\Documents\Uni\Dissertation\MScProject\Dataset\122415.xls,.xls,0.09,OK,
C:\Users\User\OneDrive\Documents\Uni\Dissertation\MScProject\Dataset\122416.xls,.xls,1.45,OK,
C:\Users\User\OneDrive\Documents\Uni\Dissertation\MScProject\Dataset\122417.xls,.xls,0.02,OK,
C:\Users\User\OneDrive\Documents\Uni\Dissertation\MScProject\Dataset\122418.xls,.xls,0.02,OK,
C:\Users\User\OneDrive\Documents\Uni\Dissertation\MScProject\Dataset\122419.xls,.xls,0.59,OK,
C:\Users\User\OneDrive\Documents\Uni\Dissertation\MScProject\Dataset\122420.xls,.xls,0.64,OK,
C:\Users\User\OneDrive\Documents\Uni\Dissertation\MScProject\Dataset\122421.xls,.xls,0.02,OK,
C:\Users\User\OneDrive\Documents\Uni\Dissertation\MScProject\Dataset\122424.xls,.xls,0.02,OK,
C:\Users\User\OneDrive\Documents\Uni\Dissertation\MScProject\Dataset\122425.xls,.xls,0.01,OK,
C:\Users\User\OneDrive\Documents\Uni\Dissertation\MScProject\Dataset\122426.xls,.xls,0.02,OK,
C:\Users\User\OneDrive\Documents\Uni\Dissertation\MScProject\Dataset\122578.xls,.xls,0.65,OK,
C:\Users\User\OneDrive\Documents\Uni\Dissertation\MScProject\Dataset\122579.xls,.xls,0.43,OK,
C:\Users\User\OneDrive\Documents\Uni\Dissertation\MScProject\Dataset\122581.xls,.xls,0.43,OK,
C:\Users\User\OneDrive\Documents\Uni\Dissertation\MScProject\Dataset\122583.xls,.xls,0.08,OK,
C:\Users\User\OneDrive\Documents\Uni\Dissertation\MScProject\Dataset\122585.xls,.xls,0.03,OK,
C:\Users\User\OneDrive\Documents\Uni\Dissertation\MScProject\Dataset\122586.xls,.xls,0.02,OK,
C:\Users\User\OneDrive\Documents\Uni\Dissertation\MScProject\Dataset\122593.xls,.xls,0.09,OK,
C:\Users\User\OneDrive\Documents\Uni\Dissertation\MScProject\Dataset\122630.xls,.xls,0.53,OK,
C:\Users\User\OneDrive\Documents\Uni\Dissertation\MScProject\Dataset\122632.xls,.xls,0.02,OK,
C:\Users\User\OneDrive\Documents\Uni\Dissertation\MScProject\Dataset\122633.xls,.xls,0.03,OK,
C:\Users\User\OneDrive\Documents\Uni\Dissertation\MScProject\Dataset\122634.xls,.xls,0.43,OK,
C:\Users\User\OneDrive\Documents\Uni\Dissertation\MScProject\Dataset\122635.xls,.xls,0.75,OK,
C:\Users\User\OneDrive\Documents\Uni\Dissertation\MScProject\Dataset\122636.xls,.xls,1.36,OK,
C:\Users\User\OneDrive\Documents\Uni\Dissertation\MScProject\Dataset\122638.xls,.xls,0.11,OK,
C:\Users\User\OneDrive\Documents\Uni\Dissertation\MScProject\Dataset\122640.xls,.xls,0.03,OK,
C:\Users\User\OneDrive\Documents\Uni\Dissertation\MScProject\Dataset\122641.xls,.xls,0.12,OK,
C:\Users\User\OneDrive\Documents\Uni\Dissertation\MScProject\Dataset\122642.xls,.xls,0.23,OK,
C:\Users\User\OneDrive\Documents\Uni\Dissertation\MScProject\Dataset\122643.xls,.xls,0.08,OK,
C:\Users\User\OneDrive\Documents\Uni\Dissertation\MScProject\Dataset\122647.xls,.xls,0.22,OK,
C:\Users\User\OneDrive\Documents\Uni\Dissertation\MScProject\Dataset\122648.xls,.xls,2.18,OK,
C:\Users\User\OneDrive\Documents\Uni\Dissertation\MScProject\Dataset\122649.xls,.xls,0.02,OK,
C:\Users\User\OneDrive\Documents\Uni\Dissertation\MScProject\Dataset\122754.xls,.xls,0.05,OK,
C:\Users\User\OneDrive\Documents\Uni\Dissertation\MScProject\Dataset\122761.xls,.xls,0.03,OK,
C:\Users\User\OneDrive\Documents\Uni\Dissertation\MScProject\Dataset\122852.xls,.xls,0.06,OK,
C:\Users\User\OneDrive\Documents\Uni\Dissertation\MScProject\Dataset\122853.xls,.xls,0.06,OK,
C:\Users\User\OneDrive\Documents\Uni\Dissertation\MScProject\Dataset\122855.xls,.xls,0.05,OK,
C:\Users\User\OneDrive\Documents\Uni\Dissertation\MScProject\Dataset\122856.xls,.xls,0.04,OK,
C:\Users\User\OneDrive\Documents\Uni\Dissertation\MScProject\Dataset\122857.xls,.xls,0.04,OK,
C:\Users\User\OneDrive\Documents\Uni\Dissertation\MScProject\Dataset\122858.xls,.xls,0.65,OK,
C:\Users\User\OneDrive\Documents\Uni\Dissertation\MScProject\Dataset\122859.xls,.xls,0.62,OK,
C:\Users\User\OneDrive\Documents\Uni\Dissertation\MScProject\Dataset\122860.xls,.xls,0.63,OK,
C:\Users\User\OneDrive\Documents\Uni\Dissertation\MScProject\Dataset\122862.xls,.xls,0.21,OK,
C:\Users\User\OneDrive\Documents\Uni\Dissertation\MScProject\Dataset\122863.xls,.xls,0.02,OK,
C:\Users\User\OneDrive\Documents\Uni\Dissertation\MScProject\Dataset\122865.xls,.xls,0.08,OK,
C:\Users\User\OneDrive\Documents\Uni\Dissertation\MScProject\Dataset\122867.xls,.xls,0.03,OK,
C:\Users\User\OneDrive\Documents\Uni\Dissertation\MScProject\Dataset\122868.xls,.xls,11.77,OK,
C:\Users\User\OneDrive\Documents\Uni\Dissertation\MScProject\Dataset\122870.xls,.xls,0.05,OK,
C:\Users\User\OneDrive\Documents\Uni\Dissertation\MScProject\Dataset\122871.xls,.xls,4.31,OK,
C:\Users\User\OneDrive\Documents\Uni\Dissertation\MScProject\Dataset\122877.xls,.xls,0.3,OK,
C:\Users\User\OneDrive\Documents\Uni\Dissertation\MScProject\Dataset\122878.xls,.xls,4.32,OK,
C:\Users\User\OneDrive\Documents\Uni\Dissertation\MScProject\Dataset\122879.xls,.xls,3.22,OK,
C:\Users\User\OneDrive\Documents\Uni\Dissertation\MScProject\Dataset\122880.xls,.xls,0.06,OK,
C:\Users\User\OneDrive\Documents\Uni\Dissertation\MScProject\Dataset\122881.xls,.xls,0.15,OK,
C:\Users\User\OneDrive\Documents\Uni\Dissertation\MScProject\Dataset\122882.xls,.xls,0.13,OK,
C:\Users\User\OneDrive\Documents\Uni\Dissertation\MScProject\Dataset\122883.xls,.xls,0.15,OK,
C:\Users\User\OneDrive\Documents\Uni\Dissertation\MScProject\Dataset\123175.xls,.xls,0.02,OK,
C:\Users\User\OneDrive\Documents\Uni\Dissertation\MScProject\Dataset\123176.xls,.xls,0.03,OK,
C:\Users\User\OneDrive\Documents\Uni\Dissertation\MScProject\Dataset\123354.xls,.xls,0.01,OK,
C:\Users\User\OneDrive\Documents\Uni\Dissertation\MScProject\Dataset\123355.xls,.xls,0.03,OK,
C:\Users\User\OneDrive\Documents\Uni\Dissertation\MScProject\Dataset\123361.xls,.xls,0.03,OK,
C:\Users\User\OneDrive\Documents\Uni\Dissertation\MScProject\Dataset\123363.xls,.xls,0.03,OK,
C:\Users\User\OneDrive\Documents\Uni\Dissertation\MScProject\Dataset\123364.xls,.xls,0.19,OK,
C:\Users\User\OneDrive\Documents\Uni\Dissertation\MScProject\Dataset\123367.xls,.xls,9.26,OK,
C:\Users\User\OneDrive\Documents\Uni\Dissertation\MScProject\Dataset\123370.xls,.xls,0.12,OK,
C:\Users\User\OneDrive\Documents\Uni\Dissertation\MScProject\Dataset\123371.xls,.xls,0.14,OK,
C:\Users\User\OneDrive\Documents\Uni\Dissertation\MScProject\Dataset\123372.xls,.xls,0.69,OK,
C:\Users\User\OneDrive\Documents\Uni\Dissertation\MScProject\Dataset\123373.xls,.xls,0.12,OK,
C:\Users\User\OneDrive\Documents\Uni\Dissertation\MScProject\Dataset\123374.xls,.xls,10.52,OK,
C:\Users\User\OneDrive\Documents\Uni\Dissertation\MScProject\Dataset\123445.xls,.xls,0.04,OK,
C:\Users\User\OneDrive\Documents\Uni\Dissertation\MScProject\Dataset\123575.xls,.xls,0.21,OK,
C:\Users\User\OneDrive\Documents\Uni\Dissertation\MScProject\Dataset\123578.xls,.xls,0.09,OK,
C:\Users\User\OneDrive\Documents\Uni\Dissertation\MScProject\Dataset\123651.xls,.xls,0.02,OK,
C:\Users\User\OneDrive\Documents\Uni\Dissertation\MScProject\Dataset\123741.xls,.xls,0.03,OK,
C:\Users\User\OneDrive\Documents\Uni\Dissertation\MScProject\Dataset\123819.xls,.xls,0.14,OK,
C:\Users\User\OneDrive\Documents\Uni\Dissertation\MScProject\Dataset\123983.xls,.xls,0.18,OK,
C:\Users\User\OneDrive\Documents\Uni\Dissertation\MScProject\Dataset\124193.xls,.xls,0.11,OK,
C:\Users\User\OneDrive\Documents\Uni\Dissertation\MScProject\Dataset\124221.xls,.xls,0.07,OK,
C:\Users\User\OneDrive\Documents\Uni\Dissertation\MScProject\Dataset\124224.xls,.xls,0.07,OK,
C:\Users\User\OneDrive\Documents\Uni\Dissertation\MScProject\Dataset\124225.xls,.xls,0.07,OK,
C:\Users\User\OneDrive\Documents\Uni\Dissertation\MScProject\Dataset\124226.xls,.xls,0.43,OK,
C:\Users\User\OneDrive\Documents\Uni\Dissertation\MScProject\Dataset\124227.xls,.xls,0.88,OK,
C:\Users\User\OneDrive\Documents\Uni\Dissertation\MScProject\Dataset\124228.xls,.xls,1.0,OK,
C:\Users\User\OneDrive\Documents\Uni\Dissertation\MScProject\Dataset\124230.xls,.xls,0.32,OK,
C:\Users\User\OneDrive\Documents\Uni\Dissertation\MScProject\Dataset\124234.xls,.xls,0.07,OK,
C:\Users\User\OneDrive\Documents\Uni\Dissertation\MScProject\Dataset\124235.xls,.xls,0.02,OK,
C:\Users\User\OneDrive\Documents\Uni\Dissertation\MScProject\Dataset\124236.xls,.xls,0.02,OK,
C:\Users\User\OneDrive\Documents\Uni\Dissertation\MScProject\Dataset\124238.xls,.xls,0.03,OK,
C:\Users\User\OneDrive\Documents\Uni\Dissertation\MScProject\Dataset\124239.xls,.xls,0.02,OK,
C:\Users\User\OneDrive\Documents\Uni\Dissertation\MScProject\Dataset\124242.xls,.xls,0.66,OK,
C:\Users\User\OneDrive\Documents\Uni\Dissertation\MScProject\Dataset\124244.xls,.xls,0.02,OK,
C:\Users\User\OneDrive\Documents\Uni\Dissertation\MScProject\Dataset\124248.xls,.xls,0.08,OK,
C:\Users\User\OneDrive\Documents\Uni\Dissertation\MScProject\Dataset\124250.xls,.xls,0.04,OK,
C:\Users\User\OneDrive\Documents\Uni\Dissertation\MScProject\Dataset\124251.xls,.xls,0.12,OK,
C:\Users\User\OneDrive\Documents\Uni\Dissertation\MScProject\Dataset\124252.xls,.xls,0.07,OK,
C:\Users\User\OneDrive\Documents\Uni\Dissertation\MScProject\Dataset\124253.xls,.xls,0.04,OK,
C:\Users\User\OneDrive\Documents\Uni\Dissertation\MScProject\Dataset\124254.xls,.xls,0.12,OK,
C:\Users\User\OneDrive\Documents\Uni\Dissertation\MScProject\Dataset\124255.xls,.xls,0.02,OK,
C:\Users\User\OneDrive\Documents\Uni\Dissertation\MScProject\Dataset\124256.xls,.xls,0.02,OK,
C:\Users\User\OneDrive\Documents\Uni\Dissertation\MScProject\Dataset\124257.xls,.xls,0.05,OK,
C:\Users\User\OneDrive\Documents\Uni\Dissertation\MScProject\Dataset\124258.xls,.xls,0.36,OK,
C:\Users\User\OneDrive\Documents\Uni\Dissertation\MScProject\Dataset\124259.xls,.xls,0.02,OK,
C:\Users\User\OneDrive\Documents\Uni\Dissertation\MScProject\Dataset\124260.xls,.xls,0.05,OK,
C:\Users\User\OneDrive\Documents\Uni\Dissertation\MScProject\Dataset\124628.xls,.xls,0.11,OK,
C:\Users\User\OneDrive\Documents\Uni\Dissertation\MScProject\Dataset\124629.xls,.xls,0.2,OK,
C:\Users\User\OneDrive\Documents\Uni\Dissertation\MScProject\Dataset\124783.xls,.xls,0.03,OK,
C:\Users\User\OneDrive\Documents\Uni\Dissertation\MScProject\Dataset\124784.xls,.xls,0.07,OK,
C:\Users\User\OneDrive\Documents\Uni\Dissertation\MScProject\Dataset\125151.xls,.xls,2.1,OK,
C:\Users\User\OneDrive\Documents\Uni\Dissertation\MScProject\Dataset\125152.xls,.xls,30.58,OK,
C:\Users\User\OneDrive\Documents\Uni\Dissertation\MScProject\Dataset\125153.xls,.xls,6.83,OK,
C:\Users\User\OneDrive\Documents\Uni\Dissertation\MScProject\Dataset\125154.xls,.xls,23.17,OK,
C:\Users\User\OneDrive\Documents\Uni\Dissertation\MScProject\Dataset\125155.xls,.xls,0.1,OK,
C:\Users\User\OneDrive\Documents\Uni\Dissertation\MScProject\Dataset\125156.xls,.xls,14.66,OK,
C:\Users\User\OneDrive\Documents\Uni\Dissertation\MScProject\Dataset\125399.xls,.xls,1.13,OK,
C:\Users\User\OneDrive\Documents\Uni\Dissertation\MScProject\Dataset\125400.xls,.xls,0.02,OK,
C:\Users\User\OneDrive\Documents\Uni\Dissertation\MScProject\Dataset\125401.xls,.xls,0.1,OK,
C:\Users\User\OneDrive\Documents\Uni\Dissertation\MScProject\Dataset\125402.xls,.xls,0.03,OK,
C:\Users\User\OneDrive\Documents\Uni\Dissertation\MScProject\Dataset\125403.xls,.xls,0.09,OK,
C:\Users\User\OneDrive\Documents\Uni\Dissertation\MScProject\Dataset\125404.xls,.xls,0.24,OK,
C:\Users\User\OneDrive\Documents\Uni\Dissertation\MScProject\Dataset\125407.xls,.xls,0.17,OK,
C:\Users\User\OneDrive\Documents\Uni\Dissertation\MScProject\Dataset\125408.xls,.xls,0.56,OK,
C:\Users\User\OneDrive\Documents\Uni\Dissertation\MScProject\Dataset\125653.xls,.xls,0.03,OK,
C:\Users\User\OneDrive\Documents\Uni\Dissertation\MScProject\Dataset\125654.xls,.xls,0.08,OK,
C:\Users\User\OneDrive\Documents\Uni\Dissertation\MScProject\Dataset\125655.xls,.xls,0.01,OK,
C:\Users\User\OneDrive\Documents\Uni\Dissertation\MScProject\Dataset\125657.xls,.xls,0.73,OK,
C:\Users\User\OneDrive\Documents\Uni\Dissertation\MScProject\Dataset\125658.xls,.xls,0.86,OK,
C:\Users\User\OneDrive\Documents\Uni\Dissertation\MScProject\Dataset\125659.xls,.xls,3.56,OK,
C:\Users\User\OneDrive\Documents\Uni\Dissertation\MScProject\Dataset\125660.xls,.xls,3.56,OK,
C:\Users\User\OneDrive\Documents\Uni\Dissertation\MScProject\Dataset\125662.xls,.xls,3.84,OK,
C:\Users\User\OneDrive\Documents\Uni\Dissertation\MScProject\Dataset\125663.xls,.xls,3.84,OK,
C:\Users\User\OneDrive\Documents\Uni\Dissertation\MScProject\Dataset\125664.xls,.xls,2.1,OK,
C:\Users\User\OneDrive\Documents\Uni\Dissertation\MScProject\Dataset\125665.xls,.xls,10.07,OK,
C:\Users\User\OneDrive\Documents\Uni\Dissertation\MScProject\Dataset\125666.xls,.xls,4.12,OK,
C:\Users\User\OneDrive\Documents\Uni\Dissertation\MScProject\Dataset\125667.xls,.xls,4.86,OK,
C:\Users\User\OneDrive\Documents\Uni\Dissertation\MScProject\Dataset\125668.xls,.xls,3.49,OK,
C:\Users\User\OneDrive\Documents\Uni\Dissertation\MScProject\Dataset\125669.xls,.xls,6.3,OK,
C:\Users\User\OneDrive\Documents\Uni\Dissertation\MScProject\Dataset\125670.xls,.xls,2.15,OK,
C:\Users\User\OneDrive\Documents\Uni\Dissertation\MScProject\Dataset\125672.xls,.xls,0.07,OK,
C:\Users\User\OneDrive\Documents\Uni\Dissertation\MScProject\Dataset\125673.xls,.xls,6.1,OK,
C:\Users\User\OneDrive\Documents\Uni\Dissertation\MScProject\Dataset\125675.xls,.xls,2.55,OK,
C:\Users\User\OneDrive\Documents\Uni\Dissertation\MScProject\Dataset\125677.xls,.xls,4.95,OK,
C:\Users\User\OneDrive\Documents\Uni\Dissertation\MScProject\Dataset\125678.xls,.xls,13.59,OK,
C:\Users\User\OneDrive\Documents\Uni\Dissertation\MScProject\Dataset\125679.xls,.xls,0.03,OK,
C:\Users\User\OneDrive\Documents\Uni\Dissertation\MScProject\Dataset\125680.xls,.xls,0.06,OK,
C:\Users\User\OneDrive\Documents\Uni\Dissertation\MScProject\Dataset\125682.xls,.xls,2.23,OK,
C:\Users\User\OneDrive\Documents\Uni\Dissertation\MScProject\Dataset\125683.xls,.xls,3.51,OK,
C:\Users\User\OneDrive\Documents\Uni\Dissertation\MScProject\Dataset\125809.xls,.xls,0.13,OK,
C:\Users\User\OneDrive\Documents\Uni\Dissertation\MScProject\Dataset\125949.xls,.xls,0.04,OK,
C:\Users\User\OneDrive\Documents\Uni\Dissertation\MScProject\Dataset\125951.xls,.xls,0.04,OK,
C:\Users\User\OneDrive\Documents\Uni\Dissertation\MScProject\Dataset\125952.xls,.xls,0.59,OK,
C:\Users\User\OneDrive\Documents\Uni\Dissertation\MScProject\Dataset\125953.xls,.xls,0.05,OK,
C:\Users\User\OneDrive\Documents\Uni\Dissertation\MScProject\Dataset\125957.xls,.xls,0.45,OK,
C:\Users\User\OneDrive\Documents\Uni\Dissertation\MScProject\Dataset\125960.xls,.xls,0.12,OK,
C:\Users\User\OneDrive\Documents\Uni\Dissertation\MScProject\Dataset\125961.xls,.xls,0.54,OK,
C:\Users\User\OneDrive\Documents\Uni\Dissertation\MScProject\Dataset\125962.xls,.xls,0.11,OK,
C:\Users\User\OneDrive\Documents\Uni\Dissertation\MScProject\Dataset\125963.xls,.xls,0.03,OK,
C:\Users\User\OneDrive\Documents\Uni\Dissertation\MScProject\Dataset\126224.xls,.xls,0.48,OK,
C:\Users\User\OneDrive\Documents\Uni\Dissertation\MScProject\Dataset\126225.xls,.xls,0.56,OK,
C:\Users\User\OneDrive\Documents\Uni\Dissertation\MScProject\Dataset\126406.xls,.xls,0.03,OK,
C:\Users\User\OneDrive\Documents\Uni\Dissertation\MScProject\Dataset\126497.xls,.xls,0.05,OK,
C:\Users\User\OneDrive\Documents\Uni\Dissertation\MScProject\Dataset\126509.xls,.xls,0.02,OK,
C:\Users\User\OneDrive\Documents\Uni\Dissertation\MScProject\Dataset\126511.xls,.xls,0.03,OK,
C:\Users\User\OneDrive\Documents\Uni\Dissertation\MScProject\Dataset\126513.xls,.xls,0.03,OK,
C:\Users\User\OneDrive\Documents\Uni\Dissertation\MScProject\Dataset\126659.xls,.xls,0.06,OK,
C:\Users\User\OneDrive\Documents\Uni\Dissertation\MScProject\Dataset\126660.xls,.xls,0.04,OK,
C:\Users\User\OneDrive\Documents\Uni\Dissertation\MScProject\Dataset\126662.xls,.xls,0.11,OK,
C:\Users\User\OneDrive\Documents\Uni\Dissertation\MScProject\Dataset\126664.xls,.xls,0.06,OK,
C:\Users\User\OneDrive\Documents\Uni\Dissertation\MScProject\Dataset\126665.xls,.xls,0.02,OK,
C:\Users\User\OneDrive\Documents\Uni\Dissertation\MScProject\Dataset\126668.xls,.xls,0.05,OK,
C:\Users\User\OneDrive\Documents\Uni\Dissertation\MScProject\Dataset\126669.xls,.xls,8.09,OK,
C:\Users\User\OneDrive\Documents\Uni\Dissertation\MScProject\Dataset\126670.xls,.xls,0.04,OK,
C:\Users\User\OneDrive\Documents\Uni\Dissertation\MScProject\Dataset\126671.xls,.xls,0.02,OK,
C:\Users\User\OneDrive\Documents\Uni\Dissertation\MScProject\Dataset\126674.xls,.xls,2.13,OK,
C:\Users\User\OneDrive\Documents\Uni\Dissertation\MScProject\Dataset\126675.xls,.xls,0.05,OK,
C:\Users\User\OneDrive\Documents\Uni\Dissertation\MScProject\Dataset\126676.xls,.xls,0.08,OK,
C:\Users\User\OneDrive\Documents\Uni\Dissertation\MScProject\Dataset\126678.xls,.xls,0.19,OK,
C:\Users\User\OneDrive\Documents\Uni\Dissertation\MScProject\Dataset\126679.xls,.xls,0.07,OK,
C:\Users\User\OneDrive\Documents\Uni\Dissertation\MScProject\Dataset\126682.xls,.xls,14.21,OK,
C:\Users\User\OneDrive\Documents\Uni\Dissertation\MScProject\Dataset\126791.xls,.xls,0.04,OK,
C:\Users\User\OneDrive\Documents\Uni\Dissertation\MScProject\Dataset\126865.xls,.xls,0.16,OK,
C:\Users\User\OneDrive\Documents\Uni\Dissertation\MScProject\Dataset\126866.xls,.xls,6.56,OK,
C:\Users\User\OneDrive\Documents\Uni\Dissertation\MScProject\Dataset\127170.xls,.xls,0.05,OK,
C:\Users\User\OneDrive\Documents\Uni\Dissertation\MScProject\Dataset\127278.xls,.xls,0.07,OK,
C:\Users\User\OneDrive\Documents\Uni\Dissertation\MScProject\Dataset\127279.xls,.xls,0.02,OK,
C:\Users\User\OneDrive\Documents\Uni\Dissertation\MScProject\Dataset\127280.xls,.xls,0.04,OK,
C:\Users\User\OneDrive\Documents\Uni\Dissertation\MScProject\Dataset\127281.xls,.xls,0.05,OK,
C:\Users\User\OneDrive\Documents\Uni\Dissertation\MScProject\Dataset\127283.xls,.xls,0.02,OK,
C:\Users\User\OneDrive\Documents\Uni\Dissertation\MScProject\Dataset\127284.xls,.xls,0.03,OK,
C:\Users\User\OneDrive\Documents\Uni\Dissertation\MScProject\Dataset\127287.xls,.xls,0.09,OK,
C:\Users\User\OneDrive\Documents\Uni\Dissertation\MScProject\Dataset\127288.xls,.xls,0.12,OK,
C:\Users\User\OneDrive\Documents\Uni\Dissertation\MScProject\Dataset\127289.xls,.xls,0.11,OK,
C:\Users\User\OneDrive\Documents\Uni\Dissertation\MScProject\Dataset\127292.xls,.xls,0.02,OK,
C:\Users\User\OneDrive\Documents\Uni\Dissertation\MScProject\Dataset\127293.xls,.xls,0.18,OK,
C:\Users\User\OneDrive\Documents\Uni\Dissertation\MScProject\Dataset\127466.xls,.xls,0.04,OK,
C:\Users\User\OneDrive\Documents\Uni\Dissertation\MScProject\Dataset\127467.xls,.xls,0.59,OK,
C:\Users\User\OneDrive\Documents\Uni\Dissertation\MScProject\Dataset\127468.xls,.xls,0.08,OK,
C:\Users\User\OneDrive\Documents\Uni\Dissertation\MScProject\Dataset\127470.xls,.xls,0.09,OK,
C:\Users\User\OneDrive\Documents\Uni\Dissertation\MScProject\Dataset\127471.xls,.xls,0.37,OK,
C:\Users\User\OneDrive\Documents\Uni\Dissertation\MScProject\Dataset\127473.xls,.xls,1.04,OK,
C:\Users\User\OneDrive\Documents\Uni\Dissertation\MScProject\Dataset\127582.xls,.xls,1.98,OK,
C:\Users\User\OneDrive\Documents\Uni\Dissertation\MScProject\Dataset\127586.xls,.xls,0.19,OK,
C:\Users\User\OneDrive\Documents\Uni\Dissertation\MScProject\Dataset\127725.xls,.xls,0.17,OK,
C:\Users\User\OneDrive\Documents\Uni\Dissertation\MScProject\Dataset\127727.xls,.xls,0.02,OK,
C:\Users\User\OneDrive\Documents\Uni\Dissertation\MScProject\Dataset\127730.xls,.xls,0.12,OK,
C:\Users\User\OneDrive\Documents\Uni\Dissertation\MScProject\Dataset\127731.xls,.xls,0.04,OK,
C:\Users\User\OneDrive\Documents\Uni\Dissertation\MScProject\Dataset\127732.xls,.xls,0.17,OK,
C:\Users\User\OneDrive\Documents\Uni\Dissertation\MScProject\Dataset\127734.xls,.xls,0.03,OK,
C:\Users\User\OneDrive\Documents\Uni\Dissertation\MScProject\Dataset\127737.xls,.xls,0.68,OK,
C:\Users\User\OneDrive\Documents\Uni\Dissertation\MScProject\Dataset\127738.xls,.xls,0.08,OK,
C:\Users\User\OneDrive\Documents\Uni\Dissertation\MScProject\Dataset\127740.xls,.xls,0.08,OK,
C:\Users\User\OneDrive\Documents\Uni\Dissertation\MScProject\Dataset\128124.xls,.xls,0.02,OK,
C:\Users\User\OneDrive\Documents\Uni\Dissertation\MScProject\Dataset\128127.xls,.xls,0.06,OK,
C:\Users\User\OneDrive\Documents\Uni\Dissertation\MScProject\Dataset\128128.xls,.xls,1.06,OK,
C:\Users\User\OneDrive\Documents\Uni\Dissertation\MScProject\Dataset\128129.xls,.xls,0.02,OK,
C:\Users\User\OneDrive\Documents\Uni\Dissertation\MScProject\Dataset\128131.xls,.xls,25.98,OK,
C:\Users\User\OneDrive\Documents\Uni\Dissertation\MScProject\Dataset\128134.xls,.xls,0.03,OK,
C:\Users\User\OneDrive\Documents\Uni\Dissertation\MScProject\Dataset\128135.xls,.xls,0.08,OK,
C:\Users\User\OneDrive\Documents\Uni\Dissertation\MScProject\Dataset\128137.xls,.xls,0.41,OK,
C:\Users\User\OneDrive\Documents\Uni\Dissertation\MScProject\Dataset\128138.xls,.xls,0.23,OK,
C:\Users\User\OneDrive\Documents\Uni\Dissertation\MScProject\Dataset\128139.xls,.xls,0.38,OK,
C:\Users\User\OneDrive\Documents\Uni\Dissertation\MScProject\Dataset\128142.xls,.xls,0.02,OK,
C:\Users\User\OneDrive\Documents\Uni\Dissertation\MScProject\Dataset\128147.xls,.xls,0.13,OK,
C:\Users\User\OneDrive\Documents\Uni\Dissertation\MScProject\Dataset\128148.xls,.xls,0.03,OK,
C:\Users\User\OneDrive\Documents\Uni\Dissertation\MScProject\Dataset\128149.xls,.xls,0.4,OK,
C:\Users\User\OneDrive\Documents\Uni\Dissertation\MScProject\Dataset\128384.xls,.xls,4.59,OK,
C:\Users\User\OneDrive\Documents\Uni\Dissertation\MScProject\Dataset\128404.xls,.xls,0.05,OK,
C:\Users\User\OneDrive\Documents\Uni\Dissertation\MScProject\Dataset\128405.xls,.xls,0.19,OK,
C:\Users\User\OneDrive\Documents\Uni\Dissertation\MScProject\Dataset\128406.xls,.xls,0.05,OK,
C:\Users\User\OneDrive\Documents\Uni\Dissertation\MScProject\Dataset\128409.xls,.xls,0.02,OK,
C:\Users\User\OneDrive\Documents\Uni\Dissertation\MScProject\Dataset\128410.xls,.xls,0.18,OK,
C:\Users\User\OneDrive\Documents\Uni\Dissertation\MScProject\Dataset\128411.xls,.xls,0.1,OK,
C:\Users\User\OneDrive\Documents\Uni\Dissertation\MScProject\Dataset\128412.xls,.xls,0.02,OK,
C:\Users\User\OneDrive\Documents\Uni\Dissertation\MScProject\Dataset\128413.xls,.xls,0.03,OK,
C:\Users\User\OneDrive\Documents\Uni\Dissertation\MScProject\Dataset\128414.xls,.xls,0.02,OK,
C:\Users\User\OneDrive\Documents\Uni\Dissertation\MScProject\Dataset\128415.xls,.xls,0.14,OK,
C:\Users\User\OneDrive\Documents\Uni\Dissertation\MScProject\Dataset\128416.xls,.xls,0.04,OK,
C:\Users\User\OneDrive\Documents\Uni\Dissertation\MScProject\Dataset\128417.xls,.xls,0.02,OK,
C:\Users\User\OneDrive\Documents\Uni\Dissertation\MScProject\Dataset\128418.xls,.xls,0.02,OK,
C:\Users\User\OneDrive\Documents\Uni\Dissertation\MScProject\Dataset\128419.xls,.xls,0.02,OK,
C:\Users\User\OneDrive\Documents\Uni\Dissertation\MScProject\Dataset\128420.xls,.xls,0.02,OK,
C:\Users\User\OneDrive\Documents\Uni\Dissertation\MScProject\Dataset\128421.xls,.xls,0.06,OK,
C:\Users\User\OneDrive\Documents\Uni\Dissertation\MScProject\Dataset\128423.xls,.xls,0.03,OK,
C:\Users\User\OneDrive\Documents\Uni\Dissertation\MScProject\Dataset\128426.xls,.xls,0.45,OK,
C:\Users\User\OneDrive\Documents\Uni\Dissertation\MScProject\Dataset\128428.xls,.xls,0.02,OK,
C:\Users\User\OneDrive\Documents\Uni\Dissertation\MScProject\Dataset\128431.xls,.xls,0.02,OK,
C:\Users\User\OneDrive\Documents\Uni\Dissertation\MScProject\Dataset\128433.xls,.xls,1.5,OK,
C:\Users\User\OneDrive\Documents\Uni\Dissertation\MScProject\Dataset\128436.xls,.xls,0.04,OK,
C:\Users\User\OneDrive\Documents\Uni\Dissertation\MScProject\Dataset\128544.xls,.xls,3.82,OK,
C:\Users\User\OneDrive\Documents\Uni\Dissertation\MScProject\Dataset\128545.xls,.xls,0.03,OK,
C:\Users\User\OneDrive\Documents\Uni\Dissertation\MScProject\Dataset\128548.xls,.xls,0.02,OK,
C:\Users\User\OneDrive\Documents\Uni\Dissertation\MScProject\Dataset\128551.xls,.xls,0.08,OK,
C:\Users\User\OneDrive\Documents\Uni\Dissertation\MScProject\Dataset\128552.xls,.xls,0.04,OK,
C:\Users\User\OneDrive\Documents\Uni\Dissertation\MScProject\Dataset\128673.xls,.xls,0.06,OK,
C:\Users\User\OneDrive\Documents\Uni\Dissertation\MScProject\Dataset\128674.xls,.xls,0.06,OK,
C:\Users\User\OneDrive\Documents\Uni\Dissertation\MScProject\Dataset\128675.xls,.xls,0.68,OK,
C:\Users\User\OneDrive\Documents\Uni\Dissertation\MScProject\Dataset\128676.xls,.xls,0.36,OK,
C:\Users\User\OneDrive\Documents\Uni\Dissertation\MScProject\Dataset\128678.xls,.xls,0.04,OK,
C:\Users\User\OneDrive\Documents\Uni\Dissertation\MScProject\Dataset\128679.xls,.xls,0.03,OK,
C:\Users\User\OneDrive\Documents\Uni\Dissertation\MScProject\Dataset\128681.xls,.xls,2.91,OK,
C:\Users\User\OneDrive\Documents\Uni\Dissertation\MScProject\Dataset\128684.xls,.xls,0.08,OK,
C:\Users\User\OneDrive\Documents\Uni\Dissertation\MScProject\Dataset\128685.xls,.xls,0.12,OK,
C:\Users\User\OneDrive\Documents\Uni\Dissertation\MScProject\Dataset\128686.xls,.xls,0.13,OK,
C:\Users\User\OneDrive\Documents\Uni\Dissertation\MScProject\Dataset\128691.xls,.xls,6.48,OK,
C:\Users\User\OneDrive\Documents\Uni\Dissertation\MScProject\Dataset\128693.xls,.xls,0.17,OK,
C:\Users\User\OneDrive\Documents\Uni\Dissertation\MScProject\Dataset\128868.xls,.xls,0.04,OK,
C:\Users\User\OneDrive\Documents\Uni\Dissertation\MScProject\Dataset\128869.xls,.xls,0.57,OK,
C:\Users\User\OneDrive\Documents\Uni\Dissertation\MScProject\Dataset\128871.xls,.xls,2.3,OK,
C:\Users\User\OneDrive\Documents\Uni\Dissertation\MScProject\Dataset\129074.xls,.xls,0.08,OK,
C:\Users\User\OneDrive\Documents\Uni\Dissertation\MScProject\Dataset\129239.xls,.xls,0.01,OK,
C:\Users\User\OneDrive\Documents\Uni\Dissertation\MScProject\Dataset\129240.xls,.xls,0.51,OK,
C:\Users\User\OneDrive\Documents\Uni\Dissertation\MScProject\Dataset\129241.xls,.xls,0.02,OK,
C:\Users\User\OneDrive\Documents\Uni\Dissertation\MScProject\Dataset\129413.xls,.xls,0.02,OK,
C:\Users\User\OneDrive\Documents\Uni\Dissertation\MScProject\Dataset\129419.xls,.xls,0.06,OK,
C:\Users\User\OneDrive\Documents\Uni\Dissertation\MScProject\Dataset\129422.xls,.xls,0.06,OK,
C:\Users\User\OneDrive\Documents\Uni\Dissertation\MScProject\Dataset\129599.xls,.xls,0.04,OK,
C:\Users\User\OneDrive\Documents\Uni\Dissertation\MScProject\Dataset\129600.xls,.xls,0.1,OK,
C:\Users\User\OneDrive\Documents\Uni\Dissertation\MScProject\Dataset\129604.xls,.xls,0.65,OK,
C:\Users\User\OneDrive\Documents\Uni\Dissertation\MScProject\Dataset\129761.xls,.xls,0.02,OK,
C:\Users\User\OneDrive\Documents\Uni\Dissertation\MScProject\Dataset\129852.xls,.xls,0.05,OK,
C:\Users\User\OneDrive\Documents\Uni\Dissertation\MScProject\Dataset\129853.xls,.xls,0.06,OK,
C:\Users\User\OneDrive\Documents\Uni\Dissertation\MScProject\Dataset\129854.xls,.xls,5.45,OK,
C:\Users\User\OneDrive\Documents\Uni\Dissertation\MScProject\Dataset\129855.xls,.xls,0.11,OK,
C:\Users\User\OneDrive\Documents\Uni\Dissertation\MScProject\Dataset\129856.xls,.xls,0.06,OK,
C:\Users\User\OneDrive\Documents\Uni\Dissertation\MScProject\Dataset\129857.xls,.xls,0.05,OK,
C:\Users\User\OneDrive\Documents\Uni\Dissertation\MScProject\Dataset\129858.xls,.xls,0.02,OK,
C:\Users\User\OneDrive\Documents\Uni\Dissertation\MScProject\Dataset\129859.xls,.xls,0.01,OK,
C:\Users\User\OneDrive\Documents\Uni\Dissertation\MScProject\Dataset\129860.xls,.xls,0.23,OK,
C:\Users\User\OneDrive\Documents\Uni\Dissertation\MScProject\Dataset\129861.xls,.xls,0.03,OK,
C:\Users\User\OneDrive\Documents\Uni\Dissertation\MScProject\Dataset\129862.xls,.xls,1.04,OK,
C:\Users\User\OneDrive\Documents\Uni\Dissertation\MScProject\Dataset\129866.xls,.xls,0.02,OK,
C:\Users\User\OneDrive\Documents\Uni\Dissertation\MScProject\Dataset\129868.xls,.xls,0.02,OK,
C:\Users\User\OneDrive\Documents\Uni\Dissertation\MScProject\Dataset\129869.xls,.xls,0.19,OK,
C:\Users\User\OneDrive\Documents\Uni\Dissertation\MScProject\Dataset\129870.xls,.xls,0.02,OK,
C:\Users\User\OneDrive\Documents\Uni\Dissertation\MScProject\Dataset\129871.xls,.xls,0.03,OK,
C:\Users\User\OneDrive\Documents\Uni\Dissertation\MScProject\Dataset\129872.xls,.xls,0.02,OK,
C:\Users\User\OneDrive\Documents\Uni\Dissertation\MScProject\Dataset\129873.xls,.xls,4.36,OK,
C:\Users\User\OneDrive\Documents\Uni\Dissertation\MScProject\Dataset\129874.xls,.xls,7.63,OK,
C:\Users\User\OneDrive\Documents\Uni\Dissertation\MScProject\Dataset\129875.xls,.xls,12.06,OK,
C:\Users\User\OneDrive\Documents\Uni\Dissertation\MScProject\Dataset\129876.xls,.xls,0.02,OK,
C:\Users\User\OneDrive\Documents\Uni\Dissertation\MScProject\Dataset\129877.xls,.xls,10.69,OK,
C:\Users\User\OneDrive\Documents\Uni\Dissertation\MScProject\Dataset\129878.xls,.xls,9.61,OK,
C:\Users\User\OneDrive\Documents\Uni\Dissertation\MScProject\Dataset\129879.xls,.xls,4.54,OK,
C:\Users\User\OneDrive\Documents\Uni\Dissertation\MScProject\Dataset\129880.xls,.xls,4.64,OK,
C:\Users\User\OneDrive\Documents\Uni\Dissertation\MScProject\Dataset\129881.xls,.xls,3.16,OK,
C:\Users\User\OneDrive\Documents\Uni\Dissertation\MScProject\Dataset\129882.xls,.xls,0.03,OK,
C:\Users\User\OneDrive\Documents\Uni\Dissertation\MScProject\Dataset\129884.xls,.xls,0.23,OK,
C:\Users\User\OneDrive\Documents\Uni\Dissertation\MScProject\Dataset\129885.xls,.xls,0.14,OK,
C:\Users\User\OneDrive\Documents\Uni\Dissertation\MScProject\Dataset\129886.xls,.xls,0.03,OK,
C:\Users\User\OneDrive\Documents\Uni\Dissertation\MScProject\Dataset\129887.xls,.xls,0.04,OK,
C:\Users\User\OneDrive\Documents\Uni\Dissertation\MScProject\Dataset\129888.xls,.xls,3.43,OK,
C:\Users\User\OneDrive\Documents\Uni\Dissertation\MScProject\Dataset\129890.xls,.xls,0.23,OK,
C:\Users\User\OneDrive\Documents\Uni\Dissertation\MScProject\Dataset\129987.xls,.xls,0.06,OK,
C:\Users\User\OneDrive\Documents\Uni\Dissertation\MScProject\Dataset\130171.xls,.xls,0.03,OK,
C:\Users\User\OneDrive\Documents\Uni\Dissertation\MScProject\Dataset\130174.xls,.xls,0.04,OK,
C:\Users\User\OneDrive\Documents\Uni\Dissertation\MScProject\Dataset\130180.xls,.xls,0.07,OK,
C:\Users\User\OneDrive\Documents\Uni\Dissertation\MScProject\Dataset\130186.xls,.xls,0.05,OK,
C:\Users\User\OneDrive\Documents\Uni\Dissertation\MScProject\Dataset\130188.xls,.xls,0.02,OK,
C:\Users\User\OneDrive\Documents\Uni\Dissertation\MScProject\Dataset\130189.xls,.xls,0.04,OK,
C:\Users\User\OneDrive\Documents\Uni\Dissertation\MScProject\Dataset\130190.xls,.xls,0.45,OK,
C:\Users\User\OneDrive\Documents\Uni\Dissertation\MScProject\Dataset\130191.xls,.xls,2.83,OK,
C:\Users\User\OneDrive\Documents\Uni\Dissertation\MScProject\Dataset\130192.xls,.xls,2.54,OK,
C:\Users\User\OneDrive\Documents\Uni\Dissertation\MScProject\Dataset\130193.xls,.xls,0.11,OK,
C:\Users\User\OneDrive\Documents\Uni\Dissertation\MScProject\Dataset\130194.xls,.xls,0.02,OK,
C:\Users\User\OneDrive\Documents\Uni\Dissertation\MScProject\Dataset\130195.xls,.xls,0.02,OK,
C:\Users\User\OneDrive\Documents\Uni\Dissertation\MScProject\Dataset\130196.xls,.xls,0.04,OK,
C:\Users\User\OneDrive\Documents\Uni\Dissertation\MScProject\Dataset\130197.xls,.xls,0.05,OK,
C:\Users\User\OneDrive\Documents\Uni\Dissertation\MScProject\Dataset\130198.xls,.xls,0.11,OK,
C:\Users\User\OneDrive\Documents\Uni\Dissertation\MScProject\Dataset\130199.xls,.xls,0.15,OK,
C:\Users\User\OneDrive\Documents\Uni\Dissertation\MScProject\Dataset\130200.xls,.xls,18.93,OK,
C:\Users\User\OneDrive\Documents\Uni\Dissertation\MScProject\Dataset\130201.xls,.xls,0.05,OK,
C:\Users\User\OneDrive\Documents\Uni\Dissertation\MScProject\Dataset\130202.xls,.xls,0.07,OK,
C:\Users\User\OneDrive\Documents\Uni\Dissertation\MScProject\Dataset\130203.xls,.xls,0.17,OK,
C:\Users\User\OneDrive\Documents\Uni\Dissertation\MScProject\Dataset\130206.xls,.xls,0.02,OK,
C:\Users\User\OneDrive\Documents\Uni\Dissertation\MScProject\Dataset\130207.xls,.xls,17.79,OK,
C:\Users\User\OneDrive\Documents\Uni\Dissertation\MScProject\Dataset\130277.xls,.xls,0.03,OK,
C:\Users\User\OneDrive\Documents\Uni\Dissertation\MScProject\Dataset\130399.xls,.xls,0.05,OK,
C:\Users\User\OneDrive\Documents\Uni\Dissertation\MScProject\Dataset\130570.xls,.xls,0.06,OK,
C:\Users\User\OneDrive\Documents\Uni\Dissertation\MScProject\Dataset\130631.xls,.xls,0.03,OK,
C:\Users\User\OneDrive\Documents\Uni\Dissertation\MScProject\Dataset\130633.xls,.xls,0.04,OK,
C:\Users\User\OneDrive\Documents\Uni\Dissertation\MScProject\Dataset\130707.xls,.xls,0.04,OK,
C:\Users\User\OneDrive\Documents\Uni\Dissertation\MScProject\Dataset\130709.xls,.xls,0.67,OK,
C:\Users\User\OneDrive\Documents\Uni\Dissertation\MScProject\Dataset\130842.xls,.xls,0.07,OK,
C:\Users\User\OneDrive\Documents\Uni\Dissertation\MScProject\Dataset\131066.xls,.xls,0.05,OK,
C:\Users\User\OneDrive\Documents\Uni\Dissertation\MScProject\Dataset\131068.xls,.xls,0.07,OK,
C:\Users\User\OneDrive\Documents\Uni\Dissertation\MScProject\Dataset\131069.xls,.xls,1.08,OK,
C:\Users\User\OneDrive\Documents\Uni\Dissertation\MScProject\Dataset\131205.xls,.xls,0.07,OK,
C:\Users\User\OneDrive\Documents\Uni\Dissertation\MScProject\Dataset\131285.xls,.xls,0.02,OK,
C:\Users\User\OneDrive\Documents\Uni\Dissertation\MScProject\Dataset\131308.xls,.xls,0.04,OK,
C:\Users\User\OneDrive\Documents\Uni\Dissertation\MScProject\Dataset\131309.xls,.xls,0.02,OK,
C:\Users\User\OneDrive\Documents\Uni\Dissertation\MScProject\Dataset\131580.xls,.xls,0.25,OK,
C:\Users\User\OneDrive\Documents\Uni\Dissertation\MScProject\Dataset\131600.xls,.xls,0.04,OK,
C:\Users\User\OneDrive\Documents\Uni\Dissertation\MScProject\Dataset\131703.xls,.xls,0.67,OK,
C:\Users\User\OneDrive\Documents\Uni\Dissertation\MScProject\Dataset\131704.xls,.xls,0.03,OK,
C:\Users\User\OneDrive\Documents\Uni\Dissertation\MScProject\Dataset\131706.xls,.xls,0.03,OK,
C:\Users\User\OneDrive\Documents\Uni\Dissertation\MScProject\Dataset\131707.xls,.xls,0.03,OK,
C:\Users\User\OneDrive\Documents\Uni\Dissertation\MScProject\Dataset\131713.xls,.xls,0.05,OK,
C:\Users\User\OneDrive\Documents\Uni\Dissertation\MScProject\Dataset\131714.xls,.xls,0.02,OK,
C:\Users\User\OneDrive\Documents\Uni\Dissertation\MScProject\Dataset\131718.xls,.xls,0.11,OK,
C:\Users\User\OneDrive\Documents\Uni\Dissertation\MScProject\Dataset\131721.xls,.xls,0.1,OK,
C:\Users\User\OneDrive\Documents\Uni\Dissertation\MScProject\Dataset\131756.xls,.xls,0.28,OK,
C:\Users\User\OneDrive\Documents\Uni\Dissertation\MScProject\Dataset\131757.xls,.xls,0.24,OK,
C:\Users\User\OneDrive\Documents\Uni\Dissertation\MScProject\Dataset\131962.xls,.xls,1.23,OK,
C:\Users\User\OneDrive\Documents\Uni\Dissertation\MScProject\Dataset\131963.xls,.xls,0.36,OK,
C:\Users\User\OneDrive\Documents\Uni\Dissertation\MScProject\Dataset\132059.xls,.xls,0.04,OK,
C:\Users\User\OneDrive\Documents\Uni\Dissertation\MScProject\Dataset\132175.xls,.xls,0.45,OK,
C:\Users\User\OneDrive\Documents\Uni\Dissertation\MScProject\Dataset\132178.xls,.xls,0.48,OK,
C:\Users\User\OneDrive\Documents\Uni\Dissertation\MScProject\Dataset\132179.xls,.xls,0.07,OK,
C:\Users\User\OneDrive\Documents\Uni\Dissertation\MScProject\Dataset\132200.xls,.xls,0.03,OK,
C:\Users\User\OneDrive\Documents\Uni\Dissertation\MScProject\Dataset\132201.xls,.xls,0.03,OK,
C:\Users\User\OneDrive\Documents\Uni\Dissertation\MScProject\Dataset\132202.xls,.xls,0.02,OK,
C:\Users\User\OneDrive\Documents\Uni\Dissertation\MScProject\Dataset\132204.xls,.xls,0.02,OK,
C:\Users\User\OneDrive\Documents\Uni\Dissertation\MScProject\Dataset\132205.xls,.xls,0.02,OK,
C:\Users\User\OneDrive\Documents\Uni\Dissertation\MScProject\Dataset\132208.xls,.xls,0.25,OK,
C:\Users\User\OneDrive\Documents\Uni\Dissertation\MScProject\Dataset\132211.xls,.xls,0.02,OK,
C:\Users\User\OneDrive\Documents\Uni\Dissertation\MScProject\Dataset\132214.xls,.xls,0.04,OK,
C:\Users\User\OneDrive\Documents\Uni\Dissertation\MScProject\Dataset\132215.xls,.xls,0.09,OK,
C:\Users\User\OneDrive\Documents\Uni\Dissertation\MScProject\Dataset\132219.xls,.xls,0.07,OK,
C:\Users\User\OneDrive\Documents\Uni\Dissertation\MScProject\Dataset\132221.xls,.xls,8.1,OK,
C:\Users\User\OneDrive\Documents\Uni\Dissertation\MScProject\Dataset\132222.xls,.xls,0.06,OK,
C:\Users\User\OneDrive\Documents\Uni\Dissertation\MScProject\Dataset\132307.xls,.xls,0.03,OK,
C:\Users\User\OneDrive\Documents\Uni\Dissertation\MScProject\Dataset\132309.xls,.xls,0.02,OK,
C:\Users\User\OneDrive\Documents\Uni\Dissertation\MScProject\Dataset\132314.xls,.xls,0.03,OK,
C:\Users\User\OneDrive\Documents\Uni\Dissertation\MScProject\Dataset\132611.xls,.xls,0.02,OK,
C:\Users\User\OneDrive\Documents\Uni\Dissertation\MScProject\Dataset\132612.xls,.xls,0.02,OK,
C:\Users\User\OneDrive\Documents\Uni\Dissertation\MScProject\Dataset\132613.xls,.xls,0.03,OK,
C:\Users\User\OneDrive\Documents\Uni\Dissertation\MScProject\Dataset\132614.xls,.xls,0.1,OK,
C:\Users\User\OneDrive\Documents\Uni\Dissertation\MScProject\Dataset\132615.xls,.xls,0.06,OK,
C:\Users\User\OneDrive\Documents\Uni\Dissertation\MScProject\Dataset\132618.xls,.xls,0.21,OK,
C:\Users\User\OneDrive\Documents\Uni\Dissertation\MScProject\Dataset\132619.xls,.xls,0.54,OK,
C:\Users\User\OneDrive\Documents\Uni\Dissertation\MScProject\Dataset\132620.xls,.xls,0.13,OK,
C:\Users\User\OneDrive\Documents\Uni\Dissertation\MScProject\Dataset\132621.xls,.xls,0.05,OK,
C:\Users\User\OneDrive\Documents\Uni\Dissertation\MScProject\Dataset\132623.xls,.xls,0.07,OK,
C:\Users\User\OneDrive\Documents\Uni\Dissertation\MScProject\Dataset\132624.xls,.xls,0.03,OK,
C:\Users\User\OneDrive\Documents\Uni\Dissertation\MScProject\Dataset\132625.xls,.xls,0.05,OK,
C:\Users\User\OneDrive\Documents\Uni\Dissertation\MScProject\Dataset\132626.xls,.xls,0.05,OK,
C:\Users\User\OneDrive\Documents\Uni\Dissertation\MScProject\Dataset\132627.xls,.xls,0.09,OK,
C:\Users\User\OneDrive\Documents\Uni\Dissertation\MScProject\Dataset\132630.xls,.xls,0.15,OK,
C:\Users\User\OneDrive\Documents\Uni\Dissertation\MScProject\Dataset\132631.xls,.xls,0.08,OK,
C:\Users\User\OneDrive\Documents\Uni\Dissertation\MScProject\Dataset\132735.xls,.xls,0.04,OK,
C:\Users\User\OneDrive\Documents\Uni\Dissertation\MScProject\Dataset\132879.xls,.xls,0.03,OK,
C:\Users\User\OneDrive\Documents\Uni\Dissertation\MScProject\Dataset\132881.xls,.xls,0.07,OK,
C:\Users\User\OneDrive\Documents\Uni\Dissertation\MScProject\Dataset\132882.xls,.xls,0.02,OK,
C:\Users\User\OneDrive\Documents\Uni\Dissertation\MScProject\Dataset\132883.xls,.xls,0.05,OK,
C:\Users\User\OneDrive\Documents\Uni\Dissertation\MScProject\Dataset\132884.xls,.xls,0.02,OK,
C:\Users\User\OneDrive\Documents\Uni\Dissertation\MScProject\Dataset\132885.xls,.xls,0.15,OK,
C:\Users\User\OneDrive\Documents\Uni\Dissertation\MScProject\Dataset\132886.xls,.xls,7.43,OK,
C:\Users\User\OneDrive\Documents\Uni\Dissertation\MScProject\Dataset\133048.xls,.xls,3.01,OK,
C:\Users\User\OneDrive\Documents\Uni\Dissertation\MScProject\Dataset\133049.xls,.xls,3.52,OK,
C:\Users\User\OneDrive\Documents\Uni\Dissertation\MScProject\Dataset\133149.xls,.xls,0.24,OK,
C:\Users\User\OneDrive\Documents\Uni\Dissertation\MScProject\Dataset\133178.xls,.xls,0.04,OK,
C:\Users\User\OneDrive\Documents\Uni\Dissertation\MScProject\Dataset\133187.xls,.xls,0.03,OK,
C:\Users\User\OneDrive\Documents\Uni\Dissertation\MScProject\Dataset\133309.xls,.xls,0.01,OK,
C:\Users\User\OneDrive\Documents\Uni\Dissertation\MScProject\Dataset\133311.xls,.xls,0.04,OK,
C:\Users\User\OneDrive\Documents\Uni\Dissertation\MScProject\Dataset\133312.xls,.xls,0.07,OK,
C:\Users\User\OneDrive\Documents\Uni\Dissertation\MScProject\Dataset\133313.xls,.xls,0.04,OK,
C:\Users\User\OneDrive\Documents\Uni\Dissertation\MScProject\Dataset\133314.xls,.xls,0.41,OK,
C:\Users\User\OneDrive\Documents\Uni\Dissertation\MScProject\Dataset\133370.xls,.xls,0.19,OK,
C:\Users\User\OneDrive\Documents\Uni\Dissertation\MScProject\Dataset\133393.xls,.xls,0.04,OK,
C:\Users\User\OneDrive\Documents\Uni\Dissertation\MScProject\Dataset\133396.xls,.xls,0.02,OK,
C:\Users\User\OneDrive\Documents\Uni\Dissertation\MScProject\Dataset\133416.xls,.xls,0.03,OK,
C:\Users\User\OneDrive\Documents\Uni\Dissertation\MScProject\Dataset\133420.xls,.xls,0.08,OK,
C:\Users\User\OneDrive\Documents\Uni\Dissertation\MScProject\Dataset\133446.xls,.xls,0.23,OK,
C:\Users\User\OneDrive\Documents\Uni\Dissertation\MScProject\Dataset\133449.xls,.xls,0.02,OK,
C:\Users\User\OneDrive\Documents\Uni\Dissertation\MScProject\Dataset\133451.xls,.xls,0.13,OK,
C:\Users\User\OneDrive\Documents\Uni\Dissertation\MScProject\Dataset\133452.xls,.xls,0.13,OK,
C:\Users\User\OneDrive\Documents\Uni\Dissertation\MScProject\Dataset\133453.xls,.xls,0.04,OK,
C:\Users\User\OneDrive\Documents\Uni\Dissertation\MScProject\Dataset\133454.xls,.xls,0.03,OK,
C:\Users\User\OneDrive\Documents\Uni\Dissertation\MScProject\Dataset\133455.xls,.xls,0.05,OK,
C:\Users\User\OneDrive\Documents\Uni\Dissertation\MScProject\Dataset\133457.xls,.xls,0.22,OK,
C:\Users\User\OneDrive\Documents\Uni\Dissertation\MScProject\Dataset\133460.xls,.xls,1.11,OK,
C:\Users\User\OneDrive\Documents\Uni\Dissertation\MScProject\Dataset\133461.xls,.xls,0.05,OK,
C:\Users\User\OneDrive\Documents\Uni\Dissertation\MScProject\Dataset\133462.xls,.xls,0.16,OK,
C:\Users\User\OneDrive\Documents\Uni\Dissertation\MScProject\Dataset\133464.xls,.xls,0.05,OK,
C:\Users\User\OneDrive\Documents\Uni\Dissertation\MScProject\Dataset\133465.xls,.xls,0.05,OK,
C:\Users\User\OneDrive\Documents\Uni\Dissertation\MScProject\Dataset\133466.xls,.xls,0.05,OK,
C:\Users\User\OneDrive\Documents\Uni\Dissertation\MScProject\Dataset\133467.xls,.xls,0.04,OK,
C:\Users\User\OneDrive\Documents\Uni\Dissertation\MScProject\Dataset\133470.xls,.xls,0.16,OK,
C:\Users\User\OneDrive\Documents\Uni\Dissertation\MScProject\Dataset\133471.xls,.xls,0.08,OK,
C:\Users\User\OneDrive\Documents\Uni\Dissertation\MScProject\Dataset\133472.xls,.xls,0.27,OK,
C:\Users\User\OneDrive\Documents\Uni\Dissertation\MScProject\Dataset\133473.xls,.xls,0.16,OK,
C:\Users\User\OneDrive\Documents\Uni\Dissertation\MScProject\Dataset\133645.xls,.xls,0.13,OK,
C:\Users\User\OneDrive\Documents\Uni\Dissertation\MScProject\Dataset\133648.xls,.xls,0.03,OK,
C:\Users\User\OneDrive\Documents\Uni\Dissertation\MScProject\Dataset\133649.xls,.xls,0.03,OK,
C:\Users\User\OneDrive\Documents\Uni\Dissertation\MScProject\Dataset\133650.xls,.xls,0.14,OK,
C:\Users\User\OneDrive\Documents\Uni\Dissertation\MScProject\Dataset\133651.xls,.xls,0.25,OK,
C:\Users\User\OneDrive\Documents\Uni\Dissertation\MScProject\Dataset\133652.xls,.xls,0.02,OK,
C:\Users\User\OneDrive\Documents\Uni\Dissertation\MScProject\Dataset\133653.xls,.xls,0.11,OK,
C:\Users\User\OneDrive\Documents\Uni\Dissertation\MScProject\Dataset\133655.xls,.xls,0.52,OK,
C:\Users\User\OneDrive\Documents\Uni\Dissertation\MScProject\Dataset\133656.xls,.xls,5.09,OK,
C:\Users\User\OneDrive\Documents\Uni\Dissertation\MScProject\Dataset\133657.xls,.xls,0.03,OK,
C:\Users\User\OneDrive\Documents\Uni\Dissertation\MScProject\Dataset\133658.xls,.xls,0.25,OK,
C:\Users\User\OneDrive\Documents\Uni\Dissertation\MScProject\Dataset\133659.xls,.xls,0.37,OK,
C:\Users\User\OneDrive\Documents\Uni\Dissertation\MScProject\Dataset\133660.xls,.xls,0.4,OK,
C:\Users\User\OneDrive\Documents\Uni\Dissertation\MScProject\Dataset\133857.xls,.xls,0.06,OK,
C:\Users\User\OneDrive\Documents\Uni\Dissertation\MScProject\Dataset\133858.xls,.xls,0.04,OK,
C:\Users\User\OneDrive\Documents\Uni\Dissertation\MScProject\Dataset\133924.xls,.xls,0.09,OK,
C:\Users\User\OneDrive\Documents\Uni\Dissertation\MScProject\Dataset\133925.xls,.xls,0.05,OK,
C:\Users\User\OneDrive\Documents\Uni\Dissertation\MScProject\Dataset\134247.xls,.xls,0.02,OK,
C:\Users\User\OneDrive\Documents\Uni\Dissertation\MScProject\Dataset\134310.xls,.xls,0.09,OK,
C:\Users\User\OneDrive\Documents\Uni\Dissertation\MScProject\Dataset\134332.xls,.xls,0.01,OK,
C:\Users\User\OneDrive\Documents\Uni\Dissertation\MScProject\Dataset\134470.xls,.xls,0.07,OK,
C:\Users\User\OneDrive\Documents\Uni\Dissertation\MScProject\Dataset\134471.xls,.xls,0.09,OK,
C:\Users\User\OneDrive\Documents\Uni\Dissertation\MScProject\Dataset\134472.xls,.xls,0.02,OK,
C:\Users\User\OneDrive\Documents\Uni\Dissertation\MScProject\Dataset\134473.xls,.xls,0.03,OK,
C:\Users\User\OneDrive\Documents\Uni\Dissertation\MScProject\Dataset\134477.xls,.xls,0.02,OK,
C:\Users\User\OneDrive\Documents\Uni\Dissertation\MScProject\Dataset\134478.xls,.xls,0.05,OK,
C:\Users\User\OneDrive\Documents\Uni\Dissertation\MScProject\Dataset\134479.xls,.xls,0.04,OK,
C:\Users\User\OneDrive\Documents\Uni\Dissertation\MScProject\Dataset\134480.xls,.xls,0.08,OK,
C:\Users\User\OneDrive\Documents\Uni\Dissertation\MScProject\Dataset\134482.xls,.xls,0.06,OK,
C:\Users\User\OneDrive\Documents\Uni\Dissertation\MScProject\Dataset\134484.xls,.xls,0.09,OK,
C:\Users\User\OneDrive\Documents\Uni\Dissertation\MScProject\Dataset\134642.xls,.xls,0.03,OK,
C:\Users\User\OneDrive\Documents\Uni\Dissertation\MScProject\Dataset\134643.xls,.xls,0.06,OK,
C:\Users\User\OneDrive\Documents\Uni\Dissertation\MScProject\Dataset\134644.xls,.xls,0.47,OK,
C:\Users\User\OneDrive\Documents\Uni\Dissertation\MScProject\Dataset\134645.xls,.xls,0.2,OK,
C:\Users\User\OneDrive\Documents\Uni\Dissertation\MScProject\Dataset\134646.xls,.xls,1.36,OK,
C:\Users\User\OneDrive\Documents\Uni\Dissertation\MScProject\Dataset\134647.xls,.xls,1.14,OK,
C:\Users\User\OneDrive\Documents\Uni\Dissertation\MScProject\Dataset\134827.xls,.xls,0.04,OK,
C:\Users\User\OneDrive\Documents\Uni\Dissertation\MScProject\Dataset\134828.xls,.xls,0.81,OK,
C:\Users\User\OneDrive\Documents\Uni\Dissertation\MScProject\Dataset\134834.xls,.xls,0.17,OK,
C:\Users\User\OneDrive\Documents\Uni\Dissertation\MScProject\Dataset\134838.xls,.xls,0.01,OK,
C:\Users\User\OneDrive\Documents\Uni\Dissertation\MScProject\Dataset\134839.xls,.xls,0.02,OK,
C:\Users\User\OneDrive\Documents\Uni\Dissertation\MScProject\Dataset\135026.xls,.xls,0.28,OK,
C:\Users\User\OneDrive\Documents\Uni\Dissertation\MScProject\Dataset\135027.xls,.xls,0.04,OK,
C:\Users\User\OneDrive\Documents\Uni\Dissertation\MScProject\Dataset\135028.xls,.xls,0.81,OK,
C:\Users\User\OneDrive\Documents\Uni\Dissertation\MScProject\Dataset\135030.xls,.xls,0.08,OK,
C:\Users\User\OneDrive\Documents\Uni\Dissertation\MScProject\Dataset\135031.xls,.xls,0.05,OK,
C:\Users\User\OneDrive\Documents\Uni\Dissertation\MScProject\Dataset\135032.xls,.xls,0.03,OK,
C:\Users\User\OneDrive\Documents\Uni\Dissertation\MScProject\Dataset\135033.xls,.xls,0.26,OK,
C:\Users\User\OneDrive\Documents\Uni\Dissertation\MScProject\Dataset\135034.xls,.xls,0.08,OK,
C:\Users\User\OneDrive\Documents\Uni\Dissertation\MScProject\Dataset\135037.xls,.xls,0.18,OK,
C:\Users\User\OneDrive\Documents\Uni\Dissertation\MScProject\Dataset\135040.xls,.xls,0.09,OK,
C:\Users\User\OneDrive\Documents\Uni\Dissertation\MScProject\Dataset\135042.xls,.xls,0.18,OK,
C:\Users\User\OneDrive\Documents\Uni\Dissertation\MScProject\Dataset\135044.xls,.xls,1.16,OK,
C:\Users\User\OneDrive\Documents\Uni\Dissertation\MScProject\Dataset\135045.xls,.xls,0.67,OK,
C:\Users\User\OneDrive\Documents\Uni\Dissertation\MScProject\Dataset\135046.xls,.xls,0.02,OK,
C:\Users\User\OneDrive\Documents\Uni\Dissertation\MScProject\Dataset\135048.xls,.xls,0.06,OK,
C:\Users\User\OneDrive\Documents\Uni\Dissertation\MScProject\Dataset\135052.xls,.xls,0.08,OK,
C:\Users\User\OneDrive\Documents\Uni\Dissertation\MScProject\Dataset\135071.xls,.xls,0.11,OK,
C:\Users\User\OneDrive\Documents\Uni\Dissertation\MScProject\Dataset\135077.xls,.xls,0.02,OK,
C:\Users\User\OneDrive\Documents\Uni\Dissertation\MScProject\Dataset\135081.xls,.xls,0.36,OK,
C:\Users\User\OneDrive\Documents\Uni\Dissertation\MScProject\Dataset\135083.xls,.xls,0.05,OK,
C:\Users\User\OneDrive\Documents\Uni\Dissertation\MScProject\Dataset\135251.xls,.xls,0.2,OK,
C:\Users\User\OneDrive\Documents\Uni\Dissertation\MScProject\Dataset\135252.xls,.xls,0.2,OK,
C:\Users\User\OneDrive\Documents\Uni\Dissertation\MScProject\Dataset\135337.xls,.xls,0.01,OK,
C:\Users\User\OneDrive\Documents\Uni\Dissertation\MScProject\Dataset\135338.xls,.xls,0.12,OK,
C:\Users\User\OneDrive\Documents\Uni\Dissertation\MScProject\Dataset\135520.xls,.xls,0.17,OK,
C:\Users\User\OneDrive\Documents\Uni\Dissertation\MScProject\Dataset\135523.xls,.xls,0.02,OK,
C:\Users\User\OneDrive\Documents\Uni\Dissertation\MScProject\Dataset\135526.xls,.xls,0.16,OK,
C:\Users\User\OneDrive\Documents\Uni\Dissertation\MScProject\Dataset\135527.xls,.xls,0.03,OK,
C:\Users\User\OneDrive\Documents\Uni\Dissertation\MScProject\Dataset\135530.xls,.xls,0.06,OK,
C:\Users\User\OneDrive\Documents\Uni\Dissertation\MScProject\Dataset\135531.xls,.xls,0.07,OK,
C:\Users\User\OneDrive\Documents\Uni\Dissertation\MScProject\Dataset\135534.xls,.xls,2.47,OK,
C:\Users\User\OneDrive\Documents\Uni\Dissertation\MScProject\Dataset\135537.xls,.xls,0.03,OK,
C:\Users\User\OneDrive\Documents\Uni\Dissertation\MScProject\Dataset\135538.xls,.xls,4.88,OK,
C:\Users\User\OneDrive\Documents\Uni\Dissertation\MScProject\Dataset\135539.xls,.xls,0.12,OK,
C:\Users\User\OneDrive\Documents\Uni\Dissertation\MScProject\Dataset\135540.xls,.xls,0.08,OK,
C:\Users\User\OneDrive\Documents\Uni\Dissertation\MScProject\Dataset\135544.xls,.xls,0.11,OK,
C:\Users\User\OneDrive\Documents\Uni\Dissertation\MScProject\Dataset\135579.xls,.xls,0.19,OK,
C:\Users\User\OneDrive\Documents\Uni\Dissertation\MScProject\Dataset\135771.xls,.xls,0.04,OK,
C:\Users\User\OneDrive\Documents\Uni\Dissertation\MScProject\Dataset\135782.xls,.xls,0.27,OK,
C:\Users\User\OneDrive\Documents\Uni\Dissertation\MScProject\Dataset\135783.xls,.xls,0.06,OK,
C:\Users\User\OneDrive\Documents\Uni\Dissertation\MScProject\Dataset\135784.xls,.xls,0.06,OK,
C:\Users\User\OneDrive\Documents\Uni\Dissertation\MScProject\Dataset\135785.xls,.xls,0.02,OK,
C:\Users\User\OneDrive\Documents\Uni\Dissertation\MScProject\Dataset\135787.xls,.xls,0.1,OK,
C:\Users\User\OneDrive\Documents\Uni\Dissertation\MScProject\Dataset\135788.xls,.xls,0.01,OK,
C:\Users\User\OneDrive\Documents\Uni\Dissertation\MScProject\Dataset\135790.xls,.xls,2.14,OK,
C:\Users\User\OneDrive\Documents\Uni\Dissertation\MScProject\Dataset\135792.xls,.xls,0.08,OK,
C:\Users\User\OneDrive\Documents\Uni\Dissertation\MScProject\Dataset\135793.xls,.xls,0.02,OK,
C:\Users\User\OneDrive\Documents\Uni\Dissertation\MScProject\Dataset\135794.xls,.xls,0.02,OK,
C:\Users\User\OneDrive\Documents\Uni\Dissertation\MScProject\Dataset\135795.xls,.xls,0.04,OK,
C:\Users\User\OneDrive\Documents\Uni\Dissertation\MScProject\Dataset\135796.xls,.xls,0.04,OK,
C:\Users\User\OneDrive\Documents\Uni\Dissertation\MScProject\Dataset\135797.xls,.xls,0.16,OK,
C:\Users\User\OneDrive\Documents\Uni\Dissertation\MScProject\Dataset\135800.xls,.xls,0.02,OK,
C:\Users\User\OneDrive\Documents\Uni\Dissertation\MScProject\Dataset\135801.xls,.xls,0.08,OK,
C:\Users\User\OneDrive\Documents\Uni\Dissertation\MScProject\Dataset\135802.xls,.xls,0.14,OK,
C:\Users\User\OneDrive\Documents\Uni\Dissertation\MScProject\Dataset\135965.xls,.xls,0.13,OK,
C:\Users\User\OneDrive\Documents\Uni\Dissertation\MScProject\Dataset\136072.xls,.xls,0.06,OK,
C:\Users\User\OneDrive\Documents\Uni\Dissertation\MScProject\Dataset\136166.xls,.xls,0.06,OK,
C:\Users\User\OneDrive\Documents\Uni\Dissertation\MScProject\Dataset\136169.xls,.xls,0.02,OK,
C:\Users\User\OneDrive\Documents\Uni\Dissertation\MScProject\Dataset\136171.xls,.xls,1.59,OK,
C:\Users\User\OneDrive\Documents\Uni\Dissertation\MScProject\Dataset\136286.xls,.xls,0.02,OK,
C:\Users\User\OneDrive\Documents\Uni\Dissertation\MScProject\Dataset\136332.xls,.xls,0.07,OK,
C:\Users\User\OneDrive\Documents\Uni\Dissertation\MScProject\Dataset\136333.xls,.xls,0.03,OK,
C:\Users\User\OneDrive\Documents\Uni\Dissertation\MScProject\Dataset\136335.xls,.xls,0.13,OK,
C:\Users\User\OneDrive\Documents\Uni\Dissertation\MScProject\Dataset\136338.xls,.xls,0.03,OK,
C:\Users\User\OneDrive\Documents\Uni\Dissertation\MScProject\Dataset\136340.xls,.xls,0.21,OK,
C:\Users\User\OneDrive\Documents\Uni\Dissertation\MScProject\Dataset\136341.xls,.xls,0.24,OK,
C:\Users\User\OneDrive\Documents\Uni\Dissertation\MScProject\Dataset\136342.xls,.xls,0.3,OK,
C:\Users\User\OneDrive\Documents\Uni\Dissertation\MScProject\Dataset\136867.xls,.xls,0.02,OK,
C:\Users\User\OneDrive\Documents\Uni\Dissertation\MScProject\Dataset\137051.xls,.xls,0.03,OK,
C:\Users\User\OneDrive\Documents\Uni\Dissertation\MScProject\Dataset\137052.xls,.xls,0.02,OK,
C:\Users\User\OneDrive\Documents\Uni\Dissertation\MScProject\Dataset\137053.xls,.xls,0.02,OK,
C:\Users\User\OneDrive\Documents\Uni\Dissertation\MScProject\Dataset\137054.xls,.xls,0.05,OK,
C:\Users\User\OneDrive\Documents\Uni\Dissertation\MScProject\Dataset\137056.xls,.xls,0.02,OK,
C:\Users\User\OneDrive\Documents\Uni\Dissertation\MScProject\Dataset\137057.xls,.xls,0.02,OK,
C:\Users\User\OneDrive\Documents\Uni\Dissertation\MScProject\Dataset\137059.xls,.xls,0.06,OK,
C:\Users\User\OneDrive\Documents\Uni\Dissertation\MScProject\Dataset\137060.xls,.xls,0.24,OK,
C:\Users\User\OneDrive\Documents\Uni\Dissertation\MScProject\Dataset\137062.xls,.xls,0.1,OK,
C:\Users\User\OneDrive\Documents\Uni\Dissertation\MScProject\Dataset\137065.xls,.xls,0.22,OK,
C:\Users\User\OneDrive\Documents\Uni\Dissertation\MScProject\Dataset\137071.xls,.xls,0.02,OK,
C:\Users\User\OneDrive\Documents\Uni\Dissertation\MScProject\Dataset\137072.xls,.xls,0.02,OK,
C:\Users\User\OneDrive\Documents\Uni\Dissertation\MScProject\Dataset\137213.xls,.xls,0.03,OK,
C:\Users\User\OneDrive\Documents\Uni\Dissertation\MScProject\Dataset\137226.xls,.xls,0.03,OK,
C:\Users\User\OneDrive\Documents\Uni\Dissertation\MScProject\Dataset\137237.xls,.xls,0.36,OK,
C:\Users\User\OneDrive\Documents\Uni\Dissertation\MScProject\Dataset\137272.xls,.xls,0.03,OK,
C:\Users\User\OneDrive\Documents\Uni\Dissertation\MScProject\Dataset\137286.xls,.xls,0.09,OK,
C:\Users\User\OneDrive\Documents\Uni\Dissertation\MScProject\Dataset\137291.xls,.xls,0.39,OK,
C:\Users\User\OneDrive\Documents\Uni\Dissertation\MScProject\Dataset\137297.xls,.xls,0.04,OK,
C:\Users\User\OneDrive\Documents\Uni\Dissertation\MScProject\Dataset\137335.xls,.xls,0.03,OK,
C:\Users\User\OneDrive\Documents\Uni\Dissertation\MScProject\Dataset\137336.xls,.xls,0.03,OK,
C:\Users\User\OneDrive\Documents\Uni\Dissertation\MScProject\Dataset\137338.xls,.xls,0.02,OK,
C:\Users\User\OneDrive\Documents\Uni\Dissertation\MScProject\Dataset\137463.xls,.xls,0.15,OK,
C:\Users\User\OneDrive\Documents\Uni\Dissertation\MScProject\Dataset\137465.xls,.xls,15.03,OK,
C:\Users\User\OneDrive\Documents\Uni\Dissertation\MScProject\Dataset\137466.xls,.xls,0.02,OK,
C:\Users\User\OneDrive\Documents\Uni\Dissertation\MScProject\Dataset\137469.xls,.xls,0.1,OK,
C:\Users\User\OneDrive\Documents\Uni\Dissertation\MScProject\Dataset\137470.xls,.xls,0.03,OK,
C:\Users\User\OneDrive\Documents\Uni\Dissertation\MScProject\Dataset\137471.xls,.xls,0.04,OK,
C:\Users\User\OneDrive\Documents\Uni\Dissertation\MScProject\Dataset\137472.xls,.xls,0.06,OK,
C:\Users\User\OneDrive\Documents\Uni\Dissertation\MScProject\Dataset\137474.xls,.xls,0.57,OK,
C:\Users\User\OneDrive\Documents\Uni\Dissertation\MScProject\Dataset\137476.xls,.xls,2.27,OK,
C:\Users\User\OneDrive\Documents\Uni\Dissertation\MScProject\Dataset\137479.xls,.xls,2.25,OK,
C:\Users\User\OneDrive\Documents\Uni\Dissertation\MScProject\Dataset\137480.xls,.xls,3.69,OK,
C:\Users\User\OneDrive\Documents\Uni\Dissertation\MScProject\Dataset\137482.xls,.xls,11.23,OK,
C:\Users\User\OneDrive\Documents\Uni\Dissertation\MScProject\Dataset\137483.xls,.xls,2.57,OK,
C:\Users\User\OneDrive\Documents\Uni\Dissertation\MScProject\Dataset\137762.xls,.xls,0.07,OK,
C:\Users\User\OneDrive\Documents\Uni\Dissertation\MScProject\Dataset\137763.xls,.xls,0.29,OK,
C:\Users\User\OneDrive\Documents\Uni\Dissertation\MScProject\Dataset\137931.xls,.xls,0.06,OK,
C:\Users\User\OneDrive\Documents\Uni\Dissertation\MScProject\Dataset\137938.xls,.xls,0.02,OK,
C:\Users\User\OneDrive\Documents\Uni\Dissertation\MScProject\Dataset\137972.xls,.xls,0.07,OK,
C:\Users\User\OneDrive\Documents\Uni\Dissertation\MScProject\Dataset\137973.xls,.xls,0.2,OK,
C:\Users\User\OneDrive\Documents\Uni\Dissertation\MScProject\Dataset\137995.xls,.xls,0.07,OK,
C:\Users\User\OneDrive\Documents\Uni\Dissertation\MScProject\Dataset\137996.xls,.xls,3.09,OK,
C:\Users\User\OneDrive\Documents\Uni\Dissertation\MScProject\Dataset\138047.xls,.xls,0.03,OK,
C:\Users\User\OneDrive\Documents\Uni\Dissertation\MScProject\Dataset\138049.xls,.xls,0.03,OK,
C:\Users\User\OneDrive\Documents\Uni\Dissertation\MScProject\Dataset\138050.xls,.xls,0.63,OK,
C:\Users\User\OneDrive\Documents\Uni\Dissertation\MScProject\Dataset\138157.xls,.xls,0.16,OK,
C:\Users\User\OneDrive\Documents\Uni\Dissertation\MScProject\Dataset\138158.xls,.xls,0.03,OK,
C:\Users\User\OneDrive\Documents\Uni\Dissertation\MScProject\Dataset\138159.xls,.xls,0.12,OK,
C:\Users\User\OneDrive\Documents\Uni\Dissertation\MScProject\Dataset\138161.xls,.xls,0.05,OK,
C:\Users\User\OneDrive\Documents\Uni\Dissertation\MScProject\Dataset\138396.xls,.xls,0.1,OK,
C:\Users\User\OneDrive\Documents\Uni\Dissertation\MScProject\Dataset\138397.xls,.xls,0.03,OK,
C:\Users\User\OneDrive\Documents\Uni\Dissertation\MScProject\Dataset\138398.xls,.xls,0.04,OK,
C:\Users\User\OneDrive\Documents\Uni\Dissertation\MScProject\Dataset\138399.xls,.xls,0.07,OK,
C:\Users\User\OneDrive\Documents\Uni\Dissertation\MScProject\Dataset\138400.xls,.xls,0.27,OK,
C:\Users\User\OneDrive\Documents\Uni\Dissertation\MScProject\Dataset\138402.xls,.xls,0.02,OK,
C:\Users\User\OneDrive\Documents\Uni\Dissertation\MScProject\Dataset\138403.xls,.xls,0.02,OK,
C:\Users\User\OneDrive\Documents\Uni\Dissertation\MScProject\Dataset\138404.xls,.xls,0.02,OK,
C:\Users\User\OneDrive\Documents\Uni\Dissertation\MScProject\Dataset\138405.xls,.xls,0.48,OK,
C:\Users\User\OneDrive\Documents\Uni\Dissertation\MScProject\Dataset\138406.xls,.xls,0.02,OK,
C:\Users\User\OneDrive\Documents\Uni\Dissertation\MScProject\Dataset\138407.xls,.xls,0.02,OK,
C:\Users\User\OneDrive\Documents\Uni\Dissertation\MScProject\Dataset\138408.xls,.xls,0.02,OK,
C:\Users\User\OneDrive\Documents\Uni\Dissertation\MScProject\Dataset\138409.xls,.xls,0.02,OK,
C:\Users\User\OneDrive\Documents\Uni\Dissertation\MScProject\Dataset\138411.xls,.xls,0.02,OK,
C:\Users\User\OneDrive\Documents\Uni\Dissertation\MScProject\Dataset\138412.xls,.xls,0.04,OK,
C:\Users\User\OneDrive\Documents\Uni\Dissertation\MScProject\Dataset\138413.xls,.xls,0.07,OK,
C:\Users\User\OneDrive\Documents\Uni\Dissertation\MScProject\Dataset\138416.xls,.xls,0.07,OK,
C:\Users\User\OneDrive\Documents\Uni\Dissertation\MScProject\Dataset\138417.xls,.xls,0.03,OK,
C:\Users\User\OneDrive\Documents\Uni\Dissertation\MScProject\Dataset\138418.xls,.xls,0.02,OK,
C:\Users\User\OneDrive\Documents\Uni\Dissertation\MScProject\Dataset\138419.xls,.xls,0.29,OK,
C:\Users\User\OneDrive\Documents\Uni\Dissertation\MScProject\Dataset\138420.xls,.xls,0.34,OK,
C:\Users\User\OneDrive\Documents\Uni\Dissertation\MScProject\Dataset\138421.xls,.xls,0.05,OK,
C:\Users\User\OneDrive\Documents\Uni\Dissertation\MScProject\Dataset\138422.xls,.xls,0.09,OK,
C:\Users\User\OneDrive\Documents\Uni\Dissertation\MScProject\Dataset\138423.xls,.xls,0.02,OK,
C:\Users\User\OneDrive\Documents\Uni\Dissertation\MScProject\Dataset\138424.xls,.xls,0.02,OK,
C:\Users\User\OneDrive\Documents\Uni\Dissertation\MScProject\Dataset\138425.xls,.xls,0.32,OK,
C:\Users\User\OneDrive\Documents\Uni\Dissertation\MScProject\Dataset\138426.xls,.xls,0.1,OK,
C:\Users\User\OneDrive\Documents\Uni\Dissertation\MScProject\Dataset\138427.xls,.xls,0.02,OK,
C:\Users\User\OneDrive\Documents\Uni\Dissertation\MScProject\Dataset\138428.xls,.xls,0.02,OK,
C:\Users\User\OneDrive\Documents\Uni\Dissertation\MScProject\Dataset\138429.xls,.xls,0.05,OK,
C:\Users\User\OneDrive\Documents\Uni\Dissertation\MScProject\Dataset\138654.xls,.xls,0.08,OK,
C:\Users\User\OneDrive\Documents\Uni\Dissertation\MScProject\Dataset\138660.xls,.xls,0.02,OK,
C:\Users\User\OneDrive\Documents\Uni\Dissertation\MScProject\Dataset\138661.xls,.xls,0.02,OK,
C:\Users\User\OneDrive\Documents\Uni\Dissertation\MScProject\Dataset\138675.xls,.xls,0.08,OK,
C:\Users\User\OneDrive\Documents\Uni\Dissertation\MScProject\Dataset\138894.xls,.xls,1.47,OK,
C:\Users\User\OneDrive\Documents\Uni\Dissertation\MScProject\Dataset\138903.xls,.xls,0.04,OK,
C:\Users\User\OneDrive\Documents\Uni\Dissertation\MScProject\Dataset\138909.xls,.xls,0.54,OK,
C:\Users\User\OneDrive\Documents\Uni\Dissertation\MScProject\Dataset\138910.xls,.xls,0.51,OK,
C:\Users\User\OneDrive\Documents\Uni\Dissertation\MScProject\Dataset\138912.xls,.xls,0.08,OK,
C:\Users\User\OneDrive\Documents\Uni\Dissertation\MScProject\Dataset\138921.xls,.xls,0.02,OK,
C:\Users\User\OneDrive\Documents\Uni\Dissertation\MScProject\Dataset\139150.xls,.xls,0.16,OK,
C:\Users\User\OneDrive\Documents\Uni\Dissertation\MScProject\Dataset\139151.xls,.xls,0.09,OK,
C:\Users\User\OneDrive\Documents\Uni\Dissertation\MScProject\Dataset\139321.xls,.xls,0.34,OK,
C:\Users\User\OneDrive\Documents\Uni\Dissertation\MScProject\Dataset\139344.xls,.xls,0.07,OK,
C:\Users\User\OneDrive\Documents\Uni\Dissertation\MScProject\Dataset\139385.xls,.xls,0.04,OK,
C:\Users\User\OneDrive\Documents\Uni\Dissertation\MScProject\Dataset\139386.xls,.xls,0.48,OK,
C:\Users\User\OneDrive\Documents\Uni\Dissertation\MScProject\Dataset\139388.xls,.xls,0.03,OK,
C:\Users\User\OneDrive\Documents\Uni\Dissertation\MScProject\Dataset\139389.xls,.xls,1.07,OK,
C:\Users\User\OneDrive\Documents\Uni\Dissertation\MScProject\Dataset\139392.xls,.xls,0.21,OK,
C:\Users\User\OneDrive\Documents\Uni\Dissertation\MScProject\Dataset\139393.xls,.xls,0.02,OK,
C:\Users\User\OneDrive\Documents\Uni\Dissertation\MScProject\Dataset\139395.xls,.xls,0.01,OK,
C:\Users\User\OneDrive\Documents\Uni\Dissertation\MScProject\Dataset\139396.xls,.xls,1.0,OK,
C:\Users\User\OneDrive\Documents\Uni\Dissertation\MScProject\Dataset\139398.xls,.xls,0.02,OK,
C:\Users\User\OneDrive\Documents\Uni\Dissertation\MScProject\Dataset\139402.xls,.xls,0.02,OK,
C:\Users\User\OneDrive\Documents\Uni\Dissertation\MScProject\Dataset\139403.xls,.xls,0.1,OK,
C:\Users\User\OneDrive\Documents\Uni\Dissertation\MScProject\Dataset\139404.xls,.xls,0.15,OK,
C:\Users\User\OneDrive\Documents\Uni\Dissertation\MScProject\Dataset\139405.xls,.xls,0.28,OK,
C:\Users\User\OneDrive\Documents\Uni\Dissertation\MScProject\Dataset\139534.xls,.xls,1.0,OK,
C:\Users\User\OneDrive\Documents\Uni\Dissertation\MScProject\Dataset\139661.xls,.xls,0.06,OK,
C:\Users\User\OneDrive\Documents\Uni\Dissertation\MScProject\Dataset\139662.xls,.xls,0.09,OK,
C:\Users\User\OneDrive\Documents\Uni\Dissertation\MScProject\Dataset\139664.xls,.xls,0.18,OK,
C:\Users\User\OneDrive\Documents\Uni\Dissertation\MScProject\Dataset\139665.xls,.xls,0.2,OK,
C:\Users\User\OneDrive\Documents\Uni\Dissertation\MScProject\Dataset\139667.xls,.xls,0.2,OK,
C:\Users\User\OneDrive\Documents\Uni\Dissertation\MScProject\Dataset\139668.xls,.xls,0.17,OK,
C:\Users\User\OneDrive\Documents\Uni\Dissertation\MScProject\Dataset\139674.xls,.xls,0.66,OK,
C:\Users\User\OneDrive\Documents\Uni\Dissertation\MScProject\Dataset\139675.xls,.xls,0.02,OK,
C:\Users\User\OneDrive\Documents\Uni\Dissertation\MScProject\Dataset\139676.xls,.xls,0.07,OK,
C:\Users\User\OneDrive\Documents\Uni\Dissertation\MScProject\Dataset\139677.xls,.xls,0.04,OK,
C:\Users\User\OneDrive\Documents\Uni\Dissertation\MScProject\Dataset\139678.xls,.xls,0.78,OK,
C:\Users\User\OneDrive\Documents\Uni\Dissertation\MScProject\Dataset\139679.xls,.xls,0.65,OK,
C:\Users\User\OneDrive\Documents\Uni\Dissertation\MScProject\Dataset\139680.xls,.xls,0.02,OK,
C:\Users\User\OneDrive\Documents\Uni\Dissertation\MScProject\Dataset\139681.xls,.xls,0.11,OK,
C:\Users\User\OneDrive\Documents\Uni\Dissertation\MScProject\Dataset\139683.xls,.xls,0.35,OK,
C:\Users\User\OneDrive\Documents\Uni\Dissertation\MScProject\Dataset\139685.xls,.xls,0.05,OK,
C:\Users\User\OneDrive\Documents\Uni\Dissertation\MScProject\Dataset\139688.xls,.xls,0.1,OK,
C:\Users\User\OneDrive\Documents\Uni\Dissertation\MScProject\Dataset\139879.xls,.xls,0.03,OK,
C:\Users\User\OneDrive\Documents\Uni\Dissertation\MScProject\Dataset\139965.xls,.xls,0.02,OK,
C:\Users\User\OneDrive\Documents\Uni\Dissertation\MScProject\Dataset\139969.xls,.xls,0.02,OK,
C:\Users\User\OneDrive\Documents\Uni\Dissertation\MScProject\Dataset\139973.xls,.xls,0.04,OK,
C:\Users\User\OneDrive\Documents\Uni\Dissertation\MScProject\Dataset\139974.xls,.xls,0.08,OK,
C:\Users\User\OneDrive\Documents\Uni\Dissertation\MScProject\Dataset\139975.xls,.xls,0.08,OK,
C:\Users\User\OneDrive\Documents\Uni\Dissertation\MScProject\Dataset\139976.xls,.xls,0.02,OK,
C:\Users\User\OneDrive\Documents\Uni\Dissertation\MScProject\Dataset\139977.xls,.xls,0.15,OK,
C:\Users\User\OneDrive\Documents\Uni\Dissertation\MScProject\Dataset\139980.xls,.xls,0.05,OK,
C:\Users\User\OneDrive\Documents\Uni\Dissertation\MScProject\Dataset\139981.xls,.xls,0.07,OK,
C:\Users\User\OneDrive\Documents\Uni\Dissertation\MScProject\Dataset\139982.xls,.xls,0.03,OK,
C:\Users\User\OneDrive\Documents\Uni\Dissertation\MScProject\Dataset\139983.xls,.xls,0.04,OK,
C:\Users\User\OneDrive\Documents\Uni\Dissertation\MScProject\Dataset\139984.xls,.xls,0.02,OK,
C:\Users\User\OneDrive\Documents\Uni\Dissertation\MScProject\Dataset\139985.xls,.xls,0.02,OK,
C:\Users\User\OneDrive\Documents\Uni\Dissertation\MScProject\Dataset\139988.xls,.xls,0.02,OK,
C:\Users\User\OneDrive\Documents\Uni\Dissertation\MScProject\Dataset\140061.xls,.xls,0.04,OK,
C:\Users\User\OneDrive\Documents\Uni\Dissertation\MScProject\Dataset\140070.xls,.xls,0.04,OK,
C:\Users\User\OneDrive\Documents\Uni\Dissertation\MScProject\Dataset\140073.xls,.xls,0.46,OK,
C:\Users\User\OneDrive\Documents\Uni\Dissertation\MScProject\Dataset\140074.xls,.xls,0.16,OK,
C:\Users\User\OneDrive\Documents\Uni\Dissertation\MScProject\Dataset\140075.xls,.xls,1.47,OK,
C:\Users\User\OneDrive\Documents\Uni\Dissertation\MScProject\Dataset\140114.xls,.xls,0.15,OK,
C:\Users\User\OneDrive\Documents\Uni\Dissertation\MScProject\Dataset\140200.xls,.xls,0.02,OK,
C:\Users\User\OneDrive\Documents\Uni\Dissertation\MScProject\Dataset\140201.xls,.xls,0.02,OK,
C:\Users\User\OneDrive\Documents\Uni\Dissertation\MScProject\Dataset\140202.xls,.xls,0.37,OK,
C:\Users\User\OneDrive\Documents\Uni\Dissertation\MScProject\Dataset\140203.xls,.xls,0.34,OK,
C:\Users\User\OneDrive\Documents\Uni\Dissertation\MScProject\Dataset\140205.xls,.xls,0.08,OK,
C:\Users\User\OneDrive\Documents\Uni\Dissertation\MScProject\Dataset\140206.xls,.xls,0.02,OK,
C:\Users\User\OneDrive\Documents\Uni\Dissertation\MScProject\Dataset\140207.xls,.xls,0.04,OK,
C:\Users\User\OneDrive\Documents\Uni\Dissertation\MScProject\Dataset\140209.xls,.xls,0.05,OK,
C:\Users\User\OneDrive\Documents\Uni\Dissertation\MScProject\Dataset\140210.xls,.xls,0.57,OK,
C:\Users\User\OneDrive\Documents\Uni\Dissertation\MScProject\Dataset\140211.xls,.xls,0.05,OK,
C:\Users\User\OneDrive\Documents\Uni\Dissertation\MScProject\Dataset\140212.xls,.xls,0.06,OK,
C:\Users\User\OneDrive\Documents\Uni\Dissertation\MScProject\Dataset\140213.xls,.xls,0.02,OK,
C:\Users\User\OneDrive\Documents\Uni\Dissertation\MScProject\Dataset\140214.xls,.xls,0.03,OK,
C:\Users\User\OneDrive\Documents\Uni\Dissertation\MScProject\Dataset\140216.xls,.xls,0.09,OK,
C:\Users\User\OneDrive\Documents\Uni\Dissertation\MScProject\Dataset\140217.xls,.xls,0.55,OK,
C:\Users\User\OneDrive\Documents\Uni\Dissertation\MScProject\Dataset\140219.xls,.xls,0.03,OK,
C:\Users\User\OneDrive\Documents\Uni\Dissertation\MScProject\Dataset\140220.xls,.xls,0.27,OK,
C:\Users\User\OneDrive\Documents\Uni\Dissertation\MScProject\Dataset\140221.xls,.xls,0.08,OK,
C:\Users\User\OneDrive\Documents\Uni\Dissertation\MScProject\Dataset\140222.xls,.xls,2.17,OK,
C:\Users\User\OneDrive\Documents\Uni\Dissertation\MScProject\Dataset\140223.xls,.xls,0.09,OK,
C:\Users\User\OneDrive\Documents\Uni\Dissertation\MScProject\Dataset\140224.xls,.xls,4.54,OK,
C:\Users\User\OneDrive\Documents\Uni\Dissertation\MScProject\Dataset\140392.xls,.xls,0.07,OK,
C:\Users\User\OneDrive\Documents\Uni\Dissertation\MScProject\Dataset\140393.xls,.xls,0.18,OK,
C:\Users\User\OneDrive\Documents\Uni\Dissertation\MScProject\Dataset\140394.xls,.xls,0.12,OK,
C:\Users\User\OneDrive\Documents\Uni\Dissertation\MScProject\Dataset\140442.xls,.xls,0.04,OK,
C:\Users\User\OneDrive\Documents\Uni\Dissertation\MScProject\Dataset\140455.xls,.xls,0.02,OK,
C:\Users\User\OneDrive\Documents\Uni\Dissertation\MScProject\Dataset\140465.xls,.xls,0.02,OK,
C:\Users\User\OneDrive\Documents\Uni\Dissertation\MScProject\Dataset\140509.xls,.xls,0.65,OK,
C:\Users\User\OneDrive\Documents\Uni\Dissertation\MScProject\Dataset\140644.xls,.xls,0.29,OK,
C:\Users\User\OneDrive\Documents\Uni\Dissertation\MScProject\Dataset\140645.xls,.xls,0.05,OK,
C:\Users\User\OneDrive\Documents\Uni\Dissertation\MScProject\Dataset\140720.xls,.xls,0.03,OK,
C:\Users\User\OneDrive\Documents\Uni\Dissertation\MScProject\Dataset\140732.xls,.xls,0.03,OK,
C:\Users\User\OneDrive\Documents\Uni\Dissertation\MScProject\Dataset\140758.xls,.xls,0.01,OK,
C:\Users\User\OneDrive\Documents\Uni\Dissertation\MScProject\Dataset\140760.xls,.xls,0.08,OK,
C:\Users\User\OneDrive\Documents\Uni\Dissertation\MScProject\Dataset\140839.xls,.xls,0.03,OK,
C:\Users\User\OneDrive\Documents\Uni\Dissertation\MScProject\Dataset\140840.xls,.xls,0.05,OK,
C:\Users\User\OneDrive\Documents\Uni\Dissertation\MScProject\Dataset\140913.xls,.xls,0.03,OK,
C:\Users\User\OneDrive\Documents\Uni\Dissertation\MScProject\Dataset\141075.xls,.xls,1.43,OK,
C:\Users\User\OneDrive\Documents\Uni\Dissertation\MScProject\Dataset\141334.xls,.xls,0.21,OK,
C:\Users\User\OneDrive\Documents\Uni\Dissertation\MScProject\Dataset\141335.xls,.xls,1.04,OK,
C:\Users\User\OneDrive\Documents\Uni\Dissertation\MScProject\Dataset\141336.xls,.xls,1.07,OK,
C:\Users\User\OneDrive\Documents\Uni\Dissertation\MScProject\Dataset\141438.xls,.xls,0.07,OK,
C:\Users\User\OneDrive\Documents\Uni\Dissertation\MScProject\Dataset\141500.xls,.xls,0.03,OK,
C:\Users\User\OneDrive\Documents\Uni\Dissertation\MScProject\Dataset\141501.xls,.xls,0.1,OK,
C:\Users\User\OneDrive\Documents\Uni\Dissertation\MScProject\Dataset\141502.xls,.xls,0.1,OK,
C:\Users\User\OneDrive\Documents\Uni\Dissertation\MScProject\Dataset\141503.xls,.xls,0.57,OK,
C:\Users\User\OneDrive\Documents\Uni\Dissertation\MScProject\Dataset\141504.xls,.xls,0.24,OK,
C:\Users\User\OneDrive\Documents\Uni\Dissertation\MScProject\Dataset\141508.xls,.xls,0.02,OK,
C:\Users\User\OneDrive\Documents\Uni\Dissertation\MScProject\Dataset\141509.xls,.xls,0.02,OK,
C:\Users\User\OneDrive\Documents\Uni\Dissertation\MScProject\Dataset\141513.xls,.xls,0.01,OK,
C:\Users\User\OneDrive\Documents\Uni\Dissertation\MScProject\Dataset\141514.xls,.xls,0.02,OK,
C:\Users\User\OneDrive\Documents\Uni\Dissertation\MScProject\Dataset\141515.xls,.xls,0.02,OK,
C:\Users\User\OneDrive\Documents\Uni\Dissertation\MScProject\Dataset\141518.xls,.xls,0.02,OK,
C:\Users\User\OneDrive\Documents\Uni\Dissertation\MScProject\Dataset\141522.xls,.xls,0.11,OK,
C:\Users\User\OneDrive\Documents\Uni\Dissertation\MScProject\Dataset\141624.xls,.xls,0.03,OK,
C:\Users\User\OneDrive\Documents\Uni\Dissertation\MScProject\Dataset\141762.xls,.xls,0.07,OK,
C:\Users\User\OneDrive\Documents\Uni\Dissertation\MScProject\Dataset\141768.xls,.xls,0.02,OK,
C:\Users\User\OneDrive\Documents\Uni\Dissertation\MScProject\Dataset\141774.xls,.xls,0.01,OK,
C:\Users\User\OneDrive\Documents\Uni\Dissertation\MScProject\Dataset\141778.xls,.xls,0.21,OK,
C:\Users\User\OneDrive\Documents\Uni\Dissertation\MScProject\Dataset\141780.xls,.xls,0.04,OK,
C:\Users\User\OneDrive\Documents\Uni\Dissertation\MScProject\Dataset\141782.xls,.xls,0.05,OK,
C:\Users\User\OneDrive\Documents\Uni\Dissertation\MScProject\Dataset\141783.xls,.xls,0.55,OK,
C:\Users\User\OneDrive\Documents\Uni\Dissertation\MScProject\Dataset\141785.xls,.xls,0.19,OK,
C:\Users\User\OneDrive\Documents\Uni\Dissertation\MScProject\Dataset\141788.xls,.xls,0.15,OK,
C:\Users\User\OneDrive\Documents\Uni\Dissertation\MScProject\Dataset\141790.xls,.xls,0.07,OK,
C:\Users\User\OneDrive\Documents\Uni\Dissertation\MScProject\Dataset\141802.xls,.xls,0.36,OK,
C:\Users\User\OneDrive\Documents\Uni\Dissertation\MScProject\Dataset\141806.xls,.xls,0.02,OK,
C:\Users\User\OneDrive\Documents\Uni\Dissertation\MScProject\Dataset\142058.xls,.xls,0.03,OK,
C:\Users\User\OneDrive\Documents\Uni\Dissertation\MScProject\Dataset\142084.xls,.xls,0.03,OK,
C:\Users\User\OneDrive\Documents\Uni\Dissertation\MScProject\Dataset\142130.xls,.xls,0.19,OK,
C:\Users\User\OneDrive\Documents\Uni\Dissertation\MScProject\Dataset\142132.xls,.xls,0.21,OK,
C:\Users\User\OneDrive\Documents\Uni\Dissertation\MScProject\Dataset\142294.xls,.xls,0.04,OK,
C:\Users\User\OneDrive\Documents\Uni\Dissertation\MScProject\Dataset\142298.xls,.xls,10.7,OK,
C:\Users\User\OneDrive\Documents\Uni\Dissertation\MScProject\Dataset\142439.xls,.xls,0.78,OK,
C:\Users\User\OneDrive\Documents\Uni\Dissertation\MScProject\Dataset\142440.xls,.xls,0.36,OK,
C:\Users\User\OneDrive\Documents\Uni\Dissertation\MScProject\Dataset\142442.xls,.xls,0.17,OK,
C:\Users\User\OneDrive\Documents\Uni\Dissertation\MScProject\Dataset\142443.xls,.xls,0.11,OK,
C:\Users\User\OneDrive\Documents\Uni\Dissertation\MScProject\Dataset\142444.xls,.xls,0.12,OK,
C:\Users\User\OneDrive\Documents\Uni\Dissertation\MScProject\Dataset\142445.xls,.xls,0.12,OK,
C:\Users\User\OneDrive\Documents\Uni\Dissertation\MScProject\Dataset\142601.xls,.xls,4.14,OK,
C:\Users\User\OneDrive\Documents\Uni\Dissertation\MScProject\Dataset\142602.xls,.xls,0.24,OK,
C:\Users\User\OneDrive\Documents\Uni\Dissertation\MScProject\Dataset\142764.xls,.xls,0.03,OK,
C:\Users\User\OneDrive\Documents\Uni\Dissertation\MScProject\Dataset\142769.xls,.xls,0.04,OK,
C:\Users\User\OneDrive\Documents\Uni\Dissertation\MScProject\Dataset\142770.xls,.xls,0.04,OK,
C:\Users\User\OneDrive\Documents\Uni\Dissertation\MScProject\Dataset\142772.xls,.xls,0.03,OK,
C:\Users\User\OneDrive\Documents\Uni\Dissertation\MScProject\Dataset\142775.xls,.xls,0.05,OK,
C:\Users\User\OneDrive\Documents\Uni\Dissertation\MScProject\Dataset\142778.xls,.xls,0.55,OK,
C:\Users\User\OneDrive\Documents\Uni\Dissertation\MScProject\Dataset\142782.xls,.xls,0.04,OK,
C:\Users\User\OneDrive\Documents\Uni\Dissertation\MScProject\Dataset\142785.xls,.xls,0.07,OK,
C:\Users\User\OneDrive\Documents\Uni\Dissertation\MScProject\Dataset\142786.xls,.xls,0.06,OK,
C:\Users\User\OneDrive\Documents\Uni\Dissertation\MScProject\Dataset\142788.xls,.xls,0.19,OK,
C:\Users\User\OneDrive\Documents\Uni\Dissertation\MScProject\Dataset\142789.xls,.xls,0.05,OK,
C:\Users\User\OneDrive\Documents\Uni\Dissertation\MScProject\Dataset\142790.xls,.xls,0.28,OK,
C:\Users\User\OneDrive\Documents\Uni\Dissertation\MScProject\Dataset\142793.xls,.xls,0.03,OK,
C:\Users\User\OneDrive\Documents\Uni\Dissertation\MScProject\Dataset\142794.xls,.xls,0.15,OK,
C:\Users\User\OneDrive\Documents\Uni\Dissertation\MScProject\Dataset\142798.xls,.xls,0.03,OK,
C:\Users\User\OneDrive\Documents\Uni\Dissertation\MScProject\Dataset\142906.xls,.xls,0.02,OK,
C:\Users\User\OneDrive\Documents\Uni\Dissertation\MScProject\Dataset\143026.xls,.xls,0.03,OK,
C:\Users\User\OneDrive\Documents\Uni\Dissertation\MScProject\Dataset\143027.xls,.xls,0.01,OK,
C:\Users\User\OneDrive\Documents\Uni\Dissertation\MScProject\Dataset\143028.xls,.xls,0.03,OK,
C:\Users\User\OneDrive\Documents\Uni\Dissertation\MScProject\Dataset\143029.xls,.xls,0.04,OK,
C:\Users\User\OneDrive\Documents\Uni\Dissertation\MScProject\Dataset\143031.xls,.xls,0.04,OK,
C:\Users\User\OneDrive\Documents\Uni\Dissertation\MScProject\Dataset\143032.xls,.xls,0.04,OK,
C:\Users\User\OneDrive\Documents\Uni\Dissertation\MScProject\Dataset\143035.xls,.xls,0.03,OK,
C:\Users\User\OneDrive\Documents\Uni\Dissertation\MScProject\Dataset\143036.xls,.xls,0.12,OK,
C:\Users\User\OneDrive\Documents\Uni\Dissertation\MScProject\Dataset\143038.xls,.xls,0.03,OK,
C:\Users\User\OneDrive\Documents\Uni\Dissertation\MScProject\Dataset\143039.xls,.xls,0.27,OK,
C:\Users\User\OneDrive\Documents\Uni\Dissertation\MScProject\Dataset\143040.xls,.xls,0.09,OK,
C:\Users\User\OneDrive\Documents\Uni\Dissertation\MScProject\Dataset\143041.xls,.xls,2.08,OK,
C:\Users\User\OneDrive\Documents\Uni\Dissertation\MScProject\Dataset\143042.xls,.xls,0.02,OK,
C:\Users\User\OneDrive\Documents\Uni\Dissertation\MScProject\Dataset\143043.xls,.xls,1.63,OK,
C:\Users\User\OneDrive\Documents\Uni\Dissertation\MScProject\Dataset\143044.xls,.xls,0.74,OK,
C:\Users\User\OneDrive\Documents\Uni\Dissertation\MScProject\Dataset\143045.xls,.xls,0.02,OK,
C:\Users\User\OneDrive\Documents\Uni\Dissertation\MScProject\Dataset\143046.xls,.xls,0.55,OK,
C:\Users\User\OneDrive\Documents\Uni\Dissertation\MScProject\Dataset\143048.xls,.xls,0.04,OK,
C:\Users\User\OneDrive\Documents\Uni\Dissertation\MScProject\Dataset\143049.xls,.xls,0.06,OK,
C:\Users\User\OneDrive\Documents\Uni\Dissertation\MScProject\Dataset\143051.xls,.xls,0.08,OK,
C:\Users\User\OneDrive\Documents\Uni\Dissertation\MScProject\Dataset\143053.xls,.xls,0.15,OK,
C:\Users\User\OneDrive\Documents\Uni\Dissertation\MScProject\Dataset\143054.xls,.xls,0.13,OK,
C:\Users\User\OneDrive\Documents\Uni\Dissertation\MScProject\Dataset\143055.xls,.xls,0.06,OK,
C:\Users\User\OneDrive\Documents\Uni\Dissertation\MScProject\Dataset\143079.xls,.xls,0.16,OK,
C:\Users\User\OneDrive\Documents\Uni\Dissertation\MScProject\Dataset\143090.xls,.xls,0.16,OK,
C:\Users\User\OneDrive\Documents\Uni\Dissertation\MScProject\Dataset\143164.xls,.xls,0.2,OK,
C:\Users\User\OneDrive\Documents\Uni\Dissertation\MScProject\Dataset\143387.xls,.xls,0.05,OK,
C:\Users\User\OneDrive\Documents\Uni\Dissertation\MScProject\Dataset\143389.xls,.xls,1.16,OK,
C:\Users\User\OneDrive\Documents\Uni\Dissertation\MScProject\Dataset\143390.xls,.xls,0.03,OK,
C:\Users\User\OneDrive\Documents\Uni\Dissertation\MScProject\Dataset\143391.xls,.xls,0.02,OK,
C:\Users\User\OneDrive\Documents\Uni\Dissertation\MScProject\Dataset\143392.xls,.xls,0.02,OK,
C:\Users\User\OneDrive\Documents\Uni\Dissertation\MScProject\Dataset\143394.xls,.xls,0.02,OK,
C:\Users\User\OneDrive\Documents\Uni\Dissertation\MScProject\Dataset\143395.xls,.xls,25.45,OK,
C:\Users\User\OneDrive\Documents\Uni\Dissertation\MScProject\Dataset\143397.xls,.xls,2.6,OK,
C:\Users\User\OneDrive\Documents\Uni\Dissertation\MScProject\Dataset\143398.xls,.xls,11.93,OK,
C:\Users\User\OneDrive\Documents\Uni\Dissertation\MScProject\Dataset\143399.xls,.xls,0.02,OK,
C:\Users\User\OneDrive\Documents\Uni\Dissertation\MScProject\Dataset\143402.xls,.xls,0.04,OK,
C:\Users\User\OneDrive\Documents\Uni\Dissertation\MScProject\Dataset\143403.xls,.xls,3.13,OK,
C:\Users\User\OneDrive\Documents\Uni\Dissertation\MScProject\Dataset\143407.xls,.xls,5.8,OK,
C:\Users\User\OneDrive\Documents\Uni\Dissertation\MScProject\Dataset\143408.xls,.xls,0.59,OK,
C:\Users\User\OneDrive\Documents\Uni\Dissertation\MScProject\Dataset\143566.xls,.xls,0.02,OK,
C:\Users\User\OneDrive\Documents\Uni\Dissertation\MScProject\Dataset\143567.xls,.xls,0.04,OK,
C:\Users\User\OneDrive\Documents\Uni\Dissertation\MScProject\Dataset\143568.xls,.xls,0.05,OK,
C:\Users\User\OneDrive\Documents\Uni\Dissertation\MScProject\Dataset\143570.xls,.xls,0.46,OK,
C:\Users\User\OneDrive\Documents\Uni\Dissertation\MScProject\Dataset\143572.xls,.xls,0.21,OK,
C:\Users\User\OneDrive\Documents\Uni\Dissertation\MScProject\Dataset\143823.xls,.xls,0.03,OK,
C:\Users\User\OneDrive\Documents\Uni\Dissertation\MScProject\Dataset\143824.xls,.xls,0.14,OK,
C:\Users\User\OneDrive\Documents\Uni\Dissertation\MScProject\Dataset\143826.xls,.xls,2.13,OK,
C:\Users\User\OneDrive\Documents\Uni\Dissertation\MScProject\Dataset\143827.xls,.xls,5.35,OK,
C:\Users\User\OneDrive\Documents\Uni\Dissertation\MScProject\Dataset\143828.xls,.xls,0.16,OK,
C:\Users\User\OneDrive\Documents\Uni\Dissertation\MScProject\Dataset\143829.xls,.xls,0.02,OK,
C:\Users\User\OneDrive\Documents\Uni\Dissertation\MScProject\Dataset\143830.xls,.xls,0.44,OK,
C:\Users\User\OneDrive\Documents\Uni\Dissertation\MScProject\Dataset\143831.xls,.xls,0.22,OK,
C:\Users\User\OneDrive\Documents\Uni\Dissertation\MScProject\Dataset\143833.xls,.xls,0.03,OK,
C:\Users\User\OneDrive\Documents\Uni\Dissertation\MScProject\Dataset\144069.xls,.xls,0.1,OK,
C:\Users\User\OneDrive\Documents\Uni\Dissertation\MScProject\Dataset\144070.xls,.xls,0.03,OK,
C:\Users\User\OneDrive\Documents\Uni\Dissertation\MScProject\Dataset\144171.xls,.xls,0.03,OK,
C:\Users\User\OneDrive\Documents\Uni\Dissertation\MScProject\Dataset\144172.xls,.xls,0.04,OK,
C:\Users\User\OneDrive\Documents\Uni\Dissertation\MScProject\Dataset\144176.xls,.xls,0.23,OK,
C:\Users\User\OneDrive\Documents\Uni\Dissertation\MScProject\Dataset\144317.xls,.xls,1.39,OK,
C:\Users\User\OneDrive\Documents\Uni\Dissertation\MScProject\Dataset\144319.xls,.xls,0.06,OK,
C:\Users\User\OneDrive\Documents\Uni\Dissertation\MScProject\Dataset\144340.xls,.xls,0.02,OK,
C:\Users\User\OneDrive\Documents\Uni\Dissertation\MScProject\Dataset\144341.xls,.xls,0.05,OK,
C:\Users\User\OneDrive\Documents\Uni\Dissertation\MScProject\Dataset\144342.xls,.xls,0.02,OK,
C:\Users\User\OneDrive\Documents\Uni\Dissertation\MScProject\Dataset\144343.xls,.xls,1.64,OK,
C:\Users\User\OneDrive\Documents\Uni\Dissertation\MScProject\Dataset\144345.xls,.xls,0.07,OK,
C:\Users\User\OneDrive\Documents\Uni\Dissertation\MScProject\Dataset\144347.xls,.xls,0.1,OK,
C:\Users\User\OneDrive\Documents\Uni\Dissertation\MScProject\Dataset\144349.xls,.xls,0.09,OK,
C:\Users\User\OneDrive\Documents\Uni\Dissertation\MScProject\Dataset\144351.xls,.xls,0.16,OK,
C:\Users\User\OneDrive\Documents\Uni\Dissertation\MScProject\Dataset\144352.xls,.xls,0.2,OK,
C:\Users\User\OneDrive\Documents\Uni\Dissertation\MScProject\Dataset\144353.xls,.xls,0.05,OK,
C:\Users\User\OneDrive\Documents\Uni\Dissertation\MScProject\Dataset\144355.xls,.xls,0.08,OK,
C:\Users\User\OneDrive\Documents\Uni\Dissertation\MScProject\Dataset\144356.xls,.xls,0.12,OK,
C:\Users\User\OneDrive\Documents\Uni\Dissertation\MScProject\Dataset\144357.xls,.xls,0.11,OK,
C:\Users\User\OneDrive\Documents\Uni\Dissertation\MScProject\Dataset\144743.xls,.xls,0.04,OK,
C:\Users\User\OneDrive\Documents\Uni\Dissertation\MScProject\Dataset\144744.xls,.xls,0.3,OK,
C:\Users\User\OneDrive\Documents\Uni\Dissertation\MScProject\Dataset\144747.xls,.xls,0.3,OK,
C:\Users\User\OneDrive\Documents\Uni\Dissertation\MScProject\Dataset\144749.xls,.xls,0.06,OK,
C:\Users\User\OneDrive\Documents\Uni\Dissertation\MScProject\Dataset\144750.xls,.xls,3.21,OK,
C:\Users\User\OneDrive\Documents\Uni\Dissertation\MScProject\Dataset\144752.xls,.xls,0.74,OK,
C:\Users\User\OneDrive\Documents\Uni\Dissertation\MScProject\Dataset\144753.xls,.xls,0.06,OK,
C:\Users\User\OneDrive\Documents\Uni\Dissertation\MScProject\Dataset\144754.xls,.xls,0.08,OK,
C:\Users\User\OneDrive\Documents\Uni\Dissertation\MScProject\Dataset\144755.xls,.xls,0.02,OK,
C:\Users\User\OneDrive\Documents\Uni\Dissertation\MScProject\Dataset\144758.xls,.xls,0.28,OK,
C:\Users\User\OneDrive\Documents\Uni\Dissertation\MScProject\Dataset\144760.xls,.xls,0.01,OK,
C:\Users\User\OneDrive\Documents\Uni\Dissertation\MScProject\Dataset\144761.xls,.xls,0.3,OK,
C:\Users\User\OneDrive\Documents\Uni\Dissertation\MScProject\Dataset\144870.xls,.xls,0.2,OK,
C:\Users\User\OneDrive\Documents\Uni\Dissertation\MScProject\Dataset\144885.xls,.xls,0.07,OK,
C:\Users\User\OneDrive\Documents\Uni\Dissertation\MScProject\Dataset\144886.xls,.xls,0.06,OK,
C:\Users\User\OneDrive\Documents\Uni\Dissertation\MScProject\Dataset\144927.xls,.xls,0.07,OK,
C:\Users\User\OneDrive\Documents\Uni\Dissertation\MScProject\Dataset\144936.xls,.xls,0.45,OK,
C:\Users\User\OneDrive\Documents\Uni\Dissertation\MScProject\Dataset\144994.xls,.xls,2.17,OK,
C:\Users\User\OneDrive\Documents\Uni\Dissertation\MScProject\Dataset\145098.xls,.xls,0.02,OK,
C:\Users\User\OneDrive\Documents\Uni\Dissertation\MScProject\Dataset\145133.xls,.xls,0.05,OK,
C:\Users\User\OneDrive\Documents\Uni\Dissertation\MScProject\Dataset\145135.xls,.xls,0.17,OK,
C:\Users\User\OneDrive\Documents\Uni\Dissertation\MScProject\Dataset\145138.xls,.xls,0.03,OK,
C:\Users\User\OneDrive\Documents\Uni\Dissertation\MScProject\Dataset\145143.xls,.xls,0.1,OK,
C:\Users\User\OneDrive\Documents\Uni\Dissertation\MScProject\Dataset\145146.xls,.xls,0.02,OK,
C:\Users\User\OneDrive\Documents\Uni\Dissertation\MScProject\Dataset\145147.xls,.xls,0.19,OK,
C:\Users\User\OneDrive\Documents\Uni\Dissertation\MScProject\Dataset\145148.xls,.xls,0.02,OK,
C:\Users\User\OneDrive\Documents\Uni\Dissertation\MScProject\Dataset\145149.xls,.xls,0.07,OK,
C:\Users\User\OneDrive\Documents\Uni\Dissertation\MScProject\Dataset\145151.xls,.xls,0.51,OK,
C:\Users\User\OneDrive\Documents\Uni\Dissertation\MScProject\Dataset\145487.xls,.xls,0.3,OK,
C:\Users\User\OneDrive\Documents\Uni\Dissertation\MScProject\Dataset\145488.xls,.xls,0.32,OK,
C:\Users\User\OneDrive\Documents\Uni\Dissertation\MScProject\Dataset\145490.xls,.xls,0.08,OK,
C:\Users\User\OneDrive\Documents\Uni\Dissertation\MScProject\Dataset\145491.xls,.xls,0.65,OK,
C:\Users\User\OneDrive\Documents\Uni\Dissertation\MScProject\Dataset\145492.xls,.xls,3.11,OK,
C:\Users\User\OneDrive\Documents\Uni\Dissertation\MScProject\Dataset\145493.xls,.xls,0.03,OK,
C:\Users\User\OneDrive\Documents\Uni\Dissertation\MScProject\Dataset\145497.xls,.xls,0.02,OK,
C:\Users\User\OneDrive\Documents\Uni\Dissertation\MScProject\Dataset\145503.xls,.xls,0.08,OK,
C:\Users\User\OneDrive\Documents\Uni\Dissertation\MScProject\Dataset\145504.xls,.xls,0.35,OK,
C:\Users\User\OneDrive\Documents\Uni\Dissertation\MScProject\Dataset\145507.xls,.xls,0.67,OK,
C:\Users\User\OneDrive\Documents\Uni\Dissertation\MScProject\Dataset\145508.xls,.xls,0.23,OK,
C:\Users\User\OneDrive\Documents\Uni\Dissertation\MScProject\Dataset\145742.xls,.xls,0.04,OK,
C:\Users\User\OneDrive\Documents\Uni\Dissertation\MScProject\Dataset\145894.xls,.xls,0.04,OK,
C:\Users\User\OneDrive\Documents\Uni\Dissertation\MScProject\Dataset\145897.xls,.xls,0.19,OK,
C:\Users\User\OneDrive\Documents\Uni\Dissertation\MScProject\Dataset\145900.xls,.xls,0.01,OK,
C:\Users\User\OneDrive\Documents\Uni\Dissertation\MScProject\Dataset\145901.xls,.xls,0.43,OK,
C:\Users\User\OneDrive\Documents\Uni\Dissertation\MScProject\Dataset\145902.xls,.xls,0.02,OK,
C:\Users\User\OneDrive\Documents\Uni\Dissertation\MScProject\Dataset\145903.xls,.xls,0.04,OK,
C:\Users\User\OneDrive\Documents\Uni\Dissertation\MScProject\Dataset\145904.xls,.xls,0.02,OK,
C:\Users\User\OneDrive\Documents\Uni\Dissertation\MScProject\Dataset\145905.xls,.xls,0.12,OK,
C:\Users\User\OneDrive\Documents\Uni\Dissertation\MScProject\Dataset\145906.xls,.xls,0.25,OK,
C:\Users\User\OneDrive\Documents\Uni\Dissertation\MScProject\Dataset\145907.xls,.xls,0.02,OK,
C:\Users\User\OneDrive\Documents\Uni\Dissertation\MScProject\Dataset\145908.xls,.xls,0.05,OK,
C:\Users\User\OneDrive\Documents\Uni\Dissertation\MScProject\Dataset\145909.xls,.xls,0.08,OK,
C:\Users\User\OneDrive\Documents\Uni\Dissertation\MScProject\Dataset\145910.xls,.xls,0.1,OK,
C:\Users\User\OneDrive\Documents\Uni\Dissertation\MScProject\Dataset\145913.xls,.xls,0.02,OK,
C:\Users\User\OneDrive\Documents\Uni\Dissertation\MScProject\Dataset\145916.xls,.xls,0.11,OK,
C:\Users\User\OneDrive\Documents\Uni\Dissertation\MScProject\Dataset\145918.xls,.xls,0.02,OK,
C:\Users\User\OneDrive\Documents\Uni\Dissertation\MScProject\Dataset\145919.xls,.xls,0.09,OK,
C:\Users\User\OneDrive\Documents\Uni\Dissertation\MScProject\Dataset\145920.xls,.xls,0.02,OK,
C:\Users\User\OneDrive\Documents\Uni\Dissertation\MScProject\Dataset\146039.xls,.xls,0.08,OK,
C:\Users\User\OneDrive\Documents\Uni\Dissertation\MScProject\Dataset\146040.xls,.xls,0.03,OK,
C:\Users\User\OneDrive\Documents\Uni\Dissertation\MScProject\Dataset\146082.xls,.xls,0.04,OK,
C:\Users\User\OneDrive\Documents\Uni\Dissertation\MScProject\Dataset\146106.xls,.xls,0.02,OK,
C:\Users\User\OneDrive\Documents\Uni\Dissertation\MScProject\Dataset\146107.xls,.xls,0.02,OK,
C:\Users\User\OneDrive\Documents\Uni\Dissertation\MScProject\Dataset\146109.xls,.xls,0.03,OK,
C:\Users\User\OneDrive\Documents\Uni\Dissertation\MScProject\Dataset\146110.xls,.xls,5.6,OK,
C:\Users\User\OneDrive\Documents\Uni\Dissertation\MScProject\Dataset\146111.xls,.xls,1.14,OK,
C:\Users\User\OneDrive\Documents\Uni\Dissertation\MScProject\Dataset\146112.xls,.xls,0.05,OK,
C:\Users\User\OneDrive\Documents\Uni\Dissertation\MScProject\Dataset\146113.xls,.xls,0.32,OK,
C:\Users\User\OneDrive\Documents\Uni\Dissertation\MScProject\Dataset\146114.xls,.xls,0.04,OK,
C:\Users\User\OneDrive\Documents\Uni\Dissertation\MScProject\Dataset\146115.xls,.xls,0.03,OK,
C:\Users\User\OneDrive\Documents\Uni\Dissertation\MScProject\Dataset\146117.xls,.xls,0.3,OK,
C:\Users\User\OneDrive\Documents\Uni\Dissertation\MScProject\Dataset\146422.xls,.xls,0.02,OK,
C:\Users\User\OneDrive\Documents\Uni\Dissertation\MScProject\Dataset\146499.xls,.xls,0.03,OK,
C:\Users\User\OneDrive\Documents\Uni\Dissertation\MScProject\Dataset\146507.xls,.xls,0.06,OK,
C:\Users\User\OneDrive\Documents\Uni\Dissertation\MScProject\Dataset\146508.xls,.xls,0.02,OK,
C:\Users\User\OneDrive\Documents\Uni\Dissertation\MScProject\Dataset\146510.xls,.xls,0.02,OK,
C:\Users\User\OneDrive\Documents\Uni\Dissertation\MScProject\Dataset\146511.xls,.xls,0.22,OK,
C:\Users\User\OneDrive\Documents\Uni\Dissertation\MScProject\Dataset\146659.xls,.xls,0.17,OK,
C:\Users\User\OneDrive\Documents\Uni\Dissertation\MScProject\Dataset\146802.xls,.xls,0.27,OK,
C:\Users\User\OneDrive\Documents\Uni\Dissertation\MScProject\Dataset\146803.xls,.xls,0.03,OK,
C:\Users\User\OneDrive\Documents\Uni\Dissertation\MScProject\Dataset\147015.xls,.xls,0.03,OK,
C:\Users\User\OneDrive\Documents\Uni\Dissertation\MScProject\Dataset\147018.xls,.xls,0.02,OK,
C:\Users\User\OneDrive\Documents\Uni\Dissertation\MScProject\Dataset\147024.xls,.xls,0.17,OK,
C:\Users\User\OneDrive\Documents\Uni\Dissertation\MScProject\Dataset\147231.xls,.xls,0.01,OK,
C:\Users\User\OneDrive\Documents\Uni\Dissertation\MScProject\Dataset\147232.xls,.xls,0.04,OK,
C:\Users\User\OneDrive\Documents\Uni\Dissertation\MScProject\Dataset\147233.xls,.xls,0.03,OK,
C:\Users\User\OneDrive\Documents\Uni\Dissertation\MScProject\Dataset\147234.xls,.xls,0.02,OK,
C:\Users\User\OneDrive\Documents\Uni\Dissertation\MScProject\Dataset\147236.xls,.xls,0.07,OK,
C:\Users\User\OneDrive\Documents\Uni\Dissertation\MScProject\Dataset\147237.xls,.xls,0.03,OK,
C:\Users\User\OneDrive\Documents\Uni\Dissertation\MScProject\Dataset\147238.xls,.xls,0.03,OK,
C:\Users\User\OneDrive\Documents\Uni\Dissertation\MScProject\Dataset\147239.xls,.xls,0.32,OK,
C:\Users\User\OneDrive\Documents\Uni\Dissertation\MScProject\Dataset\147240.xls,.xls,0.02,OK,
C:\Users\User\OneDrive\Documents\Uni\Dissertation\MScProject\Dataset\147241.xls,.xls,0.02,OK,
C:\Users\User\OneDrive\Documents\Uni\Dissertation\MScProject\Dataset\147242.xls,.xls,0.12,OK,
C:\Users\User\OneDrive\Documents\Uni\Dissertation\MScProject\Dataset\147243.xls,.xls,0.01,OK,
C:\Users\User\OneDrive\Documents\Uni\Dissertation\MScProject\Dataset\147244.xls,.xls,0.03,OK,
C:\Users\User\OneDrive\Documents\Uni\Dissertation\MScProject\Dataset\147245.xls,.xls,0.12,OK,
C:\Users\User\OneDrive\Documents\Uni\Dissertation\MScProject\Dataset\147249.xls,.xls,0.03,OK,
C:\Users\User\OneDrive\Documents\Uni\Dissertation\MScProject\Dataset\147252.xls,.xls,0.03,OK,
C:\Users\User\OneDrive\Documents\Uni\Dissertation\MScProject\Dataset\147253.xls,.xls,0.21,OK,
C:\Users\User\OneDrive\Documents\Uni\Dissertation\MScProject\Dataset\147255.xls,.xls,0.18,OK,
C:\Users\User\OneDrive\Documents\Uni\Dissertation\MScProject\Dataset\147639.xls,.xls,0.21,OK,
C:\Users\User\OneDrive\Documents\Uni\Dissertation\MScProject\Dataset\147652.xls,.xls,0.22,OK,
C:\Users\User\OneDrive\Documents\Uni\Dissertation\MScProject\Dataset\147653.xls,.xls,0.95,OK,
C:\Users\User\OneDrive\Documents\Uni\Dissertation\MScProject\Dataset\147729.xls,.xls,0.07,OK,
C:\Users\User\OneDrive\Documents\Uni\Dissertation\MScProject\Dataset\147730.xls,.xls,0.15,OK,
C:\Users\User\OneDrive\Documents\Uni\Dissertation\MScProject\Dataset\147731.xls,.xls,0.07,OK,
C:\Users\User\OneDrive\Documents\Uni\Dissertation\MScProject\Dataset\147875.xls,.xls,0.05,OK,
C:\Users\User\OneDrive\Documents\Uni\Dissertation\MScProject\Dataset\147876.xls,.xls,0.04,OK,
C:\Users\User\OneDrive\Documents\Uni\Dissertation\MScProject\Dataset\147877.xls,.xls,0.11,OK,
C:\Users\User\OneDrive\Documents\Uni\Dissertation\MScProject\Dataset\147943.xls,.xls,0.01,OK,
C:\Users\User\OneDrive\Documents\Uni\Dissertation\MScProject\Dataset\148024.xls,.xls,0.09,OK,
C:\Users\User\OneDrive\Documents\Uni\Dissertation\MScProject\Dataset\148027.xls,.xls,0.03,OK,
C:\Users\User\OneDrive\Documents\Uni\Dissertation\MScProject\Dataset\148028.xls,.xls,0.03,OK,
C:\Users\User\OneDrive\Documents\Uni\Dissertation\MScProject\Dataset\148030.xls,.xls,0.04,OK,
C:\Users\User\OneDrive\Documents\Uni\Dissertation\MScProject\Dataset\148031.xls,.xls,0.02,OK,
C:\Users\User\OneDrive\Documents\Uni\Dissertation\MScProject\Dataset\148032.xls,.xls,0.09,OK,
C:\Users\User\OneDrive\Documents\Uni\Dissertation\MScProject\Dataset\148033.xls,.xls,0.06,OK,
C:\Users\User\OneDrive\Documents\Uni\Dissertation\MScProject\Dataset\148034.xls,.xls,0.08,OK,
C:\Users\User\OneDrive\Documents\Uni\Dissertation\MScProject\Dataset\148035.xls,.xls,0.05,OK,
C:\Users\User\OneDrive\Documents\Uni\Dissertation\MScProject\Dataset\148036.xls,.xls,0.69,OK,
C:\Users\User\OneDrive\Documents\Uni\Dissertation\MScProject\Dataset\148037.xls,.xls,0.23,OK,
C:\Users\User\OneDrive\Documents\Uni\Dissertation\MScProject\Dataset\148039.xls,.xls,0.07,OK,
C:\Users\User\OneDrive\Documents\Uni\Dissertation\MScProject\Dataset\148042.xls,.xls,0.52,OK,
C:\Users\User\OneDrive\Documents\Uni\Dissertation\MScProject\Dataset\148043.xls,.xls,0.3,OK,
C:\Users\User\OneDrive\Documents\Uni\Dissertation\MScProject\Dataset\148046.xls,.xls,0.2,OK,
C:\Users\User\OneDrive\Documents\Uni\Dissertation\MScProject\Dataset\148047.xls,.xls,0.1,OK,
C:\Users\User\OneDrive\Documents\Uni\Dissertation\MScProject\Dataset\148048.xls,.xls,0.24,OK,
C:\Users\User\OneDrive\Documents\Uni\Dissertation\MScProject\Dataset\148049.xls,.xls,0.2,OK,
C:\Users\User\OneDrive\Documents\Uni\Dissertation\MScProject\Dataset\148231.xls,.xls,0.15,OK,
C:\Users\User\OneDrive\Documents\Uni\Dissertation\MScProject\Dataset\148443.xls,.xls,5.71,OK,
C:\Users\User\OneDrive\Documents\Uni\Dissertation\MScProject\Dataset\148444.xls,.xls,1.54,OK,
C:\Users\User\OneDrive\Documents\Uni\Dissertation\MScProject\Dataset\148448.xls,.xls,0.11,OK,
C:\Users\User\OneDrive\Documents\Uni\Dissertation\MScProject\Dataset\148449.xls,.xls,0.02,OK,
C:\Users\User\OneDrive\Documents\Uni\Dissertation\MScProject\Dataset\148450.xls,.xls,0.02,OK,
C:\Users\User\OneDrive\Documents\Uni\Dissertation\MScProject\Dataset\148452.xls,.xls,0.03,OK,
C:\Users\User\OneDrive\Documents\Uni\Dissertation\MScProject\Dataset\148453.xls,.xls,0.21,OK,
C:\Users\User\OneDrive\Documents\Uni\Dissertation\MScProject\Dataset\148454.xls,.xls,0.02,OK,
C:\Users\User\OneDrive\Documents\Uni\Dissertation\MScProject\Dataset\148455.xls,.xls,0.2,OK,
C:\Users\User\OneDrive\Documents\Uni\Dissertation\MScProject\Dataset\148456.xls,.xls,0.03,OK,
C:\Users\User\OneDrive\Documents\Uni\Dissertation\MScProject\Dataset\148457.xls,.xls,0.03,OK,
C:\Users\User\OneDrive\Documents\Uni\Dissertation\MScProject\Dataset\148458.xls,.xls,0.17,OK,
C:\Users\User\OneDrive\Documents\Uni\Dissertation\MScProject\Dataset\148459.xls,.xls,0.04,OK,
C:\Users\User\OneDrive\Documents\Uni\Dissertation\MScProject\Dataset\148461.xls,.xls,0.49,OK,
C:\Users\User\OneDrive\Documents\Uni\Dissertation\MScProject\Dataset\148465.xls,.xls,0.11,OK,
C:\Users\User\OneDrive\Documents\Uni\Dissertation\MScProject\Dataset\148466.xls,.xls,0.02,OK,
C:\Users\User\OneDrive\Documents\Uni\Dissertation\MScProject\Dataset\148467.xls,.xls,0.02,OK,
C:\Users\User\OneDrive\Documents\Uni\Dissertation\MScProject\Dataset\148470.xls,.xls,0.07,OK,
C:\Users\User\OneDrive\Documents\Uni\Dissertation\MScProject\Dataset\148473.xls,.xls,0.9,OK,
C:\Users\User\OneDrive\Documents\Uni\Dissertation\MScProject\Dataset\148474.xls,.xls,0.01,OK,
C:\Users\User\OneDrive\Documents\Uni\Dissertation\MScProject\Dataset\148475.xls,.xls,0.07,OK,
C:\Users\User\OneDrive\Documents\Uni\Dissertation\MScProject\Dataset\148496.xls,.xls,1.04,OK,
C:\Users\User\OneDrive\Documents\Uni\Dissertation\MScProject\Dataset\148573.xls,.xls,0.12,OK,
C:\Users\User\OneDrive\Documents\Uni\Dissertation\MScProject\Dataset\148579.xls,.xls,0.01,OK,
C:\Users\User\OneDrive\Documents\Uni\Dissertation\MScProject\Dataset\148588.xls,.xls,0.04,OK,
C:\Users\User\OneDrive\Documents\Uni\Dissertation\MScProject\Dataset\148765.xls,.xls,0.05,OK,
C:\Users\User\OneDrive\Documents\Uni\Dissertation\MScProject\Dataset\148766.xls,.xls,0.02,OK,
C:\Users\User\OneDrive\Documents\Uni\Dissertation\MScProject\Dataset\148768.xls,.xls,0.06,OK,
C:\Users\User\OneDrive\Documents\Uni\Dissertation\MScProject\Dataset\148770.xls,.xls,0.27,OK,
C:\Users\User\OneDrive\Documents\Uni\Dissertation\MScProject\Dataset\148771.xls,.xls,0.11,OK,
C:\Users\User\OneDrive\Documents\Uni\Dissertation\MScProject\Dataset\148773.xls,.xls,0.03,OK,
C:\Users\User\OneDrive\Documents\Uni\Dissertation\MScProject\Dataset\148776.xls,.xls,0.14,OK,
C:\Users\User\OneDrive\Documents\Uni\Dissertation\MScProject\Dataset\148777.xls,.xls,2.34,OK,
C:\Users\User\OneDrive\Documents\Uni\Dissertation\MScProject\Dataset\148778.xls,.xls,0.06,OK,
C:\Users\User\OneDrive\Documents\Uni\Dissertation\MScProject\Dataset\148855.xls,.xls,0.03,OK,
C:\Users\User\OneDrive\Documents\Uni\Dissertation\MScProject\Dataset\148888.xls,.xls,0.03,OK,
C:\Users\User\OneDrive\Documents\Uni\Dissertation\MScProject\Dataset\148892.xls,.xls,0.26,OK,
C:\Users\User\OneDrive\Documents\Uni\Dissertation\MScProject\Dataset\148989.xls,.xls,3.29,OK,
C:\Users\User\OneDrive\Documents\Uni\Dissertation\MScProject\Dataset\149352.xls,.xls,0.02,OK,
C:\Users\User\OneDrive\Documents\Uni\Dissertation\MScProject\Dataset\149382.xls,.xls,0.04,OK,
C:\Users\User\OneDrive\Documents\Uni\Dissertation\MScProject\Dataset\149383.xls,.xls,0.04,OK,
C:\Users\User\OneDrive\Documents\Uni\Dissertation\MScProject\Dataset\149385.xls,.xls,0.02,OK,
C:\Users\User\OneDrive\Documents\Uni\Dissertation\MScProject\Dataset\149391.xls,.xls,0.08,OK,
C:\Users\User\OneDrive\Documents\Uni\Dissertation\MScProject\Dataset\149574.xls,.xls,0.03,OK,
C:\Users\User\OneDrive\Documents\Uni\Dissertation\MScProject\Dataset\149575.xls,.xls,0.31,OK,
C:\Users\User\OneDrive\Documents\Uni\Dissertation\MScProject\Dataset\149576.xls,.xls,0.11,OK,
C:\Users\User\OneDrive\Documents\Uni\Dissertation\MScProject\Dataset\149577.xls,.xls,0.05,OK,
C:\Users\User\OneDrive\Documents\Uni\Dissertation\MScProject\Dataset\149578.xls,.xls,5.99,OK,
C:\Users\User\OneDrive\Documents\Uni\Dissertation\MScProject\Dataset\149579.xls,.xls,0.02,OK,
C:\Users\User\OneDrive\Documents\Uni\Dissertation\MScProject\Dataset\149580.xls,.xls,0.02,OK,
C:\Users\User\OneDrive\Documents\Uni\Dissertation\MScProject\Dataset\149581.xls,.xls,0.07,OK,
C:\Users\User\OneDrive\Documents\Uni\Dissertation\MScProject\Dataset\149582.xls,.xls,0.03,OK,
C:\Users\User\OneDrive\Documents\Uni\Dissertation\MScProject\Dataset\149584.xls,.xls,0.08,OK,
C:\Users\User\OneDrive\Documents\Uni\Dissertation\MScProject\Dataset\149585.xls,.xls,0.06,OK,
C:\Users\User\OneDrive\Documents\Uni\Dissertation\MScProject\Dataset\149586.xls,.xls,0.05,OK,
C:\Users\User\OneDrive\Documents\Uni\Dissertation\MScProject\Dataset\149587.xls,.xls,0.11,OK,
C:\Users\User\OneDrive\Documents\Uni\Dissertation\MScProject\Dataset\149588.xls,.xls,0.02,OK,
C:\Users\User\OneDrive\Documents\Uni\Dissertation\MScProject\Dataset\149589.xls,.xls,0.03,OK,
C:\Users\User\OneDrive\Documents\Uni\Dissertation\MScProject\Dataset\149590.xls,.xls,0.04,OK,
C:\Users\User\OneDrive\Documents\Uni\Dissertation\MScProject\Dataset\149591.xls,.xls,0.02,OK,
C:\Users\User\OneDrive\Documents\Uni\Dissertation\MScProject\Dataset\149592.xls,.xls,0.07,OK,
C:\Users\User\OneDrive\Documents\Uni\Dissertation\MScProject\Dataset\149594.xls,.xls,0.03,OK,
C:\Users\User\OneDrive\Documents\Uni\Dissertation\MScProject\Dataset\149595.xls,.xls,0.25,OK,
C:\Users\User\OneDrive\Documents\Uni\Dissertation\MScProject\Dataset\149596.xls,.xls,0.02,OK,
C:\Users\User\OneDrive\Documents\Uni\Dissertation\MScProject\Dataset\149597.xls,.xls,0.12,OK,
C:\Users\User\OneDrive\Documents\Uni\Dissertation\MScProject\Dataset\149600.xls,.xls,2.64,OK,
C:\Users\User\OneDrive\Documents\Uni\Dissertation\MScProject\Dataset\149601.xls,.xls,0.02,OK,
C:\Users\User\OneDrive\Documents\Uni\Dissertation\MScProject\Dataset\149602.xls,.xls,0.02,OK,
C:\Users\User\OneDrive\Documents\Uni\Dissertation\MScProject\Dataset\149603.xls,.xls,0.02,OK,
C:\Users\User\OneDrive\Documents\Uni\Dissertation\MScProject\Dataset\149604.xls,.xls,0.08,OK,
C:\Users\User\OneDrive\Documents\Uni\Dissertation\MScProject\Dataset\149607.xls,.xls,0.06,OK,
C:\Users\User\OneDrive\Documents\Uni\Dissertation\MScProject\Dataset\149608.xls,.xls,0.05,OK,
C:\Users\User\OneDrive\Documents\Uni\Dissertation\MScProject\Dataset\149737.xls,.xls,0.02,OK,
C:\Users\User\OneDrive\Documents\Uni\Dissertation\MScProject\Dataset\149790.xls,.xls,0.03,OK,
C:\Users\User\OneDrive\Documents\Uni\Dissertation\MScProject\Dataset\149799.xls,.xls,0.08,OK,
C:\Users\User\OneDrive\Documents\Uni\Dissertation\MScProject\Dataset\149800.xls,.xls,0.08,OK,
C:\Users\User\OneDrive\Documents\Uni\Dissertation\MScProject\Dataset\149811.xls,.xls,0.27,OK,
C:\Users\User\OneDrive\Documents\Uni\Dissertation\MScProject\Dataset\150138.xls,.xls,0.02,OK,
C:\Users\User\OneDrive\Documents\Uni\Dissertation\MScProject\Dataset\150139.xls,.xls,0.02,OK,
C:\Users\User\OneDrive\Documents\Uni\Dissertation\MScProject\Dataset\150140.xls,.xls,0.02,OK,
C:\Users\User\OneDrive\Documents\Uni\Dissertation\MScProject\Dataset\150223.xls,.xls,0.07,OK,
C:\Users\User\OneDrive\Documents\Uni\Dissertation\MScProject\Dataset\150255.xls,.xls,0.35,OK,
C:\Users\User\OneDrive\Documents\Uni\Dissertation\MScProject\Dataset\150304.xls,.xls,0.03,OK,
C:\Users\User\OneDrive\Documents\Uni\Dissertation\MScProject\Dataset\150306.xls,.xls,0.06,OK,
C:\Users\User\OneDrive\Documents\Uni\Dissertation\MScProject\Dataset\150309.xls,.xls,0.02,OK,
C:\Users\User\OneDrive\Documents\Uni\Dissertation\MScProject\Dataset\150310.xls,.xls,0.02,OK,
C:\Users\User\OneDrive\Documents\Uni\Dissertation\MScProject\Dataset\150614.xls,.xls,0.04,OK,
C:\Users\User\OneDrive\Documents\Uni\Dissertation\MScProject\Dataset\150615.xls,.xls,0.07,OK,
C:\Users\User\OneDrive\Documents\Uni\Dissertation\MScProject\Dataset\150616.xls,.xls,0.05,OK,
C:\Users\User\OneDrive\Documents\Uni\Dissertation\MScProject\Dataset\150634.xls,.xls,0.03,OK,
C:\Users\User\OneDrive\Documents\Uni\Dissertation\MScProject\Dataset\150736.xls,.xls,0.02,OK,
C:\Users\User\OneDrive\Documents\Uni\Dissertation\MScProject\Dataset\150737.xls,.xls,0.03,OK,
C:\Users\User\OneDrive\Documents\Uni\Dissertation\MScProject\Dataset\150738.xls,.xls,0.02,OK,
C:\Users\User\OneDrive\Documents\Uni\Dissertation\MScProject\Dataset\150740.xls,.xls,0.09,OK,
C:\Users\User\OneDrive\Documents\Uni\Dissertation\MScProject\Dataset\150743.xls,.xls,0.03,OK,
C:\Users\User\OneDrive\Documents\Uni\Dissertation\MScProject\Dataset\150744.xls,.xls,0.03,OK,
C:\Users\User\OneDrive\Documents\Uni\Dissertation\MScProject\Dataset\150826.xls,.xls,0.14,OK,
C:\Users\User\OneDrive\Documents\Uni\Dissertation\MScProject\Dataset\151106.xls,.xls,0.04,OK,
C:\Users\User\OneDrive\Documents\Uni\Dissertation\MScProject\Dataset\151329.xls,.xls,0.04,OK,
C:\Users\User\OneDrive\Documents\Uni\Dissertation\MScProject\Dataset\151421.xls,.xls,0.03,OK,
C:\Users\User\OneDrive\Documents\Uni\Dissertation\MScProject\Dataset\151428.xls,.xls,0.08,OK,
C:\Users\User\OneDrive\Documents\Uni\Dissertation\MScProject\Dataset\151505.xls,.xls,0.02,OK,
C:\Users\User\OneDrive\Documents\Uni\Dissertation\MScProject\Dataset\151506.xls,.xls,0.02,OK,
C:\Users\User\OneDrive\Documents\Uni\Dissertation\MScProject\Dataset\151507.xls,.xls,0.18,OK,
C:\Users\User\OneDrive\Documents\Uni\Dissertation\MScProject\Dataset\151508.xls,.xls,0.18,OK,
C:\Users\User\OneDrive\Documents\Uni\Dissertation\MScProject\Dataset\151510.xls,.xls,0.02,OK,
C:\Users\User\OneDrive\Documents\Uni\Dissertation\MScProject\Dataset\151512.xls,.xls,2.95,OK,
C:\Users\User\OneDrive\Documents\Uni\Dissertation\MScProject\Dataset\151513.xls,.xls,0.04,OK,
C:\Users\User\OneDrive\Documents\Uni\Dissertation\MScProject\Dataset\151514.xls,.xls,0.12,OK,
C:\Users\User\OneDrive\Documents\Uni\Dissertation\MScProject\Dataset\151515.xls,.xls,0.09,OK,
C:\Users\User\OneDrive\Documents\Uni\Dissertation\MScProject\Dataset\151517.xls,.xls,0.02,OK,
C:\Users\User\OneDrive\Documents\Uni\Dissertation\MScProject\Dataset\151518.xls,.xls,0.03,OK,
C:\Users\User\OneDrive\Documents\Uni\Dissertation\MScProject\Dataset\151519.xls,.xls,0.39,OK,
C:\Users\User\OneDrive\Documents\Uni\Dissertation\MScProject\Dataset\151520.xls,.xls,0.04,OK,
C:\Users\User\OneDrive\Documents\Uni\Dissertation\MScProject\Dataset\151521.xls,.xls,2.62,OK,
C:\Users\User\OneDrive\Documents\Uni\Dissertation\MScProject\Dataset\151524.xls,.xls,0.24,OK,
C:\Users\User\OneDrive\Documents\Uni\Dissertation\MScProject\Dataset\151525.xls,.xls,0.06,OK,
C:\Users\User\OneDrive\Documents\Uni\Dissertation\MScProject\Dataset\151526.xls,.xls,2.14,OK,
C:\Users\User\OneDrive\Documents\Uni\Dissertation\MScProject\Dataset\151527.xls,.xls,1.24,OK,
C:\Users\User\OneDrive\Documents\Uni\Dissertation\MScProject\Dataset\151684.xls,.xls,0.03,OK,
C:\Users\User\OneDrive\Documents\Uni\Dissertation\MScProject\Dataset\152050.xls,.xls,0.03,OK,
C:\Users\User\OneDrive\Documents\Uni\Dissertation\MScProject\Dataset\152053.xls,.xls,0.02,OK,
C:\Users\User\OneDrive\Documents\Uni\Dissertation\MScProject\Dataset\152054.xls,.xls,0.07,OK,
C:\Users\User\OneDrive\Documents\Uni\Dissertation\MScProject\Dataset\152057.xls,.xls,0.09,OK,
C:\Users\User\OneDrive\Documents\Uni\Dissertation\MScProject\Dataset\152073.xls,.xls,0.03,OK,
C:\Users\User\OneDrive\Documents\Uni\Dissertation\MScProject\Dataset\152079.xls,.xls,0.06,OK,
C:\Users\User\OneDrive\Documents\Uni\Dissertation\MScProject\Dataset\152143.xls,.xls,0.02,OK,
C:\Users\User\OneDrive\Documents\Uni\Dissertation\MScProject\Dataset\152178.xls,.xls,0.05,OK,
C:\Users\User\OneDrive\Documents\Uni\Dissertation\MScProject\Dataset\152226.xls,.xls,0.02,OK,
C:\Users\User\OneDrive\Documents\Uni\Dissertation\MScProject\Dataset\152243.xls,.xls,0.03,OK,
C:\Users\User\OneDrive\Documents\Uni\Dissertation\MScProject\Dataset\152355.xls,.xls,5.5,OK,
C:\Users\User\OneDrive\Documents\Uni\Dissertation\MScProject\Dataset\152490.xls,.xls,0.09,OK,
C:\Users\User\OneDrive\Documents\Uni\Dissertation\MScProject\Dataset\152491.xls,.xls,0.04,OK,
C:\Users\User\OneDrive\Documents\Uni\Dissertation\MScProject\Dataset\152492.xls,.xls,0.38,OK,
C:\Users\User\OneDrive\Documents\Uni\Dissertation\MScProject\Dataset\152494.xls,.xls,0.03,OK,
C:\Users\User\OneDrive\Documents\Uni\Dissertation\MScProject\Dataset\152666.xls,.xls,0.03,OK,
C:\Users\User\OneDrive\Documents\Uni\Dissertation\MScProject\Dataset\152678.xls,.xls,0.03,OK,
C:\Users\User\OneDrive\Documents\Uni\Dissertation\MScProject\Dataset\152679.xls,.xls,0.21,OK,
C:\Users\User\OneDrive\Documents\Uni\Dissertation\MScProject\Dataset\152722.xls,.xls,0.11,OK,
C:\Users\User\OneDrive\Documents\Uni\Dissertation\MScProject\Dataset\152892.xls,.xls,23.22,OK,
C:\Users\User\OneDrive\Documents\Uni\Dissertation\MScProject\Dataset\152903.xls,.xls,0.03,OK,
C:\Users\User\OneDrive\Documents\Uni\Dissertation\MScProject\Dataset\152904.xls,.xls,0.03,OK,
C:\Users\User\OneDrive\Documents\Uni\Dissertation\MScProject\Dataset\152920.xls,.xls,0.02,OK,
C:\Users\User\OneDrive\Documents\Uni\Dissertation\MScProject\Dataset\152926.xls,.xls,0.1,OK,
C:\Users\User\OneDrive\Documents\Uni\Dissertation\MScProject\Dataset\152927.xls,.xls,0.09,OK,
C:\Users\User\OneDrive\Documents\Uni\Dissertation\MScProject\Dataset\152928.xls,.xls,0.03,OK,
C:\Users\User\OneDrive\Documents\Uni\Dissertation\MScProject\Dataset\153115.xls,.xls,0.07,OK,
C:\Users\User\OneDrive\Documents\Uni\Dissertation\MScProject\Dataset\153193.xls,.xls,0.05,OK,
C:\Users\User\OneDrive\Documents\Uni\Dissertation\MScProject\Dataset\153200.xls,.xls,0.12,OK,
C:\Users\User\OneDrive\Documents\Uni\Dissertation\MScProject\Dataset\153202.xls,.xls,0.04,OK,
C:\Users\User\OneDrive\Documents\Uni\Dissertation\MScProject\Dataset\153204.xls,.xls,0.04,OK,
C:\Users\User\OneDrive\Documents\Uni\Dissertation\MScProject\Dataset\153205.xls,.xls,0.36,OK,
C:\Users\User\OneDrive\Documents\Uni\Dissertation\MScProject\Dataset\153206.xls,.xls,0.93,OK,
C:\Users\User\OneDrive\Documents\Uni\Dissertation\MScProject\Dataset\153207.xls,.xls,0.54,OK,
C:\Users\User\OneDrive\Documents\Uni\Dissertation\MScProject\Dataset\153210.xls,.xls,13.43,OK,
C:\Users\User\OneDrive\Documents\Uni\Dissertation\MScProject\Dataset\153269.xls,.xls,0.07,OK,
C:\Users\User\OneDrive\Documents\Uni\Dissertation\MScProject\Dataset\153448.xls,.xls,0.1,OK,
C:\Users\User\OneDrive\Documents\Uni\Dissertation\MScProject\Dataset\153449.xls,.xls,0.02,OK,
C:\Users\User\OneDrive\Documents\Uni\Dissertation\MScProject\Dataset\153450.xls,.xls,0.47,OK,
C:\Users\User\OneDrive\Documents\Uni\Dissertation\MScProject\Dataset\153453.xls,.xls,3.59,OK,
C:\Users\User\OneDrive\Documents\Uni\Dissertation\MScProject\Dataset\153455.xls,.xls,3.71,OK,
C:\Users\User\OneDrive\Documents\Uni\Dissertation\MScProject\Dataset\153456.xls,.xls,0.03,OK,
C:\Users\User\OneDrive\Documents\Uni\Dissertation\MScProject\Dataset\153457.xls,.xls,0.03,OK,
C:\Users\User\OneDrive\Documents\Uni\Dissertation\MScProject\Dataset\153459.xls,.xls,0.3,OK,
C:\Users\User\OneDrive\Documents\Uni\Dissertation\MScProject\Dataset\153460.xls,.xls,0.02,OK,
C:\Users\User\OneDrive\Documents\Uni\Dissertation\MScProject\Dataset\153464.xls,.xls,0.07,OK,
C:\Users\User\OneDrive\Documents\Uni\Dissertation\MScProject\Dataset\153466.xls,.xls,0.04,OK,
C:\Users\User\OneDrive\Documents\Uni\Dissertation\MScProject\Dataset\153467.xls,.xls,0.02,OK,
C:\Users\User\OneDrive\Documents\Uni\Dissertation\MScProject\Dataset\153469.xls,.xls,0.48,OK,
C:\Users\User\OneDrive\Documents\Uni\Dissertation\MScProject\Dataset\153470.xls,.xls,0.1,OK,
C:\Users\User\OneDrive\Documents\Uni\Dissertation\MScProject\Dataset\153585.xls,.xls,0.03,OK,
C:\Users\User\OneDrive\Documents\Uni\Dissertation\MScProject\Dataset\153586.xls,.xls,0.05,OK,
C:\Users\User\OneDrive\Documents\Uni\Dissertation\MScProject\Dataset\153620.xls,.xls,0.02,OK,
C:\Users\User\OneDrive\Documents\Uni\Dissertation\MScProject\Dataset\153626.xls,.xls,0.03,OK,
C:\Users\User\OneDrive\Documents\Uni\Dissertation\MScProject\Dataset\153629.xls,.xls,0.04,OK,
C:\Users\User\OneDrive\Documents\Uni\Dissertation\MScProject\Dataset\153634.xls,.xls,0.09,OK,
C:\Users\User\OneDrive\Documents\Uni\Dissertation\MScProject\Dataset\153728.xls,.xls,0.18,OK,
C:\Users\User\OneDrive\Documents\Uni\Dissertation\MScProject\Dataset\153729.xls,.xls,0.17,OK,
C:\Users\User\OneDrive\Documents\Uni\Dissertation\MScProject\Dataset\153730.xls,.xls,0.03,OK,
C:\Users\User\OneDrive\Documents\Uni\Dissertation\MScProject\Dataset\153731.xls,.xls,0.16,OK,
C:\Users\User\OneDrive\Documents\Uni\Dissertation\MScProject\Dataset\153732.xls,.xls,2.99,OK,
C:\Users\User\OneDrive\Documents\Uni\Dissertation\MScProject\Dataset\153733.xls,.xls,0.03,OK,
C:\Users\User\OneDrive\Documents\Uni\Dissertation\MScProject\Dataset\153735.xls,.xls,3.69,OK,
C:\Users\User\OneDrive\Documents\Uni\Dissertation\MScProject\Dataset\153736.xls,.xls,3.12,OK,
C:\Users\User\OneDrive\Documents\Uni\Dissertation\MScProject\Dataset\153737.xls,.xls,0.06,OK,
C:\Users\User\OneDrive\Documents\Uni\Dissertation\MScProject\Dataset\153738.xls,.xls,2.9,OK,
C:\Users\User\OneDrive\Documents\Uni\Dissertation\MScProject\Dataset\153739.xls,.xls,4.33,OK,
C:\Users\User\OneDrive\Documents\Uni\Dissertation\MScProject\Dataset\153740.xls,.xls,0.02,OK,
C:\Users\User\OneDrive\Documents\Uni\Dissertation\MScProject\Dataset\153743.xls,.xls,2.66,OK,
C:\Users\User\OneDrive\Documents\Uni\Dissertation\MScProject\Dataset\153748.xls,.xls,0.04,OK,
C:\Users\User\OneDrive\Documents\Uni\Dissertation\MScProject\Dataset\153749.xls,.xls,0.1,OK,
C:\Users\User\OneDrive\Documents\Uni\Dissertation\MScProject\Dataset\153750.xls,.xls,3.09,OK,
C:\Users\User\OneDrive\Documents\Uni\Dissertation\MScProject\Dataset\153751.xls,.xls,4.2,OK,
C:\Users\User\OneDrive\Documents\Uni\Dissertation\MScProject\Dataset\153752.xls,.xls,0.02,OK,
C:\Users\User\OneDrive\Documents\Uni\Dissertation\MScProject\Dataset\153754.xls,.xls,3.81,OK,
C:\Users\User\OneDrive\Documents\Uni\Dissertation\MScProject\Dataset\153755.xls,.xls,0.05,OK,
C:\Users\User\OneDrive\Documents\Uni\Dissertation\MScProject\Dataset\153758.xls,.xls,2.4,OK,
C:\Users\User\OneDrive\Documents\Uni\Dissertation\MScProject\Dataset\153958.xls,.xls,0.03,OK,
C:\Users\User\OneDrive\Documents\Uni\Dissertation\MScProject\Dataset\153959.xls,.xls,0.03,OK,
C:\Users\User\OneDrive\Documents\Uni\Dissertation\MScProject\Dataset\154146.xls,.xls,0.03,OK,
C:\Users\User\OneDrive\Documents\Uni\Dissertation\MScProject\Dataset\154332.xls,.xls,0.03,OK,
C:\Users\User\OneDrive\Documents\Uni\Dissertation\MScProject\Dataset\154467.xls,.xls,0.04,OK,
C:\Users\User\OneDrive\Documents\Uni\Dissertation\MScProject\Dataset\154468.xls,.xls,0.64,OK,
C:\Users\User\OneDrive\Documents\Uni\Dissertation\MScProject\Dataset\154469.xls,.xls,0.71,OK,
C:\Users\User\OneDrive\Documents\Uni\Dissertation\MScProject\Dataset\154470.xls,.xls,0.94,OK,
C:\Users\User\OneDrive\Documents\Uni\Dissertation\MScProject\Dataset\154471.xls,.xls,0.12,OK,
C:\Users\User\OneDrive\Documents\Uni\Dissertation\MScProject\Dataset\154473.xls,.xls,0.27,OK,
C:\Users\User\OneDrive\Documents\Uni\Dissertation\MScProject\Dataset\154474.xls,.xls,0.12,OK,
C:\Users\User\OneDrive\Documents\Uni\Dissertation\MScProject\Dataset\154475.xls,.xls,0.03,OK,
C:\Users\User\OneDrive\Documents\Uni\Dissertation\MScProject\Dataset\154476.xls,.xls,0.06,OK,
C:\Users\User\OneDrive\Documents\Uni\Dissertation\MScProject\Dataset\154477.xls,.xls,0.29,OK,
C:\Users\User\OneDrive\Documents\Uni\Dissertation\MScProject\Dataset\154478.xls,.xls,0.24,OK,
C:\Users\User\OneDrive\Documents\Uni\Dissertation\MScProject\Dataset\154479.xls,.xls,0.02,OK,
C:\Users\User\OneDrive\Documents\Uni\Dissertation\MScProject\Dataset\154481.xls,.xls,0.02,OK,
C:\Users\User\OneDrive\Documents\Uni\Dissertation\MScProject\Dataset\154482.xls,.xls,0.03,OK,
C:\Users\User\OneDrive\Documents\Uni\Dissertation\MScProject\Dataset\154483.xls,.xls,0.02,OK,
C:\Users\User\OneDrive\Documents\Uni\Dissertation\MScProject\Dataset\154484.xls,.xls,0.12,OK,
C:\Users\User\OneDrive\Documents\Uni\Dissertation\MScProject\Dataset\154485.xls,.xls,0.03,OK,
C:\Users\User\OneDrive\Documents\Uni\Dissertation\MScProject\Dataset\154486.xls,.xls,0.03,OK,
C:\Users\User\OneDrive\Documents\Uni\Dissertation\MScProject\Dataset\154487.xls,.xls,0.02,OK,
C:\Users\User\OneDrive\Documents\Uni\Dissertation\MScProject\Dataset\154489.xls,.xls,0.03,OK,
C:\Users\User\OneDrive\Documents\Uni\Dissertation\MScProject\Dataset\154550.xls,.xls,0.05,OK,
C:\Users\User\OneDrive\Documents\Uni\Dissertation\MScProject\Dataset\154609.xls,.xls,3.75,OK,
C:\Users\User\OneDrive\Documents\Uni\Dissertation\MScProject\Dataset\154616.xls,.xls,0.94,OK,
C:\Users\User\OneDrive\Documents\Uni\Dissertation\MScProject\Dataset\154619.xls,.xls,0.05,OK,
C:\Users\User\OneDrive\Documents\Uni\Dissertation\MScProject\Dataset\154775.xls,.xls,0.28,OK,
C:\Users\User\OneDrive\Documents\Uni\Dissertation\MScProject\Dataset\154777.xls,.xls,0.06,OK,
C:\Users\User\OneDrive\Documents\Uni\Dissertation\MScProject\Dataset\154778.xls,.xls,0.11,OK,
C:\Users\User\OneDrive\Documents\Uni\Dissertation\MScProject\Dataset\154781.xls,.xls,0.04,OK,
C:\Users\User\OneDrive\Documents\Uni\Dissertation\MScProject\Dataset\154782.xls,.xls,0.04,OK,
C:\Users\User\OneDrive\Documents\Uni\Dissertation\MScProject\Dataset\154783.xls,.xls,0.02,OK,
C:\Users\User\OneDrive\Documents\Uni\Dissertation\MScProject\Dataset\154784.xls,.xls,0.03,OK,
C:\Users\User\OneDrive\Documents\Uni\Dissertation\MScProject\Dataset\154785.xls,.xls,0.07,OK,
C:\Users\User\OneDrive\Documents\Uni\Dissertation\MScProject\Dataset\154787.xls,.xls,0.2,OK,
C:\Users\User\OneDrive\Documents\Uni\Dissertation\MScProject\Dataset\154788.xls,.xls,0.09,OK,
C:\Users\User\OneDrive\Documents\Uni\Dissertation\MScProject\Dataset\154789.xls,.xls,0.09,OK,
C:\Users\User\OneDrive\Documents\Uni\Dissertation\MScProject\Dataset\154790.xls,.xls,0.02,OK,
C:\Users\User\OneDrive\Documents\Uni\Dissertation\MScProject\Dataset\154792.xls,.xls,0.08,OK,
C:\Users\User\OneDrive\Documents\Uni\Dissertation\MScProject\Dataset\154793.xls,.xls,0.02,OK,
C:\Users\User\OneDrive\Documents\Uni\Dissertation\MScProject\Dataset\154794.xls,.xls,0.36,OK,
C:\Users\User\OneDrive\Documents\Uni\Dissertation\MScProject\Dataset\154796.xls,.xls,0.03,OK,
C:\Users\User\OneDrive\Documents\Uni\Dissertation\MScProject\Dataset\154797.xls,.xls,0.08,OK,
C:\Users\User\OneDrive\Documents\Uni\Dissertation\MScProject\Dataset\154798.xls,.xls,0.09,OK,
C:\Users\User\OneDrive\Documents\Uni\Dissertation\MScProject\Dataset\154801.xls,.xls,0.02,OK,
C:\Users\User\OneDrive\Documents\Uni\Dissertation\MScProject\Dataset\154802.xls,.xls,0.02,OK,
C:\Users\User\OneDrive\Documents\Uni\Dissertation\MScProject\Dataset\154803.xls,.xls,0.05,OK,
C:\Users\User\OneDrive\Documents\Uni\Dissertation\MScProject\Dataset\154804.xls,.xls,1.23,OK,
C:\Users\User\OneDrive\Documents\Uni\Dissertation\MScProject\Dataset\154805.xls,.xls,0.03,OK,
C:\Users\User\OneDrive\Documents\Uni\Dissertation\MScProject\Dataset\154807.xls,.xls,0.21,OK,
C:\Users\User\OneDrive\Documents\Uni\Dissertation\MScProject\Dataset\155035.xls,.xls,0.03,OK,
C:\Users\User\OneDrive\Documents\Uni\Dissertation\MScProject\Dataset\155044.xls,.xls,0.3,OK,
C:\Users\User\OneDrive\Documents\Uni\Dissertation\MScProject\Dataset\155045.xls,.xls,0.02,OK,
C:\Users\User\OneDrive\Documents\Uni\Dissertation\MScProject\Dataset\155049.xls,.xls,0.02,OK,
C:\Users\User\OneDrive\Documents\Uni\Dissertation\MScProject\Dataset\155050.xls,.xls,0.06,OK,
C:\Users\User\OneDrive\Documents\Uni\Dissertation\MScProject\Dataset\155054.xls,.xls,0.02,OK,
C:\Users\User\OneDrive\Documents\Uni\Dissertation\MScProject\Dataset\155055.xls,.xls,0.29,OK,
C:\Users\User\OneDrive\Documents\Uni\Dissertation\MScProject\Dataset\155056.xls,.xls,0.08,OK,
C:\Users\User\OneDrive\Documents\Uni\Dissertation\MScProject\Dataset\155057.xls,.xls,0.15,OK,
C:\Users\User\OneDrive\Documents\Uni\Dissertation\MScProject\Dataset\155058.xls,.xls,0.07,OK,
C:\Users\User\OneDrive\Documents\Uni\Dissertation\MScProject\Dataset\155059.xls,.xls,0.08,OK,
C:\Users\User\OneDrive\Documents\Uni\Dissertation\MScProject\Dataset\155060.xls,.xls,0.02,OK,
C:\Users\User\OneDrive\Documents\Uni\Dissertation\MScProject\Dataset\155064.xls,.xls,0.02,OK,
C:\Users\User\OneDrive\Documents\Uni\Dissertation\MScProject\Dataset\155065.xls,.xls,0.02,OK,
C:\Users\User\OneDrive\Documents\Uni\Dissertation\MScProject\Dataset\155066.xls,.xls,0.04,OK,
C:\Users\User\OneDrive\Documents\Uni\Dissertation\MScProject\Dataset\155067.xls,.xls,0.58,OK,
C:\Users\User\OneDrive\Documents\Uni\Dissertation\MScProject\Dataset\155068.xls,.xls,0.49,OK,
C:\Users\User\OneDrive\Documents\Uni\Dissertation\MScProject\Dataset\155186.xls,.xls,0.08,OK,
C:\Users\User\OneDrive\Documents\Uni\Dissertation\MScProject\Dataset\155280.xls,.xls,0.01,OK,
C:\Users\User\OneDrive\Documents\Uni\Dissertation\MScProject\Dataset\155301.xls,.xls,0.03,OK,
C:\Users\User\OneDrive\Documents\Uni\Dissertation\MScProject\Dataset\155304.xls,.xls,0.03,OK,
C:\Users\User\OneDrive\Documents\Uni\Dissertation\MScProject\Dataset\155308.xls,.xls,1.39,OK,
C:\Users\User\OneDrive\Documents\Uni\Dissertation\MScProject\Dataset\155309.xls,.xls,0.37,OK,
C:\Users\User\OneDrive\Documents\Uni\Dissertation\MScProject\Dataset\155491.xls,.xls,0.02,OK,
C:\Users\User\OneDrive\Documents\Uni\Dissertation\MScProject\Dataset\155494.xls,.xls,0.02,OK,
C:\Users\User\OneDrive\Documents\Uni\Dissertation\MScProject\Dataset\155495.xls,.xls,0.12,OK,
C:\Users\User\OneDrive\Documents\Uni\Dissertation\MScProject\Dataset\155498.xls,.xls,0.02,OK,
C:\Users\User\OneDrive\Documents\Uni\Dissertation\MScProject\Dataset\155500.xls,.xls,0.12,OK,
C:\Users\User\OneDrive\Documents\Uni\Dissertation\MScProject\Dataset\155501.xls,.xls,0.02,OK,
C:\Users\User\OneDrive\Documents\Uni\Dissertation\MScProject\Dataset\155503.xls,.xls,0.12,OK,
C:\Users\User\OneDrive\Documents\Uni\Dissertation\MScProject\Dataset\155506.xls,.xls,0.14,OK,
C:\Users\User\OneDrive\Documents\Uni\Dissertation\MScProject\Dataset\155507.xls,.xls,0.18,OK,
C:\Users\User\OneDrive\Documents\Uni\Dissertation\MScProject\Dataset\155682.xls,.xls,0.49,OK,
C:\Users\User\OneDrive\Documents\Uni\Dissertation\MScProject\Dataset\155704.xls,.xls,0.01,OK,
C:\Users\User\OneDrive\Documents\Uni\Dissertation\MScProject\Dataset\155705.xls,.xls,0.03,OK,
C:\Users\User\OneDrive\Documents\Uni\Dissertation\MScProject\Dataset\155706.xls,.xls,0.09,OK,
C:\Users\User\OneDrive\Documents\Uni\Dissertation\MScProject\Dataset\155707.xls,.xls,0.11,OK,
C:\Users\User\OneDrive\Documents\Uni\Dissertation\MScProject\Dataset\155708.xls,.xls,0.09,OK,
C:\Users\User\OneDrive\Documents\Uni\Dissertation\MScProject\Dataset\155709.xls,.xls,0.06,OK,
C:\Users\User\OneDrive\Documents\Uni\Dissertation\MScProject\Dataset\155711.xls,.xls,3.16,OK,
C:\Users\User\OneDrive\Documents\Uni\Dissertation\MScProject\Dataset\155712.xls,.xls,0.38,OK,
C:\Users\User\OneDrive\Documents\Uni\Dissertation\MScProject\Dataset\155713.xls,.xls,0.09,OK,
C:\Users\User\OneDrive\Documents\Uni\Dissertation\MScProject\Dataset\155905.xls,.xls,0.71,OK,
C:\Users\User\OneDrive\Documents\Uni\Dissertation\MScProject\Dataset\155913.xls,.xls,0.03,OK,
C:\Users\User\OneDrive\Documents\Uni\Dissertation\MScProject\Dataset\156102.doc,.doc,0.05,OK,
C:\Users\User\OneDrive\Documents\Uni\Dissertation\MScProject\Dataset\156105.doc,.doc,0.41,OK,
C:\Users\User\OneDrive\Documents\Uni\Dissertation\MScProject\Dataset\156106.doc,.doc,0.1,OK,
C:\Users\User\OneDrive\Documents\Uni\Dissertation\MScProject\Dataset\156155.xls,.xls,0.05,OK,
C:\Users\User\OneDrive\Documents\Uni\Dissertation\MScProject\Dataset\156160.xls,.xls,0.02,OK,
C:\Users\User\OneDrive\Documents\Uni\Dissertation\MScProject\Dataset\156161.xls,.xls,0.03,OK,
C:\Users\User\OneDrive\Documents\Uni\Dissertation\MScProject\Dataset\156162.xls,.xls,0.03,OK,
C:\Users\User\OneDrive\Documents\Uni\Dissertation\MScProject\Dataset\156163.xls,.xls,3.31,OK,
C:\Users\User\OneDrive\Documents\Uni\Dissertation\MScProject\Dataset\156164.xls,.xls,0.02,OK,
C:\Users\User\OneDrive\Documents\Uni\Dissertation\MScProject\Dataset\156169.xls,.xls,0.8,OK,
C:\Users\User\OneDrive\Documents\Uni\Dissertation\MScProject\Dataset\156170.xls,.xls,16.62,OK,
C:\Users\User\OneDrive\Documents\Uni\Dissertation\MScProject\Dataset\156266.xls,.xls,0.03,OK,
C:\Users\User\OneDrive\Documents\Uni\Dissertation\MScProject\Dataset\156267.xls,.xls,0.04,OK,
C:\Users\User\OneDrive\Documents\Uni\Dissertation\MScProject\Dataset\156289.xls,.xls,0.05,OK,
C:\Users\User\OneDrive\Documents\Uni\Dissertation\MScProject\Dataset\156303.doc,.doc,0.84,OK,
C:\Users\User\OneDrive\Documents\Uni\Dissertation\MScProject\Dataset\156329.doc,.doc,0.32,OK,
C:\Users\User\OneDrive\Documents\Uni\Dissertation\MScProject\Dataset\156338.doc,.doc,0.31,OK,
C:\Users\User\OneDrive\Documents\Uni\Dissertation\MScProject\Dataset\156348.doc,.doc,0.02,OK,
C:\Users\User\OneDrive\Documents\Uni\Dissertation\MScProject\Dataset\156353.doc,.doc,0.16,OK,
C:\Users\User\OneDrive\Documents\Uni\Dissertation\MScProject\Dataset\156356.doc,.doc,0.03,OK,
C:\Users\User\OneDrive\Documents\Uni\Dissertation\MScProject\Dataset\156362.doc,.doc,0.03,OK,
C:\Users\User\OneDrive\Documents\Uni\Dissertation\MScProject\Dataset\156363.doc,.doc,0.44,OK,
C:\Users\User\OneDrive\Documents\Uni\Dissertation\MScProject\Dataset\156365.doc,.doc,0.02,OK,
C:\Users\User\OneDrive\Documents\Uni\Dissertation\MScProject\Dataset\156366.doc,.doc,0.26,OK,
C:\Users\User\OneDrive\Documents\Uni\Dissertation\MScProject\Dataset\156368.doc,.doc,0.1,OK,
C:\Users\User\OneDrive\Documents\Uni\Dissertation\MScProject\Dataset\156369.doc,.doc,0.07,OK,
C:\Users\User\OneDrive\Documents\Uni\Dissertation\MScProject\Dataset\156370.doc,.doc,0.13,OK,
C:\Users\User\OneDrive\Documents\Uni\Dissertation\MScProject\Dataset\156378.doc,.doc,1.32,OK,
C:\Users\User\OneDrive\Documents\Uni\Dissertation\MScProject\Dataset\156424.xls,.xls,0.02,OK,
C:\Users\User\OneDrive\Documents\Uni\Dissertation\MScProject\Dataset\156425.xls,.xls,0.16,OK,
C:\Users\User\OneDrive\Documents\Uni\Dissertation\MScProject\Dataset\156427.xls,.xls,0.03,OK,
C:\Users\User\OneDrive\Documents\Uni\Dissertation\MScProject\Dataset\156428.xls,.xls,0.14,OK,
C:\Users\User\OneDrive\Documents\Uni\Dissertation\MScProject\Dataset\156430.xls,.xls,0.11,OK,
C:\Users\User\OneDrive\Documents\Uni\Dissertation\MScProject\Dataset\156431.xls,.xls,0.23,OK,
C:\Users\User\OneDrive\Documents\Uni\Dissertation\MScProject\Dataset\156432.xls,.xls,0.02,OK,
C:\Users\User\OneDrive\Documents\Uni\Dissertation\MScProject\Dataset\156433.xls,.xls,0.02,OK,
C:\Users\User\OneDrive\Documents\Uni\Dissertation\MScProject\Dataset\156435.xls,.xls,0.05,OK,
C:\Users\User\OneDrive\Documents\Uni\Dissertation\MScProject\Dataset\156436.xls,.xls,0.59,OK,
C:\Users\User\OneDrive\Documents\Uni\Dissertation\MScProject\Dataset\156439.xls,.xls,3.57,OK,
C:\Users\User\OneDrive\Documents\Uni\Dissertation\MScProject\Dataset\156440.xls,.xls,0.13,OK,
C:\Users\User\OneDrive\Documents\Uni\Dissertation\MScProject\Dataset\156441.xls,.xls,0.13,OK,
C:\Users\User\OneDrive\Documents\Uni\Dissertation\MScProject\Dataset\156442.xls,.xls,0.24,OK,
C:\Users\User\OneDrive\Documents\Uni\Dissertation\MScProject\Dataset\156695.xls,.xls,0.03,OK,
C:\Users\User\OneDrive\Documents\Uni\Dissertation\MScProject\Dataset\156739.xls,.xls,0.43,OK,
C:\Users\User\OneDrive\Documents\Uni\Dissertation\MScProject\Dataset\156782.xls,.xls,1.19,OK,
C:\Users\User\OneDrive\Documents\Uni\Dissertation\MScProject\Dataset\156833.xls,.xls,0.03,OK,
C:\Users\User\OneDrive\Documents\Uni\Dissertation\MScProject\Dataset\156834.xls,.xls,0.14,OK,
C:\Users\User\OneDrive\Documents\Uni\Dissertation\MScProject\Dataset\156835.xls,.xls,0.14,OK,
C:\Users\User\OneDrive\Documents\Uni\Dissertation\MScProject\Dataset\156837.xls,.xls,0.04,OK,
C:\Users\User\OneDrive\Documents\Uni\Dissertation\MScProject\Dataset\156881.xls,.xls,0.02,OK,
C:\Users\User\OneDrive\Documents\Uni\Dissertation\MScProject\Dataset\156921.xls,.xls,0.07,OK,
C:\Users\User\OneDrive\Documents\Uni\Dissertation\MScProject\Dataset\156922.xls,.xls,0.12,OK,
C:\Users\User\OneDrive\Documents\Uni\Dissertation\MScProject\Dataset\157027.doc,.doc,0.23,OK,
C:\Users\User\OneDrive\Documents\Uni\Dissertation\MScProject\Dataset\157076.doc,.doc,0.38,OK,
C:\Users\User\OneDrive\Documents\Uni\Dissertation\MScProject\Dataset\157077.doc,.doc,0.39,OK,
C:\Users\User\OneDrive\Documents\Uni\Dissertation\MScProject\Dataset\157078.doc,.doc,0.26,OK,
C:\Users\User\OneDrive\Documents\Uni\Dissertation\MScProject\Dataset\157079.doc,.doc,0.11,OK,
C:\Users\User\OneDrive\Documents\Uni\Dissertation\MScProject\Dataset\157081.doc,.doc,0.05,OK,
C:\Users\User\OneDrive\Documents\Uni\Dissertation\MScProject\Dataset\157082.doc,.doc,0.52,OK,
C:\Users\User\OneDrive\Documents\Uni\Dissertation\MScProject\Dataset\157084.doc,.doc,0.06,OK,
C:\Users\User\OneDrive\Documents\Uni\Dissertation\MScProject\Dataset\157085.doc,.doc,0.14,OK,
C:\Users\User\OneDrive\Documents\Uni\Dissertation\MScProject\Dataset\157086.doc,.doc,0.11,OK,
C:\Users\User\OneDrive\Documents\Uni\Dissertation\MScProject\Dataset\157087.doc,.doc,0.05,OK,
C:\Users\User\OneDrive\Documents\Uni\Dissertation\MScProject\Dataset\157088.doc,.doc,0.48,OK,
C:\Users\User\OneDrive\Documents\Uni\Dissertation\MScProject\Dataset\157089.doc,.doc,1.43,OK,
C:\Users\User\OneDrive\Documents\Uni\Dissertation\MScProject\Dataset\157090.doc,.doc,0.03,OK,
C:\Users\User\OneDrive\Documents\Uni\Dissertation\MScProject\Dataset\157091.doc,.doc,0.25,OK,
C:\Users\User\OneDrive\Documents\Uni\Dissertation\MScProject\Dataset\157092.doc,.doc,0.05,OK,
C:\Users\User\OneDrive\Documents\Uni\Dissertation\MScProject\Dataset\157094.doc,.doc,0.09,OK,
C:\Users\User\OneDrive\Documents\Uni\Dissertation\MScProject\Dataset\157095.doc,.doc,0.03,OK,
C:\Users\User\OneDrive\Documents\Uni\Dissertation\MScProject\Dataset\157096.doc,.doc,2.67,OK,
C:\Users\User\OneDrive\Documents\Uni\Dissertation\MScProject\Dataset\157097.doc,.doc,0.05,OK,
C:\Users\User\OneDrive\Documents\Uni\Dissertation\MScProject\Dataset\157099.doc,.doc,0.07,OK,
C:\Users\User\OneDrive\Documents\Uni\Dissertation\MScProject\Dataset\157100.doc,.doc,0.07,OK,
C:\Users\User\OneDrive\Documents\Uni\Dissertation\MScProject\Dataset\157101.doc,.doc,0.04,OK,
C:\Users\User\OneDrive\Documents\Uni\Dissertation\MScProject\Dataset\157102.doc,.doc,1.26,OK,
C:\Users\User\OneDrive\Documents\Uni\Dissertation\MScProject\Dataset\157103.doc,.doc,0.07,OK,
C:\Users\User\OneDrive\Documents\Uni\Dissertation\MScProject\Dataset\157106.doc,.doc,0.02,OK,
C:\Users\User\OneDrive\Documents\Uni\Dissertation\MScProject\Dataset\157107.doc,.doc,0.03,OK,
C:\Users\User\OneDrive\Documents\Uni\Dissertation\MScProject\Dataset\157109.doc,.doc,0.03,OK,
C:\Users\User\OneDrive\Documents\Uni\Dissertation\MScProject\Dataset\157192.xls,.xls,0.06,OK,
C:\Users\User\OneDrive\Documents\Uni\Dissertation\MScProject\Dataset\157193.xls,.xls,0.05,OK,
C:\Users\User\OneDrive\Documents\Uni\Dissertation\MScProject\Dataset\157195.xls,.xls,1.05,OK,
C:\Users\User\OneDrive\Documents\Uni\Dissertation\MScProject\Dataset\157198.xls,.xls,0.79,OK,
C:\Users\User\OneDrive\Documents\Uni\Dissertation\MScProject\Dataset\157199.xls,.xls,0.79,OK,
C:\Users\User\OneDrive\Documents\Uni\Dissertation\MScProject\Dataset\157200.xls,.xls,0.38,OK,
C:\Users\User\OneDrive\Documents\Uni\Dissertation\MScProject\Dataset\157203.xls,.xls,0.02,OK,
C:\Users\User\OneDrive\Documents\Uni\Dissertation\MScProject\Dataset\157204.xls,.xls,0.02,OK,
C:\Users\User\OneDrive\Documents\Uni\Dissertation\MScProject\Dataset\157205.xls,.xls,0.02,OK,
C:\Users\User\OneDrive\Documents\Uni\Dissertation\MScProject\Dataset\157206.xls,.xls,0.03,OK,
C:\Users\User\OneDrive\Documents\Uni\Dissertation\MScProject\Dataset\157208.xls,.xls,0.05,OK,
C:\Users\User\OneDrive\Documents\Uni\Dissertation\MScProject\Dataset\157209.xls,.xls,0.12,OK,
C:\Users\User\OneDrive\Documents\Uni\Dissertation\MScProject\Dataset\157210.xls,.xls,0.08,OK,
C:\Users\User\OneDrive\Documents\Uni\Dissertation\MScProject\Dataset\157211.xls,.xls,0.02,OK,
C:\Users\User\OneDrive\Documents\Uni\Dissertation\MScProject\Dataset\157212.xls,.xls,0.02,OK,
C:\Users\User\OneDrive\Documents\Uni\Dissertation\MScProject\Dataset\157213.xls,.xls,0.03,OK,
C:\Users\User\OneDrive\Documents\Uni\Dissertation\MScProject\Dataset\157214.xls,.xls,0.04,OK,
C:\Users\User\OneDrive\Documents\Uni\Dissertation\MScProject\Dataset\157215.xls,.xls,0.04,OK,
C:\Users\User\OneDrive\Documents\Uni\Dissertation\MScProject\Dataset\157275.xls,.xls,0.03,OK,
C:\Users\User\OneDrive\Documents\Uni\Dissertation\MScProject\Dataset\157315.doc,.doc,0.02,OK,
C:\Users\User\OneDrive\Documents\Uni\Dissertation\MScProject\Dataset\157327.doc,.doc,0.02,OK,
C:\Users\User\OneDrive\Documents\Uni\Dissertation\MScProject\Dataset\157342.doc,.doc,0.08,OK,
C:\Users\User\OneDrive\Documents\Uni\Dissertation\MScProject\Dataset\157343.doc,.doc,0.04,OK,
C:\Users\User\OneDrive\Documents\Uni\Dissertation\MScProject\Dataset\157344.doc,.doc,0.07,OK,
C:\Users\User\OneDrive\Documents\Uni\Dissertation\MScProject\Dataset\157345.doc,.doc,0.18,OK,
C:\Users\User\OneDrive\Documents\Uni\Dissertation\MScProject\Dataset\157346.doc,.doc,0.03,OK,
C:\Users\User\OneDrive\Documents\Uni\Dissertation\MScProject\Dataset\157347.doc,.doc,0.03,OK,
C:\Users\User\OneDrive\Documents\Uni\Dissertation\MScProject\Dataset\157349.doc,.doc,0.02,OK,
C:\Users\User\OneDrive\Documents\Uni\Dissertation\MScProject\Dataset\157351.doc,.doc,0.44,OK,
C:\Users\User\OneDrive\Documents\Uni\Dissertation\MScProject\Dataset\157352.doc,.doc,0.87,OK,
C:\Users\User\OneDrive\Documents\Uni\Dissertation\MScProject\Dataset\157354.doc,.doc,0.19,OK,
C:\Users\User\OneDrive\Documents\Uni\Dissertation\MScProject\Dataset\157356.doc,.doc,0.02,OK,
C:\Users\User\OneDrive\Documents\Uni\Dissertation\MScProject\Dataset\157357.doc,.doc,0.06,OK,
C:\Users\User\OneDrive\Documents\Uni\Dissertation\MScProject\Dataset\157359.doc,.doc,0.18,OK,
C:\Users\User\OneDrive\Documents\Uni\Dissertation\MScProject\Dataset\157360.doc,.doc,0.14,OK,
C:\Users\User\OneDrive\Documents\Uni\Dissertation\MScProject\Dataset\157362.doc,.doc,0.15,OK,
C:\Users\User\OneDrive\Documents\Uni\Dissertation\MScProject\Dataset\157365.doc,.doc,0.03,OK,
C:\Users\User\OneDrive\Documents\Uni\Dissertation\MScProject\Dataset\157366.doc,.doc,0.08,OK,
C:\Users\User\OneDrive\Documents\Uni\Dissertation\MScProject\Dataset\157371.doc,.doc,0.45,OK,
C:\Users\User\OneDrive\Documents\Uni\Dissertation\MScProject\Dataset\157373.doc,.doc,0.03,OK,
C:\Users\User\OneDrive\Documents\Uni\Dissertation\MScProject\Dataset\157427.doc,.doc,0.78,OK,
C:\Users\User\OneDrive\Documents\Uni\Dissertation\MScProject\Dataset\157428.doc,.doc,0.62,OK,
C:\Users\User\OneDrive\Documents\Uni\Dissertation\MScProject\Dataset\157429.doc,.doc,0.14,OK,
C:\Users\User\OneDrive\Documents\Uni\Dissertation\MScProject\Dataset\157431.doc,.doc,0.12,OK,
C:\Users\User\OneDrive\Documents\Uni\Dissertation\MScProject\Dataset\157436.doc,.doc,0.1,OK,
C:\Users\User\OneDrive\Documents\Uni\Dissertation\MScProject\Dataset\157441.doc,.doc,0.18,OK,
C:\Users\User\OneDrive\Documents\Uni\Dissertation\MScProject\Dataset\157444.xls,.xls,0.02,OK,
C:\Users\User\OneDrive\Documents\Uni\Dissertation\MScProject\Dataset\157447.xls,.xls,0.03,OK,
C:\Users\User\OneDrive\Documents\Uni\Dissertation\MScProject\Dataset\157448.xls,.xls,0.48,OK,
C:\Users\User\OneDrive\Documents\Uni\Dissertation\MScProject\Dataset\157449.xls,.xls,0.47,OK,
C:\Users\User\OneDrive\Documents\Uni\Dissertation\MScProject\Dataset\157562.xls,.xls,0.13,OK,
C:\Users\User\OneDrive\Documents\Uni\Dissertation\MScProject\Dataset\157578.doc,.doc,0.03,OK,
C:\Users\User\OneDrive\Documents\Uni\Dissertation\MScProject\Dataset\157579.doc,.doc,0.04,OK,
C:\Users\User\OneDrive\Documents\Uni\Dissertation\MScProject\Dataset\157580.doc,.doc,0.06,OK,
C:\Users\User\OneDrive\Documents\Uni\Dissertation\MScProject\Dataset\157581.doc,.doc,0.17,OK,
C:\Users\User\OneDrive\Documents\Uni\Dissertation\MScProject\Dataset\157690.doc,.doc,1.12,OK,
C:\Users\User\OneDrive\Documents\Uni\Dissertation\MScProject\Dataset\157691.doc,.doc,0.03,OK,
C:\Users\User\OneDrive\Documents\Uni\Dissertation\MScProject\Dataset\157693.doc,.doc,0.02,OK,
C:\Users\User\OneDrive\Documents\Uni\Dissertation\MScProject\Dataset\157694.doc,.doc,0.03,OK,
C:\Users\User\OneDrive\Documents\Uni\Dissertation\MScProject\Dataset\157696.doc,.doc,0.06,OK,
C:\Users\User\OneDrive\Documents\Uni\Dissertation\MScProject\Dataset\157698.doc,.doc,0.03,OK,
C:\Users\User\OneDrive\Documents\Uni\Dissertation\MScProject\Dataset\157699.doc,.doc,0.02,OK,
C:\Users\User\OneDrive\Documents\Uni\Dissertation\MScProject\Dataset\157700.doc,.doc,0.23,OK,
C:\Users\User\OneDrive\Documents\Uni\Dissertation\MScProject\Dataset\157701.doc,.doc,0.35,OK,
C:\Users\User\OneDrive\Documents\Uni\Dissertation\MScProject\Dataset\157704.doc,.doc,0.05,OK,
C:\Users\User\OneDrive\Documents\Uni\Dissertation\MScProject\Dataset\157706.doc,.doc,0.41,OK,
C:\Users\User\OneDrive\Documents\Uni\Dissertation\MScProject\Dataset\157707.doc,.doc,0.39,OK,
C:\Users\User\OneDrive\Documents\Uni\Dissertation\MScProject\Dataset\157713.doc,.doc,0.04,OK,
C:\Users\User\OneDrive\Documents\Uni\Dissertation\MScProject\Dataset\157715.doc,.doc,0.4,OK,
C:\Users\User\OneDrive\Documents\Uni\Dissertation\MScProject\Dataset\157717.doc,.doc,0.13,OK,
C:\Users\User\OneDrive\Documents\Uni\Dissertation\MScProject\Dataset\157759.xls,.xls,0.02,OK,
C:\Users\User\OneDrive\Documents\Uni\Dissertation\MScProject\Dataset\157760.xls,.xls,0.41,OK,
C:\Users\User\OneDrive\Documents\Uni\Dissertation\MScProject\Dataset\157761.xls,.xls,0.05,OK,
C:\Users\User\OneDrive\Documents\Uni\Dissertation\MScProject\Dataset\157762.xls,.xls,0.32,OK,
C:\Users\User\OneDrive\Documents\Uni\Dissertation\MScProject\Dataset\157763.xls,.xls,0.43,OK,
C:\Users\User\OneDrive\Documents\Uni\Dissertation\MScProject\Dataset\157764.xls,.xls,0.05,OK,
C:\Users\User\OneDrive\Documents\Uni\Dissertation\MScProject\Dataset\157766.xls,.xls,0.03,OK,
C:\Users\User\OneDrive\Documents\Uni\Dissertation\MScProject\Dataset\157768.xls,.xls,0.02,OK,
C:\Users\User\OneDrive\Documents\Uni\Dissertation\MScProject\Dataset\157771.xls,.xls,0.13,OK,
C:\Users\User\OneDrive\Documents\Uni\Dissertation\MScProject\Dataset\157772.xls,.xls,0.08,OK,
C:\Users\User\OneDrive\Documents\Uni\Dissertation\MScProject\Dataset\157774.xls,.xls,0.14,OK,
C:\Users\User\OneDrive\Documents\Uni\Dissertation\MScProject\Dataset\157777.xls,.xls,0.05,OK,
C:\Users\User\OneDrive\Documents\Uni\Dissertation\MScProject\Dataset\157778.xls,.xls,0.8,OK,
C:\Users\User\OneDrive\Documents\Uni\Dissertation\MScProject\Dataset\157856.doc,.doc,0.03,OK,
C:\Users\User\OneDrive\Documents\Uni\Dissertation\MScProject\Dataset\157861.doc,.doc,0.02,OK,
C:\Users\User\OneDrive\Documents\Uni\Dissertation\MScProject\Dataset\157885.xls,.xls,0.02,OK,
C:\Users\User\OneDrive\Documents\Uni\Dissertation\MScProject\Dataset\157888.doc,.doc,0.05,OK,
C:\Users\User\OneDrive\Documents\Uni\Dissertation\MScProject\Dataset\157991.xls,.xls,0.02,OK,
C:\Users\User\OneDrive\Documents\Uni\Dissertation\MScProject\Dataset\157992.xls,.xls,0.02,OK,
C:\Users\User\OneDrive\Documents\Uni\Dissertation\MScProject\Dataset\158004.doc,.doc,0.23,OK,
C:\Users\User\OneDrive\Documents\Uni\Dissertation\MScProject\Dataset\158146.doc,.doc,0.07,OK,
C:\Users\User\OneDrive\Documents\Uni\Dissertation\MScProject\Dataset\158147.doc,.doc,0.04,OK,
C:\Users\User\OneDrive\Documents\Uni\Dissertation\MScProject\Dataset\158148.doc,.doc,0.04,OK,
C:\Users\User\OneDrive\Documents\Uni\Dissertation\MScProject\Dataset\158149.doc,.doc,0.04,OK,
C:\Users\User\OneDrive\Documents\Uni\Dissertation\MScProject\Dataset\158151.doc,.doc,0.19,OK,
C:\Users\User\OneDrive\Documents\Uni\Dissertation\MScProject\Dataset\158152.doc,.doc,0.09,OK,
C:\Users\User\OneDrive\Documents\Uni\Dissertation\MScProject\Dataset\158154.doc,.doc,0.54,OK,
C:\Users\User\OneDrive\Documents\Uni\Dissertation\MScProject\Dataset\158155.doc,.doc,0.17,OK,
C:\Users\User\OneDrive\Documents\Uni\Dissertation\MScProject\Dataset\158156.doc,.doc,0.1,OK,
C:\Users\User\OneDrive\Documents\Uni\Dissertation\MScProject\Dataset\158158.doc,.doc,0.06,OK,
C:\Users\User\OneDrive\Documents\Uni\Dissertation\MScProject\Dataset\158159.doc,.doc,0.03,OK,
C:\Users\User\OneDrive\Documents\Uni\Dissertation\MScProject\Dataset\158160.doc,.doc,0.13,OK,
C:\Users\User\OneDrive\Documents\Uni\Dissertation\MScProject\Dataset\158161.doc,.doc,0.05,OK,
C:\Users\User\OneDrive\Documents\Uni\Dissertation\MScProject\Dataset\158163.doc,.doc,0.04,OK,
C:\Users\User\OneDrive\Documents\Uni\Dissertation\MScProject\Dataset\158165.doc,.doc,0.07,OK,
C:\Users\User\OneDrive\Documents\Uni\Dissertation\MScProject\Dataset\158167.doc,.doc,0.38,OK,
C:\Users\User\OneDrive\Documents\Uni\Dissertation\MScProject\Dataset\158170.doc,.doc,0.13,OK,
C:\Users\User\OneDrive\Documents\Uni\Dissertation\MScProject\Dataset\158171.doc,.doc,0.04,OK,
C:\Users\User\OneDrive\Documents\Uni\Dissertation\MScProject\Dataset\158172.doc,.doc,0.05,OK,
C:\Users\User\OneDrive\Documents\Uni\Dissertation\MScProject\Dataset\158175.doc,.doc,0.06,OK,
C:\Users\User\OneDrive\Documents\Uni\Dissertation\MScProject\Dataset\158177.doc,.doc,0.07,OK,
C:\Users\User\OneDrive\Documents\Uni\Dissertation\MScProject\Dataset\158191.xls,.xls,0.5,OK,
C:\Users\User\OneDrive\Documents\Uni\Dissertation\MScProject\Dataset\158197.xls,.xls,0.03,OK,
C:\Users\User\OneDrive\Documents\Uni\Dissertation\MScProject\Dataset\158200.xls,.xls,0.02,OK,
C:\Users\User\OneDrive\Documents\Uni\Dissertation\MScProject\Dataset\158202.xls,.xls,0.03,OK,
C:\Users\User\OneDrive\Documents\Uni\Dissertation\MScProject\Dataset\158204.xls,.xls,0.05,OK,
C:\Users\User\OneDrive\Documents\Uni\Dissertation\MScProject\Dataset\158205.xls,.xls,0.13,OK,
C:\Users\User\OneDrive\Documents\Uni\Dissertation\MScProject\Dataset\158206.xls,.xls,0.46,OK,
C:\Users\User\OneDrive\Documents\Uni\Dissertation\MScProject\Dataset\158214.xls,.xls,0.04,OK,
C:\Users\User\OneDrive\Documents\Uni\Dissertation\MScProject\Dataset\158216.xls,.xls,0.04,OK,
C:\Users\User\OneDrive\Documents\Uni\Dissertation\MScProject\Dataset\158217.xls,.xls,10.59,OK,
C:\Users\User\OneDrive\Documents\Uni\Dissertation\MScProject\Dataset\158218.xls,.xls,0.05,OK,
C:\Users\User\OneDrive\Documents\Uni\Dissertation\MScProject\Dataset\158223.xls,.xls,0.4,OK,
C:\Users\User\OneDrive\Documents\Uni\Dissertation\MScProject\Dataset\158436.doc,.doc,0.02,OK,
C:\Users\User\OneDrive\Documents\Uni\Dissertation\MScProject\Dataset\158437.doc,.doc,0.02,OK,
C:\Users\User\OneDrive\Documents\Uni\Dissertation\MScProject\Dataset\158438.doc,.doc,0.04,OK,
C:\Users\User\OneDrive\Documents\Uni\Dissertation\MScProject\Dataset\158440.doc,.doc,0.03,OK,
C:\Users\User\OneDrive\Documents\Uni\Dissertation\MScProject\Dataset\158441.doc,.doc,0.02,OK,
C:\Users\User\OneDrive\Documents\Uni\Dissertation\MScProject\Dataset\158443.doc,.doc,0.03,OK,
C:\Users\User\OneDrive\Documents\Uni\Dissertation\MScProject\Dataset\158444.doc,.doc,0.03,OK,
C:\Users\User\OneDrive\Documents\Uni\Dissertation\MScProject\Dataset\158445.doc,.doc,0.06,OK,
C:\Users\User\OneDrive\Documents\Uni\Dissertation\MScProject\Dataset\158447.doc,.doc,0.06,OK,
C:\Users\User\OneDrive\Documents\Uni\Dissertation\MScProject\Dataset\158448.doc,.doc,0.07,OK,
C:\Users\User\OneDrive\Documents\Uni\Dissertation\MScProject\Dataset\158450.doc,.doc,0.03,OK,
C:\Users\User\OneDrive\Documents\Uni\Dissertation\MScProject\Dataset\158451.doc,.doc,0.04,OK,
C:\Users\User\OneDrive\Documents\Uni\Dissertation\MScProject\Dataset\158452.doc,.doc,0.03,OK,
C:\Users\User\OneDrive\Documents\Uni\Dissertation\MScProject\Dataset\158453.doc,.doc,0.06,OK,
C:\Users\User\OneDrive\Documents\Uni\Dissertation\MScProject\Dataset\158454.doc,.doc,0.03,OK,
C:\Users\User\OneDrive\Documents\Uni\Dissertation\MScProject\Dataset\158455.doc,.doc,0.17,OK,
C:\Users\User\OneDrive\Documents\Uni\Dissertation\MScProject\Dataset\158457.doc,.doc,0.17,OK,
C:\Users\User\OneDrive\Documents\Uni\Dissertation\MScProject\Dataset\158460.doc,.doc,0.09,OK,
C:\Users\User\OneDrive\Documents\Uni\Dissertation\MScProject\Dataset\158461.doc,.doc,0.04,OK,
C:\Users\User\OneDrive\Documents\Uni\Dissertation\MScProject\Dataset\158462.doc,.doc,1.18,OK,
C:\Users\User\OneDrive\Documents\Uni\Dissertation\MScProject\Dataset\158465.doc,.doc,0.04,OK,
C:\Users\User\OneDrive\Documents\Uni\Dissertation\MScProject\Dataset\158478.doc,.doc,0.18,OK,
C:\Users\User\OneDrive\Documents\Uni\Dissertation\MScProject\Dataset\158526.doc,.doc,0.1,OK,
C:\Users\User\OneDrive\Documents\Uni\Dissertation\MScProject\Dataset\158543.xls,.xls,0.05,OK,
C:\Users\User\OneDrive\Documents\Uni\Dissertation\MScProject\Dataset\158588.doc,.doc,0.07,OK,
C:\Users\User\OneDrive\Documents\Uni\Dissertation\MScProject\Dataset\158680.doc,.doc,0.19,OK,
C:\Users\User\OneDrive\Documents\Uni\Dissertation\MScProject\Dataset\158686.doc,.doc,0.26,OK,
C:\Users\User\OneDrive\Documents\Uni\Dissertation\MScProject\Dataset\158687.doc,.doc,0.22,OK,
C:\Users\User\OneDrive\Documents\Uni\Dissertation\MScProject\Dataset\158689.doc,.doc,0.57,OK,
C:\Users\User\OneDrive\Documents\Uni\Dissertation\MScProject\Dataset\158720.xls,.xls,0.48,OK,
C:\Users\User\OneDrive\Documents\Uni\Dissertation\MScProject\Dataset\158721.doc,.doc,0.02,OK,
C:\Users\User\OneDrive\Documents\Uni\Dissertation\MScProject\Dataset\158722.doc,.doc,0.3,OK,
C:\Users\User\OneDrive\Documents\Uni\Dissertation\MScProject\Dataset\158730.xls,.xls,1.7,OK,
C:\Users\User\OneDrive\Documents\Uni\Dissertation\MScProject\Dataset\158774.xls,.xls,0.03,OK,
C:\Users\User\OneDrive\Documents\Uni\Dissertation\MScProject\Dataset\158786.doc,.doc,0.25,OK,
C:\Users\User\OneDrive\Documents\Uni\Dissertation\MScProject\Dataset\158788.doc,.doc,0.02,OK,
C:\Users\User\OneDrive\Documents\Uni\Dissertation\MScProject\Dataset\158789.doc,.doc,0.02,OK,
C:\Users\User\OneDrive\Documents\Uni\Dissertation\MScProject\Dataset\158853.doc,.doc,0.05,OK,
C:\Users\User\OneDrive\Documents\Uni\Dissertation\MScProject\Dataset\158854.doc,.doc,0.04,OK,
C:\Users\User\OneDrive\Documents\Uni\Dissertation\MScProject\Dataset\158855.doc,.doc,0.08,OK,
C:\Users\User\OneDrive\Documents\Uni\Dissertation\MScProject\Dataset\158895.xls,.xls,0.12,OK,
C:\Users\User\OneDrive\Documents\Uni\Dissertation\MScProject\Dataset\158896.xls,.xls,28.42,OK,
C:\Users\User\OneDrive\Documents\Uni\Dissertation\MScProject\Dataset\158898.xls,.xls,0.26,OK,
C:\Users\User\OneDrive\Documents\Uni\Dissertation\MScProject\Dataset\158899.xls,.xls,0.18,OK,
C:\Users\User\OneDrive\Documents\Uni\Dissertation\MScProject\Dataset\158900.xls,.xls,0.15,OK,
C:\Users\User\OneDrive\Documents\Uni\Dissertation\MScProject\Dataset\159102.doc,.doc,0.04,OK,
C:\Users\User\OneDrive\Documents\Uni\Dissertation\MScProject\Dataset\159103.doc,.doc,0.05,OK,
C:\Users\User\OneDrive\Documents\Uni\Dissertation\MScProject\Dataset\159104.doc,.doc,0.56,OK,
C:\Users\User\OneDrive\Documents\Uni\Dissertation\MScProject\Dataset\159106.doc,.doc,0.03,OK,
C:\Users\User\OneDrive\Documents\Uni\Dissertation\MScProject\Dataset\159112.doc,.doc,0.19,OK,
C:\Users\User\OneDrive\Documents\Uni\Dissertation\MScProject\Dataset\159113.doc,.doc,0.42,OK,
C:\Users\User\OneDrive\Documents\Uni\Dissertation\MScProject\Dataset\159115.doc,.doc,0.26,OK,
C:\Users\User\OneDrive\Documents\Uni\Dissertation\MScProject\Dataset\159119.doc,.doc,0.66,OK,
C:\Users\User\OneDrive\Documents\Uni\Dissertation\MScProject\Dataset\159162.xls,.xls,0.05,OK,
C:\Users\User\OneDrive\Documents\Uni\Dissertation\MScProject\Dataset\159164.xls,.xls,0.04,OK,
C:\Users\User\OneDrive\Documents\Uni\Dissertation\MScProject\Dataset\159191.doc,.doc,0.16,OK,
C:\Users\User\OneDrive\Documents\Uni\Dissertation\MScProject\Dataset\159255.xls,.xls,0.03,OK,
C:\Users\User\OneDrive\Documents\Uni\Dissertation\MScProject\Dataset\159256.xls,.xls,0.08,OK,
C:\Users\User\OneDrive\Documents\Uni\Dissertation\MScProject\Dataset\159288.doc,.doc,0.03,OK,
C:\Users\User\OneDrive\Documents\Uni\Dissertation\MScProject\Dataset\159290.doc,.doc,0.04,OK,
C:\Users\User\OneDrive\Documents\Uni\Dissertation\MScProject\Dataset\159362.xls,.xls,0.1,OK,
C:\Users\User\OneDrive\Documents\Uni\Dissertation\MScProject\Dataset\159407.xls,.xls,0.03,OK,
C:\Users\User\OneDrive\Documents\Uni\Dissertation\MScProject\Dataset\159416.xls,.xls,0.03,OK,
C:\Users\User\OneDrive\Documents\Uni\Dissertation\MScProject\Dataset\159417.xls,.xls,0.03,OK,
C:\Users\User\OneDrive\Documents\Uni\Dissertation\MScProject\Dataset\159422.doc,.doc,0.05,OK,
C:\Users\User\OneDrive\Documents\Uni\Dissertation\MScProject\Dataset\159429.doc,.doc,0.04,OK,
C:\Users\User\OneDrive\Documents\Uni\Dissertation\MScProject\Dataset\159431.doc,.doc,0.02,OK,
C:\Users\User\OneDrive\Documents\Uni\Dissertation\MScProject\Dataset\159433.xls,.xls,0.02,OK,
C:\Users\User\OneDrive\Documents\Uni\Dissertation\MScProject\Dataset\159436.doc,.doc,0.1,OK,
C:\Users\User\OneDrive\Documents\Uni\Dissertation\MScProject\Dataset\159438.doc,.doc,0.05,OK,
C:\Users\User\OneDrive\Documents\Uni\Dissertation\MScProject\Dataset\159439.doc,.doc,0.04,OK,
C:\Users\User\OneDrive\Documents\Uni\Dissertation\MScProject\Dataset\159444.doc,.doc,0.03,OK,
C:\Users\User\OneDrive\Documents\Uni\Dissertation\MScProject\Dataset\159445.doc,.doc,0.04,OK,
C:\Users\User\OneDrive\Documents\Uni\Dissertation\MScProject\Dataset\159446.doc,.doc,0.6,OK,
C:\Users\User\OneDrive\Documents\Uni\Dissertation\MScProject\Dataset\159447.doc,.doc,0.06,OK,
C:\Users\User\OneDrive\Documents\Uni\Dissertation\MScProject\Dataset\159448.doc,.doc,0.05,OK,
C:\Users\User\OneDrive\Documents\Uni\Dissertation\MScProject\Dataset\159449.doc,.doc,0.03,OK,
C:\Users\User\OneDrive\Documents\Uni\Dissertation\MScProject\Dataset\159450.doc,.doc,0.06,OK,
C:\Users\User\OneDrive\Documents\Uni\Dissertation\MScProject\Dataset\159501.xls,.xls,0.06,OK,
C:\Users\User\OneDrive\Documents\Uni\Dissertation\MScProject\Dataset\159503.doc,.doc,0.03,OK,
C:\Users\User\OneDrive\Documents\Uni\Dissertation\MScProject\Dataset\159505.xls,.xls,0.16,OK,
C:\Users\User\OneDrive\Documents\Uni\Dissertation\MScProject\Dataset\159506.doc,.doc,0.07,OK,
C:\Users\User\OneDrive\Documents\Uni\Dissertation\MScProject\Dataset\159508.doc,.doc,0.05,OK,
C:\Users\User\OneDrive\Documents\Uni\Dissertation\MScProject\Dataset\159509.doc,.doc,0.08,OK,
C:\Users\User\OneDrive\Documents\Uni\Dissertation\MScProject\Dataset\159511.doc,.doc,0.03,OK,
C:\Users\User\OneDrive\Documents\Uni\Dissertation\MScProject\Dataset\159516.doc,.doc,0.04,OK,
C:\Users\User\OneDrive\Documents\Uni\Dissertation\MScProject\Dataset\159517.doc,.doc,0.04,OK,
C:\Users\User\OneDrive\Documents\Uni\Dissertation\MScProject\Dataset\159535.doc,.doc,0.04,OK,
C:\Users\User\OneDrive\Documents\Uni\Dissertation\MScProject\Dataset\159546.doc,.doc,0.17,OK,
C:\Users\User\OneDrive\Documents\Uni\Dissertation\MScProject\Dataset\159547.doc,.doc,0.11,OK,
C:\Users\User\OneDrive\Documents\Uni\Dissertation\MScProject\Dataset\159548.doc,.doc,0.23,OK,
C:\Users\User\OneDrive\Documents\Uni\Dissertation\MScProject\Dataset\159557.doc,.doc,0.24,OK,
C:\Users\User\OneDrive\Documents\Uni\Dissertation\MScProject\Dataset\159660.doc,.doc,0.04,OK,
C:\Users\User\OneDrive\Documents\Uni\Dissertation\MScProject\Dataset\159664.doc,.doc,0.22,OK,
C:\Users\User\OneDrive\Documents\Uni\Dissertation\MScProject\Dataset\159665.doc,.doc,0.23,OK,
C:\Users\User\OneDrive\Documents\Uni\Dissertation\MScProject\Dataset\159666.doc,.doc,0.21,OK,
C:\Users\User\OneDrive\Documents\Uni\Dissertation\MScProject\Dataset\159668.doc,.doc,0.21,OK,
C:\Users\User\OneDrive\Documents\Uni\Dissertation\MScProject\Dataset\159670.doc,.doc,0.12,OK,
C:\Users\User\OneDrive\Documents\Uni\Dissertation\MScProject\Dataset\159671.doc,.doc,0.15,OK,
C:\Users\User\OneDrive\Documents\Uni\Dissertation\MScProject\Dataset\159673.doc,.doc,0.04,OK,
C:\Users\User\OneDrive\Documents\Uni\Dissertation\MScProject\Dataset\159682.xls,.xls,0.03,OK,
C:\Users\User\OneDrive\Documents\Uni\Dissertation\MScProject\Dataset\159683.xls,.xls,0.04,OK,
C:\Users\User\OneDrive\Documents\Uni\Dissertation\MScProject\Dataset\159685.xls,.xls,0.03,OK,
C:\Users\User\OneDrive\Documents\Uni\Dissertation\MScProject\Dataset\159686.xls,.xls,0.14,OK,
C:\Users\User\OneDrive\Documents\Uni\Dissertation\MScProject\Dataset\159723.doc,.doc,0.52,OK,
C:\Users\User\OneDrive\Documents\Uni\Dissertation\MScProject\Dataset\159743.doc,.doc,0.73,OK,
C:\Users\User\OneDrive\Documents\Uni\Dissertation\MScProject\Dataset\159746.doc,.doc,0.14,OK,
C:\Users\User\OneDrive\Documents\Uni\Dissertation\MScProject\Dataset\159747.doc,.doc,0.45,OK,
C:\Users\User\OneDrive\Documents\Uni\Dissertation\MScProject\Dataset\159748.doc,.doc,0.1,OK,
C:\Users\User\OneDrive\Documents\Uni\Dissertation\MScProject\Dataset\159760.doc,.doc,0.35,OK,
C:\Users\User\OneDrive\Documents\Uni\Dissertation\MScProject\Dataset\159789.xls,.xls,0.03,OK,
C:\Users\User\OneDrive\Documents\Uni\Dissertation\MScProject\Dataset\159790.xls,.xls,0.11,OK,
C:\Users\User\OneDrive\Documents\Uni\Dissertation\MScProject\Dataset\159791.xls,.xls,0.07,OK,
C:\Users\User\OneDrive\Documents\Uni\Dissertation\MScProject\Dataset\159798.doc,.doc,0.14,OK,
C:\Users\User\OneDrive\Documents\Uni\Dissertation\MScProject\Dataset\159799.doc,.doc,0.02,OK,
C:\Users\User\OneDrive\Documents\Uni\Dissertation\MScProject\Dataset\159800.doc,.doc,0.02,OK,
C:\Users\User\OneDrive\Documents\Uni\Dissertation\MScProject\Dataset\159801.doc,.doc,0.08,OK,
C:\Users\User\OneDrive\Documents\Uni\Dissertation\MScProject\Dataset\159824.doc,.doc,0.04,OK,
C:\Users\User\OneDrive\Documents\Uni\Dissertation\MScProject\Dataset\159834.xls,.xls,0.03,OK,
C:\Users\User\OneDrive\Documents\Uni\Dissertation\MScProject\Dataset\159835.xls,.xls,0.07,OK,
C:\Users\User\OneDrive\Documents\Uni\Dissertation\MScProject\Dataset\159836.xls,.xls,0.02,OK,
C:\Users\User\OneDrive\Documents\Uni\Dissertation\MScProject\Dataset\159855.doc,.doc,0.08,OK,
C:\Users\User\OneDrive\Documents\Uni\Dissertation\MScProject\Dataset\159856.doc,.doc,0.07,OK,
C:\Users\User\OneDrive\Documents\Uni\Dissertation\MScProject\Dataset\159858.doc,.doc,0.03,OK,
C:\Users\User\OneDrive\Documents\Uni\Dissertation\MScProject\Dataset\159860.doc,.doc,0.67,OK,
C:\Users\User\OneDrive\Documents\Uni\Dissertation\MScProject\Dataset\159864.doc,.doc,0.06,OK,
C:\Users\User\OneDrive\Documents\Uni\Dissertation\MScProject\Dataset\159866.doc,.doc,0.55,OK,
C:\Users\User\OneDrive\Documents\Uni\Dissertation\MScProject\Dataset\159867.doc,.doc,0.45,OK,
C:\Users\User\OneDrive\Documents\Uni\Dissertation\MScProject\Dataset\159869.doc,.doc,0.03,OK,
C:\Users\User\OneDrive\Documents\Uni\Dissertation\MScProject\Dataset\159870.doc,.doc,0.05,OK,
C:\Users\User\OneDrive\Documents\Uni\Dissertation\MScProject\Dataset\159871.doc,.doc,0.19,OK,
C:\Users\User\OneDrive\Documents\Uni\Dissertation\MScProject\Dataset\159872.doc,.doc,0.11,OK,
C:\Users\User\OneDrive\Documents\Uni\Dissertation\MScProject\Dataset\159873.doc,.doc,0.04,OK,
C:\Users\User\OneDrive\Documents\Uni\Dissertation\MScProject\Dataset\159874.doc,.doc,0.06,OK,
C:\Users\User\OneDrive\Documents\Uni\Dissertation\MScProject\Dataset\159875.doc,.doc,0.07,OK,
C:\Users\User\OneDrive\Documents\Uni\Dissertation\MScProject\Dataset\159920.doc,.doc,0.04,OK,
C:\Users\User\OneDrive\Documents\Uni\Dissertation\MScProject\Dataset\159921.xls,.xls,0.02,OK,
C:\Users\User\OneDrive\Documents\Uni\Dissertation\MScProject\Dataset\159922.xls,.xls,0.16,OK,
C:\Users\User\OneDrive\Documents\Uni\Dissertation\MScProject\Dataset\159923.xls,.xls,0.19,OK,
C:\Users\User\OneDrive\Documents\Uni\Dissertation\MScProject\Dataset\159924.xls,.xls,1.25,OK,
C:\Users\User\OneDrive\Documents\Uni\Dissertation\MScProject\Dataset\159925.xls,.xls,0.64,OK,
C:\Users\User\OneDrive\Documents\Uni\Dissertation\MScProject\Dataset\159927.xls,.xls,0.05,OK,
C:\Users\User\OneDrive\Documents\Uni\Dissertation\MScProject\Dataset\159928.xls,.xls,2.35,OK,
C:\Users\User\OneDrive\Documents\Uni\Dissertation\MScProject\Dataset\160025.doc,.doc,0.3,OK,
C:\Users\User\OneDrive\Documents\Uni\Dissertation\MScProject\Dataset\160037.doc,.doc,0.16,OK,
C:\Users\User\OneDrive\Documents\Uni\Dissertation\MScProject\Dataset\160042.doc,.doc,0.25,OK,
C:\Users\User\OneDrive\Documents\Uni\Dissertation\MScProject\Dataset\160043.doc,.doc,6.34,OK,
C:\Users\User\OneDrive\Documents\Uni\Dissertation\MScProject\Dataset\160049.doc,.doc,0.04,OK,
C:\Users\User\OneDrive\Documents\Uni\Dissertation\MScProject\Dataset\160052.doc,.doc,0.04,OK,
C:\Users\User\OneDrive\Documents\Uni\Dissertation\MScProject\Dataset\160058.xls,.xls,0.03,OK,
C:\Users\User\OneDrive\Documents\Uni\Dissertation\MScProject\Dataset\160059.xls,.xls,0.02,OK,
C:\Users\User\OneDrive\Documents\Uni\Dissertation\MScProject\Dataset\160068.doc,.doc,0.37,OK,
C:\Users\User\OneDrive\Documents\Uni\Dissertation\MScProject\Dataset\160124.doc,.doc,0.37,OK,
C:\Users\User\OneDrive\Documents\Uni\Dissertation\MScProject\Dataset\160152.doc,.doc,0.04,OK,
C:\Users\User\OneDrive\Documents\Uni\Dissertation\MScProject\Dataset\160153.doc,.doc,0.09,OK,
C:\Users\User\OneDrive\Documents\Uni\Dissertation\MScProject\Dataset\160188.xls,.xls,2.42,OK,
C:\Users\User\OneDrive\Documents\Uni\Dissertation\MScProject\Dataset\160197.doc,.doc,0.03,OK,
C:\Users\User\OneDrive\Documents\Uni\Dissertation\MScProject\Dataset\160203.doc,.doc,0.82,OK,
C:\Users\User\OneDrive\Documents\Uni\Dissertation\MScProject\Dataset\160204.doc,.doc,0.7,OK,
C:\Users\User\OneDrive\Documents\Uni\Dissertation\MScProject\Dataset\160205.doc,.doc,12.59,OK,
C:\Users\User\OneDrive\Documents\Uni\Dissertation\MScProject\Dataset\160207.doc,.doc,0.11,OK,
C:\Users\User\OneDrive\Documents\Uni\Dissertation\MScProject\Dataset\160230.xls,.xls,0.04,OK,
C:\Users\User\OneDrive\Documents\Uni\Dissertation\MScProject\Dataset\160231.xls,.xls,0.03,OK,
C:\Users\User\OneDrive\Documents\Uni\Dissertation\MScProject\Dataset\160232.xls,.xls,0.06,OK,
C:\Users\User\OneDrive\Documents\Uni\Dissertation\MScProject\Dataset\160234.xls,.xls,0.06,OK,
C:\Users\User\OneDrive\Documents\Uni\Dissertation\MScProject\Dataset\160391.doc,.doc,0.18,OK,
C:\Users\User\OneDrive\Documents\Uni\Dissertation\MScProject\Dataset\160392.doc,.doc,0.03,OK,
C:\Users\User\OneDrive\Documents\Uni\Dissertation\MScProject\Dataset\160394.doc,.doc,1.46,OK,
C:\Users\User\OneDrive\Documents\Uni\Dissertation\MScProject\Dataset\160396.doc,.doc,0.03,OK,
C:\Users\User\OneDrive\Documents\Uni\Dissertation\MScProject\Dataset\160397.doc,.doc,0.03,OK,
C:\Users\User\OneDrive\Documents\Uni\Dissertation\MScProject\Dataset\160398.doc,.doc,0.03,OK,
C:\Users\User\OneDrive\Documents\Uni\Dissertation\MScProject\Dataset\160401.doc,.doc,0.05,OK,
C:\Users\User\OneDrive\Documents\Uni\Dissertation\MScProject\Dataset\160489.xls,.xls,0.17,OK,
C:\Users\User\OneDrive\Documents\Uni\Dissertation\MScProject\Dataset\160490.xls,.xls,0.02,OK,
C:\Users\User\OneDrive\Documents\Uni\Dissertation\MScProject\Dataset\160491.xls,.xls,0.03,OK,
C:\Users\User\OneDrive\Documents\Uni\Dissertation\MScProject\Dataset\160493.xls,.xls,0.06,OK,
C:\Users\User\OneDrive\Documents\Uni\Dissertation\MScProject\Dataset\160494.xls,.xls,0.02,OK,
C:\Users\User\OneDrive\Documents\Uni\Dissertation\MScProject\Dataset\160496.xls,.xls,0.02,OK,
C:\Users\User\OneDrive\Documents\Uni\Dissertation\MScProject\Dataset\160499.xls,.xls,0.03,OK,
C:\Users\User\OneDrive\Documents\Uni\Dissertation\MScProject\Dataset\160500.xls,.xls,0.12,OK,
C:\Users\User\OneDrive\Documents\Uni\Dissertation\MScProject\Dataset\160501.xls,.xls,0.06,OK,
C:\Users\User\OneDrive\Documents\Uni\Dissertation\MScProject\Dataset\160502.xls,.xls,0.04,OK,
C:\Users\User\OneDrive\Documents\Uni\Dissertation\MScProject\Dataset\160503.xls,.xls,0.06,OK,
C:\Users\User\OneDrive\Documents\Uni\Dissertation\MScProject\Dataset\160504.xls,.xls,0.07,OK,
C:\Users\User\OneDrive\Documents\Uni\Dissertation\MScProject\Dataset\160506.xls,.xls,0.41,OK,
C:\Users\User\OneDrive\Documents\Uni\Dissertation\MScProject\Dataset\160507.xls,.xls,0.22,OK,
C:\Users\User\OneDrive\Documents\Uni\Dissertation\MScProject\Dataset\160509.xls,.xls,0.14,OK,
C:\Users\User\OneDrive\Documents\Uni\Dissertation\MScProject\Dataset\160551.doc,.doc,0.66,OK,
C:\Users\User\OneDrive\Documents\Uni\Dissertation\MScProject\Dataset\160641.doc,.doc,0.07,OK,
C:\Users\User\OneDrive\Documents\Uni\Dissertation\MScProject\Dataset\160643.xls,.xls,0.11,OK,
C:\Users\User\OneDrive\Documents\Uni\Dissertation\MScProject\Dataset\160644.doc,.doc,0.08,OK,
C:\Users\User\OneDrive\Documents\Uni\Dissertation\MScProject\Dataset\160645.xls,.xls,0.34,OK,
C:\Users\User\OneDrive\Documents\Uni\Dissertation\MScProject\Dataset\160646.xls,.xls,0.09,OK,
C:\Users\User\OneDrive\Documents\Uni\Dissertation\MScProject\Dataset\160647.doc,.doc,0.09,OK,
C:\Users\User\OneDrive\Documents\Uni\Dissertation\MScProject\Dataset\160650.doc,.doc,0.03,OK,
C:\Users\User\OneDrive\Documents\Uni\Dissertation\MScProject\Dataset\160651.doc,.doc,0.09,OK,
C:\Users\User\OneDrive\Documents\Uni\Dissertation\MScProject\Dataset\160656.doc,.doc,0.12,OK,
C:\Users\User\OneDrive\Documents\Uni\Dissertation\MScProject\Dataset\160657.doc,.doc,0.07,OK,
C:\Users\User\OneDrive\Documents\Uni\Dissertation\MScProject\Dataset\160660.doc,.doc,0.14,OK,
C:\Users\User\OneDrive\Documents\Uni\Dissertation\MScProject\Dataset\160662.doc,.doc,0.12,OK,
C:\Users\User\OneDrive\Documents\Uni\Dissertation\MScProject\Dataset\160663.doc,.doc,0.05,OK,
C:\Users\User\OneDrive\Documents\Uni\Dissertation\MScProject\Dataset\160664.doc,.doc,0.1,OK,
C:\Users\User\OneDrive\Documents\Uni\Dissertation\MScProject\Dataset\160665.doc,.doc,0.2,OK,
C:\Users\User\OneDrive\Documents\Uni\Dissertation\MScProject\Dataset\160667.doc,.doc,0.09,OK,
C:\Users\User\OneDrive\Documents\Uni\Dissertation\MScProject\Dataset\160677.doc,.doc,1.02,OK,
C:\Users\User\OneDrive\Documents\Uni\Dissertation\MScProject\Dataset\160689.doc,.doc,0.06,OK,
C:\Users\User\OneDrive\Documents\Uni\Dissertation\MScProject\Dataset\160690.doc,.doc,0.11,OK,
C:\Users\User\OneDrive\Documents\Uni\Dissertation\MScProject\Dataset\160695.doc,.doc,0.03,OK,
C:\Users\User\OneDrive\Documents\Uni\Dissertation\MScProject\Dataset\160696.doc,.doc,0.82,OK,
C:\Users\User\OneDrive\Documents\Uni\Dissertation\MScProject\Dataset\160700.doc,.doc,0.61,OK,
C:\Users\User\OneDrive\Documents\Uni\Dissertation\MScProject\Dataset\160701.doc,.doc,0.03,OK,
C:\Users\User\OneDrive\Documents\Uni\Dissertation\MScProject\Dataset\160703.doc,.doc,0.02,OK,
C:\Users\User\OneDrive\Documents\Uni\Dissertation\MScProject\Dataset\160707.doc,.doc,0.02,OK,
C:\Users\User\OneDrive\Documents\Uni\Dissertation\MScProject\Dataset\160708.doc,.doc,0.04,OK,
C:\Users\User\OneDrive\Documents\Uni\Dissertation\MScProject\Dataset\160714.doc,.doc,0.02,OK,
C:\Users\User\OneDrive\Documents\Uni\Dissertation\MScProject\Dataset\160717.doc,.doc,0.19,OK,
C:\Users\User\OneDrive\Documents\Uni\Dissertation\MScProject\Dataset\160718.doc,.doc,0.49,OK,
C:\Users\User\OneDrive\Documents\Uni\Dissertation\MScProject\Dataset\160725.doc,.doc,0.04,OK,
C:\Users\User\OneDrive\Documents\Uni\Dissertation\MScProject\Dataset\160726.xls,.xls,0.23,OK,
C:\Users\User\OneDrive\Documents\Uni\Dissertation\MScProject\Dataset\160727.xls,.xls,0.03,OK,
C:\Users\User\OneDrive\Documents\Uni\Dissertation\MScProject\Dataset\160728.xls,.xls,0.2,OK,
C:\Users\User\OneDrive\Documents\Uni\Dissertation\MScProject\Dataset\160730.doc,.doc,0.09,OK,
C:\Users\User\OneDrive\Documents\Uni\Dissertation\MScProject\Dataset\160736.doc,.doc,0.24,OK,
C:\Users\User\OneDrive\Documents\Uni\Dissertation\MScProject\Dataset\160819.doc,.doc,0.04,OK,
C:\Users\User\OneDrive\Documents\Uni\Dissertation\MScProject\Dataset\160820.doc,.doc,0.06,OK,
C:\Users\User\OneDrive\Documents\Uni\Dissertation\MScProject\Dataset\160821.doc,.doc,0.03,OK,
C:\Users\User\OneDrive\Documents\Uni\Dissertation\MScProject\Dataset\160822.doc,.doc,0.08,OK,
C:\Users\User\OneDrive\Documents\Uni\Dissertation\MScProject\Dataset\160833.doc,.doc,0.06,OK,
C:\Users\User\OneDrive\Documents\Uni\Dissertation\MScProject\Dataset\160837.doc,.doc,0.61,OK,
C:\Users\User\OneDrive\Documents\Uni\Dissertation\MScProject\Dataset\160838.doc,.doc,0.37,OK,
C:\Users\User\OneDrive\Documents\Uni\Dissertation\MScProject\Dataset\160842.doc,.doc,0.02,OK,
C:\Users\User\OneDrive\Documents\Uni\Dissertation\MScProject\Dataset\160844.doc,.doc,0.25,OK,
C:\Users\User\OneDrive\Documents\Uni\Dissertation\MScProject\Dataset\160847.doc,.doc,0.04,OK,
C:\Users\User\OneDrive\Documents\Uni\Dissertation\MScProject\Dataset\160849.doc,.doc,0.06,OK,
C:\Users\User\OneDrive\Documents\Uni\Dissertation\MScProject\Dataset\160930.xls,.xls,0.02,OK,
C:\Users\User\OneDrive\Documents\Uni\Dissertation\MScProject\Dataset\160933.xls,.xls,0.04,OK,
C:\Users\User\OneDrive\Documents\Uni\Dissertation\MScProject\Dataset\160935.xls,.xls,0.02,OK,
C:\Users\User\OneDrive\Documents\Uni\Dissertation\MScProject\Dataset\160936.xls,.xls,0.05,OK,
C:\Users\User\OneDrive\Documents\Uni\Dissertation\MScProject\Dataset\160937.xls,.xls,0.03,OK,
C:\Users\User\OneDrive\Documents\Uni\Dissertation\MScProject\Dataset\160939.xls,.xls,0.03,OK,
C:\Users\User\OneDrive\Documents\Uni\Dissertation\MScProject\Dataset\160940.xls,.xls,0.03,OK,
C:\Users\User\OneDrive\Documents\Uni\Dissertation\MScProject\Dataset\160941.xls,.xls,3.69,OK,
C:\Users\User\OneDrive\Documents\Uni\Dissertation\MScProject\Dataset\160942.xls,.xls,0.05,OK,
C:\Users\User\OneDrive\Documents\Uni\Dissertation\MScProject\Dataset\160945.xls,.xls,0.1,OK,
C:\Users\User\OneDrive\Documents\Uni\Dissertation\MScProject\Dataset\160946.xls,.xls,0.03,OK,
C:\Users\User\OneDrive\Documents\Uni\Dissertation\MScProject\Dataset\160947.xls,.xls,0.02,OK,
C:\Users\User\OneDrive\Documents\Uni\Dissertation\MScProject\Dataset\160949.xls,.xls,0.17,OK,
C:\Users\User\OneDrive\Documents\Uni\Dissertation\MScProject\Dataset\160950.xls,.xls,0.01,OK,
C:\Users\User\OneDrive\Documents\Uni\Dissertation\MScProject\Dataset\160951.xls,.xls,17.46,OK,
C:\Users\User\OneDrive\Documents\Uni\Dissertation\MScProject\Dataset\160952.xls,.xls,0.04,OK,
C:\Users\User\OneDrive\Documents\Uni\Dissertation\MScProject\Dataset\160953.xls,.xls,13.08,OK,
C:\Users\User\OneDrive\Documents\Uni\Dissertation\MScProject\Dataset\160967.doc,.doc,0.11,OK,
C:\Users\User\OneDrive\Documents\Uni\Dissertation\MScProject\Dataset\161057.xls,.xls,0.42,OK,
C:\Users\User\OneDrive\Documents\Uni\Dissertation\MScProject\Dataset\161070.xls,.xls,0.02,OK,
C:\Users\User\OneDrive\Documents\Uni\Dissertation\MScProject\Dataset\161071.xls,.xls,0.02,OK,
C:\Users\User\OneDrive\Documents\Uni\Dissertation\MScProject\Dataset\161076.xls,.xls,0.02,OK,
C:\Users\User\OneDrive\Documents\Uni\Dissertation\MScProject\Dataset\161153.doc,.doc,0.18,OK,
C:\Users\User\OneDrive\Documents\Uni\Dissertation\MScProject\Dataset\161229.doc,.doc,0.41,OK,
C:\Users\User\OneDrive\Documents\Uni\Dissertation\MScProject\Dataset\161231.doc,.doc,0.1,OK,
C:\Users\User\OneDrive\Documents\Uni\Dissertation\MScProject\Dataset\161301.doc,.doc,0.17,OK,
C:\Users\User\OneDrive\Documents\Uni\Dissertation\MScProject\Dataset\161302.doc,.doc,0.17,OK,
C:\Users\User\OneDrive\Documents\Uni\Dissertation\MScProject\Dataset\161303.xls,.xls,0.03,OK,
C:\Users\User\OneDrive\Documents\Uni\Dissertation\MScProject\Dataset\161304.doc,.doc,0.2,OK,
C:\Users\User\OneDrive\Documents\Uni\Dissertation\MScProject\Dataset\161305.xls,.xls,0.03,OK,
C:\Users\User\OneDrive\Documents\Uni\Dissertation\MScProject\Dataset\161308.doc,.doc,0.02,OK,
C:\Users\User\OneDrive\Documents\Uni\Dissertation\MScProject\Dataset\161310.xls,.xls,1.22,OK,
C:\Users\User\OneDrive\Documents\Uni\Dissertation\MScProject\Dataset\161312.doc,.doc,0.12,OK,
C:\Users\User\OneDrive\Documents\Uni\Dissertation\MScProject\Dataset\161313.doc,.doc,0.06,OK,
C:\Users\User\OneDrive\Documents\Uni\Dissertation\MScProject\Dataset\161314.doc,.doc,0.06,OK,
C:\Users\User\OneDrive\Documents\Uni\Dissertation\MScProject\Dataset\161315.doc,.doc,0.02,OK,
C:\Users\User\OneDrive\Documents\Uni\Dissertation\MScProject\Dataset\161318.doc,.doc,0.03,OK,
C:\Users\User\OneDrive\Documents\Uni\Dissertation\MScProject\Dataset\161319.doc,.doc,0.04,OK,
C:\Users\User\OneDrive\Documents\Uni\Dissertation\MScProject\Dataset\161320.doc,.doc,0.07,OK,
C:\Users\User\OneDrive\Documents\Uni\Dissertation\MScProject\Dataset\161321.doc,.doc,0.07,OK,
C:\Users\User\OneDrive\Documents\Uni\Dissertation\MScProject\Dataset\161324.doc,.doc,0.09,OK,
C:\Users\User\OneDrive\Documents\Uni\Dissertation\MScProject\Dataset\161327.doc,.doc,0.03,OK,
C:\Users\User\OneDrive\Documents\Uni\Dissertation\MScProject\Dataset\161328.doc,.doc,1.04,OK,
C:\Users\User\OneDrive\Documents\Uni\Dissertation\MScProject\Dataset\161329.doc,.doc,1.46,OK,
C:\Users\User\OneDrive\Documents\Uni\Dissertation\MScProject\Dataset\161330.doc,.doc,0.03,OK,
C:\Users\User\OneDrive\Documents\Uni\Dissertation\MScProject\Dataset\161333.doc,.doc,0.02,OK,
C:\Users\User\OneDrive\Documents\Uni\Dissertation\MScProject\Dataset\161335.doc,.doc,0.12,OK,
C:\Users\User\OneDrive\Documents\Uni\Dissertation\MScProject\Dataset\161495.xls,.xls,1.13,OK,
C:\Users\User\OneDrive\Documents\Uni\Dissertation\MScProject\Dataset\161496.xls,.xls,0.1,OK,
C:\Users\User\OneDrive\Documents\Uni\Dissertation\MScProject\Dataset\161497.xls,.xls,0.1,OK,
C:\Users\User\OneDrive\Documents\Uni\Dissertation\MScProject\Dataset\161498.xls,.xls,0.14,OK,
C:\Users\User\OneDrive\Documents\Uni\Dissertation\MScProject\Dataset\161499.xls,.xls,0.08,OK,
C:\Users\User\OneDrive\Documents\Uni\Dissertation\MScProject\Dataset\161500.xls,.xls,0.08,OK,
C:\Users\User\OneDrive\Documents\Uni\Dissertation\MScProject\Dataset\161501.xls,.xls,0.1,OK,
C:\Users\User\OneDrive\Documents\Uni\Dissertation\MScProject\Dataset\161502.xls,.xls,0.05,OK,
C:\Users\User\OneDrive\Documents\Uni\Dissertation\MScProject\Dataset\161503.xls,.xls,0.03,OK,
C:\Users\User\OneDrive\Documents\Uni\Dissertation\MScProject\Dataset\161505.xls,.xls,0.02,OK,
C:\Users\User\OneDrive\Documents\Uni\Dissertation\MScProject\Dataset\161507.xls,.xls,0.41,OK,
C:\Users\User\OneDrive\Documents\Uni\Dissertation\MScProject\Dataset\161508.xls,.xls,0.17,OK,
C:\Users\User\OneDrive\Documents\Uni\Dissertation\MScProject\Dataset\161510.xls,.xls,0.02,OK,
C:\Users\User\OneDrive\Documents\Uni\Dissertation\MScProject\Dataset\161511.xls,.xls,0.03,OK,
C:\Users\User\OneDrive\Documents\Uni\Dissertation\MScProject\Dataset\161513.xls,.xls,0.02,OK,
C:\Users\User\OneDrive\Documents\Uni\Dissertation\MScProject\Dataset\161515.xls,.xls,0.02,OK,
C:\Users\User\OneDrive\Documents\Uni\Dissertation\MScProject\Dataset\161517.xls,.xls,0.02,OK,
C:\Users\User\OneDrive\Documents\Uni\Dissertation\MScProject\Dataset\161518.xls,.xls,0.02,OK,
C:\Users\User\OneDrive\Documents\Uni\Dissertation\MScProject\Dataset\161519.xls,.xls,0.61,OK,
C:\Users\User\OneDrive\Documents\Uni\Dissertation\MScProject\Dataset\161520.xls,.xls,0.02,OK,
C:\Users\User\OneDrive\Documents\Uni\Dissertation\MScProject\Dataset\161594.doc,.doc,1.86,OK,
C:\Users\User\OneDrive\Documents\Uni\Dissertation\MScProject\Dataset\161604.xls,.xls,0.03,OK,
C:\Users\User\OneDrive\Documents\Uni\Dissertation\MScProject\Dataset\161612.doc,.doc,0.17,OK,
C:\Users\User\OneDrive\Documents\Uni\Dissertation\MScProject\Dataset\161635.doc,.doc,0.03,OK,
C:\Users\User\OneDrive\Documents\Uni\Dissertation\MScProject\Dataset\161653.doc,.doc,0.17,OK,
C:\Users\User\OneDrive\Documents\Uni\Dissertation\MScProject\Dataset\161654.doc,.doc,0.07,OK,
C:\Users\User\OneDrive\Documents\Uni\Dissertation\MScProject\Dataset\161656.xls,.xls,0.04,OK,
C:\Users\User\OneDrive\Documents\Uni\Dissertation\MScProject\Dataset\161657.doc,.doc,0.86,OK,
C:\Users\User\OneDrive\Documents\Uni\Dissertation\MScProject\Dataset\161679.xls,.xls,0.28,OK,
C:\Users\User\OneDrive\Documents\Uni\Dissertation\MScProject\Dataset\161686.doc,.doc,0.02,OK,
C:\Users\User\OneDrive\Documents\Uni\Dissertation\MScProject\Dataset\161732.xls,.xls,0.1,OK,
C:\Users\User\OneDrive\Documents\Uni\Dissertation\MScProject\Dataset\161747.doc,.doc,0.03,OK,
C:\Users\User\OneDrive\Documents\Uni\Dissertation\MScProject\Dataset\161750.doc,.doc,0.12,OK,
C:\Users\User\OneDrive\Documents\Uni\Dissertation\MScProject\Dataset\161770.doc,.doc,0.32,OK,
C:\Users\User\OneDrive\Documents\Uni\Dissertation\MScProject\Dataset\161771.doc,.doc,0.12,OK,
C:\Users\User\OneDrive\Documents\Uni\Dissertation\MScProject\Dataset\161773.doc,.doc,0.06,OK,
C:\Users\User\OneDrive\Documents\Uni\Dissertation\MScProject\Dataset\161774.doc,.doc,0.06,OK,
C:\Users\User\OneDrive\Documents\Uni\Dissertation\MScProject\Dataset\161775.doc,.doc,0.12,OK,
C:\Users\User\OneDrive\Documents\Uni\Dissertation\MScProject\Dataset\161776.doc,.doc,0.55,OK,
C:\Users\User\OneDrive\Documents\Uni\Dissertation\MScProject\Dataset\161777.doc,.doc,0.02,OK,
C:\Users\User\OneDrive\Documents\Uni\Dissertation\MScProject\Dataset\161778.doc,.doc,2.09,OK,
C:\Users\User\OneDrive\Documents\Uni\Dissertation\MScProject\Dataset\161779.doc,.doc,0.04,OK,
C:\Users\User\OneDrive\Documents\Uni\Dissertation\MScProject\Dataset\161780.doc,.doc,0.08,OK,
C:\Users\User\OneDrive\Documents\Uni\Dissertation\MScProject\Dataset\161781.doc,.doc,0.71,OK,
C:\Users\User\OneDrive\Documents\Uni\Dissertation\MScProject\Dataset\161784.doc,.doc,0.09,OK,
C:\Users\User\OneDrive\Documents\Uni\Dissertation\MScProject\Dataset\161785.doc,.doc,0.44,OK,
C:\Users\User\OneDrive\Documents\Uni\Dissertation\MScProject\Dataset\161786.doc,.doc,0.03,OK,
C:\Users\User\OneDrive\Documents\Uni\Dissertation\MScProject\Dataset\161787.doc,.doc,0.47,OK,
C:\Users\User\OneDrive\Documents\Uni\Dissertation\MScProject\Dataset\161788.doc,.doc,0.06,OK,
C:\Users\User\OneDrive\Documents\Uni\Dissertation\MScProject\Dataset\161789.doc,.doc,0.32,OK,
C:\Users\User\OneDrive\Documents\Uni\Dissertation\MScProject\Dataset\161792.doc,.doc,0.03,OK,
C:\Users\User\OneDrive\Documents\Uni\Dissertation\MScProject\Dataset\161793.doc,.doc,0.1,OK,
C:\Users\User\OneDrive\Documents\Uni\Dissertation\MScProject\Dataset\161794.doc,.doc,0.04,OK,
C:\Users\User\OneDrive\Documents\Uni\Dissertation\MScProject\Dataset\161796.doc,.doc,0.06,OK,
C:\Users\User\OneDrive\Documents\Uni\Dissertation\MScProject\Dataset\161797.doc,.doc,0.28,OK,
C:\Users\User\OneDrive\Documents\Uni\Dissertation\MScProject\Dataset\161798.doc,.doc,0.1,OK,
C:\Users\User\OneDrive\Documents\Uni\Dissertation\MScProject\Dataset\161801.doc,.doc,1.39,OK,
C:\Users\User\OneDrive\Documents\Uni\Dissertation\MScProject\Dataset\161802.doc,.doc,0.02,OK,
C:\Users\User\OneDrive\Documents\Uni\Dissertation\MScProject\Dataset\161803.doc,.doc,0.03,OK,
C:\Users\User\OneDrive\Documents\Uni\Dissertation\MScProject\Dataset\161804.doc,.doc,0.02,OK,
C:\Users\User\OneDrive\Documents\Uni\Dissertation\MScProject\Dataset\161805.doc,.doc,0.33,OK,
C:\Users\User\OneDrive\Documents\Uni\Dissertation\MScProject\Dataset\161807.doc,.doc,0.59,OK,
C:\Users\User\OneDrive\Documents\Uni\Dissertation\MScProject\Dataset\161808.doc,.doc,0.03,OK,
C:\Users\User\OneDrive\Documents\Uni\Dissertation\MScProject\Dataset\161809.doc,.doc,0.41,OK,
C:\Users\User\OneDrive\Documents\Uni\Dissertation\MScProject\Dataset\161812.doc,.doc,0.07,OK,
C:\Users\User\OneDrive\Documents\Uni\Dissertation\MScProject\Dataset\161883.doc,.doc,0.03,OK,
C:\Users\User\OneDrive\Documents\Uni\Dissertation\MScProject\Dataset\161898.xls,.xls,3.62,OK,
C:\Users\User\OneDrive\Documents\Uni\Dissertation\MScProject\Dataset\161899.xls,.xls,1.6,OK,
C:\Users\User\OneDrive\Documents\Uni\Dissertation\MScProject\Dataset\161900.xls,.xls,1.17,OK,
C:\Users\User\OneDrive\Documents\Uni\Dissertation\MScProject\Dataset\161901.xls,.xls,0.08,OK,
C:\Users\User\OneDrive\Documents\Uni\Dissertation\MScProject\Dataset\161902.xls,.xls,0.17,OK,
C:\Users\User\OneDrive\Documents\Uni\Dissertation\MScProject\Dataset\161903.xls,.xls,0.17,OK,
C:\Users\User\OneDrive\Documents\Uni\Dissertation\MScProject\Dataset\161904.xls,.xls,0.53,OK,
C:\Users\User\OneDrive\Documents\Uni\Dissertation\MScProject\Dataset\161905.doc,.doc,0.04,OK,
C:\Users\User\OneDrive\Documents\Uni\Dissertation\MScProject\Dataset\161906.xls,.xls,0.12,OK,
C:\Users\User\OneDrive\Documents\Uni\Dissertation\MScProject\Dataset\161907.xls,.xls,0.04,OK,
C:\Users\User\OneDrive\Documents\Uni\Dissertation\MScProject\Dataset\161908.xls,.xls,0.17,OK,
C:\Users\User\OneDrive\Documents\Uni\Dissertation\MScProject\Dataset\161909.xls,.xls,0.11,OK,
C:\Users\User\OneDrive\Documents\Uni\Dissertation\MScProject\Dataset\161910.xls,.xls,0.41,OK,
C:\Users\User\OneDrive\Documents\Uni\Dissertation\MScProject\Dataset\161911.xls,.xls,0.06,OK,
C:\Users\User\OneDrive\Documents\Uni\Dissertation\MScProject\Dataset\161912.xls,.xls,0.02,OK,
C:\Users\User\OneDrive\Documents\Uni\Dissertation\MScProject\Dataset\161913.xls,.xls,0.05,OK,
C:\Users\User\OneDrive\Documents\Uni\Dissertation\MScProject\Dataset\161914.xls,.xls,8.03,OK,
C:\Users\User\OneDrive\Documents\Uni\Dissertation\MScProject\Dataset\161915.xls,.xls,0.02,OK,
C:\Users\User\OneDrive\Documents\Uni\Dissertation\MScProject\Dataset\161916.xls,.xls,4.5,OK,
C:\Users\User\OneDrive\Documents\Uni\Dissertation\MScProject\Dataset\161917.xls,.xls,0.06,OK,
C:\Users\User\OneDrive\Documents\Uni\Dissertation\MScProject\Dataset\161918.xls,.xls,0.03,OK,
C:\Users\User\OneDrive\Documents\Uni\Dissertation\MScProject\Dataset\161919.xls,.xls,0.13,OK,
C:\Users\User\OneDrive\Documents\Uni\Dissertation\MScProject\Dataset\161920.xls,.xls,0.06,OK,
C:\Users\User\OneDrive\Documents\Uni\Dissertation\MScProject\Dataset\161922.xls,.xls,0.02,OK,
C:\Users\User\OneDrive\Documents\Uni\Dissertation\MScProject\Dataset\161923.xls,.xls,0.02,OK,
C:\Users\User\OneDrive\Documents\Uni\Dissertation\MScProject\Dataset\161926.xls,.xls,0.16,OK,
C:\Users\User\OneDrive\Documents\Uni\Dissertation\MScProject\Dataset\161927.xls,.xls,0.04,OK,
C:\Users\User\OneDrive\Documents\Uni\Dissertation\MScProject\Dataset\161928.xls,.xls,0.04,OK,
C:\Users\User\OneDrive\Documents\Uni\Dissertation\MScProject\Dataset\161929.xls,.xls,1.64,OK,
C:\Users\User\OneDrive\Documents\Uni\Dissertation\MScProject\Dataset\162014.xls,.xls,0.01,OK,
C:\Users\User\OneDrive\Documents\Uni\Dissertation\MScProject\Dataset\162022.xls,.xls,0.02,OK,
C:\Users\User\OneDrive\Documents\Uni\Dissertation\MScProject\Dataset\162023.xls,.xls,0.03,OK,
C:\Users\User\OneDrive\Documents\Uni\Dissertation\MScProject\Dataset\162046.xls,.xls,0.65,OK,
C:\Users\User\OneDrive\Documents\Uni\Dissertation\MScProject\Dataset\162070.doc,.doc,0.05,OK,
C:\Users\User\OneDrive\Documents\Uni\Dissertation\MScProject\Dataset\162314.doc,.doc,0.24,OK,
C:\Users\User\OneDrive\Documents\Uni\Dissertation\MScProject\Dataset\162316.doc,.doc,0.28,OK,
C:\Users\User\OneDrive\Documents\Uni\Dissertation\MScProject\Dataset\162319.doc,.doc,0.18,OK,
C:\Users\User\OneDrive\Documents\Uni\Dissertation\MScProject\Dataset\162320.doc,.doc,0.17,OK,
C:\Users\User\OneDrive\Documents\Uni\Dissertation\MScProject\Dataset\162322.doc,.doc,0.17,OK,
C:\Users\User\OneDrive\Documents\Uni\Dissertation\MScProject\Dataset\162325.doc,.doc,0.29,OK,
C:\Users\User\OneDrive\Documents\Uni\Dissertation\MScProject\Dataset\162330.doc,.doc,0.09,OK,
C:\Users\User\OneDrive\Documents\Uni\Dissertation\MScProject\Dataset\162369.xls,.xls,2.11,OK,
C:\Users\User\OneDrive\Documents\Uni\Dissertation\MScProject\Dataset\162370.xls,.xls,0.06,OK,
C:\Users\User\OneDrive\Documents\Uni\Dissertation\MScProject\Dataset\162371.xls,.xls,0.1,OK,
C:\Users\User\OneDrive\Documents\Uni\Dissertation\MScProject\Dataset\162393.doc,.doc,0.79,OK,
C:\Users\User\OneDrive\Documents\Uni\Dissertation\MScProject\Dataset\162400.xls,.xls,0.02,OK,
C:\Users\User\OneDrive\Documents\Uni\Dissertation\MScProject\Dataset\162401.xls,.xls,0.03,OK,
C:\Users\User\OneDrive\Documents\Uni\Dissertation\MScProject\Dataset\162402.xls,.xls,0.04,OK,
C:\Users\User\OneDrive\Documents\Uni\Dissertation\MScProject\Dataset\162405.xls,.xls,0.02,OK,
C:\Users\User\OneDrive\Documents\Uni\Dissertation\MScProject\Dataset\162406.xls,.xls,0.37,OK,
C:\Users\User\OneDrive\Documents\Uni\Dissertation\MScProject\Dataset\162407.xls,.xls,13.0,OK,
C:\Users\User\OneDrive\Documents\Uni\Dissertation\MScProject\Dataset\162411.xls,.xls,0.05,OK,
C:\Users\User\OneDrive\Documents\Uni\Dissertation\MScProject\Dataset\162412.xls,.xls,0.05,OK,
C:\Users\User\OneDrive\Documents\Uni\Dissertation\MScProject\Dataset\162413.xls,.xls,0.05,OK,
C:\Users\User\OneDrive\Documents\Uni\Dissertation\MScProject\Dataset\162414.xls,.xls,0.03,OK,
C:\Users\User\OneDrive\Documents\Uni\Dissertation\MScProject\Dataset\162415.xls,.xls,13.44,OK,
C:\Users\User\OneDrive\Documents\Uni\Dissertation\MScProject\Dataset\162416.xls,.xls,0.08,OK,
C:\Users\User\OneDrive\Documents\Uni\Dissertation\MScProject\Dataset\162447.xls,.xls,2.84,OK,
C:\Users\User\OneDrive\Documents\Uni\Dissertation\MScProject\Dataset\162512.xls,.xls,0.17,OK,
C:\Users\User\OneDrive\Documents\Uni\Dissertation\MScProject\Dataset\162518.xls,.xls,0.03,OK,
C:\Users\User\OneDrive\Documents\Uni\Dissertation\MScProject\Dataset\162533.xls,.xls,0.02,OK,
C:\Users\User\OneDrive\Documents\Uni\Dissertation\MScProject\Dataset\162545.doc,.doc,0.13,OK,
C:\Users\User\OneDrive\Documents\Uni\Dissertation\MScProject\Dataset\162546.doc,.doc,0.04,OK,
C:\Users\User\OneDrive\Documents\Uni\Dissertation\MScProject\Dataset\162547.doc,.doc,0.04,OK,
C:\Users\User\OneDrive\Documents\Uni\Dissertation\MScProject\Dataset\162548.doc,.doc,0.2,OK,
C:\Users\User\OneDrive\Documents\Uni\Dissertation\MScProject\Dataset\162549.doc,.doc,0.19,OK,
C:\Users\User\OneDrive\Documents\Uni\Dissertation\MScProject\Dataset\162550.doc,.doc,0.03,OK,
C:\Users\User\OneDrive\Documents\Uni\Dissertation\MScProject\Dataset\162551.doc,.doc,0.1,OK,
C:\Users\User\OneDrive\Documents\Uni\Dissertation\MScProject\Dataset\162552.doc,.doc,0.23,OK,
C:\Users\User\OneDrive\Documents\Uni\Dissertation\MScProject\Dataset\162553.doc,.doc,0.12,OK,
C:\Users\User\OneDrive\Documents\Uni\Dissertation\MScProject\Dataset\162554.doc,.doc,0.14,OK,
C:\Users\User\OneDrive\Documents\Uni\Dissertation\MScProject\Dataset\162555.doc,.doc,0.41,OK,
C:\Users\User\OneDrive\Documents\Uni\Dissertation\MScProject\Dataset\162556.doc,.doc,0.26,OK,
C:\Users\User\OneDrive\Documents\Uni\Dissertation\MScProject\Dataset\162557.doc,.doc,0.07,OK,
C:\Users\User\OneDrive\Documents\Uni\Dissertation\MScProject\Dataset\162558.doc,.doc,0.1,OK,
C:\Users\User\OneDrive\Documents\Uni\Dissertation\MScProject\Dataset\162559.doc,.doc,0.1,OK,
C:\Users\User\OneDrive\Documents\Uni\Dissertation\MScProject\Dataset\162562.doc,.doc,0.07,OK,
C:\Users\User\OneDrive\Documents\Uni\Dissertation\MScProject\Dataset\162563.doc,.doc,0.05,OK,
C:\Users\User\OneDrive\Documents\Uni\Dissertation\MScProject\Dataset\162564.doc,.doc,0.12,OK,
C:\Users\User\OneDrive\Documents\Uni\Dissertation\MScProject\Dataset\162567.doc,.doc,0.08,OK,
C:\Users\User\OneDrive\Documents\Uni\Dissertation\MScProject\Dataset\162568.doc,.doc,0.08,OK,
C:\Users\User\OneDrive\Documents\Uni\Dissertation\MScProject\Dataset\162569.doc,.doc,0.06,OK,
C:\Users\User\OneDrive\Documents\Uni\Dissertation\MScProject\Dataset\162570.doc,.doc,0.22,OK,
C:\Users\User\OneDrive\Documents\Uni\Dissertation\MScProject\Dataset\162571.doc,.doc,0.05,OK,
C:\Users\User\OneDrive\Documents\Uni\Dissertation\MScProject\Dataset\162572.doc,.doc,1.41,OK,
C:\Users\User\OneDrive\Documents\Uni\Dissertation\MScProject\Dataset\162573.doc,.doc,0.29,OK,
C:\Users\User\OneDrive\Documents\Uni\Dissertation\MScProject\Dataset\162574.doc,.doc,0.02,OK,
C:\Users\User\OneDrive\Documents\Uni\Dissertation\MScProject\Dataset\162603.xls,.xls,0.03,OK,
C:\Users\User\OneDrive\Documents\Uni\Dissertation\MScProject\Dataset\162656.xls,.xls,0.1,OK,
C:\Users\User\OneDrive\Documents\Uni\Dissertation\MScProject\Dataset\162657.xls,.xls,0.04,OK,
C:\Users\User\OneDrive\Documents\Uni\Dissertation\MScProject\Dataset\162658.xls,.xls,0.04,OK,
C:\Users\User\OneDrive\Documents\Uni\Dissertation\MScProject\Dataset\162659.xls,.xls,0.08,OK,
C:\Users\User\OneDrive\Documents\Uni\Dissertation\MScProject\Dataset\162660.xls,.xls,0.06,OK,
C:\Users\User\OneDrive\Documents\Uni\Dissertation\MScProject\Dataset\162663.xls,.xls,0.09,OK,
C:\Users\User\OneDrive\Documents\Uni\Dissertation\MScProject\Dataset\162664.xls,.xls,8.21,OK,
C:\Users\User\OneDrive\Documents\Uni\Dissertation\MScProject\Dataset\162665.xls,.xls,0.05,OK,
C:\Users\User\OneDrive\Documents\Uni\Dissertation\MScProject\Dataset\162666.xls,.xls,0.02,OK,
C:\Users\User\OneDrive\Documents\Uni\Dissertation\MScProject\Dataset\162667.xls,.xls,0.1,OK,
C:\Users\User\OneDrive\Documents\Uni\Dissertation\MScProject\Dataset\162669.xls,.xls,0.04,OK,
C:\Users\User\OneDrive\Documents\Uni\Dissertation\MScProject\Dataset\162670.xls,.xls,0.04,OK,
C:\Users\User\OneDrive\Documents\Uni\Dissertation\MScProject\Dataset\162671.xls,.xls,0.06,OK,
C:\Users\User\OneDrive\Documents\Uni\Dissertation\MScProject\Dataset\162675.xls,.xls,0.28,OK,
C:\Users\User\OneDrive\Documents\Uni\Dissertation\MScProject\Dataset\162678.xls,.xls,0.04,OK,
C:\Users\User\OneDrive\Documents\Uni\Dissertation\MScProject\Dataset\162679.doc,.doc,0.17,OK,
C:\Users\User\OneDrive\Documents\Uni\Dissertation\MScProject\Dataset\162680.doc,.doc,0.05,OK,
C:\Users\User\OneDrive\Documents\Uni\Dissertation\MScProject\Dataset\162681.xls,.xls,0.02,OK,
C:\Users\User\OneDrive\Documents\Uni\Dissertation\MScProject\Dataset\162682.doc,.doc,0.08,OK,
C:\Users\User\OneDrive\Documents\Uni\Dissertation\MScProject\Dataset\162684.doc,.doc,0.09,OK,
C:\Users\User\OneDrive\Documents\Uni\Dissertation\MScProject\Dataset\162685.xls,.xls,0.05,OK,
C:\Users\User\OneDrive\Documents\Uni\Dissertation\MScProject\Dataset\162686.xls,.xls,0.02,OK,
C:\Users\User\OneDrive\Documents\Uni\Dissertation\MScProject\Dataset\162689.xls,.xls,0.03,OK,
C:\Users\User\OneDrive\Documents\Uni\Dissertation\MScProject\Dataset\162690.xls,.xls,0.07,OK,
C:\Users\User\OneDrive\Documents\Uni\Dissertation\MScProject\Dataset\162791.doc,.doc,0.49,OK,
C:\Users\User\OneDrive\Documents\Uni\Dissertation\MScProject\Dataset\162792.doc,.doc,0.36,OK,
C:\Users\User\OneDrive\Documents\Uni\Dissertation\MScProject\Dataset\162850.doc,.doc,0.36,OK,
C:\Users\User\OneDrive\Documents\Uni\Dissertation\MScProject\Dataset\162862.doc,.doc,0.37,OK,
C:\Users\User\OneDrive\Documents\Uni\Dissertation\MScProject\Dataset\162873.doc,.doc,0.04,OK,
C:\Users\User\OneDrive\Documents\Uni\Dissertation\MScProject\Dataset\162874.doc,.doc,0.03,OK,
C:\Users\User\OneDrive\Documents\Uni\Dissertation\MScProject\Dataset\162893.doc,.doc,0.02,OK,
C:\Users\User\OneDrive\Documents\Uni\Dissertation\MScProject\Dataset\162894.doc,.doc,0.05,OK,
C:\Users\User\OneDrive\Documents\Uni\Dissertation\MScProject\Dataset\162895.doc,.doc,0.13,OK,
C:\Users\User\OneDrive\Documents\Uni\Dissertation\MScProject\Dataset\162896.doc,.doc,0.54,OK,
C:\Users\User\OneDrive\Documents\Uni\Dissertation\MScProject\Dataset\162898.doc,.doc,0.07,OK,
C:\Users\User\OneDrive\Documents\Uni\Dissertation\MScProject\Dataset\162899.doc,.doc,0.04,OK,
C:\Users\User\OneDrive\Documents\Uni\Dissertation\MScProject\Dataset\162900.doc,.doc,0.05,OK,
C:\Users\User\OneDrive\Documents\Uni\Dissertation\MScProject\Dataset\162901.doc,.doc,0.55,OK,
C:\Users\User\OneDrive\Documents\Uni\Dissertation\MScProject\Dataset\162902.doc,.doc,0.02,OK,
C:\Users\User\OneDrive\Documents\Uni\Dissertation\MScProject\Dataset\162903.doc,.doc,0.04,OK,
C:\Users\User\OneDrive\Documents\Uni\Dissertation\MScProject\Dataset\162904.doc,.doc,0.04,OK,
C:\Users\User\OneDrive\Documents\Uni\Dissertation\MScProject\Dataset\162905.doc,.doc,0.03,OK,
C:\Users\User\OneDrive\Documents\Uni\Dissertation\MScProject\Dataset\162908.doc,.doc,0.02,OK,
C:\Users\User\OneDrive\Documents\Uni\Dissertation\MScProject\Dataset\162911.doc,.doc,0.03,OK,
C:\Users\User\OneDrive\Documents\Uni\Dissertation\MScProject\Dataset\162913.doc,.doc,0.03,OK,
C:\Users\User\OneDrive\Documents\Uni\Dissertation\MScProject\Dataset\162916.doc,.doc,0.04,OK,
C:\Users\User\OneDrive\Documents\Uni\Dissertation\MScProject\Dataset\162918.doc,.doc,0.15,OK,
C:\Users\User\OneDrive\Documents\Uni\Dissertation\MScProject\Dataset\162919.doc,.doc,0.1,OK,
C:\Users\User\OneDrive\Documents\Uni\Dissertation\MScProject\Dataset\162935.xls,.xls,0.07,OK,
C:\Users\User\OneDrive\Documents\Uni\Dissertation\MScProject\Dataset\162977.doc,.doc,0.78,OK,
C:\Users\User\OneDrive\Documents\Uni\Dissertation\MScProject\Dataset\163075.xls,.xls,0.02,OK,
C:\Users\User\OneDrive\Documents\Uni\Dissertation\MScProject\Dataset\163077.xls,.xls,0.02,OK,
C:\Users\User\OneDrive\Documents\Uni\Dissertation\MScProject\Dataset\163078.xls,.xls,0.02,OK,
C:\Users\User\OneDrive\Documents\Uni\Dissertation\MScProject\Dataset\163085.doc,.doc,0.19,OK,
C:\Users\User\OneDrive\Documents\Uni\Dissertation\MScProject\Dataset\163094.xls,.xls,0.07,OK,
C:\Users\User\OneDrive\Documents\Uni\Dissertation\MScProject\Dataset\163099.doc,.doc,0.28,OK,
C:\Users\User\OneDrive\Documents\Uni\Dissertation\MScProject\Dataset\163100.doc,.doc,0.53,OK,
C:\Users\User\OneDrive\Documents\Uni\Dissertation\MScProject\Dataset\163106.doc,.doc,0.02,OK,
C:\Users\User\OneDrive\Documents\Uni\Dissertation\MScProject\Dataset\163108.doc,.doc,0.03,OK,
C:\Users\User\OneDrive\Documents\Uni\Dissertation\MScProject\Dataset\163111.doc,.doc,0.04,OK,
C:\Users\User\OneDrive\Documents\Uni\Dissertation\MScProject\Dataset\163114.doc,.doc,0.03,OK,
C:\Users\User\OneDrive\Documents\Uni\Dissertation\MScProject\Dataset\163118.doc,.doc,0.04,OK,
C:\Users\User\OneDrive\Documents\Uni\Dissertation\MScProject\Dataset\163127.doc,.doc,0.3,OK,
C:\Users\User\OneDrive\Documents\Uni\Dissertation\MScProject\Dataset\163153.xls,.xls,0.05,OK,
C:\Users\User\OneDrive\Documents\Uni\Dissertation\MScProject\Dataset\163170.doc,.doc,1.02,OK,
C:\Users\User\OneDrive\Documents\Uni\Dissertation\MScProject\Dataset\163217.doc,.doc,2.6,OK,
C:\Users\User\OneDrive\Documents\Uni\Dissertation\MScProject\Dataset\163218.doc,.doc,0.18,OK,
C:\Users\User\OneDrive\Documents\Uni\Dissertation\MScProject\Dataset\163311.doc,.doc,0.02,OK,
C:\Users\User\OneDrive\Documents\Uni\Dissertation\MScProject\Dataset\163312.doc,.doc,0.12,OK,
C:\Users\User\OneDrive\Documents\Uni\Dissertation\MScProject\Dataset\163314.doc,.doc,1.18,OK,
C:\Users\User\OneDrive\Documents\Uni\Dissertation\MScProject\Dataset\163315.doc,.doc,0.02,OK,
C:\Users\User\OneDrive\Documents\Uni\Dissertation\MScProject\Dataset\163316.doc,.doc,0.03,OK,
C:\Users\User\OneDrive\Documents\Uni\Dissertation\MScProject\Dataset\163317.doc,.doc,0.08,OK,
C:\Users\User\OneDrive\Documents\Uni\Dissertation\MScProject\Dataset\163318.doc,.doc,0.06,OK,
C:\Users\User\OneDrive\Documents\Uni\Dissertation\MScProject\Dataset\163323.doc,.doc,0.03,OK,
C:\Users\User\OneDrive\Documents\Uni\Dissertation\MScProject\Dataset\163324.doc,.doc,0.24,OK,
C:\Users\User\OneDrive\Documents\Uni\Dissertation\MScProject\Dataset\163325.doc,.doc,0.03,OK,
C:\Users\User\OneDrive\Documents\Uni\Dissertation\MScProject\Dataset\163326.doc,.doc,0.06,OK,
C:\Users\User\OneDrive\Documents\Uni\Dissertation\MScProject\Dataset\163327.doc,.doc,0.04,OK,
C:\Users\User\OneDrive\Documents\Uni\Dissertation\MScProject\Dataset\163328.doc,.doc,0.07,OK,
C:\Users\User\OneDrive\Documents\Uni\Dissertation\MScProject\Dataset\163329.doc,.doc,0.06,OK,
C:\Users\User\OneDrive\Documents\Uni\Dissertation\MScProject\Dataset\163330.doc,.doc,0.07,OK,
C:\Users\User\OneDrive\Documents\Uni\Dissertation\MScProject\Dataset\163332.doc,.doc,0.08,OK,
C:\Users\User\OneDrive\Documents\Uni\Dissertation\MScProject\Dataset\163334.doc,.doc,0.05,OK,
C:\Users\User\OneDrive\Documents\Uni\Dissertation\MScProject\Dataset\163335.doc,.doc,0.07,OK,
C:\Users\User\OneDrive\Documents\Uni\Dissertation\MScProject\Dataset\163336.doc,.doc,0.11,OK,
C:\Users\User\OneDrive\Documents\Uni\Dissertation\MScProject\Dataset\163338.doc,.doc,13.3,OK,
C:\Users\User\OneDrive\Documents\Uni\Dissertation\MScProject\Dataset\163340.doc,.doc,0.94,OK,
C:\Users\User\OneDrive\Documents\Uni\Dissertation\MScProject\Dataset\163341.doc,.doc,0.24,OK,
C:\Users\User\OneDrive\Documents\Uni\Dissertation\MScProject\Dataset\163342.doc,.doc,0.38,OK,
C:\Users\User\OneDrive\Documents\Uni\Dissertation\MScProject\Dataset\163343.doc,.doc,0.05,OK,
C:\Users\User\OneDrive\Documents\Uni\Dissertation\MScProject\Dataset\163344.doc,.doc,0.06,OK,
C:\Users\User\OneDrive\Documents\Uni\Dissertation\MScProject\Dataset\163345.doc,.doc,0.34,OK,
C:\Users\User\OneDrive\Documents\Uni\Dissertation\MScProject\Dataset\163367.doc,.doc,0.43,OK,
C:\Users\User\OneDrive\Documents\Uni\Dissertation\MScProject\Dataset\163385.doc,.doc,0.05,OK,
C:\Users\User\OneDrive\Documents\Uni\Dissertation\MScProject\Dataset\163391.doc,.doc,0.1,OK,
C:\Users\User\OneDrive\Documents\Uni\Dissertation\MScProject\Dataset\163394.doc,.doc,0.12,OK,
C:\Users\User\OneDrive\Documents\Uni\Dissertation\MScProject\Dataset\163398.doc,.doc,0.06,OK,
C:\Users\User\OneDrive\Documents\Uni\Dissertation\MScProject\Dataset\163401.doc,.doc,0.08,OK,
C:\Users\User\OneDrive\Documents\Uni\Dissertation\MScProject\Dataset\163403.doc,.doc,1.53,OK,
C:\Users\User\OneDrive\Documents\Uni\Dissertation\MScProject\Dataset\163407.doc,.doc,0.02,OK,
C:\Users\User\OneDrive\Documents\Uni\Dissertation\MScProject\Dataset\163408.doc,.doc,0.03,OK,
C:\Users\User\OneDrive\Documents\Uni\Dissertation\MScProject\Dataset\163409.xls,.xls,0.18,OK,
C:\Users\User\OneDrive\Documents\Uni\Dissertation\MScProject\Dataset\163410.xls,.xls,0.03,OK,
C:\Users\User\OneDrive\Documents\Uni\Dissertation\MScProject\Dataset\163411.xls,.xls,0.03,OK,
C:\Users\User\OneDrive\Documents\Uni\Dissertation\MScProject\Dataset\163412.xls,.xls,2.34,OK,
C:\Users\User\OneDrive\Documents\Uni\Dissertation\MScProject\Dataset\163413.xls,.xls,0.03,OK,
C:\Users\User\OneDrive\Documents\Uni\Dissertation\MScProject\Dataset\163558.xls,.xls,0.03,OK,
C:\Users\User\OneDrive\Documents\Uni\Dissertation\MScProject\Dataset\163633.xls,.xls,0.07,OK,
C:\Users\User\OneDrive\Documents\Uni\Dissertation\MScProject\Dataset\163656.xls,.xls,0.22,OK,
C:\Users\User\OneDrive\Documents\Uni\Dissertation\MScProject\Dataset\163691.doc,.doc,0.03,OK,
C:\Users\User\OneDrive\Documents\Uni\Dissertation\MScProject\Dataset\163692.doc,.doc,0.06,OK,
C:\Users\User\OneDrive\Documents\Uni\Dissertation\MScProject\Dataset\163693.doc,.doc,0.17,OK,
C:\Users\User\OneDrive\Documents\Uni\Dissertation\MScProject\Dataset\163695.doc,.doc,0.07,OK,
C:\Users\User\OneDrive\Documents\Uni\Dissertation\MScProject\Dataset\163698.doc,.doc,0.22,OK,
C:\Users\User\OneDrive\Documents\Uni\Dissertation\MScProject\Dataset\163699.doc,.doc,1.4,OK,
C:\Users\User\OneDrive\Documents\Uni\Dissertation\MScProject\Dataset\163701.doc,.doc,0.08,OK,
C:\Users\User\OneDrive\Documents\Uni\Dissertation\MScProject\Dataset\163703.doc,.doc,0.19,OK,
C:\Users\User\OneDrive\Documents\Uni\Dissertation\MScProject\Dataset\163705.doc,.doc,0.18,OK,
C:\Users\User\OneDrive\Documents\Uni\Dissertation\MScProject\Dataset\163707.doc,.doc,0.08,OK,
C:\Users\User\OneDrive\Documents\Uni\Dissertation\MScProject\Dataset\163721.doc,.doc,0.22,OK,
C:\Users\User\OneDrive\Documents\Uni\Dissertation\MScProject\Dataset\163728.doc,.doc,0.09,OK,
C:\Users\User\OneDrive\Documents\Uni\Dissertation\MScProject\Dataset\163729.doc,.doc,8.86,OK,
C:\Users\User\OneDrive\Documents\Uni\Dissertation\MScProject\Dataset\163731.xls,.xls,0.04,OK,
C:\Users\User\OneDrive\Documents\Uni\Dissertation\MScProject\Dataset\163734.doc,.doc,0.2,OK,
C:\Users\User\OneDrive\Documents\Uni\Dissertation\MScProject\Dataset\163736.doc,.doc,0.18,OK,
C:\Users\User\OneDrive\Documents\Uni\Dissertation\MScProject\Dataset\163737.xls,.xls,0.04,OK,
C:\Users\User\OneDrive\Documents\Uni\Dissertation\MScProject\Dataset\163738.doc,.doc,0.55,OK,
C:\Users\User\OneDrive\Documents\Uni\Dissertation\MScProject\Dataset\163740.xls,.xls,0.4,OK,
C:\Users\User\OneDrive\Documents\Uni\Dissertation\MScProject\Dataset\163741.xls,.xls,1.03,OK,
C:\Users\User\OneDrive\Documents\Uni\Dissertation\MScProject\Dataset\163742.doc,.doc,0.92,OK,
C:\Users\User\OneDrive\Documents\Uni\Dissertation\MScProject\Dataset\163757.xls,.xls,0.04,OK,
C:\Users\User\OneDrive\Documents\Uni\Dissertation\MScProject\Dataset\163835.xls,.xls,0.08,OK,
C:\Users\User\OneDrive\Documents\Uni\Dissertation\MScProject\Dataset\163836.xls,.xls,0.28,OK,
C:\Users\User\OneDrive\Documents\Uni\Dissertation\MScProject\Dataset\163837.xls,.xls,0.06,OK,
C:\Users\User\OneDrive\Documents\Uni\Dissertation\MScProject\Dataset\163839.xls,.xls,0.14,OK,
C:\Users\User\OneDrive\Documents\Uni\Dissertation\MScProject\Dataset\163840.xls,.xls,0.03,OK,
C:\Users\User\OneDrive\Documents\Uni\Dissertation\MScProject\Dataset\163842.xls,.xls,0.02,OK,
C:\Users\User\OneDrive\Documents\Uni\Dissertation\MScProject\Dataset\163844.xls,.xls,0.03,OK,
C:\Users\User\OneDrive\Documents\Uni\Dissertation\MScProject\Dataset\163845.xls,.xls,0.03,OK,
C:\Users\User\OneDrive\Documents\Uni\Dissertation\MScProject\Dataset\163846.xls,.xls,0.31,OK,
C:\Users\User\OneDrive\Documents\Uni\Dissertation\MScProject\Dataset\163848.xls,.xls,0.03,OK,
C:\Users\User\OneDrive\Documents\Uni\Dissertation\MScProject\Dataset\163850.xls,.xls,0.12,OK,
C:\Users\User\OneDrive\Documents\Uni\Dissertation\MScProject\Dataset\163852.doc,.doc,0.18,OK,
C:\Users\User\OneDrive\Documents\Uni\Dissertation\MScProject\Dataset\163853.xls,.xls,0.08,OK,
C:\Users\User\OneDrive\Documents\Uni\Dissertation\MScProject\Dataset\163854.xls,.xls,0.45,OK,
C:\Users\User\OneDrive\Documents\Uni\Dissertation\MScProject\Dataset\163857.xls,.xls,0.05,OK,
C:\Users\User\OneDrive\Documents\Uni\Dissertation\MScProject\Dataset\163858.xls,.xls,0.13,OK,
C:\Users\User\OneDrive\Documents\Uni\Dissertation\MScProject\Dataset\163862.xls,.xls,0.03,OK,
C:\Users\User\OneDrive\Documents\Uni\Dissertation\MScProject\Dataset\163863.xls,.xls,0.02,OK,
C:\Users\User\OneDrive\Documents\Uni\Dissertation\MScProject\Dataset\163864.xls,.xls,0.04,OK,
C:\Users\User\OneDrive\Documents\Uni\Dissertation\MScProject\Dataset\163865.doc,.doc,0.25,OK,
C:\Users\User\OneDrive\Documents\Uni\Dissertation\MScProject\Dataset\163866.xls,.xls,0.02,OK,
C:\Users\User\OneDrive\Documents\Uni\Dissertation\MScProject\Dataset\163867.xls,.xls,0.03,OK,
C:\Users\User\OneDrive\Documents\Uni\Dissertation\MScProject\Dataset\163868.xls,.xls,0.04,OK,
C:\Users\User\OneDrive\Documents\Uni\Dissertation\MScProject\Dataset\163869.xls,.xls,0.1,OK,
C:\Users\User\OneDrive\Documents\Uni\Dissertation\MScProject\Dataset\163899.doc,.doc,0.13,OK,
C:\Users\User\OneDrive\Documents\Uni\Dissertation\MScProject\Dataset\163912.doc,.doc,0.31,OK,
C:\Users\User\OneDrive\Documents\Uni\Dissertation\MScProject\Dataset\163930.doc,.doc,0.23,OK,
C:\Users\User\OneDrive\Documents\Uni\Dissertation\MScProject\Dataset\163972.doc,.doc,0.1,OK,
C:\Users\User\OneDrive\Documents\Uni\Dissertation\MScProject\Dataset\164009.xls,.xls,0.03,OK,
C:\Users\User\OneDrive\Documents\Uni\Dissertation\MScProject\Dataset\164039.doc,.doc,0.73,OK,
C:\Users\User\OneDrive\Documents\Uni\Dissertation\MScProject\Dataset\164059.doc,.doc,0.04,OK,
C:\Users\User\OneDrive\Documents\Uni\Dissertation\MScProject\Dataset\164162.xls,.xls,0.05,OK,
C:\Users\User\OneDrive\Documents\Uni\Dissertation\MScProject\Dataset\164163.xls,.xls,0.13,OK,
C:\Users\User\OneDrive\Documents\Uni\Dissertation\MScProject\Dataset\164164.xls,.xls,0.03,OK,
C:\Users\User\OneDrive\Documents\Uni\Dissertation\MScProject\Dataset\164166.xls,.xls,0.16,OK,
C:\Users\User\OneDrive\Documents\Uni\Dissertation\MScProject\Dataset\164168.xls,.xls,0.11,OK,
C:\Users\User\OneDrive\Documents\Uni\Dissertation\MScProject\Dataset\164170.xls,.xls,0.1,OK,
C:\Users\User\OneDrive\Documents\Uni\Dissertation\MScProject\Dataset\164172.xls,.xls,0.03,OK,
C:\Users\User\OneDrive\Documents\Uni\Dissertation\MScProject\Dataset\164174.xls,.xls,0.07,OK,
C:\Users\User\OneDrive\Documents\Uni\Dissertation\MScProject\Dataset\164176.xls,.xls,0.03,OK,
C:\Users\User\OneDrive\Documents\Uni\Dissertation\MScProject\Dataset\164177.xls,.xls,0.04,OK,
C:\Users\User\OneDrive\Documents\Uni\Dissertation\MScProject\Dataset\164178.xls,.xls,0.13,OK,
C:\Users\User\OneDrive\Documents\Uni\Dissertation\MScProject\Dataset\164179.xls,.xls,0.21,OK,
C:\Users\User\OneDrive\Documents\Uni\Dissertation\MScProject\Dataset\164181.xls,.xls,0.02,OK,
C:\Users\User\OneDrive\Documents\Uni\Dissertation\MScProject\Dataset\164182.xls,.xls,0.03,OK,
C:\Users\User\OneDrive\Documents\Uni\Dissertation\MScProject\Dataset\164184.xls,.xls,0.02,OK,
C:\Users\User\OneDrive\Documents\Uni\Dissertation\MScProject\Dataset\164185.xls,.xls,1.26,OK,
C:\Users\User\OneDrive\Documents\Uni\Dissertation\MScProject\Dataset\164187.xls,.xls,0.13,OK,
C:\Users\User\OneDrive\Documents\Uni\Dissertation\MScProject\Dataset\164189.xls,.xls,0.17,OK,
C:\Users\User\OneDrive\Documents\Uni\Dissertation\MScProject\Dataset\164191.xls,.xls,0.17,OK,
C:\Users\User\OneDrive\Documents\Uni\Dissertation\MScProject\Dataset\164193.xls,.xls,0.02,OK,
C:\Users\User\OneDrive\Documents\Uni\Dissertation\MScProject\Dataset\164195.xls,.xls,0.03,OK,
C:\Users\User\OneDrive\Documents\Uni\Dissertation\MScProject\Dataset\164196.xls,.xls,0.46,OK,
C:\Users\User\OneDrive\Documents\Uni\Dissertation\MScProject\Dataset\164197.xls,.xls,0.39,OK,
C:\Users\User\OneDrive\Documents\Uni\Dissertation\MScProject\Dataset\164198.xls,.xls,0.18,OK,
C:\Users\User\OneDrive\Documents\Uni\Dissertation\MScProject\Dataset\164199.xls,.xls,0.34,OK,
C:\Users\User\OneDrive\Documents\Uni\Dissertation\MScProject\Dataset\164200.xls,.xls,0.02,OK,
C:\Users\User\OneDrive\Documents\Uni\Dissertation\MScProject\Dataset\164201.xls,.xls,0.03,OK,
C:\Users\User\OneDrive\Documents\Uni\Dissertation\MScProject\Dataset\164203.xls,.xls,0.02,OK,
C:\Users\User\OneDrive\Documents\Uni\Dissertation\MScProject\Dataset\164205.xls,.xls,0.02,OK,
C:\Users\User\OneDrive\Documents\Uni\Dissertation\MScProject\Dataset\164206.xls,.xls,0.02,OK,
C:\Users\User\OneDrive\Documents\Uni\Dissertation\MScProject\Dataset\164207.xls,.xls,0.08,OK,
C:\Users\User\OneDrive\Documents\Uni\Dissertation\MScProject\Dataset\164208.xls,.xls,0.02,OK,
C:\Users\User\OneDrive\Documents\Uni\Dissertation\MScProject\Dataset\164385.doc,.doc,0.15,OK,
C:\Users\User\OneDrive\Documents\Uni\Dissertation\MScProject\Dataset\164386.doc,.doc,0.04,OK,
C:\Users\User\OneDrive\Documents\Uni\Dissertation\MScProject\Dataset\164397.doc,.doc,0.03,OK,
C:\Users\User\OneDrive\Documents\Uni\Dissertation\MScProject\Dataset\164401.doc,.doc,0.08,OK,
C:\Users\User\OneDrive\Documents\Uni\Dissertation\MScProject\Dataset\164402.doc,.doc,0.05,OK,
C:\Users\User\OneDrive\Documents\Uni\Dissertation\MScProject\Dataset\164404.doc,.doc,0.03,OK,
C:\Users\User\OneDrive\Documents\Uni\Dissertation\MScProject\Dataset\164405.doc,.doc,0.1,OK,
C:\Users\User\OneDrive\Documents\Uni\Dissertation\MScProject\Dataset\164408.doc,.doc,0.29,OK,
C:\Users\User\OneDrive\Documents\Uni\Dissertation\MScProject\Dataset\164410.doc,.doc,0.05,OK,
C:\Users\User\OneDrive\Documents\Uni\Dissertation\MScProject\Dataset\164412.doc,.doc,0.13,OK,
C:\Users\User\OneDrive\Documents\Uni\Dissertation\MScProject\Dataset\164414.doc,.doc,0.09,OK,
C:\Users\User\OneDrive\Documents\Uni\Dissertation\MScProject\Dataset\164415.doc,.doc,0.03,OK,
C:\Users\User\OneDrive\Documents\Uni\Dissertation\MScProject\Dataset\164417.doc,.doc,0.16,OK,
C:\Users\User\OneDrive\Documents\Uni\Dissertation\MScProject\Dataset\164418.doc,.doc,0.32,OK,
C:\Users\User\OneDrive\Documents\Uni\Dissertation\MScProject\Dataset\164419.doc,.doc,0.03,OK,
C:\Users\User\OneDrive\Documents\Uni\Dissertation\MScProject\Dataset\164420.doc,.doc,0.05,OK,
C:\Users\User\OneDrive\Documents\Uni\Dissertation\MScProject\Dataset\164422.doc,.doc,0.1,OK,
C:\Users\User\OneDrive\Documents\Uni\Dissertation\MScProject\Dataset\164423.doc,.doc,0.22,OK,
C:\Users\User\OneDrive\Documents\Uni\Dissertation\MScProject\Dataset\164466.doc,.doc,0.03,OK,
C:\Users\User\OneDrive\Documents\Uni\Dissertation\MScProject\Dataset\164470.doc,.doc,0.03,OK,
C:\Users\User\OneDrive\Documents\Uni\Dissertation\MScProject\Dataset\164477.xls,.xls,0.02,OK,
C:\Users\User\OneDrive\Documents\Uni\Dissertation\MScProject\Dataset\164481.doc,.doc,0.09,OK,
C:\Users\User\OneDrive\Documents\Uni\Dissertation\MScProject\Dataset\164489.doc,.doc,0.21,OK,
C:\Users\User\OneDrive\Documents\Uni\Dissertation\MScProject\Dataset\164492.doc,.doc,0.12,OK,
C:\Users\User\OneDrive\Documents\Uni\Dissertation\MScProject\Dataset\164506.doc,.doc,0.02,OK,
C:\Users\User\OneDrive\Documents\Uni\Dissertation\MScProject\Dataset\164508.doc,.doc,0.05,OK,
C:\Users\User\OneDrive\Documents\Uni\Dissertation\MScProject\Dataset\164514.doc,.doc,0.07,OK,
C:\Users\User\OneDrive\Documents\Uni\Dissertation\MScProject\Dataset\164525.doc,.doc,0.74,OK,
C:\Users\User\OneDrive\Documents\Uni\Dissertation\MScProject\Dataset\164566.doc,.doc,0.05,OK,
C:\Users\User\OneDrive\Documents\Uni\Dissertation\MScProject\Dataset\164567.doc,.doc,0.05,OK,
C:\Users\User\OneDrive\Documents\Uni\Dissertation\MScProject\Dataset\164568.doc,.doc,0.61,OK,
C:\Users\User\OneDrive\Documents\Uni\Dissertation\MScProject\Dataset\164569.doc,.doc,0.03,OK,
C:\Users\User\OneDrive\Documents\Uni\Dissertation\MScProject\Dataset\164570.doc,.doc,0.35,OK,
C:\Users\User\OneDrive\Documents\Uni\Dissertation\MScProject\Dataset\164615.xls,.xls,0.02,OK,
C:\Users\User\OneDrive\Documents\Uni\Dissertation\MScProject\Dataset\164616.xls,.xls,0.02,OK,
C:\Users\User\OneDrive\Documents\Uni\Dissertation\MScProject\Dataset\164642.doc,.doc,0.19,OK,
C:\Users\User\OneDrive\Documents\Uni\Dissertation\MScProject\Dataset\164694.doc,.doc,0.18,OK,
C:\Users\User\OneDrive\Documents\Uni\Dissertation\MScProject\Dataset\164695.doc,.doc,0.09,OK,
C:\Users\User\OneDrive\Documents\Uni\Dissertation\MScProject\Dataset\164697.doc,.doc,0.06,OK,
C:\Users\User\OneDrive\Documents\Uni\Dissertation\MScProject\Dataset\164698.doc,.doc,0.07,OK,
C:\Users\User\OneDrive\Documents\Uni\Dissertation\MScProject\Dataset\164699.doc,.doc,0.05,OK,
C:\Users\User\OneDrive\Documents\Uni\Dissertation\MScProject\Dataset\164701.doc,.doc,0.06,OK,
C:\Users\User\OneDrive\Documents\Uni\Dissertation\MScProject\Dataset\164702.doc,.doc,0.04,OK,
C:\Users\User\OneDrive\Documents\Uni\Dissertation\MScProject\Dataset\164703.doc,.doc,0.07,OK,
C:\Users\User\OneDrive\Documents\Uni\Dissertation\MScProject\Dataset\164704.doc,.doc,0.06,OK,
C:\Users\User\OneDrive\Documents\Uni\Dissertation\MScProject\Dataset\164705.doc,.doc,0.09,OK,
C:\Users\User\OneDrive\Documents\Uni\Dissertation\MScProject\Dataset\164706.doc,.doc,0.03,OK,
C:\Users\User\OneDrive\Documents\Uni\Dissertation\MScProject\Dataset\164707.doc,.doc,0.09,OK,
C:\Users\User\OneDrive\Documents\Uni\Dissertation\MScProject\Dataset\164710.doc,.doc,0.11,OK,
C:\Users\User\OneDrive\Documents\Uni\Dissertation\MScProject\Dataset\164711.doc,.doc,0.06,OK,
C:\Users\User\OneDrive\Documents\Uni\Dissertation\MScProject\Dataset\164712.doc,.doc,0.04,OK,
C:\Users\User\OneDrive\Documents\Uni\Dissertation\MScProject\Dataset\164713.doc,.doc,2.09,OK,
C:\Users\User\OneDrive\Documents\Uni\Dissertation\MScProject\Dataset\164714.doc,.doc,0.04,OK,
C:\Users\User\OneDrive\Documents\Uni\Dissertation\MScProject\Dataset\164716.doc,.doc,0.03,OK,
C:\Users\User\OneDrive\Documents\Uni\Dissertation\MScProject\Dataset\164717.doc,.doc,0.03,OK,
C:\Users\User\OneDrive\Documents\Uni\Dissertation\MScProject\Dataset\164718.doc,.doc,0.04,OK,
C:\Users\User\OneDrive\Documents\Uni\Dissertation\MScProject\Dataset\164719.doc,.doc,0.33,OK,
C:\Users\User\OneDrive\Documents\Uni\Dissertation\MScProject\Dataset\164721.doc,.doc,0.04,OK,
C:\Users\User\OneDrive\Documents\Uni\Dissertation\MScProject\Dataset\164735.xls,.xls,0.11,OK,
C:\Users\User\OneDrive\Documents\Uni\Dissertation\MScProject\Dataset\164750.xls,.xls,0.05,OK,
C:\Users\User\OneDrive\Documents\Uni\Dissertation\MScProject\Dataset\164807.xls,.xls,1.61,OK,
C:\Users\User\OneDrive\Documents\Uni\Dissertation\MScProject\Dataset\164808.xls,.xls,0.01,OK,
C:\Users\User\OneDrive\Documents\Uni\Dissertation\MScProject\Dataset\164810.xls,.xls,0.32,OK,
C:\Users\User\OneDrive\Documents\Uni\Dissertation\MScProject\Dataset\164811.xls,.xls,0.02,OK,
C:\Users\User\OneDrive\Documents\Uni\Dissertation\MScProject\Dataset\164812.xls,.xls,0.55,OK,
C:\Users\User\OneDrive\Documents\Uni\Dissertation\MScProject\Dataset\164813.xls,.xls,0.07,OK,
C:\Users\User\OneDrive\Documents\Uni\Dissertation\MScProject\Dataset\164815.xls,.xls,0.03,OK,
C:\Users\User\OneDrive\Documents\Uni\Dissertation\MScProject\Dataset\164816.xls,.xls,0.02,OK,
C:\Users\User\OneDrive\Documents\Uni\Dissertation\MScProject\Dataset\164820.xls,.xls,0.03,OK,
C:\Users\User\OneDrive\Documents\Uni\Dissertation\MScProject\Dataset\164822.xls,.xls,0.02,OK,
C:\Users\User\OneDrive\Documents\Uni\Dissertation\MScProject\Dataset\164824.xls,.xls,0.16,OK,
C:\Users\User\OneDrive\Documents\Uni\Dissertation\MScProject\Dataset\164825.xls,.xls,0.45,OK,
C:\Users\User\OneDrive\Documents\Uni\Dissertation\MScProject\Dataset\164827.xls,.xls,0.03,OK,
C:\Users\User\OneDrive\Documents\Uni\Dissertation\MScProject\Dataset\164957.doc,.doc,0.04,OK,
C:\Users\User\OneDrive\Documents\Uni\Dissertation\MScProject\Dataset\164960.doc,.doc,0.06,OK,
C:\Users\User\OneDrive\Documents\Uni\Dissertation\MScProject\Dataset\164961.doc,.doc,0.04,OK,
C:\Users\User\OneDrive\Documents\Uni\Dissertation\MScProject\Dataset\164962.doc,.doc,0.07,OK,
C:\Users\User\OneDrive\Documents\Uni\Dissertation\MScProject\Dataset\164963.doc,.doc,0.21,OK,
C:\Users\User\OneDrive\Documents\Uni\Dissertation\MScProject\Dataset\164964.doc,.doc,0.16,OK,
C:\Users\User\OneDrive\Documents\Uni\Dissertation\MScProject\Dataset\165071.doc,.doc,0.09,OK,
C:\Users\User\OneDrive\Documents\Uni\Dissertation\MScProject\Dataset\165072.doc,.doc,0.02,OK,
C:\Users\User\OneDrive\Documents\Uni\Dissertation\MScProject\Dataset\165089.doc,.doc,0.04,OK,
C:\Users\User\OneDrive\Documents\Uni\Dissertation\MScProject\Dataset\165128.xls,.xls,0.01,OK,
C:\Users\User\OneDrive\Documents\Uni\Dissertation\MScProject\Dataset\165129.xls,.xls,0.02,OK,
C:\Users\User\OneDrive\Documents\Uni\Dissertation\MScProject\Dataset\165131.xls,.xls,0.07,OK,
C:\Users\User\OneDrive\Documents\Uni\Dissertation\MScProject\Dataset\165134.xls,.xls,0.05,OK,
C:\Users\User\OneDrive\Documents\Uni\Dissertation\MScProject\Dataset\165138.xls,.xls,0.09,OK,
C:\Users\User\OneDrive\Documents\Uni\Dissertation\MScProject\Dataset\165184.xls,.xls,0.02,OK,
C:\Users\User\OneDrive\Documents\Uni\Dissertation\MScProject\Dataset\165247.doc,.doc,0.37,OK,
C:\Users\User\OneDrive\Documents\Uni\Dissertation\MScProject\Dataset\165252.xls,.xls,0.02,OK,
C:\Users\User\OneDrive\Documents\Uni\Dissertation\MScProject\Dataset\165253.doc,.doc,0.03,OK,
C:\Users\User\OneDrive\Documents\Uni\Dissertation\MScProject\Dataset\165254.doc,.doc,2.29,OK,
C:\Users\User\OneDrive\Documents\Uni\Dissertation\MScProject\Dataset\165269.xls,.xls,0.03,OK,
C:\Users\User\OneDrive\Documents\Uni\Dissertation\MScProject\Dataset\165298.xls,.xls,0.39,OK,
C:\Users\User\OneDrive\Documents\Uni\Dissertation\MScProject\Dataset\165310.xls,.xls,0.16,OK,
C:\Users\User\OneDrive\Documents\Uni\Dissertation\MScProject\Dataset\165349.doc,.doc,0.28,OK,
C:\Users\User\OneDrive\Documents\Uni\Dissertation\MScProject\Dataset\165352.xls,.xls,0.48,OK,
C:\Users\User\OneDrive\Documents\Uni\Dissertation\MScProject\Dataset\165353.xls,.xls,0.53,OK,
C:\Users\User\OneDrive\Documents\Uni\Dissertation\MScProject\Dataset\165355.xls,.xls,0.04,OK,
C:\Users\User\OneDrive\Documents\Uni\Dissertation\MScProject\Dataset\165370.doc,.doc,0.05,OK,
C:\Users\User\OneDrive\Documents\Uni\Dissertation\MScProject\Dataset\165371.xls,.xls,0.01,OK,
C:\Users\User\OneDrive\Documents\Uni\Dissertation\MScProject\Dataset\165372.doc,.doc,0.08,OK,
C:\Users\User\OneDrive\Documents\Uni\Dissertation\MScProject\Dataset\165373.doc,.doc,0.08,OK,
C:\Users\User\OneDrive\Documents\Uni\Dissertation\MScProject\Dataset\165374.xls,.xls,0.06,OK,
C:\Users\User\OneDrive\Documents\Uni\Dissertation\MScProject\Dataset\165375.doc,.doc,0.06,OK,
C:\Users\User\OneDrive\Documents\Uni\Dissertation\MScProject\Dataset\165376.doc,.doc,0.1,OK,
C:\Users\User\OneDrive\Documents\Uni\Dissertation\MScProject\Dataset\165377.doc,.doc,0.08,OK,
C:\Users\User\OneDrive\Documents\Uni\Dissertation\MScProject\Dataset\165378.doc,.doc,0.21,OK,
C:\Users\User\OneDrive\Documents\Uni\Dissertation\MScProject\Dataset\165379.doc,.doc,0.04,OK,
C:\Users\User\OneDrive\Documents\Uni\Dissertation\MScProject\Dataset\165380.doc,.doc,0.1,OK,
C:\Users\User\OneDrive\Documents\Uni\Dissertation\MScProject\Dataset\165381.doc,.doc,0.08,OK,
C:\Users\User\OneDrive\Documents\Uni\Dissertation\MScProject\Dataset\165382.doc,.doc,0.05,OK,
C:\Users\User\OneDrive\Documents\Uni\Dissertation\MScProject\Dataset\165383.xls,.xls,0.07,OK,
C:\Users\User\OneDrive\Documents\Uni\Dissertation\MScProject\Dataset\165384.xls,.xls,0.04,OK,
C:\Users\User\OneDrive\Documents\Uni\Dissertation\MScProject\Dataset\165385.doc,.doc,0.3,OK,
C:\Users\User\OneDrive\Documents\Uni\Dissertation\MScProject\Dataset\165386.doc,.doc,0.1,OK,
C:\Users\User\OneDrive\Documents\Uni\Dissertation\MScProject\Dataset\165388.xls,.xls,0.06,OK,
C:\Users\User\OneDrive\Documents\Uni\Dissertation\MScProject\Dataset\165389.doc,.doc,0.24,OK,
C:\Users\User\OneDrive\Documents\Uni\Dissertation\MScProject\Dataset\165390.xls,.xls,0.11,OK,
C:\Users\User\OneDrive\Documents\Uni\Dissertation\MScProject\Dataset\165448.doc,.doc,0.39,OK,
C:\Users\User\OneDrive\Documents\Uni\Dissertation\MScProject\Dataset\165453.xls,.xls,0.04,OK,
C:\Users\User\OneDrive\Documents\Uni\Dissertation\MScProject\Dataset\165515.doc,.doc,1.7,OK,
C:\Users\User\OneDrive\Documents\Uni\Dissertation\MScProject\Dataset\165557.doc,.doc,1.36,OK,
C:\Users\User\OneDrive\Documents\Uni\Dissertation\MScProject\Dataset\165574.doc,.doc,0.13,OK,
C:\Users\User\OneDrive\Documents\Uni\Dissertation\MScProject\Dataset\165587.doc,.doc,0.32,OK,
C:\Users\User\OneDrive\Documents\Uni\Dissertation\MScProject\Dataset\165618.doc,.doc,0.63,OK,
C:\Users\User\OneDrive\Documents\Uni\Dissertation\MScProject\Dataset\165619.doc,.doc,0.04,OK,
C:\Users\User\OneDrive\Documents\Uni\Dissertation\MScProject\Dataset\165620.doc,.doc,0.2,OK,
C:\Users\User\OneDrive\Documents\Uni\Dissertation\MScProject\Dataset\165621.doc,.doc,1.21,OK,
C:\Users\User\OneDrive\Documents\Uni\Dissertation\MScProject\Dataset\165673.xls,.xls,0.03,OK,
C:\Users\User\OneDrive\Documents\Uni\Dissertation\MScProject\Dataset\165675.xls,.xls,0.03,OK,
C:\Users\User\OneDrive\Documents\Uni\Dissertation\MScProject\Dataset\165678.xls,.xls,0.07,OK,
C:\Users\User\OneDrive\Documents\Uni\Dissertation\MScProject\Dataset\165679.xls,.xls,0.5,OK,
C:\Users\User\OneDrive\Documents\Uni\Dissertation\MScProject\Dataset\165680.xls,.xls,0.27,OK,
C:\Users\User\OneDrive\Documents\Uni\Dissertation\MScProject\Dataset\165684.xls,.xls,0.2,OK,
C:\Users\User\OneDrive\Documents\Uni\Dissertation\MScProject\Dataset\165685.xls,.xls,0.22,OK,
C:\Users\User\OneDrive\Documents\Uni\Dissertation\MScProject\Dataset\165686.xls,.xls,0.18,OK,
C:\Users\User\OneDrive\Documents\Uni\Dissertation\MScProject\Dataset\165794.doc,.doc,0.4,OK,
C:\Users\User\OneDrive\Documents\Uni\Dissertation\MScProject\Dataset\165808.doc,.doc,0.55,OK,
C:\Users\User\OneDrive\Documents\Uni\Dissertation\MScProject\Dataset\165810.doc,.doc,0.12,OK,
C:\Users\User\OneDrive\Documents\Uni\Dissertation\MScProject\Dataset\165811.doc,.doc,0.75,OK,
C:\Users\User\OneDrive\Documents\Uni\Dissertation\MScProject\Dataset\165828.doc,.doc,0.24,OK,
C:\Users\User\OneDrive\Documents\Uni\Dissertation\MScProject\Dataset\165902.doc,.doc,0.12,OK,
C:\Users\User\OneDrive\Documents\Uni\Dissertation\MScProject\Dataset\165903.doc,.doc,0.35,OK,
C:\Users\User\OneDrive\Documents\Uni\Dissertation\MScProject\Dataset\165978.doc,.doc,0.05,OK,
C:\Users\User\OneDrive\Documents\Uni\Dissertation\MScProject\Dataset\165979.doc,.doc,0.06,OK,
C:\Users\User\OneDrive\Documents\Uni\Dissertation\MScProject\Dataset\165980.doc,.doc,0.06,OK,
C:\Users\User\OneDrive\Documents\Uni\Dissertation\MScProject\Dataset\165981.doc,.doc,0.02,OK,
C:\Users\User\OneDrive\Documents\Uni\Dissertation\MScProject\Dataset\165983.doc,.doc,0.09,OK,
C:\Users\User\OneDrive\Documents\Uni\Dissertation\MScProject\Dataset\165987.doc,.doc,0.03,OK,
C:\Users\User\OneDrive\Documents\Uni\Dissertation\MScProject\Dataset\165992.doc,.doc,0.15,OK,
C:\Users\User\OneDrive\Documents\Uni\Dissertation\MScProject\Dataset\165997.doc,.doc,0.03,OK,
C:\Users\User\OneDrive\Documents\Uni\Dissertation\MScProject\Dataset\166001.doc,.doc,0.3,OK,
C:\Users\User\OneDrive\Documents\Uni\Dissertation\MScProject\Dataset\166053.doc,.doc,0.12,OK,
C:\Users\User\OneDrive\Documents\Uni\Dissertation\MScProject\Dataset\166057.doc,.doc,0.03,OK,
C:\Users\User\OneDrive\Documents\Uni\Dissertation\MScProject\Dataset\166300.xls,.xls,0.05,OK,
C:\Users\User\OneDrive\Documents\Uni\Dissertation\MScProject\Dataset\166356.xls,.xls,0.02,OK,
C:\Users\User\OneDrive\Documents\Uni\Dissertation\MScProject\Dataset\166467.xls,.xls,0.04,OK,
C:\Users\User\OneDrive\Documents\Uni\Dissertation\MScProject\Dataset\166468.xls,.xls,0.27,OK,
C:\Users\User\OneDrive\Documents\Uni\Dissertation\MScProject\Dataset\166496.xls,.xls,0.21,OK,
C:\Users\User\OneDrive\Documents\Uni\Dissertation\MScProject\Dataset\166500.xls,.xls,0.17,OK,
C:\Users\User\OneDrive\Documents\Uni\Dissertation\MScProject\Dataset\166506.xls,.xls,0.02,OK,
C:\Users\User\OneDrive\Documents\Uni\Dissertation\MScProject\Dataset\166545.doc,.doc,4.85,OK,
C:\Users\User\OneDrive\Documents\Uni\Dissertation\MScProject\Dataset\166547.doc,.doc,0.03,OK,
C:\Users\User\OneDrive\Documents\Uni\Dissertation\MScProject\Dataset\166579.xls,.xls,0.02,OK,
C:\Users\User\OneDrive\Documents\Uni\Dissertation\MScProject\Dataset\166580.xls,.xls,0.05,OK,
C:\Users\User\OneDrive\Documents\Uni\Dissertation\MScProject\Dataset\166624.xls,.xls,0.04,OK,
C:\Users\User\OneDrive\Documents\Uni\Dissertation\MScProject\Dataset\166694.doc,.doc,0.05,OK,
C:\Users\User\OneDrive\Documents\Uni\Dissertation\MScProject\Dataset\166695.doc,.doc,0.03,OK,
C:\Users\User\OneDrive\Documents\Uni\Dissertation\MScProject\Dataset\166699.doc,.doc,0.04,OK,
C:\Users\User\OneDrive\Documents\Uni\Dissertation\MScProject\Dataset\166794.xls,.xls,0.03,OK,
C:\Users\User\OneDrive\Documents\Uni\Dissertation\MScProject\Dataset\166818.xls,.xls,8.21,OK,
C:\Users\User\OneDrive\Documents\Uni\Dissertation\MScProject\Dataset\166819.xls,.xls,12.7,OK,
C:\Users\User\OneDrive\Documents\Uni\Dissertation\MScProject\Dataset\166821.xls,.xls,12.74,OK,
C:\Users\User\OneDrive\Documents\Uni\Dissertation\MScProject\Dataset\166823.xls,.xls,0.04,OK,
C:\Users\User\OneDrive\Documents\Uni\Dissertation\MScProject\Dataset\166824.xls,.xls,3.41,OK,
C:\Users\User\OneDrive\Documents\Uni\Dissertation\MScProject\Dataset\166825.xls,.xls,0.04,OK,
C:\Users\User\OneDrive\Documents\Uni\Dissertation\MScProject\Dataset\166827.xls,.xls,0.07,OK,
C:\Users\User\OneDrive\Documents\Uni\Dissertation\MScProject\Dataset\166828.xls,.xls,0.03,OK,
C:\Users\User\OneDrive\Documents\Uni\Dissertation\MScProject\Dataset\166832.xls,.xls,0.03,OK,
C:\Users\User\OneDrive\Documents\Uni\Dissertation\MScProject\Dataset\166834.xls,.xls,0.08,OK,
C:\Users\User\OneDrive\Documents\Uni\Dissertation\MScProject\Dataset\166837.xls,.xls,0.04,OK,
C:\Users\User\OneDrive\Documents\Uni\Dissertation\MScProject\Dataset\166839.xls,.xls,0.03,OK,
C:\Users\User\OneDrive\Documents\Uni\Dissertation\MScProject\Dataset\166840.xls,.xls,0.05,OK,
C:\Users\User\OneDrive\Documents\Uni\Dissertation\MScProject\Dataset\166841.xls,.xls,0.16,OK,
C:\Users\User\OneDrive\Documents\Uni\Dissertation\MScProject\Dataset\166842.xls,.xls,0.08,OK,
C:\Users\User\OneDrive\Documents\Uni\Dissertation\MScProject\Dataset\166843.xls,.xls,0.08,OK,
C:\Users\User\OneDrive\Documents\Uni\Dissertation\MScProject\Dataset\166959.xls,.xls,1.5,OK,
C:\Users\User\OneDrive\Documents\Uni\Dissertation\MScProject\Dataset\167004.xls,.xls,0.03,OK,
C:\Users\User\OneDrive\Documents\Uni\Dissertation\MScProject\Dataset\167011.xls,.xls,0.05,OK,
C:\Users\User\OneDrive\Documents\Uni\Dissertation\MScProject\Dataset\167022.xls,.xls,0.03,OK,
C:\Users\User\OneDrive\Documents\Uni\Dissertation\MScProject\Dataset\167023.xls,.xls,0.03,OK,
C:\Users\User\OneDrive\Documents\Uni\Dissertation\MScProject\Dataset\167024.xls,.xls,0.09,OK,
C:\Users\User\OneDrive\Documents\Uni\Dissertation\MScProject\Dataset\167091.doc,.doc,0.06,OK,
C:\Users\User\OneDrive\Documents\Uni\Dissertation\MScProject\Dataset\167092.doc,.doc,2.15,OK,
C:\Users\User\OneDrive\Documents\Uni\Dissertation\MScProject\Dataset\167093.doc,.doc,0.09,OK,
C:\Users\User\OneDrive\Documents\Uni\Dissertation\MScProject\Dataset\167094.doc,.doc,0.16,OK,
C:\Users\User\OneDrive\Documents\Uni\Dissertation\MScProject\Dataset\167095.doc,.doc,2.5,OK,
C:\Users\User\OneDrive\Documents\Uni\Dissertation\MScProject\Dataset\167096.doc,.doc,0.1,OK,
C:\Users\User\OneDrive\Documents\Uni\Dissertation\MScProject\Dataset\167102.doc,.doc,0.71,OK,
C:\Users\User\OneDrive\Documents\Uni\Dissertation\MScProject\Dataset\167239.doc,.doc,0.04,OK,
C:\Users\User\OneDrive\Documents\Uni\Dissertation\MScProject\Dataset\167240.doc,.doc,0.05,OK,
C:\Users\User\OneDrive\Documents\Uni\Dissertation\MScProject\Dataset\167241.doc,.doc,0.97,OK,
C:\Users\User\OneDrive\Documents\Uni\Dissertation\MScProject\Dataset\167316.doc,.doc,0.03,OK,
C:\Users\User\OneDrive\Documents\Uni\Dissertation\MScProject\Dataset\167324.doc,.doc,0.2,OK,
C:\Users\User\OneDrive\Documents\Uni\Dissertation\MScProject\Dataset\167325.doc,.doc,0.04,OK,
C:\Users\User\OneDrive\Documents\Uni\Dissertation\MScProject\Dataset\167326.doc,.doc,0.1,OK,
C:\Users\User\OneDrive\Documents\Uni\Dissertation\MScProject\Dataset\167327.doc,.doc,0.13,OK,
C:\Users\User\OneDrive\Documents\Uni\Dissertation\MScProject\Dataset\167329.doc,.doc,0.06,OK,
C:\Users\User\OneDrive\Documents\Uni\Dissertation\MScProject\Dataset\167330.doc,.doc,0.05,OK,
C:\Users\User\OneDrive\Documents\Uni\Dissertation\MScProject\Dataset\167332.doc,.doc,0.13,OK,
C:\Users\User\OneDrive\Documents\Uni\Dissertation\MScProject\Dataset\167333.doc,.doc,0.3,OK,
C:\Users\User\OneDrive\Documents\Uni\Dissertation\MScProject\Dataset\167334.doc,.doc,0.8,OK,
C:\Users\User\OneDrive\Documents\Uni\Dissertation\MScProject\Dataset\167335.doc,.doc,0.1,OK,
C:\Users\User\OneDrive\Documents\Uni\Dissertation\MScProject\Dataset\167337.doc,.doc,0.09,OK,
C:\Users\User\OneDrive\Documents\Uni\Dissertation\MScProject\Dataset\167432.xls,.xls,1.68,OK,
C:\Users\User\OneDrive\Documents\Uni\Dissertation\MScProject\Dataset\167433.xls,.xls,0.05,OK,
C:\Users\User\OneDrive\Documents\Uni\Dissertation\MScProject\Dataset\167437.xls,.xls,0.02,OK,
C:\Users\User\OneDrive\Documents\Uni\Dissertation\MScProject\Dataset\167438.xls,.xls,48.33,OK,
C:\Users\User\OneDrive\Documents\Uni\Dissertation\MScProject\Dataset\167443.xls,.xls,0.11,OK,
C:\Users\User\OneDrive\Documents\Uni\Dissertation\MScProject\Dataset\167445.xls,.xls,0.09,OK,
C:\Users\User\OneDrive\Documents\Uni\Dissertation\MScProject\Dataset\167453.xls,.xls,0.01,OK,
C:\Users\User\OneDrive\Documents\Uni\Dissertation\MScProject\Dataset\167454.xls,.xls,0.38,OK,
C:\Users\User\OneDrive\Documents\Uni\Dissertation\MScProject\Dataset\167456.xls,.xls,0.03,OK,
C:\Users\User\OneDrive\Documents\Uni\Dissertation\MScProject\Dataset\167584.xls,.xls,0.07,OK,
C:\Users\User\OneDrive\Documents\Uni\Dissertation\MScProject\Dataset\167698.xls,.xls,0.09,OK,
C:\Users\User\OneDrive\Documents\Uni\Dissertation\MScProject\Dataset\167699.xls,.xls,0.07,OK,
C:\Users\User\OneDrive\Documents\Uni\Dissertation\MScProject\Dataset\167757.doc,.doc,0.08,OK,
C:\Users\User\OneDrive\Documents\Uni\Dissertation\MScProject\Dataset\167758.doc,.doc,0.26,OK,
C:\Users\User\OneDrive\Documents\Uni\Dissertation\MScProject\Dataset\167769.doc,.doc,0.08,OK,
C:\Users\User\OneDrive\Documents\Uni\Dissertation\MScProject\Dataset\167770.doc,.doc,0.12,OK,
C:\Users\User\OneDrive\Documents\Uni\Dissertation\MScProject\Dataset\167771.doc,.doc,0.28,OK,
C:\Users\User\OneDrive\Documents\Uni\Dissertation\MScProject\Dataset\167772.doc,.doc,0.14,OK,
C:\Users\User\OneDrive\Documents\Uni\Dissertation\MScProject\Dataset\167773.doc,.doc,0.12,OK,
C:\Users\User\OneDrive\Documents\Uni\Dissertation\MScProject\Dataset\167774.doc,.doc,0.2,OK,
C:\Users\User\OneDrive\Documents\Uni\Dissertation\MScProject\Dataset\167776.doc,.doc,0.13,OK,
C:\Users\User\OneDrive\Documents\Uni\Dissertation\MScProject\Dataset\167777.doc,.doc,0.04,OK,
C:\Users\User\OneDrive\Documents\Uni\Dissertation\MScProject\Dataset\167781.doc,.doc,0.09,OK,
C:\Users\User\OneDrive\Documents\Uni\Dissertation\MScProject\Dataset\167782.doc,.doc,0.19,OK,
C:\Users\User\OneDrive\Documents\Uni\Dissertation\MScProject\Dataset\167783.doc,.doc,1.55,OK,
C:\Users\User\OneDrive\Documents\Uni\Dissertation\MScProject\Dataset\167784.doc,.doc,0.02,OK,
C:\Users\User\OneDrive\Documents\Uni\Dissertation\MScProject\Dataset\167785.doc,.doc,0.05,OK,
C:\Users\User\OneDrive\Documents\Uni\Dissertation\MScProject\Dataset\167787.doc,.doc,0.04,OK,
C:\Users\User\OneDrive\Documents\Uni\Dissertation\MScProject\Dataset\167788.doc,.doc,0.07,OK,
C:\Users\User\OneDrive\Documents\Uni\Dissertation\MScProject\Dataset\167792.doc,.doc,0.05,OK,
C:\Users\User\OneDrive\Documents\Uni\Dissertation\MScProject\Dataset\167800.doc,.doc,0.02,OK,
C:\Users\User\OneDrive\Documents\Uni\Dissertation\MScProject\Dataset\167801.doc,.doc,0.03,OK,
C:\Users\User\OneDrive\Documents\Uni\Dissertation\MScProject\Dataset\167802.doc,.doc,0.08,OK,
C:\Users\User\OneDrive\Documents\Uni\Dissertation\MScProject\Dataset\167869.xls,.xls,0.08,OK,
C:\Users\User\OneDrive\Documents\Uni\Dissertation\MScProject\Dataset\167870.xls,.xls,0.06,OK,
C:\Users\User\OneDrive\Documents\Uni\Dissertation\MScProject\Dataset\167871.xls,.xls,0.03,OK,
C:\Users\User\OneDrive\Documents\Uni\Dissertation\MScProject\Dataset\167875.xls,.xls,0.02,OK,
C:\Users\User\OneDrive\Documents\Uni\Dissertation\MScProject\Dataset\167876.xls,.xls,1.54,OK,
C:\Users\User\OneDrive\Documents\Uni\Dissertation\MScProject\Dataset\167877.xls,.xls,0.02,OK,
C:\Users\User\OneDrive\Documents\Uni\Dissertation\MScProject\Dataset\167878.xls,.xls,0.91,OK,
C:\Users\User\OneDrive\Documents\Uni\Dissertation\MScProject\Dataset\167879.xls,.xls,0.54,OK,
C:\Users\User\OneDrive\Documents\Uni\Dissertation\MScProject\Dataset\167883.xls,.xls,4.48,OK,
C:\Users\User\OneDrive\Documents\Uni\Dissertation\MScProject\Dataset\167885.xls,.xls,0.08,OK,
C:\Users\User\OneDrive\Documents\Uni\Dissertation\MScProject\Dataset\167886.xls,.xls,0.01,OK,
C:\Users\User\OneDrive\Documents\Uni\Dissertation\MScProject\Dataset\167887.xls,.xls,0.02,OK,
C:\Users\User\OneDrive\Documents\Uni\Dissertation\MScProject\Dataset\167888.xls,.xls,8.71,OK,
C:\Users\User\OneDrive\Documents\Uni\Dissertation\MScProject\Dataset\167890.xls,.xls,4.48,OK,
C:\Users\User\OneDrive\Documents\Uni\Dissertation\MScProject\Dataset\167917.doc,.doc,0.06,OK,
C:\Users\User\OneDrive\Documents\Uni\Dissertation\MScProject\Dataset\168063.xls,.xls,0.02,OK,
C:\Users\User\OneDrive\Documents\Uni\Dissertation\MScProject\Dataset\168243.xls,.xls,0.02,OK,
C:\Users\User\OneDrive\Documents\Uni\Dissertation\MScProject\Dataset\168244.xls,.xls,0.12,OK,
C:\Users\User\OneDrive\Documents\Uni\Dissertation\MScProject\Dataset\168246.xls,.xls,0.04,OK,
C:\Users\User\OneDrive\Documents\Uni\Dissertation\MScProject\Dataset\168248.xls,.xls,0.07,OK,
C:\Users\User\OneDrive\Documents\Uni\Dissertation\MScProject\Dataset\168249.xls,.xls,0.07,OK,
C:\Users\User\OneDrive\Documents\Uni\Dissertation\MScProject\Dataset\168619.xls,.xls,0.06,OK,
C:\Users\User\OneDrive\Documents\Uni\Dissertation\MScProject\Dataset\168622.xls,.xls,0.02,OK,
C:\Users\User\OneDrive\Documents\Uni\Dissertation\MScProject\Dataset\168624.xls,.xls,0.38,OK,
C:\Users\User\OneDrive\Documents\Uni\Dissertation\MScProject\Dataset\168627.xls,.xls,0.17,OK,
C:\Users\User\OneDrive\Documents\Uni\Dissertation\MScProject\Dataset\168628.xls,.xls,0.04,OK,
C:\Users\User\OneDrive\Documents\Uni\Dissertation\MScProject\Dataset\168633.xls,.xls,0.02,OK,
C:\Users\User\OneDrive\Documents\Uni\Dissertation\MScProject\Dataset\168634.xls,.xls,0.02,OK,
C:\Users\User\OneDrive\Documents\Uni\Dissertation\MScProject\Dataset\168635.xls,.xls,0.23,OK,
C:\Users\User\OneDrive\Documents\Uni\Dissertation\MScProject\Dataset\168639.xls,.xls,0.02,OK,
C:\Users\User\OneDrive\Documents\Uni\Dissertation\MScProject\Dataset\168640.xls,.xls,0.66,OK,
C:\Users\User\OneDrive\Documents\Uni\Dissertation\MScProject\Dataset\168641.xls,.xls,0.08,OK,
C:\Users\User\OneDrive\Documents\Uni\Dissertation\MScProject\Dataset\168642.xls,.xls,0.06,OK,
C:\Users\User\OneDrive\Documents\Uni\Dissertation\MScProject\Dataset\168643.xls,.xls,0.23,OK,
C:\Users\User\OneDrive\Documents\Uni\Dissertation\MScProject\Dataset\168644.xls,.xls,0.18,OK,
C:\Users\User\OneDrive\Documents\Uni\Dissertation\MScProject\Dataset\168645.xls,.xls,0.18,OK,
C:\Users\User\OneDrive\Documents\Uni\Dissertation\MScProject\Dataset\168647.xls,.xls,0.96,OK,
C:\Users\User\OneDrive\Documents\Uni\Dissertation\MScProject\Dataset\168648.xls,.xls,0.09,OK,
C:\Users\User\OneDrive\Documents\Uni\Dissertation\MScProject\Dataset\168650.xls,.xls,0.07,OK,
C:\Users\User\OneDrive\Documents\Uni\Dissertation\MScProject\Dataset\168651.xls,.xls,0.09,OK,
C:\Users\User\OneDrive\Documents\Uni\Dissertation\MScProject\Dataset\168789.xls,.xls,0.21,OK,
C:\Users\User\OneDrive\Documents\Uni\Dissertation\MScProject\Dataset\168942.xls,.xls,0.11,OK,
C:\Users\User\OneDrive\Documents\Uni\Dissertation\MScProject\Dataset\168946.xls,.xls,0.11,OK,
C:\Users\User\OneDrive\Documents\Uni\Dissertation\MScProject\Dataset\168947.xls,.xls,0.04,OK,
C:\Users\User\OneDrive\Documents\Uni\Dissertation\MScProject\Dataset\168951.xls,.xls,0.21,OK,
C:\Users\User\OneDrive\Documents\Uni\Dissertation\MScProject\Dataset\168953.xls,.xls,9.42,OK,
C:\Users\User\OneDrive\Documents\Uni\Dissertation\MScProject\Dataset\169129.xls,.xls,0.05,OK,
C:\Users\User\OneDrive\Documents\Uni\Dissertation\MScProject\Dataset\169133.xls,.xls,0.03,OK,
C:\Users\User\OneDrive\Documents\Uni\Dissertation\MScProject\Dataset\169135.xls,.xls,1.04,OK,
C:\Users\User\OneDrive\Documents\Uni\Dissertation\MScProject\Dataset\169137.xls,.xls,0.06,OK,
C:\Users\User\OneDrive\Documents\Uni\Dissertation\MScProject\Dataset\169270.xls,.xls,0.03,OK,
C:\Users\User\OneDrive\Documents\Uni\Dissertation\MScProject\Dataset\169274.xls,.xls,0.02,OK,
C:\Users\User\OneDrive\Documents\Uni\Dissertation\MScProject\Dataset\169278.xls,.xls,0.15,OK,
C:\Users\User\OneDrive\Documents\Uni\Dissertation\MScProject\Dataset\169280.xls,.xls,0.03,OK,
C:\Users\User\OneDrive\Documents\Uni\Dissertation\MScProject\Dataset\169281.xls,.xls,0.02,OK,
C:\Users\User\OneDrive\Documents\Uni\Dissertation\MScProject\Dataset\169282.xls,.xls,0.05,OK,
C:\Users\User\OneDrive\Documents\Uni\Dissertation\MScProject\Dataset\169283.xls,.xls,0.44,OK,
C:\Users\User\OneDrive\Documents\Uni\Dissertation\MScProject\Dataset\169285.xls,.xls,0.07,OK,
C:\Users\User\OneDrive\Documents\Uni\Dissertation\MScProject\Dataset\169288.xls,.xls,0.04,OK,
C:\Users\User\OneDrive\Documents\Uni\Dissertation\MScProject\Dataset\169289.xls,.xls,0.05,OK,
C:\Users\User\OneDrive\Documents\Uni\Dissertation\MScProject\Dataset\169290.xls,.xls,0.1,OK,
C:\Users\User\OneDrive\Documents\Uni\Dissertation\MScProject\Dataset\169291.xls,.xls,0.04,OK,
C:\Users\User\OneDrive\Documents\Uni\Dissertation\MScProject\Dataset\169292.xls,.xls,0.08,OK,
C:\Users\User\OneDrive\Documents\Uni\Dissertation\MScProject\Dataset\169293.xls,.xls,0.13,OK,
C:\Users\User\OneDrive\Documents\Uni\Dissertation\MScProject\Dataset\169294.xls,.xls,0.26,OK,
C:\Users\User\OneDrive\Documents\Uni\Dissertation\MScProject\Dataset\169297.xls,.xls,0.06,OK,
C:\Users\User\OneDrive\Documents\Uni\Dissertation\MScProject\Dataset\169298.xls,.xls,0.32,OK,
C:\Users\User\OneDrive\Documents\Uni\Dissertation\MScProject\Dataset\169357.xls,.xls,0.07,OK,
C:\Users\User\OneDrive\Documents\Uni\Dissertation\MScProject\Dataset\169382.xls,.xls,0.04,OK,
C:\Users\User\OneDrive\Documents\Uni\Dissertation\MScProject\Dataset\169408.xls,.xls,0.02,OK,
C:\Users\User\OneDrive\Documents\Uni\Dissertation\MScProject\Dataset\169416.xls,.xls,0.02,OK,
C:\Users\User\OneDrive\Documents\Uni\Dissertation\MScProject\Dataset\169588.xls,.xls,0.14,OK,
C:\Users\User\OneDrive\Documents\Uni\Dissertation\MScProject\Dataset\169666.xls,.xls,0.49,OK,
C:\Users\User\OneDrive\Documents\Uni\Dissertation\MScProject\Dataset\169668.xls,.xls,0.24,OK,
C:\Users\User\OneDrive\Documents\Uni\Dissertation\MScProject\Dataset\169729.xls,.xls,0.08,OK,
C:\Users\User\OneDrive\Documents\Uni\Dissertation\MScProject\Dataset\169918.xls,.xls,0.03,OK,
C:\Users\User\OneDrive\Documents\Uni\Dissertation\MScProject\Dataset\170012.xls,.xls,0.02,OK,
C:\Users\User\OneDrive\Documents\Uni\Dissertation\MScProject\Dataset\170018.xls,.xls,0.24,OK,
C:\Users\User\OneDrive\Documents\Uni\Dissertation\MScProject\Dataset\170020.xls,.xls,0.03,OK,
C:\Users\User\OneDrive\Documents\Uni\Dissertation\MScProject\Dataset\170022.xls,.xls,0.04,OK,
C:\Users\User\OneDrive\Documents\Uni\Dissertation\MScProject\Dataset\170024.xls,.xls,0.08,OK,
C:\Users\User\OneDrive\Documents\Uni\Dissertation\MScProject\Dataset\170028.xls,.xls,0.2,OK,
C:\Users\User\OneDrive\Documents\Uni\Dissertation\MScProject\Dataset\170032.xls,.xls,0.02,OK,
C:\Users\User\OneDrive\Documents\Uni\Dissertation\MScProject\Dataset\170140.xls,.xls,0.02,OK,
C:\Users\User\OneDrive\Documents\Uni\Dissertation\MScProject\Dataset\170141.xls,.xls,0.1,OK,
C:\Users\User\OneDrive\Documents\Uni\Dissertation\MScProject\Dataset\170144.xls,.xls,0.26,OK,
C:\Users\User\OneDrive\Documents\Uni\Dissertation\MScProject\Dataset\170146.xls,.xls,0.03,OK,
C:\Users\User\OneDrive\Documents\Uni\Dissertation\MScProject\Dataset\170148.xls,.xls,0.05,OK,
C:\Users\User\OneDrive\Documents\Uni\Dissertation\MScProject\Dataset\170150.xls,.xls,0.05,OK,
C:\Users\User\OneDrive\Documents\Uni\Dissertation\MScProject\Dataset\170154.xls,.xls,0.06,OK,
C:\Users\User\OneDrive\Documents\Uni\Dissertation\MScProject\Dataset\170156.xls,.xls,0.02,OK,
C:\Users\User\OneDrive\Documents\Uni\Dissertation\MScProject\Dataset\170158.xls,.xls,0.14,OK,
C:\Users\User\OneDrive\Documents\Uni\Dissertation\MScProject\Dataset\170160.xls,.xls,0.06,OK,
C:\Users\User\OneDrive\Documents\Uni\Dissertation\MScProject\Dataset\170164.xls,.xls,0.03,OK,
C:\Users\User\OneDrive\Documents\Uni\Dissertation\MScProject\Dataset\170166.xls,.xls,0.03,OK,
C:\Users\User\OneDrive\Documents\Uni\Dissertation\MScProject\Dataset\170168.xls,.xls,0.02,OK,
C:\Users\User\OneDrive\Documents\Uni\Dissertation\MScProject\Dataset\170170.xls,.xls,0.04,OK,
C:\Users\User\OneDrive\Documents\Uni\Dissertation\MScProject\Dataset\170172.xls,.xls,0.05,OK,
C:\Users\User\OneDrive\Documents\Uni\Dissertation\MScProject\Dataset\170174.xls,.xls,0.03,OK,
C:\Users\User\OneDrive\Documents\Uni\Dissertation\MScProject\Dataset\170432.xls,.xls,0.26,OK,
C:\Users\User\OneDrive\Documents\Uni\Dissertation\MScProject\Dataset\170435.xls,.xls,2.32,OK,
C:\Users\User\OneDrive\Documents\Uni\Dissertation\MScProject\Dataset\170436.xls,.xls,0.05,OK,
C:\Users\User\OneDrive\Documents\Uni\Dissertation\MScProject\Dataset\170446.xls,.xls,2.67,OK,
C:\Users\User\OneDrive\Documents\Uni\Dissertation\MScProject\Dataset\170448.xls,.xls,2.42,OK,
C:\Users\User\OneDrive\Documents\Uni\Dissertation\MScProject\Dataset\170449.xls,.xls,16.59,OK,
C:\Users\User\OneDrive\Documents\Uni\Dissertation\MScProject\Dataset\170510.xls,.xls,0.04,OK,
C:\Users\User\OneDrive\Documents\Uni\Dissertation\MScProject\Dataset\170700.xls,.xls,0.1,OK,
C:\Users\User\OneDrive\Documents\Uni\Dissertation\MScProject\Dataset\170925.xls,.xls,0.02,OK,
C:\Users\User\OneDrive\Documents\Uni\Dissertation\MScProject\Dataset\170927.xls,.xls,0.02,OK,
C:\Users\User\OneDrive\Documents\Uni\Dissertation\MScProject\Dataset\171069.xls,.xls,0.09,OK,
C:\Users\User\OneDrive\Documents\Uni\Dissertation\MScProject\Dataset\171089.xls,.xls,0.05,OK,
C:\Users\User\OneDrive\Documents\Uni\Dissertation\MScProject\Dataset\171239.xls,.xls,0.31,OK,
C:\Users\User\OneDrive\Documents\Uni\Dissertation\MScProject\Dataset\171338.xls,.xls,0.05,OK,
C:\Users\User\OneDrive\Documents\Uni\Dissertation\MScProject\Dataset\171340.xls,.xls,0.02,OK,
C:\Users\User\OneDrive\Documents\Uni\Dissertation\MScProject\Dataset\171341.xls,.xls,0.05,OK,
C:\Users\User\OneDrive\Documents\Uni\Dissertation\MScProject\Dataset\171342.xls,.xls,0.03,OK,
C:\Users\User\OneDrive\Documents\Uni\Dissertation\MScProject\Dataset\171343.xls,.xls,0.05,OK,
C:\Users\User\OneDrive\Documents\Uni\Dissertation\MScProject\Dataset\171346.xls,.xls,0.49,OK,
C:\Users\User\OneDrive\Documents\Uni\Dissertation\MScProject\Dataset\171347.xls,.xls,0.5,OK,
C:\Users\User\OneDrive\Documents\Uni\Dissertation\MScProject\Dataset\171350.xls,.xls,0.17,OK,
C:\Users\User\OneDrive\Documents\Uni\Dissertation\MScProject\Dataset\171351.xls,.xls,0.13,OK,
C:\Users\User\OneDrive\Documents\Uni\Dissertation\MScProject\Dataset\171353.xls,.xls,0.26,OK,
C:\Users\User\OneDrive\Documents\Uni\Dissertation\MScProject\Dataset\171626.xls,.xls,10.18,OK,
C:\Users\User\OneDrive\Documents\Uni\Dissertation\MScProject\Dataset\171627.xls,.xls,0.03,OK,
C:\Users\User\OneDrive\Documents\Uni\Dissertation\MScProject\Dataset\171628.xls,.xls,0.02,OK,
C:\Users\User\OneDrive\Documents\Uni\Dissertation\MScProject\Dataset\171629.xls,.xls,0.35,OK,
C:\Users\User\OneDrive\Documents\Uni\Dissertation\MScProject\Dataset\171631.xls,.xls,4.86,OK,
C:\Users\User\OneDrive\Documents\Uni\Dissertation\MScProject\Dataset\171632.xls,.xls,0.1,OK,
C:\Users\User\OneDrive\Documents\Uni\Dissertation\MScProject\Dataset\171710.xls,.xls,0.15,OK,
C:\Users\User\OneDrive\Documents\Uni\Dissertation\MScProject\Dataset\171788.xls,.xls,0.03,OK,
C:\Users\User\OneDrive\Documents\Uni\Dissertation\MScProject\Dataset\171792.xls,.xls,0.04,OK,
C:\Users\User\OneDrive\Documents\Uni\Dissertation\MScProject\Dataset\171795.xls,.xls,0.07,OK,
C:\Users\User\OneDrive\Documents\Uni\Dissertation\MScProject\Dataset\171848.xls,.xls,0.27,OK,
C:\Users\User\OneDrive\Documents\Uni\Dissertation\MScProject\Dataset\171988.xls,.xls,0.56,OK,
C:\Users\User\OneDrive\Documents\Uni\Dissertation\MScProject\Dataset\171989.xls,.xls,0.49,OK,
C:\Users\User\OneDrive\Documents\Uni\Dissertation\MScProject\Dataset\172146.xls,.xls,0.08,OK,
C:\Users\User\OneDrive\Documents\Uni\Dissertation\MScProject\Dataset\172147.xls,.xls,0.05,OK,
C:\Users\User\OneDrive\Documents\Uni\Dissertation\MScProject\Dataset\172148.xls,.xls,0.05,OK,
C:\Users\User\OneDrive\Documents\Uni\Dissertation\MScProject\Dataset\172149.xls,.xls,0.04,OK,
C:\Users\User\OneDrive\Documents\Uni\Dissertation\MScProject\Dataset\172150.xls,.xls,0.05,OK,
C:\Users\User\OneDrive\Documents\Uni\Dissertation\MScProject\Dataset\172152.xls,.xls,0.17,OK,
C:\Users\User\OneDrive\Documents\Uni\Dissertation\MScProject\Dataset\172163.xls,.xls,0.04,OK,
C:\Users\User\OneDrive\Documents\Uni\Dissertation\MScProject\Dataset\172164.xls,.xls,0.02,OK,
C:\Users\User\OneDrive\Documents\Uni\Dissertation\MScProject\Dataset\172165.xls,.xls,0.02,OK,
C:\Users\User\OneDrive\Documents\Uni\Dissertation\MScProject\Dataset\172166.xls,.xls,0.11,OK,
C:\Users\User\OneDrive\Documents\Uni\Dissertation\MScProject\Dataset\172167.xls,.xls,0.45,OK,
C:\Users\User\OneDrive\Documents\Uni\Dissertation\MScProject\Dataset\172168.xls,.xls,0.02,OK,
C:\Users\User\OneDrive\Documents\Uni\Dissertation\MScProject\Dataset\172170.xls,.xls,0.02,OK,
C:\Users\User\OneDrive\Documents\Uni\Dissertation\MScProject\Dataset\172172.xls,.xls,0.03,OK,
C:\Users\User\OneDrive\Documents\Uni\Dissertation\MScProject\Dataset\172173.xls,.xls,0.07,OK,
C:\Users\User\OneDrive\Documents\Uni\Dissertation\MScProject\Dataset\172174.xls,.xls,0.02,OK,
C:\Users\User\OneDrive\Documents\Uni\Dissertation\MScProject\Dataset\172175.xls,.xls,0.22,OK,
C:\Users\User\OneDrive\Documents\Uni\Dissertation\MScProject\Dataset\172176.xls,.xls,0.06,OK,
C:\Users\User\OneDrive\Documents\Uni\Dissertation\MScProject\Dataset\172177.xls,.xls,0.07,OK,
C:\Users\User\OneDrive\Documents\Uni\Dissertation\MScProject\Dataset\172179.xls,.xls,0.02,OK,
C:\Users\User\OneDrive\Documents\Uni\Dissertation\MScProject\Dataset\172472.xls,.xls,0.42,OK,
C:\Users\User\OneDrive\Documents\Uni\Dissertation\MScProject\Dataset\172473.xls,.xls,1.8,OK,
C:\Users\User\OneDrive\Documents\Uni\Dissertation\MScProject\Dataset\172688.xls,.xls,0.03,OK,
C:\Users\User\OneDrive\Documents\Uni\Dissertation\MScProject\Dataset\172690.xls,.xls,0.04,OK,
C:\Users\User\OneDrive\Documents\Uni\Dissertation\MScProject\Dataset\172695.xls,.xls,0.04,OK,
C:\Users\User\OneDrive\Documents\Uni\Dissertation\MScProject\Dataset\172701.xls,.xls,0.04,OK,
C:\Users\User\OneDrive\Documents\Uni\Dissertation\MScProject\Dataset\172702.xls,.xls,0.02,OK,
C:\Users\User\OneDrive\Documents\Uni\Dissertation\MScProject\Dataset\172717.xls,.xls,0.03,OK,
C:\Users\User\OneDrive\Documents\Uni\Dissertation\MScProject\Dataset\172733.xls,.xls,0.15,OK,
C:\Users\User\OneDrive\Documents\Uni\Dissertation\MScProject\Dataset\172738.xls,.xls,0.54,OK,
C:\Users\User\OneDrive\Documents\Uni\Dissertation\MScProject\Dataset\172739.xls,.xls,0.4,OK,
C:\Users\User\OneDrive\Documents\Uni\Dissertation\MScProject\Dataset\172817.xls,.xls,0.05,OK,
C:\Users\User\OneDrive\Documents\Uni\Dissertation\MScProject\Dataset\172885.xls,.xls,0.03,OK,
C:\Users\User\OneDrive\Documents\Uni\Dissertation\MScProject\Dataset\172912.xls,.xls,0.03,OK,
C:\Users\User\OneDrive\Documents\Uni\Dissertation\MScProject\Dataset\172950.xls,.xls,0.03,OK,
C:\Users\User\OneDrive\Documents\Uni\Dissertation\MScProject\Dataset\172951.xls,.xls,0.03,OK,
C:\Users\User\OneDrive\Documents\Uni\Dissertation\MScProject\Dataset\172956.xls,.xls,0.03,OK,
C:\Users\User\OneDrive\Documents\Uni\Dissertation\MScProject\Dataset\172970.xls,.xls,0.26,OK,
C:\Users\User\OneDrive\Documents\Uni\Dissertation\MScProject\Dataset\172975.xls,.xls,1.49,OK,
C:\Users\User\OneDrive\Documents\Uni\Dissertation\MScProject\Dataset\173009.xls,.xls,0.08,OK,
C:\Users\User\OneDrive\Documents\Uni\Dissertation\MScProject\Dataset\173193.xls,.xls,0.08,OK,
C:\Users\User\OneDrive\Documents\Uni\Dissertation\MScProject\Dataset\173200.xls,.xls,0.02,OK,
C:\Users\User\OneDrive\Documents\Uni\Dissertation\MScProject\Dataset\173202.xls,.xls,0.05,OK,
C:\Users\User\OneDrive\Documents\Uni\Dissertation\MScProject\Dataset\173203.xls,.xls,0.03,OK,
C:\Users\User\OneDrive\Documents\Uni\Dissertation\MScProject\Dataset\173206.xls,.xls,0.04,OK,
C:\Users\User\OneDrive\Documents\Uni\Dissertation\MScProject\Dataset\173211.xls,.xls,0.17,OK,
C:\Users\User\OneDrive\Documents\Uni\Dissertation\MScProject\Dataset\173212.xls,.xls,4.2,OK,
C:\Users\User\OneDrive\Documents\Uni\Dissertation\MScProject\Dataset\173213.xls,.xls,0.03,OK,
C:\Users\User\OneDrive\Documents\Uni\Dissertation\MScProject\Dataset\173214.xls,.xls,0.04,OK,
C:\Users\User\OneDrive\Documents\Uni\Dissertation\MScProject\Dataset\173215.xls,.xls,0.03,OK,
C:\Users\User\OneDrive\Documents\Uni\Dissertation\MScProject\Dataset\173216.xls,.xls,0.02,OK,
C:\Users\User\OneDrive\Documents\Uni\Dissertation\MScProject\Dataset\173219.xls,.xls,0.12,OK,
C:\Users\User\OneDrive\Documents\Uni\Dissertation\MScProject\Dataset\173220.xls,.xls,0.03,OK,
C:\Users\User\OneDrive\Documents\Uni\Dissertation\MScProject\Dataset\173221.xls,.xls,0.03,OK,
C:\Users\User\OneDrive\Documents\Uni\Dissertation\MScProject\Dataset\173222.xls,.xls,0.36,OK,
C:\Users\User\OneDrive\Documents\Uni\Dissertation\MScProject\Dataset\173224.xls,.xls,0.12,OK,
C:\Users\User\OneDrive\Documents\Uni\Dissertation\MScProject\Dataset\173225.xls,.xls,0.13,OK,
C:\Users\User\OneDrive\Documents\Uni\Dissertation\MScProject\Dataset\173359.xls,.xls,0.02,OK,
C:\Users\User\OneDrive\Documents\Uni\Dissertation\MScProject\Dataset\173366.xls,.xls,0.02,OK,
C:\Users\User\OneDrive\Documents\Uni\Dissertation\MScProject\Dataset\173367.xls,.xls,0.05,OK,
C:\Users\User\OneDrive\Documents\Uni\Dissertation\MScProject\Dataset\173430.xls,.xls,0.03,OK,
C:\Users\User\OneDrive\Documents\Uni\Dissertation\MScProject\Dataset\173431.xls,.xls,0.03,OK,
C:\Users\User\OneDrive\Documents\Uni\Dissertation\MScProject\Dataset\173432.xls,.xls,0.17,OK,
C:\Users\User\OneDrive\Documents\Uni\Dissertation\MScProject\Dataset\173434.xls,.xls,0.2,OK,
C:\Users\User\OneDrive\Documents\Uni\Dissertation\MScProject\Dataset\173435.xls,.xls,0.2,OK,
C:\Users\User\OneDrive\Documents\Uni\Dissertation\MScProject\Dataset\173437.xls,.xls,0.14,OK,
C:\Users\User\OneDrive\Documents\Uni\Dissertation\MScProject\Dataset\173438.xls,.xls,0.14,OK,
C:\Users\User\OneDrive\Documents\Uni\Dissertation\MScProject\Dataset\173440.xls,.xls,0.25,OK,
C:\Users\User\OneDrive\Documents\Uni\Dissertation\MScProject\Dataset\173441.xls,.xls,0.1,OK,
C:\Users\User\OneDrive\Documents\Uni\Dissertation\MScProject\Dataset\173589.xls,.xls,0.04,OK,
C:\Users\User\OneDrive\Documents\Uni\Dissertation\MScProject\Dataset\198949.jpg,.jpg,0.32,OK,
C:\Users\User\OneDrive\Documents\Uni\Dissertation\MScProject\Dataset\198950.jpg,.jpg,0.01,OK,
C:\Users\User\OneDrive\Documents\Uni\Dissertation\MScProject\Dataset\198951.jpg,.jpg,0.05,OK,
C:\Users\User\OneDrive\Documents\Uni\Dissertation\MScProject\Dataset\198952.jpg,.jpg,0.36,OK,
C:\Users\User\OneDrive\Documents\Uni\Dissertation\MScProject\Dataset\198953.jpg,.jpg,0.04,OK,
C:\Users\User\OneDrive\Documents\Uni\Dissertation\MScProject\Dataset\198954.jpg,.jpg,0.07,OK,
C:\Users\User\OneDrive\Documents\Uni\Dissertation\MScProject\Dataset\198956.jpg,.jpg,0.01,OK,
C:\Users\User\OneDrive\Documents\Uni\Dissertation\MScProject\Dataset\198957.jpg,.jpg,0.01,OK,
C:\Users\User\OneDrive\Documents\Uni\Dissertation\MScProject\Dataset\198958.jpg,.jpg,0.04,OK,
C:\Users\User\OneDrive\Documents\Uni\Dissertation\MScProject\Dataset\198959.jpg,.jpg,0.04,OK,
C:\Users\User\OneDrive\Documents\Uni\Dissertation\MScProject\Dataset\198960.jpg,.jpg,0.12,OK,
C:\Users\User\OneDrive\Documents\Uni\Dissertation\MScProject\Dataset\198961.jpg,.jpg,0.09,OK,
C:\Users\User\OneDrive\Documents\Uni\Dissertation\MScProject\Dataset\198962.jpg,.jpg,0.09,OK,
C:\Users\User\OneDrive\Documents\Uni\Dissertation\MScProject\Dataset\198964.jpg,.jpg,0.06,OK,
C:\Users\User\OneDrive\Documents\Uni\Dissertation\MScProject\Dataset\198965.jpg,.jpg,0.08,OK,
C:\Users\User\OneDrive\Documents\Uni\Dissertation\MScProject\Dataset\198966.jpg,.jpg,6.32,OK,
C:\Users\User\OneDrive\Documents\Uni\Dissertation\MScProject\Dataset\198967.jpg,.jpg,0.04,OK,
C:\Users\User\OneDrive\Documents\Uni\Dissertation\MScProject\Dataset\198968.jpg,.jpg,0.06,OK,
C:\Users\User\OneDrive\Documents\Uni\Dissertation\MScProject\Dataset\198969.jpg,.jpg,0.07,OK,
C:\Users\User\OneDrive\Documents\Uni\Dissertation\MScProject\Dataset\198970.jpg,.jpg,0.05,OK,
C:\Users\User\OneDrive\Documents\Uni\Dissertation\MScProject\Dataset\198971.jpg,.jpg,0.01,OK,
C:\Users\User\OneDrive\Documents\Uni\Dissertation\MScProject\Dataset\198972.jpg,.jpg,0.34,OK,
C:\Users\User\OneDrive\Documents\Uni\Dissertation\MScProject\Dataset\198973.jpg,.jpg,0.07,OK,
C:\Users\User\OneDrive\Documents\Uni\Dissertation\MScProject\Dataset\198974.jpg,.jpg,0.29,OK,
C:\Users\User\OneDrive\Documents\Uni\Dissertation\MScProject\Dataset\198975.jpg,.jpg,0.28,OK,
C:\Users\User\OneDrive\Documents\Uni\Dissertation\MScProject\Dataset\198976.jpg,.jpg,0.05,OK,
C:\Users\User\OneDrive\Documents\Uni\Dissertation\MScProject\Dataset\198977.jpg,.jpg,0.25,OK,
C:\Users\User\OneDrive\Documents\Uni\Dissertation\MScProject\Dataset\198978.jpg,.jpg,0.03,OK,
C:\Users\User\OneDrive\Documents\Uni\Dissertation\MScProject\Dataset\198979.jpg,.jpg,0.05,OK,
C:\Users\User\OneDrive\Documents\Uni\Dissertation\MScProject\Dataset\198980.jpg,.jpg,0.26,OK,
C:\Users\User\OneDrive\Documents\Uni\Dissertation\MScProject\Dataset\198981.jpg,.jpg,0.26,OK,
C:\Users\User\OneDrive\Documents\Uni\Dissertation\MScProject\Dataset\198982.jpg,.jpg,0.33,OK,
C:\Users\User\OneDrive\Documents\Uni\Dissertation\MScProject\Dataset\198983.jpg,.jpg,0.25,OK,
C:\Users\User\OneDrive\Documents\Uni\Dissertation\MScProject\Dataset\198984.jpg,.jpg,0.02,OK,
C:\Users\User\OneDrive\Documents\Uni\Dissertation\MScProject\Dataset\198986.jpg,.jpg,0.02,OK,
C:\Users\User\OneDrive\Documents\Uni\Dissertation\MScProject\Dataset\198987.jpg,.jpg,0.01,OK,
C:\Users\User\OneDrive\Documents\Uni\Dissertation\MScProject\Dataset\198988.jpg,.jpg,0.01,OK,
C:\Users\User\OneDrive\Documents\Uni\Dissertation\MScProject\Dataset\198989.jpg,.jpg,0.05,OK,
C:\Users\User\OneDrive\Documents\Uni\Dissertation\MScProject\Dataset\198990.jpg,.jpg,0.22,OK,
C:\Users\User\OneDrive\Documents\Uni\Dissertation\MScProject\Dataset\198991.jpg,.jpg,0.01,OK,
C:\Users\User\OneDrive\Documents\Uni\Dissertation\MScProject\Dataset\198992.jpg,.jpg,0.63,OK,
C:\Users\User\OneDrive\Documents\Uni\Dissertation\MScProject\Dataset\199202.jpg,.jpg,0.02,OK,
C:\Users\User\OneDrive\Documents\Uni\Dissertation\MScProject\Dataset\200300.jpg,.jpg,1.38,OK,
C:\Users\User\OneDrive\Documents\Uni\Dissertation\MScProject\Dataset\200301.jpg,.jpg,0.05,OK,
C:\Users\User\OneDrive\Documents\Uni\Dissertation\MScProject\Dataset\200302.jpg,.jpg,0.12,OK,
C:\Users\User\OneDrive\Documents\Uni\Dissertation\MScProject\Dataset\200303.jpg,.jpg,0.01,OK,
C:\Users\User\OneDrive\Documents\Uni\Dissertation\MScProject\Dataset\200304.jpg,.jpg,0.03,OK,
C:\Users\User\OneDrive\Documents\Uni\Dissertation\MScProject\Dataset\200305.jpg,.jpg,0.01,OK,
C:\Users\User\OneDrive\Documents\Uni\Dissertation\MScProject\Dataset\200306.jpg,.jpg,0.02,OK,
C:\Users\User\OneDrive\Documents\Uni\Dissertation\MScProject\Dataset\200307.jpg,.jpg,0.09,OK,
C:\Users\User\OneDrive\Documents\Uni\Dissertation\MScProject\Dataset\200308.jpg,.jpg,0.03,OK,
C:\Users\User\OneDrive\Documents\Uni\Dissertation\MScProject\Dataset\200309.jpg,.jpg,0.03,OK,
C:\Users\User\OneDrive\Documents\Uni\Dissertation\MScProject\Dataset\200310.jpg,.jpg,0.42,OK,
C:\Users\User\OneDrive\Documents\Uni\Dissertation\MScProject\Dataset\200317.jpg,.jpg,0.03,OK,
C:\Users\User\OneDrive\Documents\Uni\Dissertation\MScProject\Dataset\200318.jpg,.jpg,0.01,OK,
C:\Users\User\OneDrive\Documents\Uni\Dissertation\MScProject\Dataset\200324.jpg,.jpg,0.03,OK,
C:\Users\User\OneDrive\Documents\Uni\Dissertation\MScProject\Dataset\200543.jpg,.jpg,0.01,OK,
C:\Users\User\OneDrive\Documents\Uni\Dissertation\MScProject\Dataset\200544.jpg,.jpg,0.92,OK,
C:\Users\User\OneDrive\Documents\Uni\Dissertation\MScProject\Dataset\200545.jpg,.jpg,0.81,OK,
C:\Users\User\OneDrive\Documents\Uni\Dissertation\MScProject\Dataset\200546.jpg,.jpg,0.7,OK,
C:\Users\User\OneDrive\Documents\Uni\Dissertation\MScProject\Dataset\200547.jpg,.jpg,0.01,OK,
C:\Users\User\OneDrive\Documents\Uni\Dissertation\MScProject\Dataset\200548.jpg,.jpg,0.03,OK,
C:\Users\User\OneDrive\Documents\Uni\Dissertation\MScProject\Dataset\200549.jpg,.jpg,0.01,OK,
C:\Users\User\OneDrive\Documents\Uni\Dissertation\MScProject\Dataset\200550.jpg,.jpg,0.03,OK,
C:\Users\User\OneDrive\Documents\Uni\Dissertation\MScProject\Dataset\200552.jpg,.jpg,0.01,OK,
C:\Users\User\OneDrive\Documents\Uni\Dissertation\MScProject\Dataset\200553.jpg,.jpg,0.0,OK,
C:\Users\User\OneDrive\Documents\Uni\Dissertation\MScProject\Dataset\200554.jpg,.jpg,0.05,OK,
C:\Users\User\OneDrive\Documents\Uni\Dissertation\MScProject\Dataset\200555.jpg,.jpg,0.03,OK,
C:\Users\User\OneDrive\Documents\Uni\Dissertation\MScProject\Dataset\200556.jpg,.jpg,0.03,OK,
C:\Users\User\OneDrive\Documents\Uni\Dissertation\MScProject\Dataset\200557.jpg,.jpg,0.05,OK,
C:\Users\User\OneDrive\Documents\Uni\Dissertation\MScProject\Dataset\200558.jpg,.jpg,0.0,OK,
C:\Users\User\OneDrive\Documents\Uni\Dissertation\MScProject\Dataset\200559.jpg,.jpg,0.04,OK,
C:\Users\User\OneDrive\Documents\Uni\Dissertation\MScProject\Dataset\200560.jpg,.jpg,0.03,OK,
C:\Users\User\OneDrive\Documents\Uni\Dissertation\MScProject\Dataset\200561.jpg,.jpg,0.01,OK,
C:\Users\User\OneDrive\Documents\Uni\Dissertation\MScProject\Dataset\200562.jpg,.jpg,0.06,OK,
C:\Users\User\OneDrive\Documents\Uni\Dissertation\MScProject\Dataset\200563.jpg,.jpg,0.09,OK,
C:\Users\User\OneDrive\Documents\Uni\Dissertation\MScProject\Dataset\200564.jpg,.jpg,0.09,OK,
C:\Users\User\OneDrive\Documents\Uni\Dissertation\MScProject\Dataset\200568.jpg,.jpg,0.02,OK,
C:\Users\User\OneDrive\Documents\Uni\Dissertation\MScProject\Dataset\200569.jpg,.jpg,0.04,OK,
C:\Users\User\OneDrive\Documents\Uni\Dissertation\MScProject\Dataset\200570.jpg,.jpg,0.03,OK,
C:\Users\User\OneDrive\Documents\Uni\Dissertation\MScProject\Dataset\200571.jpg,.jpg,0.04,OK,
C:\Users\User\OneDrive\Documents\Uni\Dissertation\MScProject\Dataset\200572.jpg,.jpg,0.02,OK,
C:\Users\User\OneDrive\Documents\Uni\Dissertation\MScProject\Dataset\200574.jpg,.jpg,0.11,OK,
C:\Users\User\OneDrive\Documents\Uni\Dissertation\MScProject\Dataset\200575.jpg,.jpg,0.03,OK,
C:\Users\User\OneDrive\Documents\Uni\Dissertation\MScProject\Dataset\200576.jpg,.jpg,0.17,OK,
C:\Users\User\OneDrive\Documents\Uni\Dissertation\MScProject\Dataset\200577.jpg,.jpg,0.03,OK,
C:\Users\User\OneDrive\Documents\Uni\Dissertation\MScProject\Dataset\200578.jpg,.jpg,0.02,OK,
C:\Users\User\OneDrive\Documents\Uni\Dissertation\MScProject\Dataset\200579.jpg,.jpg,0.01,OK,
C:\Users\User\OneDrive\Documents\Uni\Dissertation\MScProject\Dataset\200580.jpg,.jpg,0.05,OK,
C:\Users\User\OneDrive\Documents\Uni\Dissertation\MScProject\Dataset\200581.jpg,.jpg,0.03,OK,
C:\Users\User\OneDrive\Documents\Uni\Dissertation\MScProject\Dataset\200583.jpg,.jpg,0.05,OK,
C:\Users\User\OneDrive\Documents\Uni\Dissertation\MScProject\Dataset\200584.jpg,.jpg,0.04,OK,
C:\Users\User\OneDrive\Documents\Uni\Dissertation\MScProject\Dataset\200585.jpg,.jpg,0.06,OK,
C:\Users\User\OneDrive\Documents\Uni\Dissertation\MScProject\Dataset\200586.jpg,.jpg,0.05,OK,
C:\Users\User\OneDrive\Documents\Uni\Dissertation\MScProject\Dataset\200587.jpg,.jpg,0.02,OK,
C:\Users\User\OneDrive\Documents\Uni\Dissertation\MScProject\Dataset\200588.jpg,.jpg,0.02,OK,
C:\Users\User\OneDrive\Documents\Uni\Dissertation\MScProject\Dataset\200589.jpg,.jpg,0.03,OK,
C:\Users\User\OneDrive\Documents\Uni\Dissertation\MScProject\Dataset\200590.jpg,.jpg,0.06,OK,
C:\Users\User\OneDrive\Documents\Uni\Dissertation\MScProject\Dataset\200591.jpg,.jpg,0.03,OK,
C:\Users\User\OneDrive\Documents\Uni\Dissertation\MScProject\Dataset\200592.jpg,.jpg,0.02,OK,
C:\Users\User\OneDrive\Documents\Uni\Dissertation\MScProject\Dataset\200670.jpg,.jpg,0.04,OK,
C:\Users\User\OneDrive\Documents\Uni\Dissertation\MScProject\Dataset\200671.jpg,.jpg,0.01,OK,
C:\Users\User\OneDrive\Documents\Uni\Dissertation\MScProject\Dataset\200673.jpg,.jpg,0.01,OK,
C:\Users\User\OneDrive\Documents\Uni\Dissertation\MScProject\Dataset\200791.jpg,.jpg,5.97,OK,
C:\Users\User\OneDrive\Documents\Uni\Dissertation\MScProject\Dataset\200794.jpg,.jpg,0.2,OK,
C:\Users\User\OneDrive\Documents\Uni\Dissertation\MScProject\Dataset\200799.jpg,.jpg,0.15,OK,
C:\Users\User\OneDrive\Documents\Uni\Dissertation\MScProject\Dataset\200800.jpg,.jpg,0.02,OK,
C:\Users\User\OneDrive\Documents\Uni\Dissertation\MScProject\Dataset\200809.jpg,.jpg,0.0,OK,
C:\Users\User\OneDrive\Documents\Uni\Dissertation\MScProject\Dataset\200810.jpg,.jpg,0.02,OK,
C:\Users\User\OneDrive\Documents\Uni\Dissertation\MScProject\Dataset\200811.jpg,.jpg,0.02,OK,
C:\Users\User\OneDrive\Documents\Uni\Dissertation\MScProject\Dataset\200812.jpg,.jpg,0.0,OK,
C:\Users\User\OneDrive\Documents\Uni\Dissertation\MScProject\Dataset\200813.jpg,.jpg,1.38,OK,
C:\Users\User\OneDrive\Documents\Uni\Dissertation\MScProject\Dataset\200815.jpg,.jpg,2.01,OK,
C:\Users\User\OneDrive\Documents\Uni\Dissertation\MScProject\Dataset\200833.jpg,.jpg,0.17,OK,
C:\Users\User\OneDrive\Documents\Uni\Dissertation\MScProject\Dataset\200850.jpg,.jpg,2.44,OK,
C:\Users\User\OneDrive\Documents\Uni\Dissertation\MScProject\Dataset\200851.jpg,.jpg,0.35,OK,
C:\Users\User\OneDrive\Documents\Uni\Dissertation\MScProject\Dataset\200853.jpg,.jpg,0.07,OK,
C:\Users\User\OneDrive\Documents\Uni\Dissertation\MScProject\Dataset\200868.jpg,.jpg,0.18,OK,
C:\Users\User\OneDrive\Documents\Uni\Dissertation\MScProject\Dataset\200900.jpg,.jpg,0.03,OK,
C:\Users\User\OneDrive\Documents\Uni\Dissertation\MScProject\Dataset\200901.jpg,.jpg,0.03,OK,
C:\Users\User\OneDrive\Documents\Uni\Dissertation\MScProject\Dataset\200902.jpg,.jpg,0.02,OK,
C:\Users\User\OneDrive\Documents\Uni\Dissertation\MScProject\Dataset\200905.jpg,.jpg,0.02,OK,
C:\Users\User\OneDrive\Documents\Uni\Dissertation\MScProject\Dataset\200908.jpg,.jpg,0.06,OK,
C:\Users\User\OneDrive\Documents\Uni\Dissertation\MScProject\Dataset\200910.jpg,.jpg,0.02,OK,
C:\Users\User\OneDrive\Documents\Uni\Dissertation\MScProject\Dataset\200912.jpg,.jpg,0.01,OK,
C:\Users\User\OneDrive\Documents\Uni\Dissertation\MScProject\Dataset\200913.jpg,.jpg,0.01,OK,
C:\Users\User\OneDrive\Documents\Uni\Dissertation\MScProject\Dataset\200919.jpg,.jpg,0.0,OK,
C:\Users\User\OneDrive\Documents\Uni\Dissertation\MScProject\Dataset\200920.jpg,.jpg,0.13,OK,
C:\Users\User\OneDrive\Documents\Uni\Dissertation\MScProject\Dataset\200929.jpg,.jpg,0.02,OK,
C:\Users\User\OneDrive\Documents\Uni\Dissertation\MScProject\Dataset\201296.jpg,.jpg,0.01,OK,
C:\Users\User\OneDrive\Documents\Uni\Dissertation\MScProject\Dataset\201297.jpg,.jpg,0.02,OK,
C:\Users\User\OneDrive\Documents\Uni\Dissertation\MScProject\Dataset\201299.jpg,.jpg,0.01,OK,
C:\Users\User\OneDrive\Documents\Uni\Dissertation\MScProject\Dataset\201300.jpg,.jpg,0.05,OK,
C:\Users\User\OneDrive\Documents\Uni\Dissertation\MScProject\Dataset\201301.jpg,.jpg,0.11,OK,
C:\Users\User\OneDrive\Documents\Uni\Dissertation\MScProject\Dataset\201302.jpg,.jpg,0.31,OK,
C:\Users\User\OneDrive\Documents\Uni\Dissertation\MScProject\Dataset\201306.jpg,.jpg,0.1,OK,
C:\Users\User\OneDrive\Documents\Uni\Dissertation\MScProject\Dataset\201307.jpg,.jpg,0.03,OK,
C:\Users\User\OneDrive\Documents\Uni\Dissertation\MScProject\Dataset\201308.jpg,.jpg,0.04,OK,
C:\Users\User\OneDrive\Documents\Uni\Dissertation\MScProject\Dataset\201309.jpg,.jpg,0.05,OK,
C:\Users\User\OneDrive\Documents\Uni\Dissertation\MScProject\Dataset\201310.jpg,.jpg,0.02,OK,
C:\Users\User\OneDrive\Documents\Uni\Dissertation\MScProject\Dataset\201311.jpg,.jpg,0.01,OK,
C:\Users\User\OneDrive\Documents\Uni\Dissertation\MScProject\Dataset\201312.jpg,.jpg,0.04,OK,
C:\Users\User\OneDrive\Documents\Uni\Dissertation\MScProject\Dataset\201313.jpg,.jpg,0.04,OK,
C:\Users\User\OneDrive\Documents\Uni\Dissertation\MScProject\Dataset\201316.jpg,.jpg,0.08,OK,
C:\Users\User\OneDrive\Documents\Uni\Dissertation\MScProject\Dataset\201317.jpg,.jpg,0.09,OK,
C:\Users\User\OneDrive\Documents\Uni\Dissertation\MScProject\Dataset\201318.jpg,.jpg,0.09,OK,
C:\Users\User\OneDrive\Documents\Uni\Dissertation\MScProject\Dataset\201319.jpg,.jpg,0.06,OK,
C:\Users\User\OneDrive\Documents\Uni\Dissertation\MScProject\Dataset\201321.jpg,.jpg,0.06,OK,
C:\Users\User\OneDrive\Documents\Uni\Dissertation\MScProject\Dataset\201322.jpg,.jpg,0.04,OK,
C:\Users\User\OneDrive\Documents\Uni\Dissertation\MScProject\Dataset\201323.jpg,.jpg,0.04,OK,
C:\Users\User\OneDrive\Documents\Uni\Dissertation\MScProject\Dataset\201325.jpg,.jpg,0.05,OK,
C:\Users\User\OneDrive\Documents\Uni\Dissertation\MScProject\Dataset\201326.jpg,.jpg,0.06,OK,
C:\Users\User\OneDrive\Documents\Uni\Dissertation\MScProject\Dataset\201327.jpg,.jpg,0.04,OK,
C:\Users\User\OneDrive\Documents\Uni\Dissertation\MScProject\Dataset\201328.jpg,.jpg,0.02,OK,
C:\Users\User\OneDrive\Documents\Uni\Dissertation\MScProject\Dataset\201330.jpg,.jpg,0.02,OK,
C:\Users\User\OneDrive\Documents\Uni\Dissertation\MScProject\Dataset\201331.jpg,.jpg,0.05,OK,
C:\Users\User\OneDrive\Documents\Uni\Dissertation\MScProject\Dataset\201332.jpg,.jpg,0.02,OK,
C:\Users\User\OneDrive\Documents\Uni\Dissertation\MScProject\Dataset\201333.jpg,.jpg,0.01,OK,
C:\Users\User\OneDrive\Documents\Uni\Dissertation\MScProject\Dataset\201334.jpg,.jpg,0.02,OK,
C:\Users\User\OneDrive\Documents\Uni\Dissertation\MScProject\Dataset\201337.jpg,.jpg,0.01,OK,
C:\Users\User\OneDrive\Documents\Uni\Dissertation\MScProject\Dataset\201339.jpg,.jpg,0.01,OK,
C:\Users\User\OneDrive\Documents\Uni\Dissertation\MScProject\Dataset\201340.jpg,.jpg,0.01,OK,
C:\Users\User\OneDrive\Documents\Uni\Dissertation\MScProject\Dataset\201341.jpg,.jpg,0.01,OK,
C:\Users\User\OneDrive\Documents\Uni\Dissertation\MScProject\Dataset\201343.jpg,.jpg,0.01,OK,
C:\Users\User\OneDrive\Documents\Uni\Dissertation\MScProject\Dataset\201575.jpg,.jpg,0.03,OK,
C:\Users\User\OneDrive\Documents\Uni\Dissertation\MScProject\Dataset\201576.jpg,.jpg,0.02,OK,
C:\Users\User\OneDrive\Documents\Uni\Dissertation\MScProject\Dataset\201577.jpg,.jpg,0.03,OK,
C:\Users\User\OneDrive\Documents\Uni\Dissertation\MScProject\Dataset\201579.jpg,.jpg,0.02,OK,
C:\Users\User\OneDrive\Documents\Uni\Dissertation\MScProject\Dataset\201580.jpg,.jpg,0.02,OK,
C:\Users\User\OneDrive\Documents\Uni\Dissertation\MScProject\Dataset\201581.jpg,.jpg,0.08,OK,
C:\Users\User\OneDrive\Documents\Uni\Dissertation\MScProject\Dataset\201582.jpg,.jpg,0.15,OK,
C:\Users\User\OneDrive\Documents\Uni\Dissertation\MScProject\Dataset\201585.jpg,.jpg,0.09,OK,
C:\Users\User\OneDrive\Documents\Uni\Dissertation\MScProject\Dataset\201586.jpg,.jpg,0.02,OK,
C:\Users\User\OneDrive\Documents\Uni\Dissertation\MScProject\Dataset\201587.jpg,.jpg,0.09,OK,
C:\Users\User\OneDrive\Documents\Uni\Dissertation\MScProject\Dataset\201588.jpg,.jpg,0.09,OK,
C:\Users\User\OneDrive\Documents\Uni\Dissertation\MScProject\Dataset\201589.jpg,.jpg,0.02,OK,
C:\Users\User\OneDrive\Documents\Uni\Dissertation\MScProject\Dataset\201590.jpg,.jpg,0.03,OK,
C:\Users\User\OneDrive\Documents\Uni\Dissertation\MScProject\Dataset\201591.jpg,.jpg,0.07,OK,
C:\Users\User\OneDrive\Documents\Uni\Dissertation\MScProject\Dataset\201592.jpg,.jpg,0.1,OK,
C:\Users\User\OneDrive\Documents\Uni\Dissertation\MScProject\Dataset\201593.jpg,.jpg,0.08,OK,
C:\Users\User\OneDrive\Documents\Uni\Dissertation\MScProject\Dataset\201595.jpg,.jpg,0.02,OK,
C:\Users\User\OneDrive\Documents\Uni\Dissertation\MScProject\Dataset\201596.jpg,.jpg,0.01,OK,
C:\Users\User\OneDrive\Documents\Uni\Dissertation\MScProject\Dataset\201604.jpg,.jpg,0.11,OK,
C:\Users\User\OneDrive\Documents\Uni\Dissertation\MScProject\Dataset\201616.jpg,.jpg,0.01,OK,
C:\Users\User\OneDrive\Documents\Uni\Dissertation\MScProject\Dataset\201670.jpg,.jpg,0.02,OK,
C:\Users\User\OneDrive\Documents\Uni\Dissertation\MScProject\Dataset\201672.jpg,.jpg,0.02,OK,
C:\Users\User\OneDrive\Documents\Uni\Dissertation\MScProject\Dataset\201683.jpg,.jpg,0.01,OK,
C:\Users\User\OneDrive\Documents\Uni\Dissertation\MScProject\Dataset\201686.jpg,.jpg,0.01,OK,
C:\Users\User\OneDrive\Documents\Uni\Dissertation\MScProject\Dataset\201687.jpg,.jpg,0.03,OK,
C:\Users\User\OneDrive\Documents\Uni\Dissertation\MScProject\Dataset\201810.jpg,.jpg,0.07,OK,
C:\Users\User\OneDrive\Documents\Uni\Dissertation\MScProject\Dataset\201811.jpg,.jpg,0.07,OK,
C:\Users\User\OneDrive\Documents\Uni\Dissertation\MScProject\Dataset\201812.jpg,.jpg,0.08,OK,
C:\Users\User\OneDrive\Documents\Uni\Dissertation\MScProject\Dataset\201813.jpg,.jpg,0.04,OK,
C:\Users\User\OneDrive\Documents\Uni\Dissertation\MScProject\Dataset\201816.jpg,.jpg,0.0,OK,
C:\Users\User\OneDrive\Documents\Uni\Dissertation\MScProject\Dataset\201817.jpg,.jpg,0.01,OK,
C:\Users\User\OneDrive\Documents\Uni\Dissertation\MScProject\Dataset\201819.jpg,.jpg,0.03,OK,
C:\Users\User\OneDrive\Documents\Uni\Dissertation\MScProject\Dataset\201820.jpg,.jpg,0.01,OK,
C:\Users\User\OneDrive\Documents\Uni\Dissertation\MScProject\Dataset\201823.jpg,.jpg,0.22,OK,
C:\Users\User\OneDrive\Documents\Uni\Dissertation\MScProject\Dataset\201825.jpg,.jpg,0.01,OK,
C:\Users\User\OneDrive\Documents\Uni\Dissertation\MScProject\Dataset\201826.jpg,.jpg,0.03,OK,
C:\Users\User\OneDrive\Documents\Uni\Dissertation\MScProject\Dataset\201827.jpg,.jpg,0.02,OK,
C:\Users\User\OneDrive\Documents\Uni\Dissertation\MScProject\Dataset\201829.jpg,.jpg,0.1,OK,
C:\Users\User\OneDrive\Documents\Uni\Dissertation\MScProject\Dataset\201830.jpg,.jpg,0.07,OK,
C:\Users\User\OneDrive\Documents\Uni\Dissertation\MScProject\Dataset\201831.jpg,.jpg,0.03,OK,
C:\Users\User\OneDrive\Documents\Uni\Dissertation\MScProject\Dataset\201832.jpg,.jpg,0.06,OK,
C:\Users\User\OneDrive\Documents\Uni\Dissertation\MScProject\Dataset\201833.jpg,.jpg,0.01,OK,
C:\Users\User\OneDrive\Documents\Uni\Dissertation\MScProject\Dataset\201834.jpg,.jpg,0.07,OK,
C:\Users\User\OneDrive\Documents\Uni\Dissertation\MScProject\Dataset\201838.jpg,.jpg,0.1,OK,
C:\Users\User\OneDrive\Documents\Uni\Dissertation\MScProject\Dataset\201840.jpg,.jpg,0.02,OK,
C:\Users\User\OneDrive\Documents\Uni\Dissertation\MScProject\Dataset\201841.jpg,.jpg,0.02,OK,
C:\Users\User\OneDrive\Documents\Uni\Dissertation\MScProject\Dataset\201842.jpg,.jpg,0.01,OK,
C:\Users\User\OneDrive\Documents\Uni\Dissertation\MScProject\Dataset\201848.jpg,.jpg,0.08,OK,
C:\Users\User\OneDrive\Documents\Uni\Dissertation\MScProject\Dataset\201851.jpg,.jpg,0.05,OK,
C:\Users\User\OneDrive\Documents\Uni\Dissertation\MScProject\Dataset\201852.jpg,.jpg,0.08,OK,
C:\Users\User\OneDrive\Documents\Uni\Dissertation\MScProject\Dataset\201853.jpg,.jpg,0.03,OK,
C:\Users\User\OneDrive\Documents\Uni\Dissertation\MScProject\Dataset\201854.jpg,.jpg,0.02,OK,
C:\Users\User\OneDrive\Documents\Uni\Dissertation\MScProject\Dataset\202083.jpg,.jpg,0.03,OK,
C:\Users\User\OneDrive\Documents\Uni\Dissertation\MScProject\Dataset\202084.jpg,.jpg,0.03,OK,
C:\Users\User\OneDrive\Documents\Uni\Dissertation\MScProject\Dataset\202085.jpg,.jpg,0.05,OK,
C:\Users\User\OneDrive\Documents\Uni\Dissertation\MScProject\Dataset\202086.jpg,.jpg,0.02,OK,
C:\Users\User\OneDrive\Documents\Uni\Dissertation\MScProject\Dataset\202088.jpg,.jpg,0.05,OK,
C:\Users\User\OneDrive\Documents\Uni\Dissertation\MScProject\Dataset\202090.jpg,.jpg,0.01,OK,
C:\Users\User\OneDrive\Documents\Uni\Dissertation\MScProject\Dataset\202091.jpg,.jpg,0.06,OK,
C:\Users\User\OneDrive\Documents\Uni\Dissertation\MScProject\Dataset\202093.jpg,.jpg,0.08,OK,
C:\Users\User\OneDrive\Documents\Uni\Dissertation\MScProject\Dataset\202094.jpg,.jpg,0.09,OK,
C:\Users\User\OneDrive\Documents\Uni\Dissertation\MScProject\Dataset\202095.jpg,.jpg,0.07,OK,
C:\Users\User\OneDrive\Documents\Uni\Dissertation\MScProject\Dataset\202099.jpg,.jpg,0.08,OK,
C:\Users\User\OneDrive\Documents\Uni\Dissertation\MScProject\Dataset\202100.jpg,.jpg,0.01,OK,
C:\Users\User\OneDrive\Documents\Uni\Dissertation\MScProject\Dataset\202101.jpg,.jpg,0.07,OK,
C:\Users\User\OneDrive\Documents\Uni\Dissertation\MScProject\Dataset\202102.jpg,.jpg,0.01,OK,
C:\Users\User\OneDrive\Documents\Uni\Dissertation\MScProject\Dataset\202103.jpg,.jpg,0.04,OK,
C:\Users\User\OneDrive\Documents\Uni\Dissertation\MScProject\Dataset\202104.jpg,.jpg,0.03,OK,
C:\Users\User\OneDrive\Documents\Uni\Dissertation\MScProject\Dataset\202105.jpg,.jpg,0.03,OK,
C:\Users\User\OneDrive\Documents\Uni\Dissertation\MScProject\Dataset\202106.jpg,.jpg,0.09,OK,
C:\Users\User\OneDrive\Documents\Uni\Dissertation\MScProject\Dataset\202108.jpg,.jpg,0.03,OK,
C:\Users\User\OneDrive\Documents\Uni\Dissertation\MScProject\Dataset\202112.jpg,.jpg,0.05,OK,
C:\Users\User\OneDrive\Documents\Uni\Dissertation\MScProject\Dataset\202113.jpg,.jpg,0.01,OK,
C:\Users\User\OneDrive\Documents\Uni\Dissertation\MScProject\Dataset\202114.jpg,.jpg,0.04,OK,
C:\Users\User\OneDrive\Documents\Uni\Dissertation\MScProject\Dataset\202116.jpg,.jpg,0.01,OK,
C:\Users\User\OneDrive\Documents\Uni\Dissertation\MScProject\Dataset\202117.jpg,.jpg,0.01,OK,
C:\Users\User\OneDrive\Documents\Uni\Dissertation\MScProject\Dataset\202120.jpg,.jpg,0.04,OK,
C:\Users\User\OneDrive\Documents\Uni\Dissertation\MScProject\Dataset\202121.jpg,.jpg,0.07,OK,
C:\Users\User\OneDrive\Documents\Uni\Dissertation\MScProject\Dataset\202334.jpg,.jpg,0.22,OK,
C:\Users\User\OneDrive\Documents\Uni\Dissertation\MScProject\Dataset\202337.jpg,.jpg,0.07,OK,
C:\Users\User\OneDrive\Documents\Uni\Dissertation\MScProject\Dataset\202338.jpg,.jpg,0.02,OK,
C:\Users\User\OneDrive\Documents\Uni\Dissertation\MScProject\Dataset\202339.jpg,.jpg,0.01,OK,
C:\Users\User\OneDrive\Documents\Uni\Dissertation\MScProject\Dataset\202340.jpg,.jpg,0.01,OK,
C:\Users\User\OneDrive\Documents\Uni\Dissertation\MScProject\Dataset\202341.jpg,.jpg,0.01,OK,
C:\Users\User\OneDrive\Documents\Uni\Dissertation\MScProject\Dataset\202342.jpg,.jpg,0.04,OK,
C:\Users\User\OneDrive\Documents\Uni\Dissertation\MScProject\Dataset\202343.jpg,.jpg,0.01,OK,
C:\Users\User\OneDrive\Documents\Uni\Dissertation\MScProject\Dataset\202344.jpg,.jpg,0.02,OK,
C:\Users\User\OneDrive\Documents\Uni\Dissertation\MScProject\Dataset\202345.jpg,.jpg,0.02,OK,
C:\Users\User\OneDrive\Documents\Uni\Dissertation\MScProject\Dataset\202346.jpg,.jpg,0.01,OK,
C:\Users\User\OneDrive\Documents\Uni\Dissertation\MScProject\Dataset\202347.jpg,.jpg,0.01,OK,
C:\Users\User\OneDrive\Documents\Uni\Dissertation\MScProject\Dataset\202348.jpg,.jpg,0.03,OK,
C:\Users\User\OneDrive\Documents\Uni\Dissertation\MScProject\Dataset\202349.jpg,.jpg,0.01,OK,
C:\Users\User\OneDrive\Documents\Uni\Dissertation\MScProject\Dataset\202350.jpg,.jpg,0.04,OK,
C:\Users\User\OneDrive\Documents\Uni\Dissertation\MScProject\Dataset\202351.jpg,.jpg,0.04,OK,
C:\Users\User\OneDrive\Documents\Uni\Dissertation\MScProject\Dataset\202354.jpg,.jpg,0.0,OK,
C:\Users\User\OneDrive\Documents\Uni\Dissertation\MScProject\Dataset\202358.jpg,.jpg,0.01,OK,
C:\Users\User\OneDrive\Documents\Uni\Dissertation\MScProject\Dataset\202359.jpg,.jpg,0.06,OK,
C:\Users\User\OneDrive\Documents\Uni\Dissertation\MScProject\Dataset\202360.jpg,.jpg,0.0,OK,
C:\Users\User\OneDrive\Documents\Uni\Dissertation\MScProject\Dataset\202448.jpg,.jpg,0.13,OK,
C:\Users\User\OneDrive\Documents\Uni\Dissertation\MScProject\Dataset\202588.jpg,.jpg,0.05,OK,
C:\Users\User\OneDrive\Documents\Uni\Dissertation\MScProject\Dataset\202658.jpg,.jpg,6.6,OK,
C:\Users\User\OneDrive\Documents\Uni\Dissertation\MScProject\Dataset\202659.jpg,.jpg,3.89,OK,
C:\Users\User\OneDrive\Documents\Uni\Dissertation\MScProject\Dataset\202660.jpg,.jpg,0.18,OK,
C:\Users\User\OneDrive\Documents\Uni\Dissertation\MScProject\Dataset\202661.jpg,.jpg,0.06,OK,
C:\Users\User\OneDrive\Documents\Uni\Dissertation\MScProject\Dataset\202663.jpg,.jpg,0.04,OK,
C:\Users\User\OneDrive\Documents\Uni\Dissertation\MScProject\Dataset\202664.jpg,.jpg,0.04,OK,
C:\Users\User\OneDrive\Documents\Uni\Dissertation\MScProject\Dataset\202665.jpg,.jpg,0.03,OK,
C:\Users\User\OneDrive\Documents\Uni\Dissertation\MScProject\Dataset\202666.jpg,.jpg,0.06,OK,
C:\Users\User\OneDrive\Documents\Uni\Dissertation\MScProject\Dataset\202667.jpg,.jpg,0.02,OK,
C:\Users\User\OneDrive\Documents\Uni\Dissertation\MScProject\Dataset\202669.jpg,.jpg,0.05,OK,
C:\Users\User\OneDrive\Documents\Uni\Dissertation\MScProject\Dataset\202671.jpg,.jpg,0.02,OK,
C:\Users\User\OneDrive\Documents\Uni\Dissertation\MScProject\Dataset\202672.jpg,.jpg,0.0,OK,
C:\Users\User\OneDrive\Documents\Uni\Dissertation\MScProject\Dataset\202673.jpg,.jpg,0.02,OK,
C:\Users\User\OneDrive\Documents\Uni\Dissertation\MScProject\Dataset\202674.jpg,.jpg,0.14,OK,
C:\Users\User\OneDrive\Documents\Uni\Dissertation\MScProject\Dataset\202676.jpg,.jpg,0.08,OK,
C:\Users\User\OneDrive\Documents\Uni\Dissertation\MScProject\Dataset\202678.jpg,.jpg,0.09,OK,
C:\Users\User\OneDrive\Documents\Uni\Dissertation\MScProject\Dataset\202679.jpg,.jpg,0.06,OK,
C:\Users\User\OneDrive\Documents\Uni\Dissertation\MScProject\Dataset\202681.jpg,.jpg,0.02,OK,
C:\Users\User\OneDrive\Documents\Uni\Dissertation\MScProject\Dataset\202682.jpg,.jpg,0.02,OK,
C:\Users\User\OneDrive\Documents\Uni\Dissertation\MScProject\Dataset\202683.jpg,.jpg,0.07,OK,
C:\Users\User\OneDrive\Documents\Uni\Dissertation\MScProject\Dataset\202684.jpg,.jpg,0.01,OK,
C:\Users\User\OneDrive\Documents\Uni\Dissertation\MScProject\Dataset\202685.jpg,.jpg,0.01,OK,
C:\Users\User\OneDrive\Documents\Uni\Dissertation\MScProject\Dataset\202686.jpg,.jpg,0.01,OK,
C:\Users\User\OneDrive\Documents\Uni\Dissertation\MScProject\Dataset\202687.jpg,.jpg,0.01,OK,
C:\Users\User\OneDrive\Documents\Uni\Dissertation\MScProject\Dataset\202688.jpg,.jpg,0.01,OK,
C:\Users\User\OneDrive\Documents\Uni\Dissertation\MScProject\Dataset\202689.jpg,.jpg,0.01,OK,
C:\Users\User\OneDrive\Documents\Uni\Dissertation\MScProject\Dataset\202690.jpg,.jpg,0.05,OK,
C:\Users\User\OneDrive\Documents\Uni\Dissertation\MScProject\Dataset\202691.jpg,.jpg,0.05,OK,
C:\Users\User\OneDrive\Documents\Uni\Dissertation\MScProject\Dataset\202692.jpg,.jpg,0.15,OK,
C:\Users\User\OneDrive\Documents\Uni\Dissertation\MScProject\Dataset\202693.jpg,.jpg,0.03,OK,
C:\Users\User\OneDrive\Documents\Uni\Dissertation\MScProject\Dataset\202694.jpg,.jpg,0.86,OK,
C:\Users\User\OneDrive\Documents\Uni\Dissertation\MScProject\Dataset\202695.jpg,.jpg,0.02,OK,
C:\Users\User\OneDrive\Documents\Uni\Dissertation\MScProject\Dataset\202697.jpg,.jpg,0.02,OK,
C:\Users\User\OneDrive\Documents\Uni\Dissertation\MScProject\Dataset\202699.jpg,.jpg,0.08,OK,
C:\Users\User\OneDrive\Documents\Uni\Dissertation\MScProject\Dataset\202700.jpg,.jpg,0.04,OK,
C:\Users\User\OneDrive\Documents\Uni\Dissertation\MScProject\Dataset\202866.jpg,.jpg,0.03,OK,
C:\Users\User\OneDrive\Documents\Uni\Dissertation\MScProject\Dataset\202867.jpg,.jpg,0.02,OK,
C:\Users\User\OneDrive\Documents\Uni\Dissertation\MScProject\Dataset\202868.jpg,.jpg,0.01,OK,
C:\Users\User\OneDrive\Documents\Uni\Dissertation\MScProject\Dataset\202869.jpg,.jpg,0.03,OK,
C:\Users\User\OneDrive\Documents\Uni\Dissertation\MScProject\Dataset\202870.jpg,.jpg,0.11,OK,
C:\Users\User\OneDrive\Documents\Uni\Dissertation\MScProject\Dataset\202871.jpg,.jpg,0.04,OK,
C:\Users\User\OneDrive\Documents\Uni\Dissertation\MScProject\Dataset\202872.jpg,.jpg,0.01,OK,
C:\Users\User\OneDrive\Documents\Uni\Dissertation\MScProject\Dataset\202873.jpg,.jpg,0.02,OK,
C:\Users\User\OneDrive\Documents\Uni\Dissertation\MScProject\Dataset\202925.jpg,.jpg,0.19,OK,
C:\Users\User\OneDrive\Documents\Uni\Dissertation\MScProject\Dataset\202926.jpg,.jpg,0.27,OK,
C:\Users\User\OneDrive\Documents\Uni\Dissertation\MScProject\Dataset\202927.jpg,.jpg,0.04,OK,
C:\Users\User\OneDrive\Documents\Uni\Dissertation\MScProject\Dataset\202928.jpg,.jpg,0.05,OK,
C:\Users\User\OneDrive\Documents\Uni\Dissertation\MScProject\Dataset\202929.jpg,.jpg,0.04,OK,
C:\Users\User\OneDrive\Documents\Uni\Dissertation\MScProject\Dataset\202930.jpg,.jpg,0.05,OK,
C:\Users\User\OneDrive\Documents\Uni\Dissertation\MScProject\Dataset\202931.jpg,.jpg,0.02,OK,
C:\Users\User\OneDrive\Documents\Uni\Dissertation\MScProject\Dataset\202932.jpg,.jpg,0.0,OK,
C:\Users\User\OneDrive\Documents\Uni\Dissertation\MScProject\Dataset\202934.jpg,.jpg,0.03,OK,
C:\Users\User\OneDrive\Documents\Uni\Dissertation\MScProject\Dataset\203011.jpg,.jpg,0.03,OK,
C:\Users\User\OneDrive\Documents\Uni\Dissertation\MScProject\Dataset\203013.jpg,.jpg,0.08,OK,
C:\Users\User\OneDrive\Documents\Uni\Dissertation\MScProject\Dataset\203014.jpg,.jpg,0.04,OK,
C:\Users\User\OneDrive\Documents\Uni\Dissertation\MScProject\Dataset\203015.jpg,.jpg,0.01,OK,
C:\Users\User\OneDrive\Documents\Uni\Dissertation\MScProject\Dataset\203016.jpg,.jpg,0.01,OK,
C:\Users\User\OneDrive\Documents\Uni\Dissertation\MScProject\Dataset\203017.jpg,.jpg,0.63,OK,
C:\Users\User\OneDrive\Documents\Uni\Dissertation\MScProject\Dataset\203018.jpg,.jpg,0.01,OK,
C:\Users\User\OneDrive\Documents\Uni\Dissertation\MScProject\Dataset\203181.jpg,.jpg,0.01,OK,
C:\Users\User\OneDrive\Documents\Uni\Dissertation\MScProject\Dataset\203209.jpg,.jpg,0.01,OK,
C:\Users\User\OneDrive\Documents\Uni\Dissertation\MScProject\Dataset\203233.jpg,.jpg,0.03,OK,
C:\Users\User\OneDrive\Documents\Uni\Dissertation\MScProject\Dataset\203234.jpg,.jpg,0.04,OK,
C:\Users\User\OneDrive\Documents\Uni\Dissertation\MScProject\Dataset\203235.jpg,.jpg,0.01,OK,
C:\Users\User\OneDrive\Documents\Uni\Dissertation\MScProject\Dataset\203236.jpg,.jpg,0.0,OK,
C:\Users\User\OneDrive\Documents\Uni\Dissertation\MScProject\Dataset\203238.jpg,.jpg,0.01,OK,
C:\Users\User\OneDrive\Documents\Uni\Dissertation\MScProject\Dataset\203239.jpg,.jpg,0.04,OK,
C:\Users\User\OneDrive\Documents\Uni\Dissertation\MScProject\Dataset\203240.jpg,.jpg,0.02,OK,
C:\Users\User\OneDrive\Documents\Uni\Dissertation\MScProject\Dataset\203242.jpg,.jpg,0.04,OK,
C:\Users\User\OneDrive\Documents\Uni\Dissertation\MScProject\Dataset\203243.jpg,.jpg,0.01,OK,
C:\Users\User\OneDrive\Documents\Uni\Dissertation\MScProject\Dataset\203244.jpg,.jpg,0.08,OK,
C:\Users\User\OneDrive\Documents\Uni\Dissertation\MScProject\Dataset\203246.jpg,.jpg,0.02,OK,
C:\Users\User\OneDrive\Documents\Uni\Dissertation\MScProject\Dataset\203247.jpg,.jpg,0.03,OK,
C:\Users\User\OneDrive\Documents\Uni\Dissertation\MScProject\Dataset\203249.jpg,.jpg,0.02,OK,
C:\Users\User\OneDrive\Documents\Uni\Dissertation\MScProject\Dataset\203251.jpg,.jpg,1.02,OK,
C:\Users\User\OneDrive\Documents\Uni\Dissertation\MScProject\Dataset\203252.jpg,.jpg,0.01,OK,
C:\Users\User\OneDrive\Documents\Uni\Dissertation\MScProject\Dataset\203253.jpg,.jpg,0.01,OK,
C:\Users\User\OneDrive\Documents\Uni\Dissertation\MScProject\Dataset\203254.jpg,.jpg,0.0,OK,
C:\Users\User\OneDrive\Documents\Uni\Dissertation\MScProject\Dataset\203255.jpg,.jpg,0.01,OK,
C:\Users\User\OneDrive\Documents\Uni\Dissertation\MScProject\Dataset\203256.jpg,.jpg,0.0,OK,
C:\Users\User\OneDrive\Documents\Uni\Dissertation\MScProject\Dataset\203257.jpg,.jpg,0.07,OK,
C:\Users\User\OneDrive\Documents\Uni\Dissertation\MScProject\Dataset\203258.jpg,.jpg,0.21,OK,
C:\Users\User\OneDrive\Documents\Uni\Dissertation\MScProject\Dataset\203259.jpg,.jpg,0.06,OK,
C:\Users\User\OneDrive\Documents\Uni\Dissertation\MScProject\Dataset\203260.jpg,.jpg,0.15,OK,
C:\Users\User\OneDrive\Documents\Uni\Dissertation\MScProject\Dataset\203261.jpg,.jpg,0.04,OK,
C:\Users\User\OneDrive\Documents\Uni\Dissertation\MScProject\Dataset\203262.jpg,.jpg,0.04,OK,
C:\Users\User\OneDrive\Documents\Uni\Dissertation\MScProject\Dataset\203263.jpg,.jpg,0.11,OK,
C:\Users\User\OneDrive\Documents\Uni\Dissertation\MScProject\Dataset\203264.jpg,.jpg,0.01,OK,
C:\Users\User\OneDrive\Documents\Uni\Dissertation\MScProject\Dataset\203269.jpg,.jpg,0.14,OK,
C:\Users\User\OneDrive\Documents\Uni\Dissertation\MScProject\Dataset\203270.jpg,.jpg,0.04,OK,
C:\Users\User\OneDrive\Documents\Uni\Dissertation\MScProject\Dataset\203272.jpg,.jpg,0.01,OK,
C:\Users\User\OneDrive\Documents\Uni\Dissertation\MScProject\Dataset\203273.jpg,.jpg,0.32,OK,
C:\Users\User\OneDrive\Documents\Uni\Dissertation\MScProject\Dataset\203274.jpg,.jpg,0.02,OK,
C:\Users\User\OneDrive\Documents\Uni\Dissertation\MScProject\Dataset\203276.jpg,.jpg,0.02,OK,
C:\Users\User\OneDrive\Documents\Uni\Dissertation\MScProject\Dataset\203278.jpg,.jpg,0.03,OK,
C:\Users\User\OneDrive\Documents\Uni\Dissertation\MScProject\Dataset\203279.jpg,.jpg,0.03,OK,
C:\Users\User\OneDrive\Documents\Uni\Dissertation\MScProject\Dataset\203281.jpg,.jpg,0.04,OK,
C:\Users\User\OneDrive\Documents\Uni\Dissertation\MScProject\Dataset\203284.jpg,.jpg,0.06,OK,
C:\Users\User\OneDrive\Documents\Uni\Dissertation\MScProject\Dataset\203289.jpg,.jpg,0.04,OK,
C:\Users\User\OneDrive\Documents\Uni\Dissertation\MScProject\Dataset\203296.jpg,.jpg,0.1,OK,
C:\Users\User\OneDrive\Documents\Uni\Dissertation\MScProject\Dataset\203635.jpg,.jpg,0.03,OK,
C:\Users\User\OneDrive\Documents\Uni\Dissertation\MScProject\Dataset\203636.jpg,.jpg,0.01,OK,
C:\Users\User\OneDrive\Documents\Uni\Dissertation\MScProject\Dataset\203640.jpg,.jpg,0.02,OK,
C:\Users\User\OneDrive\Documents\Uni\Dissertation\MScProject\Dataset\203641.jpg,.jpg,0.01,OK,
C:\Users\User\OneDrive\Documents\Uni\Dissertation\MScProject\Dataset\203648.jpg,.jpg,0.05,OK,
C:\Users\User\OneDrive\Documents\Uni\Dissertation\MScProject\Dataset\203651.jpg,.jpg,0.03,OK,
C:\Users\User\OneDrive\Documents\Uni\Dissertation\MScProject\Dataset\203652.jpg,.jpg,0.03,OK,
C:\Users\User\OneDrive\Documents\Uni\Dissertation\MScProject\Dataset\203654.jpg,.jpg,0.04,OK,
C:\Users\User\OneDrive\Documents\Uni\Dissertation\MScProject\Dataset\203665.jpg,.jpg,0.02,OK,
C:\Users\User\OneDrive\Documents\Uni\Dissertation\MScProject\Dataset\203668.jpg,.jpg,0.01,OK,
C:\Users\User\OneDrive\Documents\Uni\Dissertation\MScProject\Dataset\203670.jpg,.jpg,0.01,OK,
C:\Users\User\OneDrive\Documents\Uni\Dissertation\MScProject\Dataset\203671.jpg,.jpg,0.04,OK,
C:\Users\User\OneDrive\Documents\Uni\Dissertation\MScProject\Dataset\203676.jpg,.jpg,0.01,OK,
C:\Users\User\OneDrive\Documents\Uni\Dissertation\MScProject\Dataset\203682.jpg,.jpg,0.03,OK,
C:\Users\User\OneDrive\Documents\Uni\Dissertation\MScProject\Dataset\203685.jpg,.jpg,0.01,OK,
C:\Users\User\OneDrive\Documents\Uni\Dissertation\MScProject\Dataset\203688.jpg,.jpg,0.03,OK,
C:\Users\User\OneDrive\Documents\Uni\Dissertation\MScProject\Dataset\203691.jpg,.jpg,0.02,OK,
C:\Users\User\OneDrive\Documents\Uni\Dissertation\MScProject\Dataset\203692.jpg,.jpg,0.02,OK,
C:\Users\User\OneDrive\Documents\Uni\Dissertation\MScProject\Dataset\203704.jpg,.jpg,0.01,OK,
C:\Users\User\OneDrive\Documents\Uni\Dissertation\MScProject\Dataset\203718.jpg,.jpg,0.01,OK,
C:\Users\User\OneDrive\Documents\Uni\Dissertation\MScProject\Dataset\203719.jpg,.jpg,0.04,OK,
C:\Users\User\OneDrive\Documents\Uni\Dissertation\MScProject\Dataset\203742.jpg,.jpg,0.03,OK,
C:\Users\User\OneDrive\Documents\Uni\Dissertation\MScProject\Dataset\203994.jpg,.jpg,0.02,OK,
C:\Users\User\OneDrive\Documents\Uni\Dissertation\MScProject\Dataset\203996.jpg,.jpg,0.07,OK,
C:\Users\User\OneDrive\Documents\Uni\Dissertation\MScProject\Dataset\203998.jpg,.jpg,0.22,OK,
C:\Users\User\OneDrive\Documents\Uni\Dissertation\MScProject\Dataset\204000.jpg,.jpg,0.03,OK,
C:\Users\User\OneDrive\Documents\Uni\Dissertation\MScProject\Dataset\204001.jpg,.jpg,0.01,OK,
C:\Users\User\OneDrive\Documents\Uni\Dissertation\MScProject\Dataset\204003.jpg,.jpg,0.07,OK,
C:\Users\User\OneDrive\Documents\Uni\Dissertation\MScProject\Dataset\204004.jpg,.jpg,0.01,OK,
C:\Users\User\OneDrive\Documents\Uni\Dissertation\MScProject\Dataset\204005.jpg,.jpg,0.02,OK,
C:\Users\User\OneDrive\Documents\Uni\Dissertation\MScProject\Dataset\204006.jpg,.jpg,0.02,OK,
C:\Users\User\OneDrive\Documents\Uni\Dissertation\MScProject\Dataset\204007.jpg,.jpg,0.66,OK,
C:\Users\User\OneDrive\Documents\Uni\Dissertation\MScProject\Dataset\204008.jpg,.jpg,0.03,OK,
C:\Users\User\OneDrive\Documents\Uni\Dissertation\MScProject\Dataset\204009.jpg,.jpg,0.01,OK,
C:\Users\User\OneDrive\Documents\Uni\Dissertation\MScProject\Dataset\204011.jpg,.jpg,0.01,OK,
C:\Users\User\OneDrive\Documents\Uni\Dissertation\MScProject\Dataset\204016.jpg,.jpg,0.03,OK,
C:\Users\User\OneDrive\Documents\Uni\Dissertation\MScProject\Dataset\204018.jpg,.jpg,0.02,OK,
C:\Users\User\OneDrive\Documents\Uni\Dissertation\MScProject\Dataset\204020.jpg,.jpg,0.02,OK,
C:\Users\User\OneDrive\Documents\Uni\Dissertation\MScProject\Dataset\204022.jpg,.jpg,0.08,OK,
C:\Users\User\OneDrive\Documents\Uni\Dissertation\MScProject\Dataset\204023.jpg,.jpg,0.07,OK,
C:\Users\User\OneDrive\Documents\Uni\Dissertation\MScProject\Dataset\204026.jpg,.jpg,0.03,OK,
C:\Users\User\OneDrive\Documents\Uni\Dissertation\MScProject\Dataset\204028.jpg,.jpg,0.01,OK,
C:\Users\User\OneDrive\Documents\Uni\Dissertation\MScProject\Dataset\204030.jpg,.jpg,0.01,OK,
C:\Users\User\OneDrive\Documents\Uni\Dissertation\MScProject\Dataset\204031.jpg,.jpg,0.03,OK,
C:\Users\User\OneDrive\Documents\Uni\Dissertation\MScProject\Dataset\204033.jpg,.jpg,0.04,OK,
C:\Users\User\OneDrive\Documents\Uni\Dissertation\MScProject\Dataset\204034.jpg,.jpg,0.01,OK,
C:\Users\User\OneDrive\Documents\Uni\Dissertation\MScProject\Dataset\204035.jpg,.jpg,0.04,OK,
C:\Users\User\OneDrive\Documents\Uni\Dissertation\MScProject\Dataset\204036.jpg,.jpg,0.01,OK,
C:\Users\User\OneDrive\Documents\Uni\Dissertation\MScProject\Dataset\204214.jpg,.jpg,0.01,OK,
C:\Users\User\OneDrive\Documents\Uni\Dissertation\MScProject\Dataset\204215.jpg,.jpg,0.01,OK,
C:\Users\User\OneDrive\Documents\Uni\Dissertation\MScProject\Dataset\204216.jpg,.jpg,0.01,OK,
C:\Users\User\OneDrive\Documents\Uni\Dissertation\MScProject\Dataset\204300.jpg,.jpg,1.11,OK,
C:\Users\User\OneDrive\Documents\Uni\Dissertation\MScProject\Dataset\204591.jpg,.jpg,0.03,OK,
C:\Users\User\OneDrive\Documents\Uni\Dissertation\MScProject\Dataset\204655.jpg,.jpg,0.0,OK,
C:\Users\User\OneDrive\Documents\Uni\Dissertation\MScProject\Dataset\204658.jpg,.jpg,0.05,OK,
C:\Users\User\OneDrive\Documents\Uni\Dissertation\MScProject\Dataset\204663.jpg,.jpg,0.05,OK,
C:\Users\User\OneDrive\Documents\Uni\Dissertation\MScProject\Dataset\204672.jpg,.jpg,0.05,OK,
C:\Users\User\OneDrive\Documents\Uni\Dissertation\MScProject\Dataset\204674.jpg,.jpg,0.03,OK,
C:\Users\User\OneDrive\Documents\Uni\Dissertation\MScProject\Dataset\204678.jpg,.jpg,0.43,OK,
C:\Users\User\OneDrive\Documents\Uni\Dissertation\MScProject\Dataset\204680.jpg,.jpg,0.04,OK,
C:\Users\User\OneDrive\Documents\Uni\Dissertation\MScProject\Dataset\204694.jpg,.jpg,0.04,OK,
C:\Users\User\OneDrive\Documents\Uni\Dissertation\MScProject\Dataset\204695.jpg,.jpg,0.42,OK,
C:\Users\User\OneDrive\Documents\Uni\Dissertation\MScProject\Dataset\204701.jpg,.jpg,0.05,OK,
C:\Users\User\OneDrive\Documents\Uni\Dissertation\MScProject\Dataset\204708.jpg,.jpg,0.05,OK,
C:\Users\User\OneDrive\Documents\Uni\Dissertation\MScProject\Dataset\204715.jpg,.jpg,0.18,OK,
C:\Users\User\OneDrive\Documents\Uni\Dissertation\MScProject\Dataset\204719.jpg,.jpg,0.06,OK,
C:\Users\User\OneDrive\Documents\Uni\Dissertation\MScProject\Dataset\204720.jpg,.jpg,0.85,OK,
C:\Users\User\OneDrive\Documents\Uni\Dissertation\MScProject\Dataset\204725.jpg,.jpg,0.02,OK,
C:\Users\User\OneDrive\Documents\Uni\Dissertation\MScProject\Dataset\204727.jpg,.jpg,0.05,OK,
C:\Users\User\OneDrive\Documents\Uni\Dissertation\MScProject\Dataset\204730.jpg,.jpg,0.01,OK,
C:\Users\User\OneDrive\Documents\Uni\Dissertation\MScProject\Dataset\204732.jpg,.jpg,0.01,OK,
C:\Users\User\OneDrive\Documents\Uni\Dissertation\MScProject\Dataset\204733.jpg,.jpg,0.04,OK,
C:\Users\User\OneDrive\Documents\Uni\Dissertation\MScProject\Dataset\204735.jpg,.jpg,0.0,OK,
C:\Users\User\OneDrive\Documents\Uni\Dissertation\MScProject\Dataset\204737.jpg,.jpg,0.04,OK,
C:\Users\User\OneDrive\Documents\Uni\Dissertation\MScProject\Dataset\204739.jpg,.jpg,0.02,OK,
C:\Users\User\OneDrive\Documents\Uni\Dissertation\MScProject\Dataset\204745.jpg,.jpg,0.09,OK,
C:\Users\User\OneDrive\Documents\Uni\Dissertation\MScProject\Dataset\204747.jpg,.jpg,0.01,OK,
C:\Users\User\OneDrive\Documents\Uni\Dissertation\MScProject\Dataset\204749.jpg,.jpg,0.05,OK,
C:\Users\User\OneDrive\Documents\Uni\Dissertation\MScProject\Dataset\204750.jpg,.jpg,0.06,OK,
C:\Users\User\OneDrive\Documents\Uni\Dissertation\MScProject\Dataset\204757.jpg,.jpg,0.01,OK,
C:\Users\User\OneDrive\Documents\Uni\Dissertation\MScProject\Dataset\204762.jpg,.jpg,0.04,OK,
C:\Users\User\OneDrive\Documents\Uni\Dissertation\MScProject\Dataset\204765.jpg,.jpg,0.22,OK,
C:\Users\User\OneDrive\Documents\Uni\Dissertation\MScProject\Dataset\204766.jpg,.jpg,0.16,OK,
C:\Users\User\OneDrive\Documents\Uni\Dissertation\MScProject\Dataset\204779.jpg,.jpg,0.09,OK,
C:\Users\User\OneDrive\Documents\Uni\Dissertation\MScProject\Dataset\204781.jpg,.jpg,0.02,OK,
C:\Users\User\OneDrive\Documents\Uni\Dissertation\MScProject\Dataset\204789.jpg,.jpg,0.03,OK,
C:\Users\User\OneDrive\Documents\Uni\Dissertation\MScProject\Dataset\204815.jpg,.jpg,0.04,OK,
C:\Users\User\OneDrive\Documents\Uni\Dissertation\MScProject\Dataset\204822.jpg,.jpg,0.1,OK,
C:\Users\User\OneDrive\Documents\Uni\Dissertation\MScProject\Dataset\204838.jpg,.jpg,0.09,OK,
C:\Users\User\OneDrive\Documents\Uni\Dissertation\MScProject\Dataset\204839.jpg,.jpg,0.04,OK,
C:\Users\User\OneDrive\Documents\Uni\Dissertation\MScProject\Dataset\204840.jpg,.jpg,0.03,OK,
C:\Users\User\OneDrive\Documents\Uni\Dissertation\MScProject\Dataset\204841.jpg,.jpg,0.02,OK,
C:\Users\User\OneDrive\Documents\Uni\Dissertation\MScProject\Dataset\204842.jpg,.jpg,0.01,OK,
C:\Users\User\OneDrive\Documents\Uni\Dissertation\MScProject\Dataset\204843.jpg,.jpg,0.01,OK,
C:\Users\User\OneDrive\Documents\Uni\Dissertation\MScProject\Dataset\204846.jpg,.jpg,0.03,OK,
C:\Users\User\OneDrive\Documents\Uni\Dissertation\MScProject\Dataset\204847.jpg,.jpg,0.01,OK,
C:\Users\User\OneDrive\Documents\Uni\Dissertation\MScProject\Dataset\204848.jpg,.jpg,0.02,OK,
C:\Users\User\OneDrive\Documents\Uni\Dissertation\MScProject\Dataset\204853.jpg,.jpg,0.02,OK,
C:\Users\User\OneDrive\Documents\Uni\Dissertation\MScProject\Dataset\204854.jpg,.jpg,0.58,OK,
C:\Users\User\OneDrive\Documents\Uni\Dissertation\MScProject\Dataset\204863.jpg,.jpg,0.01,OK,
C:\Users\User\OneDrive\Documents\Uni\Dissertation\MScProject\Dataset\204864.jpg,.jpg,0.01,OK,
C:\Users\User\OneDrive\Documents\Uni\Dissertation\MScProject\Dataset\204865.jpg,.jpg,0.49,OK,
C:\Users\User\OneDrive\Documents\Uni\Dissertation\MScProject\Dataset\204869.jpg,.jpg,0.18,OK,
C:\Users\User\OneDrive\Documents\Uni\Dissertation\MScProject\Dataset\204870.jpg,.jpg,0.04,OK,
C:\Users\User\OneDrive\Documents\Uni\Dissertation\MScProject\Dataset\204874.jpg,.jpg,0.01,OK,
C:\Users\User\OneDrive\Documents\Uni\Dissertation\MScProject\Dataset\204875.jpg,.jpg,0.0,OK,
C:\Users\User\OneDrive\Documents\Uni\Dissertation\MScProject\Dataset\204876.jpg,.jpg,0.04,OK,
C:\Users\User\OneDrive\Documents\Uni\Dissertation\MScProject\Dataset\204879.jpg,.jpg,0.03,OK,
C:\Users\User\OneDrive\Documents\Uni\Dissertation\MScProject\Dataset\204880.jpg,.jpg,0.15,OK,
C:\Users\User\OneDrive\Documents\Uni\Dissertation\MScProject\Dataset\204881.jpg,.jpg,0.05,OK,
C:\Users\User\OneDrive\Documents\Uni\Dissertation\MScProject\Dataset\204882.jpg,.jpg,0.05,OK,
C:\Users\User\OneDrive\Documents\Uni\Dissertation\MScProject\Dataset\204884.jpg,.jpg,0.13,OK,
C:\Users\User\OneDrive\Documents\Uni\Dissertation\MScProject\Dataset\204885.jpg,.jpg,0.04,OK,
C:\Users\User\OneDrive\Documents\Uni\Dissertation\MScProject\Dataset\205094.jpg,.jpg,0.01,OK,
C:\Users\User\OneDrive\Documents\Uni\Dissertation\MScProject\Dataset\205201.jpg,.jpg,0.03,OK,
C:\Users\User\OneDrive\Documents\Uni\Dissertation\MScProject\Dataset\205202.jpg,.jpg,0.01,OK,
C:\Users\User\OneDrive\Documents\Uni\Dissertation\MScProject\Dataset\205213.jpg,.jpg,0.01,OK,
C:\Users\User\OneDrive\Documents\Uni\Dissertation\MScProject\Dataset\205319.jpg,.jpg,0.08,OK,
C:\Users\User\OneDrive\Documents\Uni\Dissertation\MScProject\Dataset\205320.jpg,.jpg,0.07,OK,
C:\Users\User\OneDrive\Documents\Uni\Dissertation\MScProject\Dataset\205321.jpg,.jpg,0.04,OK,
C:\Users\User\OneDrive\Documents\Uni\Dissertation\MScProject\Dataset\205323.jpg,.jpg,1.25,OK,
C:\Users\User\OneDrive\Documents\Uni\Dissertation\MScProject\Dataset\205324.jpg,.jpg,0.03,OK,
C:\Users\User\OneDrive\Documents\Uni\Dissertation\MScProject\Dataset\205327.jpg,.jpg,0.02,OK,
C:\Users\User\OneDrive\Documents\Uni\Dissertation\MScProject\Dataset\205328.jpg,.jpg,0.08,OK,
C:\Users\User\OneDrive\Documents\Uni\Dissertation\MScProject\Dataset\205329.jpg,.jpg,0.04,OK,
C:\Users\User\OneDrive\Documents\Uni\Dissertation\MScProject\Dataset\205330.jpg,.jpg,0.33,OK,
C:\Users\User\OneDrive\Documents\Uni\Dissertation\MScProject\Dataset\205331.jpg,.jpg,0.05,OK,
C:\Users\User\OneDrive\Documents\Uni\Dissertation\MScProject\Dataset\205332.jpg,.jpg,0.01,OK,
C:\Users\User\OneDrive\Documents\Uni\Dissertation\MScProject\Dataset\205333.jpg,.jpg,0.08,OK,
C:\Users\User\OneDrive\Documents\Uni\Dissertation\MScProject\Dataset\205334.jpg,.jpg,0.05,OK,
C:\Users\User\OneDrive\Documents\Uni\Dissertation\MScProject\Dataset\205336.jpg,.jpg,0.0,OK,
C:\Users\User\OneDrive\Documents\Uni\Dissertation\MScProject\Dataset\205337.jpg,.jpg,0.05,OK,
C:\Users\User\OneDrive\Documents\Uni\Dissertation\MScProject\Dataset\205338.jpg,.jpg,0.04,OK,
C:\Users\User\OneDrive\Documents\Uni\Dissertation\MScProject\Dataset\205340.jpg,.jpg,0.11,OK,
C:\Users\User\OneDrive\Documents\Uni\Dissertation\MScProject\Dataset\205341.jpg,.jpg,0.04,OK,
C:\Users\User\OneDrive\Documents\Uni\Dissertation\MScProject\Dataset\205342.jpg,.jpg,2.05,OK,
C:\Users\User\OneDrive\Documents\Uni\Dissertation\MScProject\Dataset\205343.jpg,.jpg,0.05,OK,
C:\Users\User\OneDrive\Documents\Uni\Dissertation\MScProject\Dataset\205345.jpg,.jpg,0.01,OK,
C:\Users\User\OneDrive\Documents\Uni\Dissertation\MScProject\Dataset\205346.jpg,.jpg,0.01,OK,
C:\Users\User\OneDrive\Documents\Uni\Dissertation\MScProject\Dataset\205347.jpg,.jpg,0.06,OK,
C:\Users\User\OneDrive\Documents\Uni\Dissertation\MScProject\Dataset\205348.jpg,.jpg,0.02,OK,
C:\Users\User\OneDrive\Documents\Uni\Dissertation\MScProject\Dataset\205349.jpg,.jpg,0.03,OK,
C:\Users\User\OneDrive\Documents\Uni\Dissertation\MScProject\Dataset\205350.jpg,.jpg,0.01,OK,
C:\Users\User\OneDrive\Documents\Uni\Dissertation\MScProject\Dataset\205351.jpg,.jpg,0.04,OK,
C:\Users\User\OneDrive\Documents\Uni\Dissertation\MScProject\Dataset\205352.jpg,.jpg,0.03,OK,
C:\Users\User\OneDrive\Documents\Uni\Dissertation\MScProject\Dataset\205353.jpg,.jpg,0.04,OK,
C:\Users\User\OneDrive\Documents\Uni\Dissertation\MScProject\Dataset\205356.jpg,.jpg,0.06,OK,
C:\Users\User\OneDrive\Documents\Uni\Dissertation\MScProject\Dataset\205357.jpg,.jpg,0.01,OK,
C:\Users\User\OneDrive\Documents\Uni\Dissertation\MScProject\Dataset\205358.jpg,.jpg,0.13,OK,
C:\Users\User\OneDrive\Documents\Uni\Dissertation\MScProject\Dataset\205359.jpg,.jpg,0.09,OK,
C:\Users\User\OneDrive\Documents\Uni\Dissertation\MScProject\Dataset\205360.jpg,.jpg,0.02,OK,
C:\Users\User\OneDrive\Documents\Uni\Dissertation\MScProject\Dataset\205362.jpg,.jpg,0.01,OK,
C:\Users\User\OneDrive\Documents\Uni\Dissertation\MScProject\Dataset\205363.jpg,.jpg,0.15,OK,
C:\Users\User\OneDrive\Documents\Uni\Dissertation\MScProject\Dataset\205364.jpg,.jpg,0.02,OK,
C:\Users\User\OneDrive\Documents\Uni\Dissertation\MScProject\Dataset\205456.jpg,.jpg,0.01,OK,
C:\Users\User\OneDrive\Documents\Uni\Dissertation\MScProject\Dataset\205591.jpg,.jpg,0.08,OK,
C:\Users\User\OneDrive\Documents\Uni\Dissertation\MScProject\Dataset\205592.jpg,.jpg,0.02,OK,
C:\Users\User\OneDrive\Documents\Uni\Dissertation\MScProject\Dataset\205608.jpg,.jpg,0.01,OK,
C:\Users\User\OneDrive\Documents\Uni\Dissertation\MScProject\Dataset\205679.jpg,.jpg,0.01,OK,
C:\Users\User\OneDrive\Documents\Uni\Dissertation\MScProject\Dataset\205680.jpg,.jpg,0.06,OK,
C:\Users\User\OneDrive\Documents\Uni\Dissertation\MScProject\Dataset\205823.jpg,.jpg,0.14,OK,
C:\Users\User\OneDrive\Documents\Uni\Dissertation\MScProject\Dataset\205824.jpg,.jpg,0.13,OK,
C:\Users\User\OneDrive\Documents\Uni\Dissertation\MScProject\Dataset\205825.jpg,.jpg,0.07,OK,
C:\Users\User\OneDrive\Documents\Uni\Dissertation\MScProject\Dataset\205826.jpg,.jpg,0.05,OK,
C:\Users\User\OneDrive\Documents\Uni\Dissertation\MScProject\Dataset\205827.jpg,.jpg,0.05,OK,
C:\Users\User\OneDrive\Documents\Uni\Dissertation\MScProject\Dataset\205828.jpg,.jpg,0.05,OK,
C:\Users\User\OneDrive\Documents\Uni\Dissertation\MScProject\Dataset\205829.jpg,.jpg,0.06,OK,
C:\Users\User\OneDrive\Documents\Uni\Dissertation\MScProject\Dataset\205830.jpg,.jpg,0.04,OK,
C:\Users\User\OneDrive\Documents\Uni\Dissertation\MScProject\Dataset\205831.jpg,.jpg,0.05,OK,
C:\Users\User\OneDrive\Documents\Uni\Dissertation\MScProject\Dataset\205832.jpg,.jpg,0.05,OK,
C:\Users\User\OneDrive\Documents\Uni\Dissertation\MScProject\Dataset\205834.jpg,.jpg,0.02,OK,
C:\Users\User\OneDrive\Documents\Uni\Dissertation\MScProject\Dataset\205835.jpg,.jpg,0.01,OK,
C:\Users\User\OneDrive\Documents\Uni\Dissertation\MScProject\Dataset\205836.jpg,.jpg,0.0,OK,
C:\Users\User\OneDrive\Documents\Uni\Dissertation\MScProject\Dataset\205837.jpg,.jpg,0.11,OK,
C:\Users\User\OneDrive\Documents\Uni\Dissertation\MScProject\Dataset\205838.jpg,.jpg,0.13,OK,
C:\Users\User\OneDrive\Documents\Uni\Dissertation\MScProject\Dataset\205839.jpg,.jpg,0.03,OK,
C:\Users\User\OneDrive\Documents\Uni\Dissertation\MScProject\Dataset\205840.jpg,.jpg,0.03,OK,
C:\Users\User\OneDrive\Documents\Uni\Dissertation\MScProject\Dataset\205841.jpg,.jpg,0.03,OK,
C:\Users\User\OneDrive\Documents\Uni\Dissertation\MScProject\Dataset\205842.jpg,.jpg,0.04,OK,
C:\Users\User\OneDrive\Documents\Uni\Dissertation\MScProject\Dataset\205843.jpg,.jpg,0.03,OK,
C:\Users\User\OneDrive\Documents\Uni\Dissertation\MScProject\Dataset\205844.jpg,.jpg,0.03,OK,
C:\Users\User\OneDrive\Documents\Uni\Dissertation\MScProject\Dataset\205845.jpg,.jpg,0.04,OK,
C:\Users\User\OneDrive\Documents\Uni\Dissertation\MScProject\Dataset\205846.jpg,.jpg,0.04,OK,
C:\Users\User\OneDrive\Documents\Uni\Dissertation\MScProject\Dataset\205847.jpg,.jpg,0.03,OK,
C:\Users\User\OneDrive\Documents\Uni\Dissertation\MScProject\Dataset\205848.jpg,.jpg,0.01,OK,
C:\Users\User\OneDrive\Documents\Uni\Dissertation\MScProject\Dataset\205849.jpg,.jpg,0.05,OK,
C:\Users\User\OneDrive\Documents\Uni\Dissertation\MScProject\Dataset\205850.jpg,.jpg,0.01,OK,
C:\Users\User\OneDrive\Documents\Uni\Dissertation\MScProject\Dataset\205851.jpg,.jpg,0.01,OK,
C:\Users\User\OneDrive\Documents\Uni\Dissertation\MScProject\Dataset\205852.jpg,.jpg,0.03,OK,
C:\Users\User\OneDrive\Documents\Uni\Dissertation\MScProject\Dataset\205853.jpg,.jpg,0.04,OK,
C:\Users\User\OneDrive\Documents\Uni\Dissertation\MScProject\Dataset\205854.jpg,.jpg,0.03,OK,
C:\Users\User\OneDrive\Documents\Uni\Dissertation\MScProject\Dataset\205855.jpg,.jpg,0.03,OK,
C:\Users\User\OneDrive\Documents\Uni\Dissertation\MScProject\Dataset\205856.jpg,.jpg,0.04,OK,
C:\Users\User\OneDrive\Documents\Uni\Dissertation\MScProject\Dataset\205857.jpg,.jpg,0.03,OK,
C:\Users\User\OneDrive\Documents\Uni\Dissertation\MScProject\Dataset\205858.jpg,.jpg,0.03,OK,
C:\Users\User\OneDrive\Documents\Uni\Dissertation\MScProject\Dataset\205859.jpg,.jpg,0.05,OK,
C:\Users\User\OneDrive\Documents\Uni\Dissertation\MScProject\Dataset\205860.jpg,.jpg,0.04,OK,
C:\Users\User\OneDrive\Documents\Uni\Dissertation\MScProject\Dataset\205861.jpg,.jpg,0.04,OK,
C:\Users\User\OneDrive\Documents\Uni\Dissertation\MScProject\Dataset\205862.jpg,.jpg,0.03,OK,
C:\Users\User\OneDrive\Documents\Uni\Dissertation\MScProject\Dataset\205863.jpg,.jpg,0.03,OK,
C:\Users\User\OneDrive\Documents\Uni\Dissertation\MScProject\Dataset\205864.jpg,.jpg,0.07,OK,
C:\Users\User\OneDrive\Documents\Uni\Dissertation\MScProject\Dataset\205865.jpg,.jpg,0.11,OK,
C:\Users\User\OneDrive\Documents\Uni\Dissertation\MScProject\Dataset\205866.jpg,.jpg,0.08,OK,
C:\Users\User\OneDrive\Documents\Uni\Dissertation\MScProject\Dataset\205867.jpg,.jpg,0.06,OK,
C:\Users\User\OneDrive\Documents\Uni\Dissertation\MScProject\Dataset\205868.jpg,.jpg,0.06,OK,
C:\Users\User\OneDrive\Documents\Uni\Dissertation\MScProject\Dataset\205869.jpg,.jpg,0.05,OK,
C:\Users\User\OneDrive\Documents\Uni\Dissertation\MScProject\Dataset\205870.jpg,.jpg,0.05,OK,
C:\Users\User\OneDrive\Documents\Uni\Dissertation\MScProject\Dataset\205871.jpg,.jpg,0.06,OK,
C:\Users\User\OneDrive\Documents\Uni\Dissertation\MScProject\Dataset\205872.jpg,.jpg,0.06,OK,
C:\Users\User\OneDrive\Documents\Uni\Dissertation\MScProject\Dataset\206108.jpg,.jpg,0.05,OK,
C:\Users\User\OneDrive\Documents\Uni\Dissertation\MScProject\Dataset\206109.jpg,.jpg,0.08,OK,
C:\Users\User\OneDrive\Documents\Uni\Dissertation\MScProject\Dataset\206110.jpg,.jpg,0.08,OK,
C:\Users\User\OneDrive\Documents\Uni\Dissertation\MScProject\Dataset\206111.jpg,.jpg,0.06,OK,
C:\Users\User\OneDrive\Documents\Uni\Dissertation\MScProject\Dataset\206112.jpg,.jpg,0.04,OK,
C:\Users\User\OneDrive\Documents\Uni\Dissertation\MScProject\Dataset\206113.jpg,.jpg,0.03,OK,
C:\Users\User\OneDrive\Documents\Uni\Dissertation\MScProject\Dataset\206114.jpg,.jpg,0.04,OK,
C:\Users\User\OneDrive\Documents\Uni\Dissertation\MScProject\Dataset\206115.jpg,.jpg,0.03,OK,
C:\Users\User\OneDrive\Documents\Uni\Dissertation\MScProject\Dataset\206116.jpg,.jpg,0.04,OK,
C:\Users\User\OneDrive\Documents\Uni\Dissertation\MScProject\Dataset\206117.jpg,.jpg,0.04,OK,
C:\Users\User\OneDrive\Documents\Uni\Dissertation\MScProject\Dataset\206118.jpg,.jpg,0.02,OK,
C:\Users\User\OneDrive\Documents\Uni\Dissertation\MScProject\Dataset\206119.jpg,.jpg,0.03,OK,
C:\Users\User\OneDrive\Documents\Uni\Dissertation\MScProject\Dataset\206120.jpg,.jpg,0.03,OK,
C:\Users\User\OneDrive\Documents\Uni\Dissertation\MScProject\Dataset\206121.jpg,.jpg,0.03,OK,
C:\Users\User\OneDrive\Documents\Uni\Dissertation\MScProject\Dataset\206122.jpg,.jpg,0.03,OK,
C:\Users\User\OneDrive\Documents\Uni\Dissertation\MScProject\Dataset\206123.jpg,.jpg,0.03,OK,
C:\Users\User\OneDrive\Documents\Uni\Dissertation\MScProject\Dataset\206124.jpg,.jpg,0.03,OK,
C:\Users\User\OneDrive\Documents\Uni\Dissertation\MScProject\Dataset\206125.jpg,.jpg,0.03,OK,
C:\Users\User\OneDrive\Documents\Uni\Dissertation\MScProject\Dataset\206126.jpg,.jpg,0.03,OK,
C:\Users\User\OneDrive\Documents\Uni\Dissertation\MScProject\Dataset\206127.jpg,.jpg,0.03,OK,
C:\Users\User\OneDrive\Documents\Uni\Dissertation\MScProject\Dataset\206128.jpg,.jpg,0.03,OK,
C:\Users\User\OneDrive\Documents\Uni\Dissertation\MScProject\Dataset\206129.jpg,.jpg,0.03,OK,
C:\Users\User\OneDrive\Documents\Uni\Dissertation\MScProject\Dataset\206130.jpg,.jpg,0.03,OK,
C:\Users\User\OneDrive\Documents\Uni\Dissertation\MScProject\Dataset\206131.jpg,.jpg,0.03,OK,
C:\Users\User\OneDrive\Documents\Uni\Dissertation\MScProject\Dataset\206132.jpg,.jpg,0.04,OK,
C:\Users\User\OneDrive\Documents\Uni\Dissertation\MScProject\Dataset\206133.jpg,.jpg,0.03,OK,
C:\Users\User\OneDrive\Documents\Uni\Dissertation\MScProject\Dataset\206134.jpg,.jpg,0.03,OK,
C:\Users\User\OneDrive\Documents\Uni\Dissertation\MScProject\Dataset\206135.jpg,.jpg,0.03,OK,
C:\Users\User\OneDrive\Documents\Uni\Dissertation\MScProject\Dataset\206136.jpg,.jpg,0.04,OK,
C:\Users\User\OneDrive\Documents\Uni\Dissertation\MScProject\Dataset\206137.jpg,.jpg,0.04,OK,
C:\Users\User\OneDrive\Documents\Uni\Dissertation\MScProject\Dataset\206138.jpg,.jpg,0.03,OK,
C:\Users\User\OneDrive\Documents\Uni\Dissertation\MScProject\Dataset\206139.jpg,.jpg,0.03,OK,
C:\Users\User\OneDrive\Documents\Uni\Dissertation\MScProject\Dataset\206140.jpg,.jpg,0.03,OK,
C:\Users\User\OneDrive\Documents\Uni\Dissertation\MScProject\Dataset\206141.jpg,.jpg,0.03,OK,
C:\Users\User\OneDrive\Documents\Uni\Dissertation\MScProject\Dataset\206142.jpg,.jpg,0.02,OK,
C:\Users\User\OneDrive\Documents\Uni\Dissertation\MScProject\Dataset\206143.jpg,.jpg,0.03,OK,
C:\Users\User\OneDrive\Documents\Uni\Dissertation\MScProject\Dataset\206144.jpg,.jpg,0.03,OK,
C:\Users\User\OneDrive\Documents\Uni\Dissertation\MScProject\Dataset\206145.jpg,.jpg,0.03,OK,
C:\Users\User\OneDrive\Documents\Uni\Dissertation\MScProject\Dataset\206146.jpg,.jpg,0.03,OK,
C:\Users\User\OneDrive\Documents\Uni\Dissertation\MScProject\Dataset\206147.jpg,.jpg,0.02,OK,
C:\Users\User\OneDrive\Documents\Uni\Dissertation\MScProject\Dataset\206148.jpg,.jpg,0.08,OK,
C:\Users\User\OneDrive\Documents\Uni\Dissertation\MScProject\Dataset\206149.jpg,.jpg,0.04,OK,
C:\Users\User\OneDrive\Documents\Uni\Dissertation\MScProject\Dataset\206150.jpg,.jpg,0.04,OK,
C:\Users\User\OneDrive\Documents\Uni\Dissertation\MScProject\Dataset\206151.jpg,.jpg,0.05,OK,
C:\Users\User\OneDrive\Documents\Uni\Dissertation\MScProject\Dataset\206152.jpg,.jpg,0.03,OK,
C:\Users\User\OneDrive\Documents\Uni\Dissertation\MScProject\Dataset\206257.jpg,.jpg,0.01,OK,
C:\Users\User\OneDrive\Documents\Uni\Dissertation\MScProject\Dataset\206258.jpg,.jpg,0.12,OK,
C:\Users\User\OneDrive\Documents\Uni\Dissertation\MScProject\Dataset\206378.jpg,.jpg,0.08,OK,
C:\Users\User\OneDrive\Documents\Uni\Dissertation\MScProject\Dataset\206604.jpg,.jpg,0.19,OK,
C:\Users\User\OneDrive\Documents\Uni\Dissertation\MScProject\Dataset\206605.jpg,.jpg,0.03,OK,
C:\Users\User\OneDrive\Documents\Uni\Dissertation\MScProject\Dataset\206607.jpg,.jpg,0.11,OK,
C:\Users\User\OneDrive\Documents\Uni\Dissertation\MScProject\Dataset\206608.jpg,.jpg,0.06,OK,
C:\Users\User\OneDrive\Documents\Uni\Dissertation\MScProject\Dataset\206616.jpg,.jpg,0.07,OK,
C:\Users\User\OneDrive\Documents\Uni\Dissertation\MScProject\Dataset\206617.jpg,.jpg,0.02,OK,
C:\Users\User\OneDrive\Documents\Uni\Dissertation\MScProject\Dataset\206700.jpg,.jpg,0.03,OK,
C:\Users\User\OneDrive\Documents\Uni\Dissertation\MScProject\Dataset\206701.jpg,.jpg,0.08,OK,
C:\Users\User\OneDrive\Documents\Uni\Dissertation\MScProject\Dataset\206704.jpg,.jpg,0.04,OK,
C:\Users\User\OneDrive\Documents\Uni\Dissertation\MScProject\Dataset\206705.jpg,.jpg,0.03,OK,
C:\Users\User\OneDrive\Documents\Uni\Dissertation\MScProject\Dataset\206708.jpg,.jpg,0.02,OK,
C:\Users\User\OneDrive\Documents\Uni\Dissertation\MScProject\Dataset\206711.jpg,.jpg,0.51,OK,
C:\Users\User\OneDrive\Documents\Uni\Dissertation\MScProject\Dataset\206712.jpg,.jpg,0.28,OK,
C:\Users\User\OneDrive\Documents\Uni\Dissertation\MScProject\Dataset\206722.jpg,.jpg,0.1,OK,
C:\Users\User\OneDrive\Documents\Uni\Dissertation\MScProject\Dataset\206725.jpg,.jpg,0.65,OK,
C:\Users\User\OneDrive\Documents\Uni\Dissertation\MScProject\Dataset\206726.jpg,.jpg,0.03,OK,
C:\Users\User\OneDrive\Documents\Uni\Dissertation\MScProject\Dataset\206728.jpg,.jpg,0.07,OK,
C:\Users\User\OneDrive\Documents\Uni\Dissertation\MScProject\Dataset\206732.jpg,.jpg,0.27,OK,
C:\Users\User\OneDrive\Documents\Uni\Dissertation\MScProject\Dataset\206737.jpg,.jpg,0.02,OK,
C:\Users\User\OneDrive\Documents\Uni\Dissertation\MScProject\Dataset\206742.jpg,.jpg,0.01,OK,
C:\Users\User\OneDrive\Documents\Uni\Dissertation\MScProject\Dataset\206758.jpg,.jpg,0.33,OK,
C:\Users\User\OneDrive\Documents\Uni\Dissertation\MScProject\Dataset\206765.jpg,.jpg,0.17,OK,
C:\Users\User\OneDrive\Documents\Uni\Dissertation\MScProject\Dataset\206773.jpg,.jpg,0.06,OK,
C:\Users\User\OneDrive\Documents\Uni\Dissertation\MScProject\Dataset\206777.jpg,.jpg,0.24,OK,
C:\Users\User\OneDrive\Documents\Uni\Dissertation\MScProject\Dataset\206801.jpg,.jpg,0.06,OK,
C:\Users\User\OneDrive\Documents\Uni\Dissertation\MScProject\Dataset\206814.jpg,.jpg,0.01,OK,
C:\Users\User\OneDrive\Documents\Uni\Dissertation\MScProject\Dataset\206815.jpg,.jpg,0.05,OK,
C:\Users\User\OneDrive\Documents\Uni\Dissertation\MScProject\Dataset\206816.jpg,.jpg,0.04,OK,
C:\Users\User\OneDrive\Documents\Uni\Dissertation\MScProject\Dataset\206817.jpg,.jpg,0.05,OK,
C:\Users\User\OneDrive\Documents\Uni\Dissertation\MScProject\Dataset\206818.jpg,.jpg,1.1,OK,
C:\Users\User\OneDrive\Documents\Uni\Dissertation\MScProject\Dataset\206819.jpg,.jpg,0.04,OK,
C:\Users\User\OneDrive\Documents\Uni\Dissertation\MScProject\Dataset\206820.jpg,.jpg,0.04,OK,
C:\Users\User\OneDrive\Documents\Uni\Dissertation\MScProject\Dataset\206821.jpg,.jpg,0.04,OK,
C:\Users\User\OneDrive\Documents\Uni\Dissertation\MScProject\Dataset\206822.jpg,.jpg,0.5,OK,
C:\Users\User\OneDrive\Documents\Uni\Dissertation\MScProject\Dataset\206824.jpg,.jpg,0.4,OK,
C:\Users\User\OneDrive\Documents\Uni\Dissertation\MScProject\Dataset\206825.jpg,.jpg,0.55,OK,
C:\Users\User\OneDrive\Documents\Uni\Dissertation\MScProject\Dataset\206826.jpg,.jpg,0.39,OK,
C:\Users\User\OneDrive\Documents\Uni\Dissertation\MScProject\Dataset\206827.jpg,.jpg,0.03,OK,
C:\Users\User\OneDrive\Documents\Uni\Dissertation\MScProject\Dataset\206828.jpg,.jpg,0.03,OK,
C:\Users\User\OneDrive\Documents\Uni\Dissertation\MScProject\Dataset\206829.jpg,.jpg,0.34,OK,
C:\Users\User\OneDrive\Documents\Uni\Dissertation\MScProject\Dataset\206831.jpg,.jpg,0.05,OK,
C:\Users\User\OneDrive\Documents\Uni\Dissertation\MScProject\Dataset\206832.jpg,.jpg,0.53,OK,
C:\Users\User\OneDrive\Documents\Uni\Dissertation\MScProject\Dataset\206833.jpg,.jpg,0.09,OK,
C:\Users\User\OneDrive\Documents\Uni\Dissertation\MScProject\Dataset\206834.jpg,.jpg,0.06,OK,
C:\Users\User\OneDrive\Documents\Uni\Dissertation\MScProject\Dataset\206835.jpg,.jpg,0.01,OK,
C:\Users\User\OneDrive\Documents\Uni\Dissertation\MScProject\Dataset\206836.jpg,.jpg,0.01,OK,
C:\Users\User\OneDrive\Documents\Uni\Dissertation\MScProject\Dataset\206837.jpg,.jpg,0.03,OK,
C:\Users\User\OneDrive\Documents\Uni\Dissertation\MScProject\Dataset\206838.jpg,.jpg,0.01,OK,
C:\Users\User\OneDrive\Documents\Uni\Dissertation\MScProject\Dataset\206839.jpg,.jpg,0.11,OK,
C:\Users\User\OneDrive\Documents\Uni\Dissertation\MScProject\Dataset\206840.jpg,.jpg,0.04,OK,
C:\Users\User\OneDrive\Documents\Uni\Dissertation\MScProject\Dataset\206841.jpg,.jpg,0.03,OK,
C:\Users\User\OneDrive\Documents\Uni\Dissertation\MScProject\Dataset\206842.jpg,.jpg,0.03,OK,
C:\Users\User\OneDrive\Documents\Uni\Dissertation\MScProject\Dataset\206847.jpg,.jpg,0.02,OK,
C:\Users\User\OneDrive\Documents\Uni\Dissertation\MScProject\Dataset\206851.jpg,.jpg,0.01,OK,
C:\Users\User\OneDrive\Documents\Uni\Dissertation\MScProject\Dataset\206897.jpg,.jpg,0.04,OK,
C:\Users\User\OneDrive\Documents\Uni\Dissertation\MScProject\Dataset\206898.jpg,.jpg,0.83,OK,
C:\Users\User\OneDrive\Documents\Uni\Dissertation\MScProject\Dataset\206902.jpg,.jpg,0.12,OK,
C:\Users\User\OneDrive\Documents\Uni\Dissertation\MScProject\Dataset\206903.jpg,.jpg,0.04,OK,
C:\Users\User\OneDrive\Documents\Uni\Dissertation\MScProject\Dataset\206908.jpg,.jpg,0.17,OK,
C:\Users\User\OneDrive\Documents\Uni\Dissertation\MScProject\Dataset\206932.jpg,.jpg,0.09,OK,
C:\Users\User\OneDrive\Documents\Uni\Dissertation\MScProject\Dataset\206934.jpg,.jpg,0.03,OK,
C:\Users\User\OneDrive\Documents\Uni\Dissertation\MScProject\Dataset\206961.jpg,.jpg,0.04,OK,
C:\Users\User\OneDrive\Documents\Uni\Dissertation\MScProject\Dataset\206962.jpg,.jpg,0.02,OK,
C:\Users\User\OneDrive\Documents\Uni\Dissertation\MScProject\Dataset\206964.jpg,.jpg,0.02,OK,
C:\Users\User\OneDrive\Documents\Uni\Dissertation\MScProject\Dataset\206970.jpg,.jpg,0.07,OK,
C:\Users\User\OneDrive\Documents\Uni\Dissertation\MScProject\Dataset\206971.jpg,.jpg,0.03,OK,
C:\Users\User\OneDrive\Documents\Uni\Dissertation\MScProject\Dataset\207243.jpg,.jpg,0.03,OK,
C:\Users\User\OneDrive\Documents\Uni\Dissertation\MScProject\Dataset\207244.jpg,.jpg,0.23,OK,
C:\Users\User\OneDrive\Documents\Uni\Dissertation\MScProject\Dataset\207245.jpg,.jpg,0.17,OK,
C:\Users\User\OneDrive\Documents\Uni\Dissertation\MScProject\Dataset\207246.jpg,.jpg,0.02,OK,
C:\Users\User\OneDrive\Documents\Uni\Dissertation\MScProject\Dataset\207247.jpg,.jpg,0.22,OK,
C:\Users\User\OneDrive\Documents\Uni\Dissertation\MScProject\Dataset\207248.jpg,.jpg,0.05,OK,
C:\Users\User\OneDrive\Documents\Uni\Dissertation\MScProject\Dataset\207249.jpg,.jpg,0.06,OK,
C:\Users\User\OneDrive\Documents\Uni\Dissertation\MScProject\Dataset\207250.jpg,.jpg,0.15,OK,
C:\Users\User\OneDrive\Documents\Uni\Dissertation\MScProject\Dataset\207251.jpg,.jpg,0.03,OK,
C:\Users\User\OneDrive\Documents\Uni\Dissertation\MScProject\Dataset\207252.jpg,.jpg,0.07,OK,
C:\Users\User\OneDrive\Documents\Uni\Dissertation\MScProject\Dataset\207253.jpg,.jpg,0.11,OK,
C:\Users\User\OneDrive\Documents\Uni\Dissertation\MScProject\Dataset\207254.jpg,.jpg,0.04,OK,
C:\Users\User\OneDrive\Documents\Uni\Dissertation\MScProject\Dataset\207255.jpg,.jpg,0.27,OK,
C:\Users\User\OneDrive\Documents\Uni\Dissertation\MScProject\Dataset\207257.jpg,.jpg,0.02,OK,
C:\Users\User\OneDrive\Documents\Uni\Dissertation\MScProject\Dataset\207259.jpg,.jpg,0.01,OK,
C:\Users\User\OneDrive\Documents\Uni\Dissertation\MScProject\Dataset\207260.jpg,.jpg,0.01,OK,
C:\Users\User\OneDrive\Documents\Uni\Dissertation\MScProject\Dataset\207262.jpg,.jpg,0.06,OK,
C:\Users\User\OneDrive\Documents\Uni\Dissertation\MScProject\Dataset\207263.jpg,.jpg,0.01,OK,
C:\Users\User\OneDrive\Documents\Uni\Dissertation\MScProject\Dataset\207264.jpg,.jpg,0.02,OK,
C:\Users\User\OneDrive\Documents\Uni\Dissertation\MScProject\Dataset\207265.jpg,.jpg,0.28,OK,
C:\Users\User\OneDrive\Documents\Uni\Dissertation\MScProject\Dataset\207266.jpg,.jpg,0.01,OK,
C:\Users\User\OneDrive\Documents\Uni\Dissertation\MScProject\Dataset\207267.jpg,.jpg,0.02,OK,
C:\Users\User\OneDrive\Documents\Uni\Dissertation\MScProject\Dataset\207268.jpg,.jpg,0.03,OK,
C:\Users\User\OneDrive\Documents\Uni\Dissertation\MScProject\Dataset\207269.jpg,.jpg,0.06,OK,
C:\Users\User\OneDrive\Documents\Uni\Dissertation\MScProject\Dataset\207270.jpg,.jpg,0.0,OK,
C:\Users\User\OneDrive\Documents\Uni\Dissertation\MScProject\Dataset\207273.jpg,.jpg,0.01,OK,
C:\Users\User\OneDrive\Documents\Uni\Dissertation\MScProject\Dataset\207275.jpg,.jpg,0.01,OK,
C:\Users\User\OneDrive\Documents\Uni\Dissertation\MScProject\Dataset\207276.jpg,.jpg,0.0,OK,
C:\Users\User\OneDrive\Documents\Uni\Dissertation\MScProject\Dataset\207304.jpg,.jpg,0.24,OK,
C:\Users\User\OneDrive\Documents\Uni\Dissertation\MScProject\Dataset\207305.jpg,.jpg,0.31,OK,
C:\Users\User\OneDrive\Documents\Uni\Dissertation\MScProject\Dataset\207591.jpg,.jpg,0.89,OK,
C:\Users\User\OneDrive\Documents\Uni\Dissertation\MScProject\Dataset\207593.jpg,.jpg,3.14,OK,
C:\Users\User\OneDrive\Documents\Uni\Dissertation\MScProject\Dataset\207594.jpg,.jpg,0.05,OK,
C:\Users\User\OneDrive\Documents\Uni\Dissertation\MScProject\Dataset\207596.jpg,.jpg,0.62,OK,
C:\Users\User\OneDrive\Documents\Uni\Dissertation\MScProject\Dataset\207597.jpg,.jpg,0.16,OK,
C:\Users\User\OneDrive\Documents\Uni\Dissertation\MScProject\Dataset\207598.jpg,.jpg,0.18,OK,
C:\Users\User\OneDrive\Documents\Uni\Dissertation\MScProject\Dataset\207599.jpg,.jpg,1.1,OK,
C:\Users\User\OneDrive\Documents\Uni\Dissertation\MScProject\Dataset\207600.jpg,.jpg,0.14,OK,
C:\Users\User\OneDrive\Documents\Uni\Dissertation\MScProject\Dataset\207603.jpg,.jpg,0.55,OK,
C:\Users\User\OneDrive\Documents\Uni\Dissertation\MScProject\Dataset\207604.jpg,.jpg,0.01,OK,
C:\Users\User\OneDrive\Documents\Uni\Dissertation\MScProject\Dataset\207607.jpg,.jpg,0.16,OK,
C:\Users\User\OneDrive\Documents\Uni\Dissertation\MScProject\Dataset\207609.jpg,.jpg,1.33,OK,
C:\Users\User\OneDrive\Documents\Uni\Dissertation\MScProject\Dataset\207612.jpg,.jpg,0.15,OK,
C:\Users\User\OneDrive\Documents\Uni\Dissertation\MScProject\Dataset\207613.jpg,.jpg,0.95,OK,
C:\Users\User\OneDrive\Documents\Uni\Dissertation\MScProject\Dataset\207614.jpg,.jpg,2.47,OK,
C:\Users\User\OneDrive\Documents\Uni\Dissertation\MScProject\Dataset\207615.jpg,.jpg,0.29,OK,
C:\Users\User\OneDrive\Documents\Uni\Dissertation\MScProject\Dataset\207616.jpg,.jpg,1.94,OK,
C:\Users\User\OneDrive\Documents\Uni\Dissertation\MScProject\Dataset\207622.jpg,.jpg,0.89,OK,
C:\Users\User\OneDrive\Documents\Uni\Dissertation\MScProject\Dataset\207624.jpg,.jpg,1.56,OK,
C:\Users\User\OneDrive\Documents\Uni\Dissertation\MScProject\Dataset\207625.jpg,.jpg,0.08,OK,
C:\Users\User\OneDrive\Documents\Uni\Dissertation\MScProject\Dataset\207626.jpg,.jpg,0.03,OK,
C:\Users\User\OneDrive\Documents\Uni\Dissertation\MScProject\Dataset\207627.jpg,.jpg,0.39,OK,
C:\Users\User\OneDrive\Documents\Uni\Dissertation\MScProject\Dataset\207628.jpg,.jpg,0.06,OK,
C:\Users\User\OneDrive\Documents\Uni\Dissertation\MScProject\Dataset\207630.jpg,.jpg,0.06,OK,
C:\Users\User\OneDrive\Documents\Uni\Dissertation\MScProject\Dataset\207631.jpg,.jpg,0.01,OK,
C:\Users\User\OneDrive\Documents\Uni\Dissertation\MScProject\Dataset\207632.jpg,.jpg,0.02,OK,
C:\Users\User\OneDrive\Documents\Uni\Dissertation\MScProject\Dataset\207693.jpg,.jpg,0.02,OK,
C:\Users\User\OneDrive\Documents\Uni\Dissertation\MScProject\Dataset\207694.jpg,.jpg,0.01,OK,
C:\Users\User\OneDrive\Documents\Uni\Dissertation\MScProject\Dataset\207695.jpg,.jpg,0.01,OK,
C:\Users\User\OneDrive\Documents\Uni\Dissertation\MScProject\Dataset\207837.jpg,.jpg,0.19,OK,
C:\Users\User\OneDrive\Documents\Uni\Dissertation\MScProject\Dataset\207840.jpg,.jpg,0.07,OK,
C:\Users\User\OneDrive\Documents\Uni\Dissertation\MScProject\Dataset\207854.jpg,.jpg,0.09,OK,
C:\Users\User\OneDrive\Documents\Uni\Dissertation\MScProject\Dataset\207855.jpg,.jpg,0.06,OK,
C:\Users\User\OneDrive\Documents\Uni\Dissertation\MScProject\Dataset\207856.jpg,.jpg,0.04,OK,
C:\Users\User\OneDrive\Documents\Uni\Dissertation\MScProject\Dataset\207863.jpg,.jpg,0.03,OK,
C:\Users\User\OneDrive\Documents\Uni\Dissertation\MScProject\Dataset\207873.jpg,.jpg,0.01,OK,
C:\Users\User\OneDrive\Documents\Uni\Dissertation\MScProject\Dataset\207901.jpg,.jpg,0.35,OK,
C:\Users\User\OneDrive\Documents\Uni\Dissertation\MScProject\Dataset\207904.jpg,.jpg,0.05,OK,
C:\Users\User\OneDrive\Documents\Uni\Dissertation\MScProject\Dataset\207905.jpg,.jpg,0.11,OK,
C:\Users\User\OneDrive\Documents\Uni\Dissertation\MScProject\Dataset\207912.jpg,.jpg,0.23,OK,
C:\Users\User\OneDrive\Documents\Uni\Dissertation\MScProject\Dataset\207917.jpg,.jpg,0.25,OK,
C:\Users\User\OneDrive\Documents\Uni\Dissertation\MScProject\Dataset\207919.jpg,.jpg,0.19,OK,
C:\Users\User\OneDrive\Documents\Uni\Dissertation\MScProject\Dataset\207921.jpg,.jpg,0.19,OK,
C:\Users\User\OneDrive\Documents\Uni\Dissertation\MScProject\Dataset\207925.jpg,.jpg,0.19,OK,
C:\Users\User\OneDrive\Documents\Uni\Dissertation\MScProject\Dataset\207926.jpg,.jpg,0.01,OK,
C:\Users\User\OneDrive\Documents\Uni\Dissertation\MScProject\Dataset\207928.jpg,.jpg,0.0,OK,
C:\Users\User\OneDrive\Documents\Uni\Dissertation\MScProject\Dataset\208042.jpg,.jpg,0.02,OK,
C:\Users\User\OneDrive\Documents\Uni\Dissertation\MScProject\Dataset\208043.jpg,.jpg,0.01,OK,
C:\Users\User\OneDrive\Documents\Uni\Dissertation\MScProject\Dataset\208056.jpg,.jpg,0.02,OK,
C:\Users\User\OneDrive\Documents\Uni\Dissertation\MScProject\Dataset\208269.jpg,.jpg,0.02,OK,
C:\Users\User\OneDrive\Documents\Uni\Dissertation\MScProject\Dataset\208270.jpg,.jpg,0.02,OK,
C:\Users\User\OneDrive\Documents\Uni\Dissertation\MScProject\Dataset\208271.jpg,.jpg,0.14,OK,
C:\Users\User\OneDrive\Documents\Uni\Dissertation\MScProject\Dataset\208273.jpg,.jpg,0.02,OK,
C:\Users\User\OneDrive\Documents\Uni\Dissertation\MScProject\Dataset\208274.jpg,.jpg,0.04,OK,
C:\Users\User\OneDrive\Documents\Uni\Dissertation\MScProject\Dataset\208275.jpg,.jpg,0.02,OK,
C:\Users\User\OneDrive\Documents\Uni\Dissertation\MScProject\Dataset\208281.jpg,.jpg,0.04,OK,
C:\Users\User\OneDrive\Documents\Uni\Dissertation\MScProject\Dataset\208282.jpg,.jpg,0.05,OK,
C:\Users\User\OneDrive\Documents\Uni\Dissertation\MScProject\Dataset\208283.jpg,.jpg,0.01,OK,
C:\Users\User\OneDrive\Documents\Uni\Dissertation\MScProject\Dataset\208287.jpg,.jpg,0.05,OK,
C:\Users\User\OneDrive\Documents\Uni\Dissertation\MScProject\Dataset\208293.jpg,.jpg,0.07,OK,
C:\Users\User\OneDrive\Documents\Uni\Dissertation\MScProject\Dataset\208295.jpg,.jpg,0.13,OK,
C:\Users\User\OneDrive\Documents\Uni\Dissertation\MScProject\Dataset\208297.jpg,.jpg,0.06,OK,
C:\Users\User\OneDrive\Documents\Uni\Dissertation\MScProject\Dataset\208298.jpg,.jpg,0.1,OK,
C:\Users\User\OneDrive\Documents\Uni\Dissertation\MScProject\Dataset\208300.jpg,.jpg,0.04,OK,
C:\Users\User\OneDrive\Documents\Uni\Dissertation\MScProject\Dataset\208301.jpg,.jpg,0.07,OK,
C:\Users\User\OneDrive\Documents\Uni\Dissertation\MScProject\Dataset\208302.jpg,.jpg,0.45,OK,
C:\Users\User\OneDrive\Documents\Uni\Dissertation\MScProject\Dataset\208303.jpg,.jpg,0.04,OK,
C:\Users\User\OneDrive\Documents\Uni\Dissertation\MScProject\Dataset\208304.jpg,.jpg,0.08,OK,
C:\Users\User\OneDrive\Documents\Uni\Dissertation\MScProject\Dataset\208427.jpg,.jpg,0.07,OK,
C:\Users\User\OneDrive\Documents\Uni\Dissertation\MScProject\Dataset\208428.jpg,.jpg,0.14,OK,
C:\Users\User\OneDrive\Documents\Uni\Dissertation\MScProject\Dataset\208429.jpg,.jpg,0.0,OK,
C:\Users\User\OneDrive\Documents\Uni\Dissertation\MScProject\Dataset\208430.jpg,.jpg,0.0,OK,
C:\Users\User\OneDrive\Documents\Uni\Dissertation\MScProject\Dataset\208537.jpg,.jpg,0.04,OK,
C:\Users\User\OneDrive\Documents\Uni\Dissertation\MScProject\Dataset\208741.jpg,.jpg,0.01,OK,
C:\Users\User\OneDrive\Documents\Uni\Dissertation\MScProject\Dataset\208743.jpg,.jpg,0.01,OK,
C:\Users\User\OneDrive\Documents\Uni\Dissertation\MScProject\Dataset\208744.jpg,.jpg,0.03,OK,
C:\Users\User\OneDrive\Documents\Uni\Dissertation\MScProject\Dataset\208745.jpg,.jpg,0.01,OK,
C:\Users\User\OneDrive\Documents\Uni\Dissertation\MScProject\Dataset\208746.jpg,.jpg,0.03,OK,
C:\Users\User\OneDrive\Documents\Uni\Dissertation\MScProject\Dataset\208749.jpg,.jpg,0.03,OK,
C:\Users\User\OneDrive\Documents\Uni\Dissertation\MScProject\Dataset\208750.jpg,.jpg,0.03,OK,
C:\Users\User\OneDrive\Documents\Uni\Dissertation\MScProject\Dataset\208751.jpg,.jpg,0.19,OK,
C:\Users\User\OneDrive\Documents\Uni\Dissertation\MScProject\Dataset\208752.jpg,.jpg,0.02,OK,
C:\Users\User\OneDrive\Documents\Uni\Dissertation\MScProject\Dataset\208754.jpg,.jpg,3.87,OK,
C:\Users\User\OneDrive\Documents\Uni\Dissertation\MScProject\Dataset\208755.jpg,.jpg,0.02,OK,
C:\Users\User\OneDrive\Documents\Uni\Dissertation\MScProject\Dataset\208756.jpg,.jpg,0.2,OK,
C:\Users\User\OneDrive\Documents\Uni\Dissertation\MScProject\Dataset\208757.jpg,.jpg,0.14,OK,
C:\Users\User\OneDrive\Documents\Uni\Dissertation\MScProject\Dataset\208760.jpg,.jpg,0.0,OK,
C:\Users\User\OneDrive\Documents\Uni\Dissertation\MScProject\Dataset\208761.jpg,.jpg,0.04,OK,
C:\Users\User\OneDrive\Documents\Uni\Dissertation\MScProject\Dataset\208762.jpg,.jpg,0.02,OK,
C:\Users\User\OneDrive\Documents\Uni\Dissertation\MScProject\Dataset\208909.jpg,.jpg,0.19,OK,
C:\Users\User\OneDrive\Documents\Uni\Dissertation\MScProject\Dataset\208910.jpg,.jpg,0.0,OK,
C:\Users\User\OneDrive\Documents\Uni\Dissertation\MScProject\Dataset\208911.jpg,.jpg,0.0,OK,
C:\Users\User\OneDrive\Documents\Uni\Dissertation\MScProject\Dataset\208912.jpg,.jpg,0.24,OK,
C:\Users\User\OneDrive\Documents\Uni\Dissertation\MScProject\Dataset\208913.jpg,.jpg,0.1,OK,
C:\Users\User\OneDrive\Documents\Uni\Dissertation\MScProject\Dataset\208914.jpg,.jpg,0.03,OK,
C:\Users\User\OneDrive\Documents\Uni\Dissertation\MScProject\Dataset\208915.jpg,.jpg,0.0,OK,
C:\Users\User\OneDrive\Documents\Uni\Dissertation\MScProject\Dataset\208916.jpg,.jpg,0.01,OK,
C:\Users\User\OneDrive\Documents\Uni\Dissertation\MScProject\Dataset\208917.jpg,.jpg,0.01,OK,
C:\Users\User\OneDrive\Documents\Uni\Dissertation\MScProject\Dataset\208918.jpg,.jpg,0.01,OK,
C:\Users\User\OneDrive\Documents\Uni\Dissertation\MScProject\Dataset\208919.jpg,.jpg,0.01,OK,
C:\Users\User\OneDrive\Documents\Uni\Dissertation\MScProject\Dataset\208920.jpg,.jpg,0.01,OK,
C:\Users\User\OneDrive\Documents\Uni\Dissertation\MScProject\Dataset\208921.jpg,.jpg,0.01,OK,
C:\Users\User\OneDrive\Documents\Uni\Dissertation\MScProject\Dataset\208922.jpg,.jpg,0.03,OK,
C:\Users\User\OneDrive\Documents\Uni\Dissertation\MScProject\Dataset\208923.jpg,.jpg,0.0,OK,
C:\Users\User\OneDrive\Documents\Uni\Dissertation\MScProject\Dataset\208924.jpg,.jpg,0.0,OK,
C:\Users\User\OneDrive\Documents\Uni\Dissertation\MScProject\Dataset\208925.jpg,.jpg,0.01,OK,
C:\Users\User\OneDrive\Documents\Uni\Dissertation\MScProject\Dataset\209324.jpg,.jpg,0.14,OK,
C:\Users\User\OneDrive\Documents\Uni\Dissertation\MScProject\Dataset\209327.jpg,.jpg,0.01,OK,
C:\Users\User\OneDrive\Documents\Uni\Dissertation\MScProject\Dataset\209329.jpg,.jpg,0.03,OK,
C:\Users\User\OneDrive\Documents\Uni\Dissertation\MScProject\Dataset\209330.jpg,.jpg,0.01,OK,
C:\Users\User\OneDrive\Documents\Uni\Dissertation\MScProject\Dataset\209331.jpg,.jpg,0.0,OK,
C:\Users\User\OneDrive\Documents\Uni\Dissertation\MScProject\Dataset\209332.jpg,.jpg,0.02,OK,
C:\Users\User\OneDrive\Documents\Uni\Dissertation\MScProject\Dataset\209336.jpg,.jpg,0.01,OK,
C:\Users\User\OneDrive\Documents\Uni\Dissertation\MScProject\Dataset\209341.jpg,.jpg,0.0,OK,
C:\Users\User\OneDrive\Documents\Uni\Dissertation\MScProject\Dataset\209437.jpg,.jpg,0.1,OK,
C:\Users\User\OneDrive\Documents\Uni\Dissertation\MScProject\Dataset\209438.jpg,.jpg,0.04,OK,
C:\Users\User\OneDrive\Documents\Uni\Dissertation\MScProject\Dataset\209439.jpg,.jpg,0.05,OK,
C:\Users\User\OneDrive\Documents\Uni\Dissertation\MScProject\Dataset\209440.jpg,.jpg,0.18,OK,
C:\Users\User\OneDrive\Documents\Uni\Dissertation\MScProject\Dataset\209441.jpg,.jpg,0.16,OK,
C:\Users\User\OneDrive\Documents\Uni\Dissertation\MScProject\Dataset\209443.jpg,.jpg,0.02,OK,
C:\Users\User\OneDrive\Documents\Uni\Dissertation\MScProject\Dataset\209444.jpg,.jpg,0.04,OK,
C:\Users\User\OneDrive\Documents\Uni\Dissertation\MScProject\Dataset\209445.jpg,.jpg,0.06,OK,
C:\Users\User\OneDrive\Documents\Uni\Dissertation\MScProject\Dataset\209446.jpg,.jpg,0.02,OK,
C:\Users\User\OneDrive\Documents\Uni\Dissertation\MScProject\Dataset\209447.jpg,.jpg,0.08,OK,
C:\Users\User\OneDrive\Documents\Uni\Dissertation\MScProject\Dataset\209448.jpg,.jpg,0.05,OK,
C:\Users\User\OneDrive\Documents\Uni\Dissertation\MScProject\Dataset\209450.jpg,.jpg,0.05,OK,
C:\Users\User\OneDrive\Documents\Uni\Dissertation\MScProject\Dataset\209451.jpg,.jpg,0.01,OK,
C:\Users\User\OneDrive\Documents\Uni\Dissertation\MScProject\Dataset\209453.jpg,.jpg,0.01,OK,
C:\Users\User\OneDrive\Documents\Uni\Dissertation\MScProject\Dataset\209454.jpg,.jpg,0.01,OK,
C:\Users\User\OneDrive\Documents\Uni\Dissertation\MScProject\Dataset\209455.jpg,.jpg,0.02,OK,
C:\Users\User\OneDrive\Documents\Uni\Dissertation\MScProject\Dataset\209456.jpg,.jpg,0.02,OK,
C:\Users\User\OneDrive\Documents\Uni\Dissertation\MScProject\Dataset\209457.jpg,.jpg,0.02,OK,
C:\Users\User\OneDrive\Documents\Uni\Dissertation\MScProject\Dataset\209458.jpg,.jpg,0.03,OK,
C:\Users\User\OneDrive\Documents\Uni\Dissertation\MScProject\Dataset\209459.jpg,.jpg,0.0,OK,
C:\Users\User\OneDrive\Documents\Uni\Dissertation\MScProject\Dataset\209461.jpg,.jpg,0.02,OK,
C:\Users\User\OneDrive\Documents\Uni\Dissertation\MScProject\Dataset\209462.jpg,.jpg,0.03,OK,
C:\Users\User\OneDrive\Documents\Uni\Dissertation\MScProject\Dataset\209463.jpg,.jpg,0.04,OK,
C:\Users\User\OneDrive\Documents\Uni\Dissertation\MScProject\Dataset\209464.jpg,.jpg,0.03,OK,
C:\Users\User\OneDrive\Documents\Uni\Dissertation\MScProject\Dataset\209465.jpg,.jpg,0.0,OK,
C:\Users\User\OneDrive\Documents\Uni\Dissertation\MScProject\Dataset\209466.jpg,.jpg,0.02,OK,
C:\Users\User\OneDrive\Documents\Uni\Dissertation\MScProject\Dataset\209467.jpg,.jpg,0.0,OK,
C:\Users\User\OneDrive\Documents\Uni\Dissertation\MScProject\Dataset\209468.jpg,.jpg,0.01,OK,
C:\Users\User\OneDrive\Documents\Uni\Dissertation\MScProject\Dataset\209469.jpg,.jpg,0.03,OK,
C:\Users\User\OneDrive\Documents\Uni\Dissertation\MScProject\Dataset\209470.jpg,.jpg,0.03,OK,
C:\Users\User\OneDrive\Documents\Uni\Dissertation\MScProject\Dataset\209471.jpg,.jpg,0.04,OK,
C:\Users\User\OneDrive\Documents\Uni\Dissertation\MScProject\Dataset\209472.jpg,.jpg,0.03,OK,
C:\Users\User\OneDrive\Documents\Uni\Dissertation\MScProject\Dataset\209473.jpg,.jpg,0.02,OK,
C:\Users\User\OneDrive\Documents\Uni\Dissertation\MScProject\Dataset\209474.jpg,.jpg,0.04,OK,
C:\Users\User\OneDrive\Documents\Uni\Dissertation\MScProject\Dataset\209475.jpg,.jpg,0.03,OK,
C:\Users\User\OneDrive\Documents\Uni\Dissertation\MScProject\Dataset\209476.jpg,.jpg,0.03,OK,
C:\Users\User\OneDrive\Documents\Uni\Dissertation\MScProject\Dataset\209477.jpg,.jpg,0.03,OK,
C:\Users\User\OneDrive\Documents\Uni\Dissertation\MScProject\Dataset\209478.jpg,.jpg,0.02,OK,
C:\Users\User\OneDrive\Documents\Uni\Dissertation\MScProject\Dataset\209479.jpg,.jpg,0.03,OK,
C:\Users\User\OneDrive\Documents\Uni\Dissertation\MScProject\Dataset\209480.jpg,.jpg,0.03,OK,
C:\Users\User\OneDrive\Documents\Uni\Dissertation\MScProject\Dataset\209481.jpg,.jpg,0.03,OK,
C:\Users\User\OneDrive\Documents\Uni\Dissertation\MScProject\Dataset\209691.jpg,.jpg,0.05,OK,
C:\Users\User\OneDrive\Documents\Uni\Dissertation\MScProject\Dataset\209692.jpg,.jpg,0.01,OK,
C:\Users\User\OneDrive\Documents\Uni\Dissertation\MScProject\Dataset\209694.jpg,.jpg,0.04,OK,
C:\Users\User\OneDrive\Documents\Uni\Dissertation\MScProject\Dataset\209695.jpg,.jpg,0.2,OK,
C:\Users\User\OneDrive\Documents\Uni\Dissertation\MScProject\Dataset\209696.jpg,.jpg,0.06,OK,
C:\Users\User\OneDrive\Documents\Uni\Dissertation\MScProject\Dataset\209697.jpg,.jpg,0.01,OK,
C:\Users\User\OneDrive\Documents\Uni\Dissertation\MScProject\Dataset\209698.jpg,.jpg,0.02,OK,
C:\Users\User\OneDrive\Documents\Uni\Dissertation\MScProject\Dataset\209702.jpg,.jpg,0.02,OK,
C:\Users\User\OneDrive\Documents\Uni\Dissertation\MScProject\Dataset\209703.jpg,.jpg,0.1,OK,
C:\Users\User\OneDrive\Documents\Uni\Dissertation\MScProject\Dataset\209705.jpg,.jpg,0.06,OK,
C:\Users\User\OneDrive\Documents\Uni\Dissertation\MScProject\Dataset\209706.jpg,.jpg,0.02,OK,
C:\Users\User\OneDrive\Documents\Uni\Dissertation\MScProject\Dataset\209707.jpg,.jpg,0.01,OK,
C:\Users\User\OneDrive\Documents\Uni\Dissertation\MScProject\Dataset\209709.jpg,.jpg,0.13,OK,
C:\Users\User\OneDrive\Documents\Uni\Dissertation\MScProject\Dataset\209710.jpg,.jpg,0.04,OK,
C:\Users\User\OneDrive\Documents\Uni\Dissertation\MScProject\Dataset\209711.jpg,.jpg,0.04,OK,
C:\Users\User\OneDrive\Documents\Uni\Dissertation\MScProject\Dataset\209712.jpg,.jpg,0.08,OK,
C:\Users\User\OneDrive\Documents\Uni\Dissertation\MScProject\Dataset\209713.jpg,.jpg,0.02,OK,
C:\Users\User\OneDrive\Documents\Uni\Dissertation\MScProject\Dataset\209714.jpg,.jpg,0.01,OK,
C:\Users\User\OneDrive\Documents\Uni\Dissertation\MScProject\Dataset\209715.jpg,.jpg,0.01,OK,
C:\Users\User\OneDrive\Documents\Uni\Dissertation\MScProject\Dataset\209716.jpg,.jpg,0.35,OK,
C:\Users\User\OneDrive\Documents\Uni\Dissertation\MScProject\Dataset\209717.jpg,.jpg,0.05,OK,
C:\Users\User\OneDrive\Documents\Uni\Dissertation\MScProject\Dataset\209718.jpg,.jpg,0.03,OK,
C:\Users\User\OneDrive\Documents\Uni\Dissertation\MScProject\Dataset\209719.jpg,.jpg,0.03,OK,
C:\Users\User\OneDrive\Documents\Uni\Dissertation\MScProject\Dataset\209722.jpg,.jpg,0.01,OK,
C:\Users\User\OneDrive\Documents\Uni\Dissertation\MScProject\Dataset\209725.jpg,.jpg,0.03,OK,
C:\Users\User\OneDrive\Documents\Uni\Dissertation\MScProject\Dataset\209732.jpg,.jpg,0.01,OK,
C:\Users\User\OneDrive\Documents\Uni\Dissertation\MScProject\Dataset\209734.jpg,.jpg,0.01,OK,
C:\Users\User\OneDrive\Documents\Uni\Dissertation\MScProject\Dataset\209746.jpg,.jpg,0.01,OK,
C:\Users\User\OneDrive\Documents\Uni\Dissertation\MScProject\Dataset\209965.jpg,.jpg,0.03,OK,
C:\Users\User\OneDrive\Documents\Uni\Dissertation\MScProject\Dataset\209966.jpg,.jpg,0.04,OK,
C:\Users\User\OneDrive\Documents\Uni\Dissertation\MScProject\Dataset\209967.jpg,.jpg,0.04,OK,
C:\Users\User\OneDrive\Documents\Uni\Dissertation\MScProject\Dataset\209968.jpg,.jpg,0.03,OK,
C:\Users\User\OneDrive\Documents\Uni\Dissertation\MScProject\Dataset\209969.jpg,.jpg,0.04,OK,
C:\Users\User\OneDrive\Documents\Uni\Dissertation\MScProject\Dataset\209970.jpg,.jpg,0.12,OK,
C:\Users\User\OneDrive\Documents\Uni\Dissertation\MScProject\Dataset\209971.jpg,.jpg,0.03,OK,
C:\Users\User\OneDrive\Documents\Uni\Dissertation\MScProject\Dataset\209972.jpg,.jpg,0.04,OK,
C:\Users\User\OneDrive\Documents\Uni\Dissertation\MScProject\Dataset\209973.jpg,.jpg,0.04,OK,
C:\Users\User\OneDrive\Documents\Uni\Dissertation\MScProject\Dataset\209974.jpg,.jpg,0.04,OK,
C:\Users\User\OneDrive\Documents\Uni\Dissertation\MScProject\Dataset\209976.jpg,.jpg,0.01,OK,
C:\Users\User\OneDrive\Documents\Uni\Dissertation\MScProject\Dataset\209977.jpg,.jpg,0.06,OK,
C:\Users\User\OneDrive\Documents\Uni\Dissertation\MScProject\Dataset\209978.jpg,.jpg,0.01,OK,
C:\Users\User\OneDrive\Documents\Uni\Dissertation\MScProject\Dataset\209979.jpg,.jpg,0.01,OK,
C:\Users\User\OneDrive\Documents\Uni\Dissertation\MScProject\Dataset\209980.jpg,.jpg,0.01,OK,
C:\Users\User\OneDrive\Documents\Uni\Dissertation\MScProject\Dataset\209981.jpg,.jpg,0.06,OK,
C:\Users\User\OneDrive\Documents\Uni\Dissertation\MScProject\Dataset\209982.jpg,.jpg,0.01,OK,
C:\Users\User\OneDrive\Documents\Uni\Dissertation\MScProject\Dataset\209983.jpg,.jpg,0.07,OK,
C:\Users\User\OneDrive\Documents\Uni\Dissertation\MScProject\Dataset\210126.jpg,.jpg,0.02,OK,
C:\Users\User\OneDrive\Documents\Uni\Dissertation\MScProject\Dataset\210127.jpg,.jpg,0.05,OK,
C:\Users\User\OneDrive\Documents\Uni\Dissertation\MScProject\Dataset\210128.jpg,.jpg,0.04,OK,
C:\Users\User\OneDrive\Documents\Uni\Dissertation\MScProject\Dataset\210129.jpg,.jpg,0.02,OK,
C:\Users\User\OneDrive\Documents\Uni\Dissertation\MScProject\Dataset\210130.jpg,.jpg,1.86,OK,
C:\Users\User\OneDrive\Documents\Uni\Dissertation\MScProject\Dataset\210132.jpg,.jpg,0.01,OK,
C:\Users\User\OneDrive\Documents\Uni\Dissertation\MScProject\Dataset\210133.jpg,.jpg,2.04,OK,
C:\Users\User\OneDrive\Documents\Uni\Dissertation\MScProject\Dataset\210134.jpg,.jpg,1.62,OK,
C:\Users\User\OneDrive\Documents\Uni\Dissertation\MScProject\Dataset\210135.jpg,.jpg,0.03,OK,
C:\Users\User\OneDrive\Documents\Uni\Dissertation\MScProject\Dataset\210136.jpg,.jpg,0.06,OK,
C:\Users\User\OneDrive\Documents\Uni\Dissertation\MScProject\Dataset\210137.jpg,.jpg,0.02,OK,
C:\Users\User\OneDrive\Documents\Uni\Dissertation\MScProject\Dataset\210138.jpg,.jpg,0.07,OK,
C:\Users\User\OneDrive\Documents\Uni\Dissertation\MScProject\Dataset\210139.jpg,.jpg,0.05,OK,
C:\Users\User\OneDrive\Documents\Uni\Dissertation\MScProject\Dataset\210140.jpg,.jpg,0.11,OK,
C:\Users\User\OneDrive\Documents\Uni\Dissertation\MScProject\Dataset\210143.jpg,.jpg,0.08,OK,
C:\Users\User\OneDrive\Documents\Uni\Dissertation\MScProject\Dataset\210144.jpg,.jpg,0.01,OK,
C:\Users\User\OneDrive\Documents\Uni\Dissertation\MScProject\Dataset\210145.jpg,.jpg,0.08,OK,
C:\Users\User\OneDrive\Documents\Uni\Dissertation\MScProject\Dataset\210146.jpg,.jpg,0.21,OK,
C:\Users\User\OneDrive\Documents\Uni\Dissertation\MScProject\Dataset\210147.jpg,.jpg,0.12,OK,
C:\Users\User\OneDrive\Documents\Uni\Dissertation\MScProject\Dataset\210148.jpg,.jpg,0.02,OK,
C:\Users\User\OneDrive\Documents\Uni\Dissertation\MScProject\Dataset\210149.jpg,.jpg,0.13,OK,
C:\Users\User\OneDrive\Documents\Uni\Dissertation\MScProject\Dataset\210150.jpg,.jpg,0.59,OK,
C:\Users\User\OneDrive\Documents\Uni\Dissertation\MScProject\Dataset\210151.jpg,.jpg,0.02,OK,
C:\Users\User\OneDrive\Documents\Uni\Dissertation\MScProject\Dataset\210152.jpg,.jpg,1.44,OK,
C:\Users\User\OneDrive\Documents\Uni\Dissertation\MScProject\Dataset\210154.jpg,.jpg,0.0,OK,
C:\Users\User\OneDrive\Documents\Uni\Dissertation\MScProject\Dataset\210155.jpg,.jpg,0.1,OK,
C:\Users\User\OneDrive\Documents\Uni\Dissertation\MScProject\Dataset\210156.jpg,.jpg,0.01,OK,
C:\Users\User\OneDrive\Documents\Uni\Dissertation\MScProject\Dataset\210157.jpg,.jpg,0.19,OK,
C:\Users\User\OneDrive\Documents\Uni\Dissertation\MScProject\Dataset\210158.jpg,.jpg,0.0,OK,
C:\Users\User\OneDrive\Documents\Uni\Dissertation\MScProject\Dataset\210159.jpg,.jpg,0.09,OK,
C:\Users\User\OneDrive\Documents\Uni\Dissertation\MScProject\Dataset\210160.jpg,.jpg,0.12,OK,
C:\Users\User\OneDrive\Documents\Uni\Dissertation\MScProject\Dataset\210161.jpg,.jpg,0.08,OK,
C:\Users\User\OneDrive\Documents\Uni\Dissertation\MScProject\Dataset\210162.jpg,.jpg,0.08,OK,
C:\Users\User\OneDrive\Documents\Uni\Dissertation\MScProject\Dataset\210163.jpg,.jpg,0.03,OK,
C:\Users\User\OneDrive\Documents\Uni\Dissertation\MScProject\Dataset\210164.jpg,.jpg,0.0,OK,
C:\Users\User\OneDrive\Documents\Uni\Dissertation\MScProject\Dataset\210165.jpg,.jpg,0.01,OK,
C:\Users\User\OneDrive\Documents\Uni\Dissertation\MScProject\Dataset\210166.jpg,.jpg,0.01,OK,
C:\Users\User\OneDrive\Documents\Uni\Dissertation\MScProject\Dataset\210167.jpg,.jpg,0.09,OK,
C:\Users\User\OneDrive\Documents\Uni\Dissertation\MScProject\Dataset\210168.jpg,.jpg,0.08,OK,
C:\Users\User\OneDrive\Documents\Uni\Dissertation\MScProject\Dataset\210169.jpg,.jpg,0.07,OK,
C:\Users\User\OneDrive\Documents\Uni\Dissertation\MScProject\Dataset\210170.jpg,.jpg,0.01,OK,
C:\Users\User\OneDrive\Documents\Uni\Dissertation\MScProject\Dataset\210172.jpg,.jpg,0.1,OK,
C:\Users\User\OneDrive\Documents\Uni\Dissertation\MScProject\Dataset\210213.jpg,.jpg,0.02,OK,
C:\Users\User\OneDrive\Documents\Uni\Dissertation\MScProject\Dataset\210271.jpg,.jpg,0.02,OK,
C:\Users\User\OneDrive\Documents\Uni\Dissertation\MScProject\Dataset\210341.jpg,.jpg,0.03,OK,
C:\Users\User\OneDrive\Documents\Uni\Dissertation\MScProject\Dataset\210342.jpg,.jpg,0.11,OK,
C:\Users\User\OneDrive\Documents\Uni\Dissertation\MScProject\Dataset\210343.jpg,.jpg,0.72,OK,
C:\Users\User\OneDrive\Documents\Uni\Dissertation\MScProject\Dataset\210345.jpg,.jpg,0.03,OK,
C:\Users\User\OneDrive\Documents\Uni\Dissertation\MScProject\Dataset\210346.jpg,.jpg,0.01,OK,
C:\Users\User\OneDrive\Documents\Uni\Dissertation\MScProject\Dataset\210552.jpg,.jpg,0.16,OK,
C:\Users\User\OneDrive\Documents\Uni\Dissertation\MScProject\Dataset\210555.jpg,.jpg,0.02,OK,
C:\Users\User\OneDrive\Documents\Uni\Dissertation\MScProject\Dataset\210558.jpg,.jpg,0.01,OK,
C:\Users\User\OneDrive\Documents\Uni\Dissertation\MScProject\Dataset\210559.jpg,.jpg,0.01,OK,
C:\Users\User\OneDrive\Documents\Uni\Dissertation\MScProject\Dataset\210560.jpg,.jpg,0.23,OK,
C:\Users\User\OneDrive\Documents\Uni\Dissertation\MScProject\Dataset\210561.jpg,.jpg,0.05,OK,
C:\Users\User\OneDrive\Documents\Uni\Dissertation\MScProject\Dataset\210566.jpg,.jpg,0.11,OK,
C:\Users\User\OneDrive\Documents\Uni\Dissertation\MScProject\Dataset\210567.jpg,.jpg,0.01,OK,
C:\Users\User\OneDrive\Documents\Uni\Dissertation\MScProject\Dataset\210570.jpg,.jpg,0.01,OK,
C:\Users\User\OneDrive\Documents\Uni\Dissertation\MScProject\Dataset\210572.jpg,.jpg,0.03,OK,
C:\Users\User\OneDrive\Documents\Uni\Dissertation\MScProject\Dataset\210573.jpg,.jpg,0.06,OK,
C:\Users\User\OneDrive\Documents\Uni\Dissertation\MScProject\Dataset\210574.jpg,.jpg,0.01,OK,
C:\Users\User\OneDrive\Documents\Uni\Dissertation\MScProject\Dataset\210575.jpg,.jpg,0.03,OK,
C:\Users\User\OneDrive\Documents\Uni\Dissertation\MScProject\Dataset\210576.jpg,.jpg,0.04,OK,
C:\Users\User\OneDrive\Documents\Uni\Dissertation\MScProject\Dataset\210577.jpg,.jpg,0.05,OK,
C:\Users\User\OneDrive\Documents\Uni\Dissertation\MScProject\Dataset\210578.jpg,.jpg,0.0,OK,
C:\Users\User\OneDrive\Documents\Uni\Dissertation\MScProject\Dataset\210579.jpg,.jpg,0.01,OK,
C:\Users\User\OneDrive\Documents\Uni\Dissertation\MScProject\Dataset\210581.jpg,.jpg,0.35,OK,
C:\Users\User\OneDrive\Documents\Uni\Dissertation\MScProject\Dataset\210586.jpg,.jpg,0.2,OK,
C:\Users\User\OneDrive\Documents\Uni\Dissertation\MScProject\Dataset\210589.jpg,.jpg,0.09,OK,
C:\Users\User\OneDrive\Documents\Uni\Dissertation\MScProject\Dataset\210590.jpg,.jpg,0.04,OK,
C:\Users\User\OneDrive\Documents\Uni\Dissertation\MScProject\Dataset\210593.jpg,.jpg,0.06,OK,
C:\Users\User\OneDrive\Documents\Uni\Dissertation\MScProject\Dataset\210594.jpg,.jpg,0.08,OK,
C:\Users\User\OneDrive\Documents\Uni\Dissertation\MScProject\Dataset\210595.jpg,.jpg,0.04,OK,
C:\Users\User\OneDrive\Documents\Uni\Dissertation\MScProject\Dataset\210596.jpg,.jpg,0.1,OK,
C:\Users\User\OneDrive\Documents\Uni\Dissertation\MScProject\Dataset\210639.jpg,.jpg,0.09,OK,
C:\Users\User\OneDrive\Documents\Uni\Dissertation\MScProject\Dataset\210842.jpg,.jpg,0.03,OK,
C:\Users\User\OneDrive\Documents\Uni\Dissertation\MScProject\Dataset\210844.jpg,.jpg,0.07,OK,
C:\Users\User\OneDrive\Documents\Uni\Dissertation\MScProject\Dataset\210845.jpg,.jpg,0.04,OK,
C:\Users\User\OneDrive\Documents\Uni\Dissertation\MScProject\Dataset\210847.jpg,.jpg,0.32,OK,
C:\Users\User\OneDrive\Documents\Uni\Dissertation\MScProject\Dataset\210848.jpg,.jpg,0.11,OK,
C:\Users\User\OneDrive\Documents\Uni\Dissertation\MScProject\Dataset\210849.jpg,.jpg,0.02,OK,
C:\Users\User\OneDrive\Documents\Uni\Dissertation\MScProject\Dataset\210853.jpg,.jpg,0.01,OK,
C:\Users\User\OneDrive\Documents\Uni\Dissertation\MScProject\Dataset\210880.jpg,.jpg,0.04,OK,
C:\Users\User\OneDrive\Documents\Uni\Dissertation\MScProject\Dataset\210887.jpg,.jpg,0.14,OK,
C:\Users\User\OneDrive\Documents\Uni\Dissertation\MScProject\Dataset\210895.jpg,.jpg,0.04,OK,
C:\Users\User\OneDrive\Documents\Uni\Dissertation\MScProject\Dataset\210900.jpg,.jpg,0.06,OK,
C:\Users\User\OneDrive\Documents\Uni\Dissertation\MScProject\Dataset\210917.jpg,.jpg,0.02,OK,
C:\Users\User\OneDrive\Documents\Uni\Dissertation\MScProject\Dataset\210951.jpg,.jpg,0.08,OK,
C:\Users\User\OneDrive\Documents\Uni\Dissertation\MScProject\Dataset\210952.jpg,.jpg,0.02,OK,
C:\Users\User\OneDrive\Documents\Uni\Dissertation\MScProject\Dataset\210953.jpg,.jpg,0.07,OK,
C:\Users\User\OneDrive\Documents\Uni\Dissertation\MScProject\Dataset\210954.jpg,.jpg,0.04,OK,
C:\Users\User\OneDrive\Documents\Uni\Dissertation\MScProject\Dataset\210955.jpg,.jpg,0.05,OK,
C:\Users\User\OneDrive\Documents\Uni\Dissertation\MScProject\Dataset\210956.jpg,.jpg,0.01,OK,
C:\Users\User\OneDrive\Documents\Uni\Dissertation\MScProject\Dataset\210957.jpg,.jpg,0.01,OK,
C:\Users\User\OneDrive\Documents\Uni\Dissertation\MScProject\Dataset\210958.jpg,.jpg,0.01,OK,
C:\Users\User\OneDrive\Documents\Uni\Dissertation\MScProject\Dataset\210963.jpg,.jpg,0.09,OK,
C:\Users\User\OneDrive\Documents\Uni\Dissertation\MScProject\Dataset\210964.jpg,.jpg,0.1,OK,
C:\Users\User\OneDrive\Documents\Uni\Dissertation\MScProject\Dataset\210965.jpg,.jpg,0.08,OK,
C:\Users\User\OneDrive\Documents\Uni\Dissertation\MScProject\Dataset\210966.jpg,.jpg,0.1,OK,
C:\Users\User\OneDrive\Documents\Uni\Dissertation\MScProject\Dataset\210967.jpg,.jpg,0.08,OK,
C:\Users\User\OneDrive\Documents\Uni\Dissertation\MScProject\Dataset\210968.jpg,.jpg,0.06,OK,
C:\Users\User\OneDrive\Documents\Uni\Dissertation\MScProject\Dataset\210969.jpg,.jpg,0.08,OK,
C:\Users\User\OneDrive\Documents\Uni\Dissertation\MScProject\Dataset\210970.jpg,.jpg,0.08,OK,
C:\Users\User\OneDrive\Documents\Uni\Dissertation\MScProject\Dataset\210971.jpg,.jpg,0.09,OK,
C:\Users\User\OneDrive\Documents\Uni\Dissertation\MScProject\Dataset\210972.jpg,.jpg,0.09,OK,
C:\Users\User\OneDrive\Documents\Uni\Dissertation\MScProject\Dataset\210973.jpg,.jpg,0.09,OK,
C:\Users\User\OneDrive\Documents\Uni\Dissertation\MScProject\Dataset\210974.jpg,.jpg,0.1,OK,
C:\Users\User\OneDrive\Documents\Uni\Dissertation\MScProject\Dataset\210975.jpg,.jpg,0.08,OK,
C:\Users\User\OneDrive\Documents\Uni\Dissertation\MScProject\Dataset\210976.jpg,.jpg,0.1,OK,
C:\Users\User\OneDrive\Documents\Uni\Dissertation\MScProject\Dataset\210977.jpg,.jpg,0.12,OK,
C:\Users\User\OneDrive\Documents\Uni\Dissertation\MScProject\Dataset\210978.jpg,.jpg,0.09,OK,
C:\Users\User\OneDrive\Documents\Uni\Dissertation\MScProject\Dataset\210979.jpg,.jpg,0.1,OK,
C:\Users\User\OneDrive\Documents\Uni\Dissertation\MScProject\Dataset\210980.jpg,.jpg,0.03,OK,
C:\Users\User\OneDrive\Documents\Uni\Dissertation\MScProject\Dataset\210981.jpg,.jpg,0.11,OK,
C:\Users\User\OneDrive\Documents\Uni\Dissertation\MScProject\Dataset\210982.jpg,.jpg,0.05,OK,
C:\Users\User\OneDrive\Documents\Uni\Dissertation\MScProject\Dataset\210983.jpg,.jpg,0.09,OK,
C:\Users\User\OneDrive\Documents\Uni\Dissertation\MScProject\Dataset\210984.jpg,.jpg,0.12,OK,
C:\Users\User\OneDrive\Documents\Uni\Dissertation\MScProject\Dataset\210985.jpg,.jpg,0.08,OK,
C:\Users\User\OneDrive\Documents\Uni\Dissertation\MScProject\Dataset\210986.jpg,.jpg,0.11,OK,
C:\Users\User\OneDrive\Documents\Uni\Dissertation\MScProject\Dataset\210987.jpg,.jpg,0.11,OK,
C:\Users\User\OneDrive\Documents\Uni\Dissertation\MScProject\Dataset\211182.jpg,.jpg,0.32,OK,
C:\Users\User\OneDrive\Documents\Uni\Dissertation\MScProject\Dataset\211183.jpg,.jpg,0.02,OK,
C:\Users\User\OneDrive\Documents\Uni\Dissertation\MScProject\Dataset\211184.jpg,.jpg,0.05,OK,
C:\Users\User\OneDrive\Documents\Uni\Dissertation\MScProject\Dataset\211187.jpg,.jpg,0.03,OK,
C:\Users\User\OneDrive\Documents\Uni\Dissertation\MScProject\Dataset\211282.jpg,.jpg,0.07,OK,
C:\Users\User\OneDrive\Documents\Uni\Dissertation\MScProject\Dataset\211291.jpg,.jpg,0.09,OK,
C:\Users\User\OneDrive\Documents\Uni\Dissertation\MScProject\Dataset\211333.jpg,.jpg,0.06,OK,
C:\Users\User\OneDrive\Documents\Uni\Dissertation\MScProject\Dataset\211356.jpg,.jpg,0.07,OK,
C:\Users\User\OneDrive\Documents\Uni\Dissertation\MScProject\Dataset\211480.jpg,.jpg,0.11,OK,
C:\Users\User\OneDrive\Documents\Uni\Dissertation\MScProject\Dataset\211481.jpg,.jpg,0.12,OK,
C:\Users\User\OneDrive\Documents\Uni\Dissertation\MScProject\Dataset\211485.jpg,.jpg,0.02,OK,
C:\Users\User\OneDrive\Documents\Uni\Dissertation\MScProject\Dataset\211488.jpg,.jpg,0.02,OK,
C:\Users\User\OneDrive\Documents\Uni\Dissertation\MScProject\Dataset\211489.jpg,.jpg,0.03,OK,
C:\Users\User\OneDrive\Documents\Uni\Dissertation\MScProject\Dataset\211490.jpg,.jpg,0.03,OK,
C:\Users\User\OneDrive\Documents\Uni\Dissertation\MScProject\Dataset\211492.jpg,.jpg,0.03,OK,
C:\Users\User\OneDrive\Documents\Uni\Dissertation\MScProject\Dataset\211493.jpg,.jpg,0.01,OK,
C:\Users\User\OneDrive\Documents\Uni\Dissertation\MScProject\Dataset\211496.jpg,.jpg,0.06,OK,
C:\Users\User\OneDrive\Documents\Uni\Dissertation\MScProject\Dataset\211497.jpg,.jpg,0.06,OK,
C:\Users\User\OneDrive\Documents\Uni\Dissertation\MScProject\Dataset\211498.jpg,.jpg,0.17,OK,
C:\Users\User\OneDrive\Documents\Uni\Dissertation\MScProject\Dataset\211499.jpg,.jpg,0.06,OK,
C:\Users\User\OneDrive\Documents\Uni\Dissertation\MScProject\Dataset\211500.jpg,.jpg,0.06,OK,
C:\Users\User\OneDrive\Documents\Uni\Dissertation\MScProject\Dataset\211501.jpg,.jpg,0.07,OK,
C:\Users\User\OneDrive\Documents\Uni\Dissertation\MScProject\Dataset\211502.jpg,.jpg,0.03,OK,
C:\Users\User\OneDrive\Documents\Uni\Dissertation\MScProject\Dataset\211503.jpg,.jpg,0.03,OK,
C:\Users\User\OneDrive\Documents\Uni\Dissertation\MScProject\Dataset\211504.jpg,.jpg,0.02,OK,
C:\Users\User\OneDrive\Documents\Uni\Dissertation\MScProject\Dataset\211505.jpg,.jpg,0.02,OK,
C:\Users\User\OneDrive\Documents\Uni\Dissertation\MScProject\Dataset\211506.jpg,.jpg,0.01,OK,
C:\Users\User\OneDrive\Documents\Uni\Dissertation\MScProject\Dataset\211507.jpg,.jpg,0.03,OK,
C:\Users\User\OneDrive\Documents\Uni\Dissertation\MScProject\Dataset\211508.jpg,.jpg,0.01,OK,
C:\Users\User\OneDrive\Documents\Uni\Dissertation\MScProject\Dataset\211509.jpg,.jpg,0.01,OK,
C:\Users\User\OneDrive\Documents\Uni\Dissertation\MScProject\Dataset\211510.jpg,.jpg,0.02,OK,
C:\Users\User\OneDrive\Documents\Uni\Dissertation\MScProject\Dataset\211516.jpg,.jpg,0.01,OK,
C:\Users\User\OneDrive\Documents\Uni\Dissertation\MScProject\Dataset\211517.jpg,.jpg,0.01,OK,
C:\Users\User\OneDrive\Documents\Uni\Dissertation\MScProject\Dataset\211518.jpg,.jpg,0.03,OK,
C:\Users\User\OneDrive\Documents\Uni\Dissertation\MScProject\Dataset\211519.jpg,.jpg,0.01,OK,
C:\Users\User\OneDrive\Documents\Uni\Dissertation\MScProject\Dataset\211520.jpg,.jpg,0.18,OK,
C:\Users\User\OneDrive\Documents\Uni\Dissertation\MScProject\Dataset\211521.jpg,.jpg,0.22,OK,
C:\Users\User\OneDrive\Documents\Uni\Dissertation\MScProject\Dataset\211672.jpg,.jpg,0.03,OK,
C:\Users\User\OneDrive\Documents\Uni\Dissertation\MScProject\Dataset\211673.jpg,.jpg,0.1,OK,
C:\Users\User\OneDrive\Documents\Uni\Dissertation\MScProject\Dataset\211674.jpg,.jpg,0.05,OK,
C:\Users\User\OneDrive\Documents\Uni\Dissertation\MScProject\Dataset\211676.jpg,.jpg,0.12,OK,
C:\Users\User\OneDrive\Documents\Uni\Dissertation\MScProject\Dataset\211680.jpg,.jpg,0.02,OK,
C:\Users\User\OneDrive\Documents\Uni\Dissertation\MScProject\Dataset\211684.jpg,.jpg,0.03,OK,
C:\Users\User\OneDrive\Documents\Uni\Dissertation\MScProject\Dataset\211686.jpg,.jpg,0.06,OK,
C:\Users\User\OneDrive\Documents\Uni\Dissertation\MScProject\Dataset\211694.jpg,.jpg,0.1,OK,
C:\Users\User\OneDrive\Documents\Uni\Dissertation\MScProject\Dataset\211698.jpg,.jpg,0.82,OK,
C:\Users\User\OneDrive\Documents\Uni\Dissertation\MScProject\Dataset\211702.jpg,.jpg,0.11,OK,
C:\Users\User\OneDrive\Documents\Uni\Dissertation\MScProject\Dataset\211706.jpg,.jpg,0.04,OK,
C:\Users\User\OneDrive\Documents\Uni\Dissertation\MScProject\Dataset\211715.jpg,.jpg,0.01,OK,
C:\Users\User\OneDrive\Documents\Uni\Dissertation\MScProject\Dataset\211716.jpg,.jpg,0.02,OK,
C:\Users\User\OneDrive\Documents\Uni\Dissertation\MScProject\Dataset\211720.jpg,.jpg,0.09,OK,
C:\Users\User\OneDrive\Documents\Uni\Dissertation\MScProject\Dataset\211809.jpg,.jpg,0.13,OK,
C:\Users\User\OneDrive\Documents\Uni\Dissertation\MScProject\Dataset\211810.jpg,.jpg,0.05,OK,
C:\Users\User\OneDrive\Documents\Uni\Dissertation\MScProject\Dataset\211811.jpg,.jpg,0.05,OK,
C:\Users\User\OneDrive\Documents\Uni\Dissertation\MScProject\Dataset\211812.jpg,.jpg,0.01,OK,
C:\Users\User\OneDrive\Documents\Uni\Dissertation\MScProject\Dataset\211813.jpg,.jpg,0.08,OK,
C:\Users\User\OneDrive\Documents\Uni\Dissertation\MScProject\Dataset\211814.jpg,.jpg,0.04,OK,
C:\Users\User\OneDrive\Documents\Uni\Dissertation\MScProject\Dataset\211815.jpg,.jpg,0.08,OK,
C:\Users\User\OneDrive\Documents\Uni\Dissertation\MScProject\Dataset\211820.jpg,.jpg,0.04,OK,
C:\Users\User\OneDrive\Documents\Uni\Dissertation\MScProject\Dataset\211821.jpg,.jpg,0.02,OK,
C:\Users\User\OneDrive\Documents\Uni\Dissertation\MScProject\Dataset\211827.jpg,.jpg,0.09,OK,
C:\Users\User\OneDrive\Documents\Uni\Dissertation\MScProject\Dataset\211828.jpg,.jpg,0.01,OK,
C:\Users\User\OneDrive\Documents\Uni\Dissertation\MScProject\Dataset\211829.jpg,.jpg,0.06,OK,
C:\Users\User\OneDrive\Documents\Uni\Dissertation\MScProject\Dataset\211830.jpg,.jpg,0.01,OK,
C:\Users\User\OneDrive\Documents\Uni\Dissertation\MScProject\Dataset\211831.jpg,.jpg,0.03,OK,
C:\Users\User\OneDrive\Documents\Uni\Dissertation\MScProject\Dataset\211832.jpg,.jpg,0.06,OK,
C:\Users\User\OneDrive\Documents\Uni\Dissertation\MScProject\Dataset\211833.jpg,.jpg,0.03,OK,
C:\Users\User\OneDrive\Documents\Uni\Dissertation\MScProject\Dataset\211834.jpg,.jpg,0.01,OK,
C:\Users\User\OneDrive\Documents\Uni\Dissertation\MScProject\Dataset\211836.jpg,.jpg,0.02,OK,
C:\Users\User\OneDrive\Documents\Uni\Dissertation\MScProject\Dataset\211837.jpg,.jpg,0.07,OK,
C:\Users\User\OneDrive\Documents\Uni\Dissertation\MScProject\Dataset\211838.jpg,.jpg,0.01,OK,
C:\Users\User\OneDrive\Documents\Uni\Dissertation\MScProject\Dataset\211839.jpg,.jpg,0.0,OK,
C:\Users\User\OneDrive\Documents\Uni\Dissertation\MScProject\Dataset\211841.jpg,.jpg,0.0,OK,
C:\Users\User\OneDrive\Documents\Uni\Dissertation\MScProject\Dataset\211842.jpg,.jpg,0.0,OK,
C:\Users\User\OneDrive\Documents\Uni\Dissertation\MScProject\Dataset\211843.jpg,.jpg,0.0,OK,
C:\Users\User\OneDrive\Documents\Uni\Dissertation\MScProject\Dataset\211844.jpg,.jpg,0.0,OK,
C:\Users\User\OneDrive\Documents\Uni\Dissertation\MScProject\Dataset\211845.jpg,.jpg,0.01,OK,
C:\Users\User\OneDrive\Documents\Uni\Dissertation\MScProject\Dataset\211846.jpg,.jpg,0.0,OK,
C:\Users\User\OneDrive\Documents\Uni\Dissertation\MScProject\Dataset\211847.jpg,.jpg,0.0,OK,
C:\Users\User\OneDrive\Documents\Uni\Dissertation\MScProject\Dataset\211848.jpg,.jpg,0.0,OK,
C:\Users\User\OneDrive\Documents\Uni\Dissertation\MScProject\Dataset\211849.jpg,.jpg,0.0,OK,
C:\Users\User\OneDrive\Documents\Uni\Dissertation\MScProject\Dataset\211850.jpg,.jpg,0.0,OK,
C:\Users\User\OneDrive\Documents\Uni\Dissertation\MScProject\Dataset\211851.jpg,.jpg,0.0,OK,
C:\Users\User\OneDrive\Documents\Uni\Dissertation\MScProject\Dataset\211852.jpg,.jpg,0.01,OK,
C:\Users\User\OneDrive\Documents\Uni\Dissertation\MScProject\Dataset\211853.jpg,.jpg,0.0,OK,
C:\Users\User\OneDrive\Documents\Uni\Dissertation\MScProject\Dataset\211854.jpg,.jpg,0.01,OK,
C:\Users\User\OneDrive\Documents\Uni\Dissertation\MScProject\Dataset\211855.jpg,.jpg,0.0,OK,
C:\Users\User\OneDrive\Documents\Uni\Dissertation\MScProject\Dataset\211856.jpg,.jpg,0.01,OK,
C:\Users\User\OneDrive\Documents\Uni\Dissertation\MScProject\Dataset\211978.jpg,.jpg,0.1,OK,
C:\Users\User\OneDrive\Documents\Uni\Dissertation\MScProject\Dataset\212140.jpg,.jpg,0.98,OK,
C:\Users\User\OneDrive\Documents\Uni\Dissertation\MScProject\Dataset\212141.jpg,.jpg,0.06,OK,
C:\Users\User\OneDrive\Documents\Uni\Dissertation\MScProject\Dataset\212142.jpg,.jpg,0.01,OK,
C:\Users\User\OneDrive\Documents\Uni\Dissertation\MScProject\Dataset\212143.jpg,.jpg,0.02,OK,
C:\Users\User\OneDrive\Documents\Uni\Dissertation\MScProject\Dataset\212144.jpg,.jpg,0.02,OK,
C:\Users\User\OneDrive\Documents\Uni\Dissertation\MScProject\Dataset\212145.jpg,.jpg,0.02,OK,
C:\Users\User\OneDrive\Documents\Uni\Dissertation\MScProject\Dataset\212146.jpg,.jpg,0.01,OK,
C:\Users\User\OneDrive\Documents\Uni\Dissertation\MScProject\Dataset\212148.jpg,.jpg,0.42,OK,
C:\Users\User\OneDrive\Documents\Uni\Dissertation\MScProject\Dataset\212149.jpg,.jpg,0.25,OK,
C:\Users\User\OneDrive\Documents\Uni\Dissertation\MScProject\Dataset\212150.jpg,.jpg,0.02,OK,
C:\Users\User\OneDrive\Documents\Uni\Dissertation\MScProject\Dataset\212151.jpg,.jpg,0.02,OK,
C:\Users\User\OneDrive\Documents\Uni\Dissertation\MScProject\Dataset\212152.jpg,.jpg,0.08,OK,
C:\Users\User\OneDrive\Documents\Uni\Dissertation\MScProject\Dataset\212153.jpg,.jpg,0.02,OK,
C:\Users\User\OneDrive\Documents\Uni\Dissertation\MScProject\Dataset\212154.jpg,.jpg,0.1,OK,
C:\Users\User\OneDrive\Documents\Uni\Dissertation\MScProject\Dataset\212155.jpg,.jpg,0.04,OK,
C:\Users\User\OneDrive\Documents\Uni\Dissertation\MScProject\Dataset\212156.jpg,.jpg,0.03,OK,
C:\Users\User\OneDrive\Documents\Uni\Dissertation\MScProject\Dataset\212157.jpg,.jpg,0.01,OK,
C:\Users\User\OneDrive\Documents\Uni\Dissertation\MScProject\Dataset\212159.jpg,.jpg,1.66,OK,
C:\Users\User\OneDrive\Documents\Uni\Dissertation\MScProject\Dataset\212161.jpg,.jpg,0.24,OK,
C:\Users\User\OneDrive\Documents\Uni\Dissertation\MScProject\Dataset\212162.jpg,.jpg,0.01,OK,
C:\Users\User\OneDrive\Documents\Uni\Dissertation\MScProject\Dataset\212163.jpg,.jpg,0.34,OK,
C:\Users\User\OneDrive\Documents\Uni\Dissertation\MScProject\Dataset\212164.jpg,.jpg,0.07,OK,
C:\Users\User\OneDrive\Documents\Uni\Dissertation\MScProject\Dataset\212165.jpg,.jpg,0.11,OK,
C:\Users\User\OneDrive\Documents\Uni\Dissertation\MScProject\Dataset\212168.jpg,.jpg,0.18,OK,
C:\Users\User\OneDrive\Documents\Uni\Dissertation\MScProject\Dataset\212169.jpg,.jpg,0.05,OK,
C:\Users\User\OneDrive\Documents\Uni\Dissertation\MScProject\Dataset\212174.jpg,.jpg,0.03,OK,
C:\Users\User\OneDrive\Documents\Uni\Dissertation\MScProject\Dataset\212175.jpg,.jpg,0.06,OK,
C:\Users\User\OneDrive\Documents\Uni\Dissertation\MScProject\Dataset\212176.jpg,.jpg,0.18,OK,
C:\Users\User\OneDrive\Documents\Uni\Dissertation\MScProject\Dataset\212177.jpg,.jpg,0.02,OK,
C:\Users\User\OneDrive\Documents\Uni\Dissertation\MScProject\Dataset\212179.jpg,.jpg,0.04,OK,
C:\Users\User\OneDrive\Documents\Uni\Dissertation\MScProject\Dataset\212180.jpg,.jpg,0.01,OK,
C:\Users\User\OneDrive\Documents\Uni\Dissertation\MScProject\Dataset\212181.jpg,.jpg,0.5,OK,
C:\Users\User\OneDrive\Documents\Uni\Dissertation\MScProject\Dataset\212182.jpg,.jpg,0.02,OK,
C:\Users\User\OneDrive\Documents\Uni\Dissertation\MScProject\Dataset\212183.jpg,.jpg,0.03,OK,
C:\Users\User\OneDrive\Documents\Uni\Dissertation\MScProject\Dataset\212184.jpg,.jpg,0.06,OK,
C:\Users\User\OneDrive\Documents\Uni\Dissertation\MScProject\Dataset\212185.jpg,.jpg,0.06,OK,
C:\Users\User\OneDrive\Documents\Uni\Dissertation\MScProject\Dataset\212186.jpg,.jpg,0.03,OK,
C:\Users\User\OneDrive\Documents\Uni\Dissertation\MScProject\Dataset\212187.jpg,.jpg,0.06,OK,
C:\Users\User\OneDrive\Documents\Uni\Dissertation\MScProject\Dataset\212454.jpg,.jpg,0.02,OK,
C:\Users\User\OneDrive\Documents\Uni\Dissertation\MScProject\Dataset\212455.jpg,.jpg,0.0,OK,
C:\Users\User\OneDrive\Documents\Uni\Dissertation\MScProject\Dataset\212456.jpg,.jpg,0.72,OK,
C:\Users\User\OneDrive\Documents\Uni\Dissertation\MScProject\Dataset\212457.jpg,.jpg,0.06,OK,
C:\Users\User\OneDrive\Documents\Uni\Dissertation\MScProject\Dataset\212458.jpg,.jpg,0.04,OK,
C:\Users\User\OneDrive\Documents\Uni\Dissertation\MScProject\Dataset\212460.jpg,.jpg,0.01,OK,
C:\Users\User\OneDrive\Documents\Uni\Dissertation\MScProject\Dataset\212461.jpg,.jpg,0.01,OK,
C:\Users\User\OneDrive\Documents\Uni\Dissertation\MScProject\Dataset\212860.jpg,.jpg,0.01,OK,
C:\Users\User\OneDrive\Documents\Uni\Dissertation\MScProject\Dataset\212863.jpg,.jpg,0.01,OK,
C:\Users\User\OneDrive\Documents\Uni\Dissertation\MScProject\Dataset\212864.jpg,.jpg,0.01,OK,
C:\Users\User\OneDrive\Documents\Uni\Dissertation\MScProject\Dataset\212869.jpg,.jpg,0.01,OK,
C:\Users\User\OneDrive\Documents\Uni\Dissertation\MScProject\Dataset\212871.jpg,.jpg,0.05,OK,
C:\Users\User\OneDrive\Documents\Uni\Dissertation\MScProject\Dataset\212873.jpg,.jpg,0.01,OK,
C:\Users\User\OneDrive\Documents\Uni\Dissertation\MScProject\Dataset\212876.jpg,.jpg,1.37,OK,
C:\Users\User\OneDrive\Documents\Uni\Dissertation\MScProject\Dataset\212877.jpg,.jpg,0.03,OK,
C:\Users\User\OneDrive\Documents\Uni\Dissertation\MScProject\Dataset\212879.jpg,.jpg,0.06,OK,
C:\Users\User\OneDrive\Documents\Uni\Dissertation\MScProject\Dataset\212880.jpg,.jpg,0.06,OK,
C:\Users\User\OneDrive\Documents\Uni\Dissertation\MScProject\Dataset\212882.jpg,.jpg,0.04,OK,
C:\Users\User\OneDrive\Documents\Uni\Dissertation\MScProject\Dataset\212883.jpg,.jpg,0.03,OK,
C:\Users\User\OneDrive\Documents\Uni\Dissertation\MScProject\Dataset\212884.jpg,.jpg,0.02,OK,
C:\Users\User\OneDrive\Documents\Uni\Dissertation\MScProject\Dataset\212885.jpg,.jpg,0.01,OK,
C:\Users\User\OneDrive\Documents\Uni\Dissertation\MScProject\Dataset\212886.jpg,.jpg,0.07,OK,
C:\Users\User\OneDrive\Documents\Uni\Dissertation\MScProject\Dataset\212887.jpg,.jpg,0.07,OK,
C:\Users\User\OneDrive\Documents\Uni\Dissertation\MScProject\Dataset\212888.jpg,.jpg,0.07,OK,
C:\Users\User\OneDrive\Documents\Uni\Dissertation\MScProject\Dataset\212890.jpg,.jpg,0.0,OK,
C:\Users\User\OneDrive\Documents\Uni\Dissertation\MScProject\Dataset\212892.jpg,.jpg,0.03,OK,
C:\Users\User\OneDrive\Documents\Uni\Dissertation\MScProject\Dataset\213131.jpg,.jpg,1.3,OK,
C:\Users\User\OneDrive\Documents\Uni\Dissertation\MScProject\Dataset\213132.jpg,.jpg,1.29,OK,
C:\Users\User\OneDrive\Documents\Uni\Dissertation\MScProject\Dataset\213133.jpg,.jpg,0.1,OK,
C:\Users\User\OneDrive\Documents\Uni\Dissertation\MScProject\Dataset\213134.jpg,.jpg,0.16,OK,
C:\Users\User\OneDrive\Documents\Uni\Dissertation\MScProject\Dataset\213135.jpg,.jpg,0.02,OK,
C:\Users\User\OneDrive\Documents\Uni\Dissertation\MScProject\Dataset\213137.jpg,.jpg,0.01,OK,
C:\Users\User\OneDrive\Documents\Uni\Dissertation\MScProject\Dataset\213138.jpg,.jpg,0.03,OK,
C:\Users\User\OneDrive\Documents\Uni\Dissertation\MScProject\Dataset\213139.jpg,.jpg,0.02,OK,
C:\Users\User\OneDrive\Documents\Uni\Dissertation\MScProject\Dataset\213140.jpg,.jpg,0.08,OK,
C:\Users\User\OneDrive\Documents\Uni\Dissertation\MScProject\Dataset\213146.jpg,.jpg,0.01,OK,
C:\Users\User\OneDrive\Documents\Uni\Dissertation\MScProject\Dataset\213150.jpg,.jpg,0.0,OK,
C:\Users\User\OneDrive\Documents\Uni\Dissertation\MScProject\Dataset\213151.jpg,.jpg,0.0,OK,
C:\Users\User\OneDrive\Documents\Uni\Dissertation\MScProject\Dataset\213263.jpg,.jpg,0.07,OK,
C:\Users\User\OneDrive\Documents\Uni\Dissertation\MScProject\Dataset\213329.jpg,.jpg,0.08,OK,
C:\Users\User\OneDrive\Documents\Uni\Dissertation\MScProject\Dataset\213497.jpg,.jpg,0.06,OK,
C:\Users\User\OneDrive\Documents\Uni\Dissertation\MScProject\Dataset\213506.jpg,.jpg,0.0,OK,
C:\Users\User\OneDrive\Documents\Uni\Dissertation\MScProject\Dataset\213507.jpg,.jpg,0.03,OK,
C:\Users\User\OneDrive\Documents\Uni\Dissertation\MScProject\Dataset\213513.jpg,.jpg,0.08,OK,
C:\Users\User\OneDrive\Documents\Uni\Dissertation\MScProject\Dataset\213531.jpg,.jpg,0.07,OK,
C:\Users\User\OneDrive\Documents\Uni\Dissertation\MScProject\Dataset\213533.jpg,.jpg,0.08,OK,
C:\Users\User\OneDrive\Documents\Uni\Dissertation\MScProject\Dataset\213534.jpg,.jpg,0.07,OK,
C:\Users\User\OneDrive\Documents\Uni\Dissertation\MScProject\Dataset\213536.jpg,.jpg,0.06,OK,
C:\Users\User\OneDrive\Documents\Uni\Dissertation\MScProject\Dataset\213537.jpg,.jpg,0.06,OK,
C:\Users\User\OneDrive\Documents\Uni\Dissertation\MScProject\Dataset\213538.jpg,.jpg,0.06,OK,
C:\Users\User\OneDrive\Documents\Uni\Dissertation\MScProject\Dataset\213550.jpg,.jpg,0.0,OK,
C:\Users\User\OneDrive\Documents\Uni\Dissertation\MScProject\Dataset\213552.jpg,.jpg,0.0,OK,
C:\Users\User\OneDrive\Documents\Uni\Dissertation\MScProject\Dataset\213558.jpg,.jpg,0.0,OK,
C:\Users\User\OneDrive\Documents\Uni\Dissertation\MScProject\Dataset\213730.jpg,.jpg,0.1,OK,
C:\Users\User\OneDrive\Documents\Uni\Dissertation\MScProject\Dataset\213731.jpg,.jpg,0.01,OK,
C:\Users\User\OneDrive\Documents\Uni\Dissertation\MScProject\Dataset\213736.jpg,.jpg,0.03,OK,
C:\Users\User\OneDrive\Documents\Uni\Dissertation\MScProject\Dataset\213737.jpg,.jpg,0.06,OK,
C:\Users\User\OneDrive\Documents\Uni\Dissertation\MScProject\Dataset\213739.jpg,.jpg,0.03,OK,
C:\Users\User\OneDrive\Documents\Uni\Dissertation\MScProject\Dataset\213740.jpg,.jpg,0.05,OK,
C:\Users\User\OneDrive\Documents\Uni\Dissertation\MScProject\Dataset\213741.jpg,.jpg,0.02,OK,
C:\Users\User\OneDrive\Documents\Uni\Dissertation\MScProject\Dataset\213743.jpg,.jpg,0.16,OK,
C:\Users\User\OneDrive\Documents\Uni\Dissertation\MScProject\Dataset\213745.jpg,.jpg,0.06,OK,
C:\Users\User\OneDrive\Documents\Uni\Dissertation\MScProject\Dataset\213746.jpg,.jpg,0.05,OK,
C:\Users\User\OneDrive\Documents\Uni\Dissertation\MScProject\Dataset\213747.jpg,.jpg,0.01,OK,
C:\Users\User\OneDrive\Documents\Uni\Dissertation\MScProject\Dataset\213749.jpg,.jpg,0.01,OK,
C:\Users\User\OneDrive\Documents\Uni\Dissertation\MScProject\Dataset\213750.jpg,.jpg,0.02,OK,
C:\Users\User\OneDrive\Documents\Uni\Dissertation\MScProject\Dataset\213751.jpg,.jpg,0.03,OK,
C:\Users\User\OneDrive\Documents\Uni\Dissertation\MScProject\Dataset\213754.jpg,.jpg,0.0,OK,
C:\Users\User\OneDrive\Documents\Uni\Dissertation\MScProject\Dataset\213755.jpg,.jpg,0.01,OK,
C:\Users\User\OneDrive\Documents\Uni\Dissertation\MScProject\Dataset\213756.jpg,.jpg,0.01,OK,
C:\Users\User\OneDrive\Documents\Uni\Dissertation\MScProject\Dataset\213757.jpg,.jpg,0.01,OK,
C:\Users\User\OneDrive\Documents\Uni\Dissertation\MScProject\Dataset\213760.jpg,.jpg,0.0,OK,
C:\Users\User\OneDrive\Documents\Uni\Dissertation\MScProject\Dataset\213762.jpg,.jpg,0.01,OK,
C:\Users\User\OneDrive\Documents\Uni\Dissertation\MScProject\Dataset\213858.jpg,.jpg,0.06,OK,
C:\Users\User\OneDrive\Documents\Uni\Dissertation\MScProject\Dataset\213865.jpg,.jpg,0.06,OK,
C:\Users\User\OneDrive\Documents\Uni\Dissertation\MScProject\Dataset\213956.jpg,.jpg,1.98,OK,
C:\Users\User\OneDrive\Documents\Uni\Dissertation\MScProject\Dataset\213957.jpg,.jpg,0.03,OK,
C:\Users\User\OneDrive\Documents\Uni\Dissertation\MScProject\Dataset\213959.jpg,.jpg,2.45,OK,
C:\Users\User\OneDrive\Documents\Uni\Dissertation\MScProject\Dataset\213961.jpg,.jpg,2.13,OK,
C:\Users\User\OneDrive\Documents\Uni\Dissertation\MScProject\Dataset\213965.jpg,.jpg,0.01,OK,
C:\Users\User\OneDrive\Documents\Uni\Dissertation\MScProject\Dataset\213966.jpg,.jpg,0.02,OK,
C:\Users\User\OneDrive\Documents\Uni\Dissertation\MScProject\Dataset\213967.jpg,.jpg,0.01,OK,
C:\Users\User\OneDrive\Documents\Uni\Dissertation\MScProject\Dataset\213968.jpg,.jpg,0.03,OK,
C:\Users\User\OneDrive\Documents\Uni\Dissertation\MScProject\Dataset\213969.jpg,.jpg,0.02,OK,
C:\Users\User\OneDrive\Documents\Uni\Dissertation\MScProject\Dataset\213971.jpg,.jpg,0.02,OK,
C:\Users\User\OneDrive\Documents\Uni\Dissertation\MScProject\Dataset\213974.jpg,.jpg,0.02,OK,
C:\Users\User\OneDrive\Documents\Uni\Dissertation\MScProject\Dataset\213981.jpg,.jpg,0.0,OK,
C:\Users\User\OneDrive\Documents\Uni\Dissertation\MScProject\Dataset\213984.jpg,.jpg,0.1,OK,
C:\Users\User\OneDrive\Documents\Uni\Dissertation\MScProject\Dataset\213986.jpg,.jpg,0.42,OK,
C:\Users\User\OneDrive\Documents\Uni\Dissertation\MScProject\Dataset\213988.jpg,.jpg,0.03,OK,
C:\Users\User\OneDrive\Documents\Uni\Dissertation\MScProject\Dataset\213989.jpg,.jpg,0.01,OK,
C:\Users\User\OneDrive\Documents\Uni\Dissertation\MScProject\Dataset\213991.jpg,.jpg,0.01,OK,
C:\Users\User\OneDrive\Documents\Uni\Dissertation\MScProject\Dataset\213992.jpg,.jpg,0.06,OK,
C:\Users\User\OneDrive\Documents\Uni\Dissertation\MScProject\Dataset\213994.jpg,.jpg,0.03,OK,
C:\Users\User\OneDrive\Documents\Uni\Dissertation\MScProject\Dataset\213995.jpg,.jpg,0.06,OK,
C:\Users\User\OneDrive\Documents\Uni\Dissertation\MScProject\Dataset\213996.jpg,.jpg,0.02,OK,
C:\Users\User\OneDrive\Documents\Uni\Dissertation\MScProject\Dataset\213997.jpg,.jpg,0.02,OK,
C:\Users\User\OneDrive\Documents\Uni\Dissertation\MScProject\Dataset\213998.jpg,.jpg,0.02,OK,
C:\Users\User\OneDrive\Documents\Uni\Dissertation\MScProject\Dataset\213999.jpg,.jpg,0.02,OK,
C:\Users\User\OneDrive\Documents\Uni\Dissertation\MScProject\Dataset\214432.jpg,.jpg,0.04,OK,
C:\Users\User\OneDrive\Documents\Uni\Dissertation\MScProject\Dataset\214441.jpg,.jpg,0.02,OK,
C:\Users\User\OneDrive\Documents\Uni\Dissertation\MScProject\Dataset\214450.jpg,.jpg,0.12,OK,
C:\Users\User\OneDrive\Documents\Uni\Dissertation\MScProject\Dataset\214453.jpg,.jpg,0.01,OK,
C:\Users\User\OneDrive\Documents\Uni\Dissertation\MScProject\Dataset\214456.jpg,.jpg,0.02,OK,
C:\Users\User\OneDrive\Documents\Uni\Dissertation\MScProject\Dataset\214459.jpg,.jpg,0.03,OK,
C:\Users\User\OneDrive\Documents\Uni\Dissertation\MScProject\Dataset\214460.jpg,.jpg,0.02,OK,
C:\Users\User\OneDrive\Documents\Uni\Dissertation\MScProject\Dataset\214529.jpg,.jpg,0.0,OK,
C:\Users\User\OneDrive\Documents\Uni\Dissertation\MScProject\Dataset\214573.jpg,.jpg,0.03,OK,
C:\Users\User\OneDrive\Documents\Uni\Dissertation\MScProject\Dataset\214717.jpg,.jpg,0.08,OK,
C:\Users\User\OneDrive\Documents\Uni\Dissertation\MScProject\Dataset\214718.jpg,.jpg,0.07,OK,
C:\Users\User\OneDrive\Documents\Uni\Dissertation\MScProject\Dataset\214719.jpg,.jpg,0.04,OK,
C:\Users\User\OneDrive\Documents\Uni\Dissertation\MScProject\Dataset\214721.jpg,.jpg,0.18,OK,
C:\Users\User\OneDrive\Documents\Uni\Dissertation\MScProject\Dataset\214722.jpg,.jpg,0.08,OK,
C:\Users\User\OneDrive\Documents\Uni\Dissertation\MScProject\Dataset\214723.jpg,.jpg,0.07,OK,
C:\Users\User\OneDrive\Documents\Uni\Dissertation\MScProject\Dataset\214724.jpg,.jpg,0.03,OK,
C:\Users\User\OneDrive\Documents\Uni\Dissertation\MScProject\Dataset\214725.jpg,.jpg,0.07,OK,
C:\Users\User\OneDrive\Documents\Uni\Dissertation\MScProject\Dataset\214727.jpg,.jpg,0.01,OK,
C:\Users\User\OneDrive\Documents\Uni\Dissertation\MScProject\Dataset\214728.jpg,.jpg,0.02,OK,
C:\Users\User\OneDrive\Documents\Uni\Dissertation\MScProject\Dataset\214729.jpg,.jpg,0.03,OK,
C:\Users\User\OneDrive\Documents\Uni\Dissertation\MScProject\Dataset\214732.jpg,.jpg,0.01,OK,
C:\Users\User\OneDrive\Documents\Uni\Dissertation\MScProject\Dataset\214734.jpg,.jpg,0.16,OK,
C:\Users\User\OneDrive\Documents\Uni\Dissertation\MScProject\Dataset\214735.jpg,.jpg,0.58,OK,
C:\Users\User\OneDrive\Documents\Uni\Dissertation\MScProject\Dataset\214736.jpg,.jpg,0.01,OK,
C:\Users\User\OneDrive\Documents\Uni\Dissertation\MScProject\Dataset\214737.jpg,.jpg,0.18,OK,
C:\Users\User\OneDrive\Documents\Uni\Dissertation\MScProject\Dataset\214738.jpg,.jpg,0.01,OK,
C:\Users\User\OneDrive\Documents\Uni\Dissertation\MScProject\Dataset\214739.jpg,.jpg,0.07,OK,
C:\Users\User\OneDrive\Documents\Uni\Dissertation\MScProject\Dataset\214742.jpg,.jpg,0.03,OK,
C:\Users\User\OneDrive\Documents\Uni\Dissertation\MScProject\Dataset\214743.jpg,.jpg,0.04,OK,
C:\Users\User\OneDrive\Documents\Uni\Dissertation\MScProject\Dataset\214744.jpg,.jpg,0.03,OK,
C:\Users\User\OneDrive\Documents\Uni\Dissertation\MScProject\Dataset\214746.jpg,.jpg,0.18,OK,
C:\Users\User\OneDrive\Documents\Uni\Dissertation\MScProject\Dataset\214747.jpg,.jpg,0.04,OK,
C:\Users\User\OneDrive\Documents\Uni\Dissertation\MScProject\Dataset\214749.jpg,.jpg,0.04,OK,
C:\Users\User\OneDrive\Documents\Uni\Dissertation\MScProject\Dataset\214751.jpg,.jpg,2.4,OK,
C:\Users\User\OneDrive\Documents\Uni\Dissertation\MScProject\Dataset\214752.jpg,.jpg,0.09,OK,
C:\Users\User\OneDrive\Documents\Uni\Dissertation\MScProject\Dataset\214756.jpg,.jpg,0.03,OK,
C:\Users\User\OneDrive\Documents\Uni\Dissertation\MScProject\Dataset\214757.jpg,.jpg,0.02,OK,
C:\Users\User\OneDrive\Documents\Uni\Dissertation\MScProject\Dataset\214758.jpg,.jpg,0.02,OK,
C:\Users\User\OneDrive\Documents\Uni\Dissertation\MScProject\Dataset\214759.jpg,.jpg,0.02,OK,
C:\Users\User\OneDrive\Documents\Uni\Dissertation\MScProject\Dataset\214760.jpg,.jpg,1.3,OK,
C:\Users\User\OneDrive\Documents\Uni\Dissertation\MScProject\Dataset\214784.jpg,.jpg,1.52,OK,
C:\Users\User\OneDrive\Documents\Uni\Dissertation\MScProject\Dataset\214785.jpg,.jpg,1.31,OK,
C:\Users\User\OneDrive\Documents\Uni\Dissertation\MScProject\Dataset\214786.jpg,.jpg,1.27,OK,
C:\Users\User\OneDrive\Documents\Uni\Dissertation\MScProject\Dataset\215115.jpg,.jpg,0.44,OK,
C:\Users\User\OneDrive\Documents\Uni\Dissertation\MScProject\Dataset\215117.jpg,.jpg,0.46,OK,
C:\Users\User\OneDrive\Documents\Uni\Dissertation\MScProject\Dataset\215140.jpg,.jpg,0.38,OK,
C:\Users\User\OneDrive\Documents\Uni\Dissertation\MScProject\Dataset\215142.jpg,.jpg,0.38,OK,
C:\Users\User\OneDrive\Documents\Uni\Dissertation\MScProject\Dataset\215170.jpg,.jpg,0.0,OK,
C:\Users\User\OneDrive\Documents\Uni\Dissertation\MScProject\Dataset\215171.jpg,.jpg,0.01,OK,
C:\Users\User\OneDrive\Documents\Uni\Dissertation\MScProject\Dataset\215172.jpg,.jpg,0.06,OK,
C:\Users\User\OneDrive\Documents\Uni\Dissertation\MScProject\Dataset\215173.jpg,.jpg,0.04,OK,
C:\Users\User\OneDrive\Documents\Uni\Dissertation\MScProject\Dataset\215174.jpg,.jpg,0.01,OK,
C:\Users\User\OneDrive\Documents\Uni\Dissertation\MScProject\Dataset\215176.jpg,.jpg,0.01,OK,
C:\Users\User\OneDrive\Documents\Uni\Dissertation\MScProject\Dataset\215177.jpg,.jpg,0.01,OK,
C:\Users\User\OneDrive\Documents\Uni\Dissertation\MScProject\Dataset\215178.jpg,.jpg,0.01,OK,
C:\Users\User\OneDrive\Documents\Uni\Dissertation\MScProject\Dataset\215179.jpg,.jpg,0.07,OK,
C:\Users\User\OneDrive\Documents\Uni\Dissertation\MScProject\Dataset\215181.jpg,.jpg,0.01,OK,
C:\Users\User\OneDrive\Documents\Uni\Dissertation\MScProject\Dataset\215273.jpg,.jpg,0.22,OK,
C:\Users\User\OneDrive\Documents\Uni\Dissertation\MScProject\Dataset\215274.jpg,.jpg,0.01,OK,
C:\Users\User\OneDrive\Documents\Uni\Dissertation\MScProject\Dataset\215275.jpg,.jpg,0.01,OK,
C:\Users\User\OneDrive\Documents\Uni\Dissertation\MScProject\Dataset\215276.jpg,.jpg,0.01,OK,
C:\Users\User\OneDrive\Documents\Uni\Dissertation\MScProject\Dataset\215277.jpg,.jpg,0.01,OK,
C:\Users\User\OneDrive\Documents\Uni\Dissertation\MScProject\Dataset\215278.jpg,.jpg,0.01,OK,
C:\Users\User\OneDrive\Documents\Uni\Dissertation\MScProject\Dataset\215279.jpg,.jpg,0.01,OK,
C:\Users\User\OneDrive\Documents\Uni\Dissertation\MScProject\Dataset\215280.jpg,.jpg,0.01,OK,
C:\Users\User\OneDrive\Documents\Uni\Dissertation\MScProject\Dataset\215281.jpg,.jpg,0.01,OK,
C:\Users\User\OneDrive\Documents\Uni\Dissertation\MScProject\Dataset\215282.jpg,.jpg,0.01,OK,
C:\Users\User\OneDrive\Documents\Uni\Dissertation\MScProject\Dataset\215283.jpg,.jpg,2.42,OK,
C:\Users\User\OneDrive\Documents\Uni\Dissertation\MScProject\Dataset\215284.jpg,.jpg,0.01,OK,
C:\Users\User\OneDrive\Documents\Uni\Dissertation\MScProject\Dataset\215285.jpg,.jpg,2.43,OK,
C:\Users\User\OneDrive\Documents\Uni\Dissertation\MScProject\Dataset\215286.jpg,.jpg,2.18,OK,
C:\Users\User\OneDrive\Documents\Uni\Dissertation\MScProject\Dataset\215287.jpg,.jpg,0.01,OK,
C:\Users\User\OneDrive\Documents\Uni\Dissertation\MScProject\Dataset\215288.jpg,.jpg,2.63,OK,
C:\Users\User\OneDrive\Documents\Uni\Dissertation\MScProject\Dataset\215289.jpg,.jpg,2.11,OK,
C:\Users\User\OneDrive\Documents\Uni\Dissertation\MScProject\Dataset\215290.jpg,.jpg,0.06,OK,
C:\Users\User\OneDrive\Documents\Uni\Dissertation\MScProject\Dataset\215656.jpg,.jpg,0.02,OK,
C:\Users\User\OneDrive\Documents\Uni\Dissertation\MScProject\Dataset\215729.jpg,.jpg,0.37,OK,
C:\Users\User\OneDrive\Documents\Uni\Dissertation\MScProject\Dataset\215730.jpg,.jpg,0.37,OK,
C:\Users\User\OneDrive\Documents\Uni\Dissertation\MScProject\Dataset\215859.jpg,.jpg,0.2,OK,
C:\Users\User\OneDrive\Documents\Uni\Dissertation\MScProject\Dataset\215860.jpg,.jpg,0.2,OK,
C:\Users\User\OneDrive\Documents\Uni\Dissertation\MScProject\Dataset\215861.jpg,.jpg,0.17,OK,
C:\Users\User\OneDrive\Documents\Uni\Dissertation\MScProject\Dataset\215862.jpg,.jpg,0.17,OK,
C:\Users\User\OneDrive\Documents\Uni\Dissertation\MScProject\Dataset\215863.jpg,.jpg,0.02,OK,
C:\Users\User\OneDrive\Documents\Uni\Dissertation\MScProject\Dataset\215864.jpg,.jpg,0.22,OK,
C:\Users\User\OneDrive\Documents\Uni\Dissertation\MScProject\Dataset\215866.jpg,.jpg,0.17,OK,
C:\Users\User\OneDrive\Documents\Uni\Dissertation\MScProject\Dataset\215867.jpg,.jpg,0.17,OK,
C:\Users\User\OneDrive\Documents\Uni\Dissertation\MScProject\Dataset\215868.jpg,.jpg,0.19,OK,
C:\Users\User\OneDrive\Documents\Uni\Dissertation\MScProject\Dataset\215869.jpg,.jpg,0.16,OK,
C:\Users\User\OneDrive\Documents\Uni\Dissertation\MScProject\Dataset\215870.jpg,.jpg,0.16,OK,
C:\Users\User\OneDrive\Documents\Uni\Dissertation\MScProject\Dataset\215871.jpg,.jpg,0.16,OK,
C:\Users\User\OneDrive\Documents\Uni\Dissertation\MScProject\Dataset\215872.jpg,.jpg,0.3,OK,
C:\Users\User\OneDrive\Documents\Uni\Dissertation\MScProject\Dataset\215873.jpg,.jpg,0.19,OK,
C:\Users\User\OneDrive\Documents\Uni\Dissertation\MScProject\Dataset\215874.jpg,.jpg,0.22,OK,
C:\Users\User\OneDrive\Documents\Uni\Dissertation\MScProject\Dataset\215875.jpg,.jpg,0.37,OK,
C:\Users\User\OneDrive\Documents\Uni\Dissertation\MScProject\Dataset\215876.jpg,.jpg,0.21,OK,
C:\Users\User\OneDrive\Documents\Uni\Dissertation\MScProject\Dataset\215877.jpg,.jpg,0.21,OK,
C:\Users\User\OneDrive\Documents\Uni\Dissertation\MScProject\Dataset\215879.jpg,.jpg,0.12,OK,
C:\Users\User\OneDrive\Documents\Uni\Dissertation\MScProject\Dataset\215880.jpg,.jpg,0.11,OK,
C:\Users\User\OneDrive\Documents\Uni\Dissertation\MScProject\Dataset\215886.jpg,.jpg,0.11,OK,
C:\Users\User\OneDrive\Documents\Uni\Dissertation\MScProject\Dataset\215890.jpg,.jpg,0.27,OK,
C:\Users\User\OneDrive\Documents\Uni\Dissertation\MScProject\Dataset\215899.jpg,.jpg,0.02,OK,
C:\Users\User\OneDrive\Documents\Uni\Dissertation\MScProject\Dataset\215902.jpg,.jpg,0.01,OK,
C:\Users\User\OneDrive\Documents\Uni\Dissertation\MScProject\Dataset\215903.jpg,.jpg,0.02,OK,
C:\Users\User\OneDrive\Documents\Uni\Dissertation\MScProject\Dataset\215904.jpg,.jpg,0.0,OK,
C:\Users\User\OneDrive\Documents\Uni\Dissertation\MScProject\Dataset\215905.jpg,.jpg,0.02,OK,
C:\Users\User\OneDrive\Documents\Uni\Dissertation\MScProject\Dataset\215906.jpg,.jpg,0.02,OK,
C:\Users\User\OneDrive\Documents\Uni\Dissertation\MScProject\Dataset\215907.jpg,.jpg,0.02,OK,
C:\Users\User\OneDrive\Documents\Uni\Dissertation\MScProject\Dataset\215908.jpg,.jpg,0.02,OK,
C:\Users\User\OneDrive\Documents\Uni\Dissertation\MScProject\Dataset\216092.jpg,.jpg,0.01,OK,
C:\Users\User\OneDrive\Documents\Uni\Dissertation\MScProject\Dataset\216093.jpg,.jpg,0.01,OK,
C:\Users\User\OneDrive\Documents\Uni\Dissertation\MScProject\Dataset\216094.jpg,.jpg,0.01,OK,
C:\Users\User\OneDrive\Documents\Uni\Dissertation\MScProject\Dataset\216095.jpg,.jpg,0.01,OK,
C:\Users\User\OneDrive\Documents\Uni\Dissertation\MScProject\Dataset\216276.jpg,.jpg,0.02,OK,
C:\Users\User\OneDrive\Documents\Uni\Dissertation\MScProject\Dataset\216277.jpg,.jpg,0.02,OK,
C:\Users\User\OneDrive\Documents\Uni\Dissertation\MScProject\Dataset\216278.jpg,.jpg,0.04,OK,
C:\Users\User\OneDrive\Documents\Uni\Dissertation\MScProject\Dataset\216279.jpg,.jpg,0.04,OK,
C:\Users\User\OneDrive\Documents\Uni\Dissertation\MScProject\Dataset\216280.jpg,.jpg,0.04,OK,
C:\Users\User\OneDrive\Documents\Uni\Dissertation\MScProject\Dataset\216283.jpg,.jpg,0.06,OK,
C:\Users\User\OneDrive\Documents\Uni\Dissertation\MScProject\Dataset\216285.jpg,.jpg,0.02,OK,
C:\Users\User\OneDrive\Documents\Uni\Dissertation\MScProject\Dataset\216286.jpg,.jpg,0.03,OK,
C:\Users\User\OneDrive\Documents\Uni\Dissertation\MScProject\Dataset\216287.jpg,.jpg,0.03,OK,
C:\Users\User\OneDrive\Documents\Uni\Dissertation\MScProject\Dataset\216288.jpg,.jpg,0.03,OK,
C:\Users\User\OneDrive\Documents\Uni\Dissertation\MScProject\Dataset\216594.jpg,.jpg,0.26,OK,
C:\Users\User\OneDrive\Documents\Uni\Dissertation\MScProject\Dataset\216595.jpg,.jpg,0.33,OK,
C:\Users\User\OneDrive\Documents\Uni\Dissertation\MScProject\Dataset\216597.jpg,.jpg,0.06,OK,
C:\Users\User\OneDrive\Documents\Uni\Dissertation\MScProject\Dataset\216598.jpg,.jpg,0.05,OK,
C:\Users\User\OneDrive\Documents\Uni\Dissertation\MScProject\Dataset\216600.jpg,.jpg,0.25,OK,
C:\Users\User\OneDrive\Documents\Uni\Dissertation\MScProject\Dataset\216601.jpg,.jpg,0.18,OK,
C:\Users\User\OneDrive\Documents\Uni\Dissertation\MScProject\Dataset\216602.jpg,.jpg,0.02,OK,
C:\Users\User\OneDrive\Documents\Uni\Dissertation\MScProject\Dataset\216603.jpg,.jpg,0.01,OK,
C:\Users\User\OneDrive\Documents\Uni\Dissertation\MScProject\Dataset\216605.jpg,.jpg,0.02,OK,
C:\Users\User\OneDrive\Documents\Uni\Dissertation\MScProject\Dataset\216613.jpg,.jpg,0.04,OK,
C:\Users\User\OneDrive\Documents\Uni\Dissertation\MScProject\Dataset\216614.jpg,.jpg,0.15,OK,
C:\Users\User\OneDrive\Documents\Uni\Dissertation\MScProject\Dataset\216616.jpg,.jpg,0.14,OK,
C:\Users\User\OneDrive\Documents\Uni\Dissertation\MScProject\Dataset\216617.jpg,.jpg,0.01,OK,
C:\Users\User\OneDrive\Documents\Uni\Dissertation\MScProject\Dataset\216620.jpg,.jpg,0.17,OK,
C:\Users\User\OneDrive\Documents\Uni\Dissertation\MScProject\Dataset\216621.jpg,.jpg,0.04,OK,
C:\Users\User\OneDrive\Documents\Uni\Dissertation\MScProject\Dataset\216622.jpg,.jpg,0.13,OK,
C:\Users\User\OneDrive\Documents\Uni\Dissertation\MScProject\Dataset\216623.jpg,.jpg,0.11,OK,
C:\Users\User\OneDrive\Documents\Uni\Dissertation\MScProject\Dataset\216624.jpg,.jpg,0.03,OK,
C:\Users\User\OneDrive\Documents\Uni\Dissertation\MScProject\Dataset\216625.jpg,.jpg,0.02,OK,
C:\Users\User\OneDrive\Documents\Uni\Dissertation\MScProject\Dataset\216627.jpg,.jpg,0.07,OK,
C:\Users\User\OneDrive\Documents\Uni\Dissertation\MScProject\Dataset\216628.jpg,.jpg,0.03,OK,
C:\Users\User\OneDrive\Documents\Uni\Dissertation\MScProject\Dataset\216629.jpg,.jpg,0.1,OK,
C:\Users\User\OneDrive\Documents\Uni\Dissertation\MScProject\Dataset\216631.jpg,.jpg,0.01,OK,
C:\Users\User\OneDrive\Documents\Uni\Dissertation\MScProject\Dataset\216632.jpg,.jpg,0.03,OK,
C:\Users\User\OneDrive\Documents\Uni\Dissertation\MScProject\Dataset\216633.jpg,.jpg,0.74,OK,
C:\Users\User\OneDrive\Documents\Uni\Dissertation\MScProject\Dataset\216634.jpg,.jpg,0.16,OK,
C:\Users\User\OneDrive\Documents\Uni\Dissertation\MScProject\Dataset\216635.jpg,.jpg,0.01,OK,
C:\Users\User\OneDrive\Documents\Uni\Dissertation\MScProject\Dataset\216636.jpg,.jpg,0.01,OK,
C:\Users\User\OneDrive\Documents\Uni\Dissertation\MScProject\Dataset\216637.jpg,.jpg,0.16,OK,
C:\Users\User\OneDrive\Documents\Uni\Dissertation\MScProject\Dataset\216638.jpg,.jpg,0.0,OK,
C:\Users\User\OneDrive\Documents\Uni\Dissertation\MScProject\Dataset\216641.jpg,.jpg,0.18,OK,
C:\Users\User\OneDrive\Documents\Uni\Dissertation\MScProject\Dataset\216642.jpg,.jpg,0.06,OK,
C:\Users\User\OneDrive\Documents\Uni\Dissertation\MScProject\Dataset\216643.jpg,.jpg,0.08,OK,
C:\Users\User\OneDrive\Documents\Uni\Dissertation\MScProject\Dataset\216686.jpg,.jpg,0.02,OK,
C:\Users\User\OneDrive\Documents\Uni\Dissertation\MScProject\Dataset\216687.jpg,.jpg,0.1,OK,
C:\Users\User\OneDrive\Documents\Uni\Dissertation\MScProject\Dataset\216897.jpg,.jpg,0.04,OK,
C:\Users\User\OneDrive\Documents\Uni\Dissertation\MScProject\Dataset\216921.jpg,.jpg,0.03,OK,
C:\Users\User\OneDrive\Documents\Uni\Dissertation\MScProject\Dataset\216924.jpg,.jpg,0.02,OK,
C:\Users\User\OneDrive\Documents\Uni\Dissertation\MScProject\Dataset\216925.jpg,.jpg,0.03,OK,
C:\Users\User\OneDrive\Documents\Uni\Dissertation\MScProject\Dataset\216926.jpg,.jpg,0.01,OK,
C:\Users\User\OneDrive\Documents\Uni\Dissertation\MScProject\Dataset\216930.jpg,.jpg,0.28,OK,
C:\Users\User\OneDrive\Documents\Uni\Dissertation\MScProject\Dataset\216932.jpg,.jpg,0.02,OK,
C:\Users\User\OneDrive\Documents\Uni\Dissertation\MScProject\Dataset\216933.jpg,.jpg,0.02,OK,
C:\Users\User\OneDrive\Documents\Uni\Dissertation\MScProject\Dataset\216934.jpg,.jpg,0.06,OK,
C:\Users\User\OneDrive\Documents\Uni\Dissertation\MScProject\Dataset\216935.jpg,.jpg,0.07,OK,
C:\Users\User\OneDrive\Documents\Uni\Dissertation\MScProject\Dataset\216936.jpg,.jpg,0.02,OK,
C:\Users\User\OneDrive\Documents\Uni\Dissertation\MScProject\Dataset\216937.jpg,.jpg,0.08,OK,
C:\Users\User\OneDrive\Documents\Uni\Dissertation\MScProject\Dataset\216939.jpg,.jpg,0.02,OK,
C:\Users\User\OneDrive\Documents\Uni\Dissertation\MScProject\Dataset\216940.jpg,.jpg,0.01,OK,
C:\Users\User\OneDrive\Documents\Uni\Dissertation\MScProject\Dataset\216941.jpg,.jpg,0.04,OK,
C:\Users\User\OneDrive\Documents\Uni\Dissertation\MScProject\Dataset\216942.jpg,.jpg,0.1,OK,
C:\Users\User\OneDrive\Documents\Uni\Dissertation\MScProject\Dataset\216943.jpg,.jpg,0.01,OK,
C:\Users\User\OneDrive\Documents\Uni\Dissertation\MScProject\Dataset\216946.jpg,.jpg,0.02,OK,
C:\Users\User\OneDrive\Documents\Uni\Dissertation\MScProject\Dataset\216948.jpg,.jpg,0.09,OK,
C:\Users\User\OneDrive\Documents\Uni\Dissertation\MScProject\Dataset\216949.jpg,.jpg,0.04,OK,
C:\Users\User\OneDrive\Documents\Uni\Dissertation\MScProject\Dataset\216950.jpg,.jpg,0.01,OK,
C:\Users\User\OneDrive\Documents\Uni\Dissertation\MScProject\Dataset\216952.jpg,.jpg,0.09,OK,
C:\Users\User\OneDrive\Documents\Uni\Dissertation\MScProject\Dataset\216953.jpg,.jpg,0.04,OK,
C:\Users\User\OneDrive\Documents\Uni\Dissertation\MScProject\Dataset\216954.jpg,.jpg,0.03,OK,
C:\Users\User\OneDrive\Documents\Uni\Dissertation\MScProject\Dataset\216955.jpg,.jpg,0.02,OK,
C:\Users\User\OneDrive\Documents\Uni\Dissertation\MScProject\Dataset\216956.jpg,.jpg,0.04,OK,
C:\Users\User\OneDrive\Documents\Uni\Dissertation\MScProject\Dataset\216957.jpg,.jpg,0.02,OK,
C:\Users\User\OneDrive\Documents\Uni\Dissertation\MScProject\Dataset\216958.jpg,.jpg,0.02,OK,
C:\Users\User\OneDrive\Documents\Uni\Dissertation\MScProject\Dataset\216960.jpg,.jpg,0.03,OK,
C:\Users\User\OneDrive\Documents\Uni\Dissertation\MScProject\Dataset\216961.jpg,.jpg,0.02,OK,
C:\Users\User\OneDrive\Documents\Uni\Dissertation\MScProject\Dataset\216962.jpg,.jpg,0.03,OK,
C:\Users\User\OneDrive\Documents\Uni\Dissertation\MScProject\Dataset\216963.jpg,.jpg,0.05,OK,
C:\Users\User\OneDrive\Documents\Uni\Dissertation\MScProject\Dataset\216965.jpg,.jpg,0.01,OK,
C:\Users\User\OneDrive\Documents\Uni\Dissertation\MScProject\Dataset\216966.jpg,.jpg,0.03,OK,
C:\Users\User\OneDrive\Documents\Uni\Dissertation\MScProject\Dataset\217315.jpg,.jpg,0.19,OK,
C:\Users\User\OneDrive\Documents\Uni\Dissertation\MScProject\Dataset\217316.jpg,.jpg,0.13,OK,
C:\Users\User\OneDrive\Documents\Uni\Dissertation\MScProject\Dataset\217317.jpg,.jpg,0.3,OK,
C:\Users\User\OneDrive\Documents\Uni\Dissertation\MScProject\Dataset\217318.jpg,.jpg,0.21,OK,
C:\Users\User\OneDrive\Documents\Uni\Dissertation\MScProject\Dataset\217319.jpg,.jpg,0.27,OK,
C:\Users\User\OneDrive\Documents\Uni\Dissertation\MScProject\Dataset\217320.jpg,.jpg,0.0,OK,
C:\Users\User\OneDrive\Documents\Uni\Dissertation\MScProject\Dataset\217576.jpg,.jpg,0.01,OK,
C:\Users\User\OneDrive\Documents\Uni\Dissertation\MScProject\Dataset\217577.jpg,.jpg,0.01,OK,
C:\Users\User\OneDrive\Documents\Uni\Dissertation\MScProject\Dataset\217578.jpg,.jpg,0.45,OK,
C:\Users\User\OneDrive\Documents\Uni\Dissertation\MScProject\Dataset\217579.jpg,.jpg,0.44,OK,
C:\Users\User\OneDrive\Documents\Uni\Dissertation\MScProject\Dataset\217580.jpg,.jpg,0.33,OK,
C:\Users\User\OneDrive\Documents\Uni\Dissertation\MScProject\Dataset\217581.jpg,.jpg,0.43,OK,
C:\Users\User\OneDrive\Documents\Uni\Dissertation\MScProject\Dataset\217582.jpg,.jpg,0.46,OK,
C:\Users\User\OneDrive\Documents\Uni\Dissertation\MScProject\Dataset\217583.jpg,.jpg,0.48,OK,
C:\Users\User\OneDrive\Documents\Uni\Dissertation\MScProject\Dataset\217584.jpg,.jpg,0.38,OK,
C:\Users\User\OneDrive\Documents\Uni\Dissertation\MScProject\Dataset\217585.jpg,.jpg,0.66,OK,
C:\Users\User\OneDrive\Documents\Uni\Dissertation\MScProject\Dataset\217586.jpg,.jpg,0.33,OK,
C:\Users\User\OneDrive\Documents\Uni\Dissertation\MScProject\Dataset\217587.jpg,.jpg,0.52,OK,
C:\Users\User\OneDrive\Documents\Uni\Dissertation\MScProject\Dataset\217588.jpg,.jpg,0.55,OK,
C:\Users\User\OneDrive\Documents\Uni\Dissertation\MScProject\Dataset\217589.jpg,.jpg,0.32,OK,
C:\Users\User\OneDrive\Documents\Uni\Dissertation\MScProject\Dataset\217590.jpg,.jpg,0.41,OK,
C:\Users\User\OneDrive\Documents\Uni\Dissertation\MScProject\Dataset\217591.jpg,.jpg,0.3,OK,
C:\Users\User\OneDrive\Documents\Uni\Dissertation\MScProject\Dataset\217592.jpg,.jpg,0.47,OK,
C:\Users\User\OneDrive\Documents\Uni\Dissertation\MScProject\Dataset\217594.jpg,.jpg,0.37,OK,
C:\Users\User\OneDrive\Documents\Uni\Dissertation\MScProject\Dataset\217595.jpg,.jpg,0.27,OK,
C:\Users\User\OneDrive\Documents\Uni\Dissertation\MScProject\Dataset\217596.jpg,.jpg,0.34,OK,
C:\Users\User\OneDrive\Documents\Uni\Dissertation\MScProject\Dataset\217598.jpg,.jpg,1.91,OK,
C:\Users\User\OneDrive\Documents\Uni\Dissertation\MScProject\Dataset\217599.jpg,.jpg,0.09,OK,
C:\Users\User\OneDrive\Documents\Uni\Dissertation\MScProject\Dataset\217603.jpg,.jpg,0.04,OK,
C:\Users\User\OneDrive\Documents\Uni\Dissertation\MScProject\Dataset\217605.jpg,.jpg,0.04,OK,
C:\Users\User\OneDrive\Documents\Uni\Dissertation\MScProject\Dataset\217609.jpg,.jpg,0.04,OK,
C:\Users\User\OneDrive\Documents\Uni\Dissertation\MScProject\Dataset\217619.jpg,.jpg,0.12,OK,
C:\Users\User\OneDrive\Documents\Uni\Dissertation\MScProject\Dataset\217620.jpg,.jpg,0.13,OK,
C:\Users\User\OneDrive\Documents\Uni\Dissertation\MScProject\Dataset\217634.jpg,.jpg,0.11,OK,
C:\Users\User\OneDrive\Documents\Uni\Dissertation\MScProject\Dataset\217635.jpg,.jpg,0.11,OK,
C:\Users\User\OneDrive\Documents\Uni\Dissertation\MScProject\Dataset\217870.jpg,.jpg,0.12,OK,
C:\Users\User\OneDrive\Documents\Uni\Dissertation\MScProject\Dataset\217873.jpg,.jpg,0.06,OK,
C:\Users\User\OneDrive\Documents\Uni\Dissertation\MScProject\Dataset\217874.jpg,.jpg,0.08,OK,
C:\Users\User\OneDrive\Documents\Uni\Dissertation\MScProject\Dataset\217875.jpg,.jpg,0.01,OK,
C:\Users\User\OneDrive\Documents\Uni\Dissertation\MScProject\Dataset\217876.jpg,.jpg,0.09,OK,
C:\Users\User\OneDrive\Documents\Uni\Dissertation\MScProject\Dataset\217878.jpg,.jpg,0.01,OK,
C:\Users\User\OneDrive\Documents\Uni\Dissertation\MScProject\Dataset\217879.jpg,.jpg,0.05,OK,
C:\Users\User\OneDrive\Documents\Uni\Dissertation\MScProject\Dataset\217880.jpg,.jpg,0.03,OK,
C:\Users\User\OneDrive\Documents\Uni\Dissertation\MScProject\Dataset\217881.jpg,.jpg,0.02,OK,
C:\Users\User\OneDrive\Documents\Uni\Dissertation\MScProject\Dataset\217882.jpg,.jpg,0.01,OK,
C:\Users\User\OneDrive\Documents\Uni\Dissertation\MScProject\Dataset\217883.jpg,.jpg,0.03,OK,
C:\Users\User\OneDrive\Documents\Uni\Dissertation\MScProject\Dataset\217884.jpg,.jpg,0.06,OK,
C:\Users\User\OneDrive\Documents\Uni\Dissertation\MScProject\Dataset\217885.jpg,.jpg,0.05,OK,
C:\Users\User\OneDrive\Documents\Uni\Dissertation\MScProject\Dataset\217886.jpg,.jpg,0.04,OK,
C:\Users\User\OneDrive\Documents\Uni\Dissertation\MScProject\Dataset\217888.jpg,.jpg,0.05,OK,
C:\Users\User\OneDrive\Documents\Uni\Dissertation\MScProject\Dataset\217890.jpg,.jpg,0.03,OK,
C:\Users\User\OneDrive\Documents\Uni\Dissertation\MScProject\Dataset\217990.jpg,.jpg,0.02,OK,
C:\Users\User\OneDrive\Documents\Uni\Dissertation\MScProject\Dataset\217991.jpg,.jpg,0.02,OK,
C:\Users\User\OneDrive\Documents\Uni\Dissertation\MScProject\Dataset\217993.jpg,.jpg,0.02,OK,
C:\Users\User\OneDrive\Documents\Uni\Dissertation\MScProject\Dataset\217995.jpg,.jpg,0.0,OK,
C:\Users\User\OneDrive\Documents\Uni\Dissertation\MScProject\Dataset\217996.jpg,.jpg,6.85,OK,
C:\Users\User\OneDrive\Documents\Uni\Dissertation\MScProject\Dataset\217997.jpg,.jpg,0.07,OK,
C:\Users\User\OneDrive\Documents\Uni\Dissertation\MScProject\Dataset\217998.jpg,.jpg,2.98,OK,
C:\Users\User\OneDrive\Documents\Uni\Dissertation\MScProject\Dataset\217999.jpg,.jpg,0.09,OK,
C:\Users\User\OneDrive\Documents\Uni\Dissertation\MScProject\Dataset\218000.jpg,.jpg,0.02,OK,
C:\Users\User\OneDrive\Documents\Uni\Dissertation\MScProject\Dataset\218001.jpg,.jpg,0.06,OK,
C:\Users\User\OneDrive\Documents\Uni\Dissertation\MScProject\Dataset\218003.jpg,.jpg,0.07,OK,
C:\Users\User\OneDrive\Documents\Uni\Dissertation\MScProject\Dataset\218004.jpg,.jpg,0.05,OK,
C:\Users\User\OneDrive\Documents\Uni\Dissertation\MScProject\Dataset\218005.jpg,.jpg,0.02,OK,
C:\Users\User\OneDrive\Documents\Uni\Dissertation\MScProject\Dataset\218006.jpg,.jpg,0.05,OK,
C:\Users\User\OneDrive\Documents\Uni\Dissertation\MScProject\Dataset\218007.jpg,.jpg,6.51,OK,
C:\Users\User\OneDrive\Documents\Uni\Dissertation\MScProject\Dataset\218008.jpg,.jpg,0.04,OK,
C:\Users\User\OneDrive\Documents\Uni\Dissertation\MScProject\Dataset\218009.jpg,.jpg,2.14,OK,
C:\Users\User\OneDrive\Documents\Uni\Dissertation\MScProject\Dataset\218010.jpg,.jpg,0.01,OK,
C:\Users\User\OneDrive\Documents\Uni\Dissertation\MScProject\Dataset\218011.jpg,.jpg,0.0,OK,
C:\Users\User\OneDrive\Documents\Uni\Dissertation\MScProject\Dataset\218012.jpg,.jpg,0.04,OK,
C:\Users\User\OneDrive\Documents\Uni\Dissertation\MScProject\Dataset\218013.jpg,.jpg,0.02,OK,
C:\Users\User\OneDrive\Documents\Uni\Dissertation\MScProject\Dataset\218014.jpg,.jpg,0.05,OK,
C:\Users\User\OneDrive\Documents\Uni\Dissertation\MScProject\Dataset\218015.jpg,.jpg,0.03,OK,
C:\Users\User\OneDrive\Documents\Uni\Dissertation\MScProject\Dataset\218017.jpg,.jpg,0.04,OK,
C:\Users\User\OneDrive\Documents\Uni\Dissertation\MScProject\Dataset\218018.jpg,.jpg,0.03,OK,
C:\Users\User\OneDrive\Documents\Uni\Dissertation\MScProject\Dataset\218019.jpg,.jpg,0.01,OK,
C:\Users\User\OneDrive\Documents\Uni\Dissertation\MScProject\Dataset\218020.jpg,.jpg,0.04,OK,
C:\Users\User\OneDrive\Documents\Uni\Dissertation\MScProject\Dataset\218021.jpg,.jpg,0.01,OK,
C:\Users\User\OneDrive\Documents\Uni\Dissertation\MScProject\Dataset\218022.jpg,.jpg,0.01,OK,
C:\Users\User\OneDrive\Documents\Uni\Dissertation\MScProject\Dataset\218023.jpg,.jpg,0.01,OK,
C:\Users\User\OneDrive\Documents\Uni\Dissertation\MScProject\Dataset\218024.jpg,.jpg,0.05,OK,
C:\Users\User\OneDrive\Documents\Uni\Dissertation\MScProject\Dataset\218025.jpg,.jpg,0.02,OK,
C:\Users\User\OneDrive\Documents\Uni\Dissertation\MScProject\Dataset\218026.jpg,.jpg,0.04,OK,
C:\Users\User\OneDrive\Documents\Uni\Dissertation\MScProject\Dataset\218027.jpg,.jpg,0.02,OK,
C:\Users\User\OneDrive\Documents\Uni\Dissertation\MScProject\Dataset\218029.jpg,.jpg,0.02,OK,
C:\Users\User\OneDrive\Documents\Uni\Dissertation\MScProject\Dataset\218031.jpg,.jpg,0.06,OK,
C:\Users\User\OneDrive\Documents\Uni\Dissertation\MScProject\Dataset\218033.jpg,.jpg,0.08,OK,
C:\Users\User\OneDrive\Documents\Uni\Dissertation\MScProject\Dataset\218034.jpg,.jpg,0.01,OK,
C:\Users\User\OneDrive\Documents\Uni\Dissertation\MScProject\Dataset\218035.jpg,.jpg,0.02,OK,
C:\Users\User\OneDrive\Documents\Uni\Dissertation\MScProject\Dataset\218036.jpg,.jpg,0.0,OK,
C:\Users\User\OneDrive\Documents\Uni\Dissertation\MScProject\Dataset\218037.jpg,.jpg,0.01,OK,
C:\Users\User\OneDrive\Documents\Uni\Dissertation\MScProject\Dataset\218038.jpg,.jpg,0.01,OK,
C:\Users\User\OneDrive\Documents\Uni\Dissertation\MScProject\Dataset\218187.jpg,.jpg,0.02,OK,
C:\Users\User\OneDrive\Documents\Uni\Dissertation\MScProject\Dataset\218188.jpg,.jpg,0.02,OK,
C:\Users\User\OneDrive\Documents\Uni\Dissertation\MScProject\Dataset\218191.jpg,.jpg,0.01,OK,
C:\Users\User\OneDrive\Documents\Uni\Dissertation\MScProject\Dataset\218402.jpg,.jpg,0.02,OK,
C:\Users\User\OneDrive\Documents\Uni\Dissertation\MScProject\Dataset\218404.jpg,.jpg,0.01,OK,
C:\Users\User\OneDrive\Documents\Uni\Dissertation\MScProject\Dataset\218405.jpg,.jpg,0.02,OK,
C:\Users\User\OneDrive\Documents\Uni\Dissertation\MScProject\Dataset\218406.jpg,.jpg,0.0,OK,
C:\Users\User\OneDrive\Documents\Uni\Dissertation\MScProject\Dataset\218407.jpg,.jpg,0.05,OK,
C:\Users\User\OneDrive\Documents\Uni\Dissertation\MScProject\Dataset\218409.jpg,.jpg,0.02,OK,
C:\Users\User\OneDrive\Documents\Uni\Dissertation\MScProject\Dataset\218410.jpg,.jpg,0.01,OK,
C:\Users\User\OneDrive\Documents\Uni\Dissertation\MScProject\Dataset\218411.jpg,.jpg,0.49,OK,
C:\Users\User\OneDrive\Documents\Uni\Dissertation\MScProject\Dataset\218412.jpg,.jpg,0.04,OK,
C:\Users\User\OneDrive\Documents\Uni\Dissertation\MScProject\Dataset\218414.jpg,.jpg,0.01,OK,
C:\Users\User\OneDrive\Documents\Uni\Dissertation\MScProject\Dataset\218415.jpg,.jpg,0.03,OK,
C:\Users\User\OneDrive\Documents\Uni\Dissertation\MScProject\Dataset\218419.jpg,.jpg,0.01,OK,
C:\Users\User\OneDrive\Documents\Uni\Dissertation\MScProject\Dataset\218420.jpg,.jpg,0.01,OK,
C:\Users\User\OneDrive\Documents\Uni\Dissertation\MScProject\Dataset\218421.jpg,.jpg,0.04,OK,
C:\Users\User\OneDrive\Documents\Uni\Dissertation\MScProject\Dataset\218431.jpg,.jpg,0.4,OK,
C:\Users\User\OneDrive\Documents\Uni\Dissertation\MScProject\Dataset\218433.jpg,.jpg,0.0,OK,
C:\Users\User\OneDrive\Documents\Uni\Dissertation\MScProject\Dataset\218434.jpg,.jpg,0.0,OK,
C:\Users\User\OneDrive\Documents\Uni\Dissertation\MScProject\Dataset\218435.jpg,.jpg,0.01,OK,
C:\Users\User\OneDrive\Documents\Uni\Dissertation\MScProject\Dataset\218526.jpg,.jpg,0.02,OK,
C:\Users\User\OneDrive\Documents\Uni\Dissertation\MScProject\Dataset\218715.jpg,.jpg,0.01,OK,
C:\Users\User\OneDrive\Documents\Uni\Dissertation\MScProject\Dataset\218716.jpg,.jpg,0.01,OK,
C:\Users\User\OneDrive\Documents\Uni\Dissertation\MScProject\Dataset\218717.jpg,.jpg,0.02,OK,
C:\Users\User\OneDrive\Documents\Uni\Dissertation\MScProject\Dataset\218719.jpg,.jpg,0.2,OK,
C:\Users\User\OneDrive\Documents\Uni\Dissertation\MScProject\Dataset\218722.jpg,.jpg,0.54,OK,
C:\Users\User\OneDrive\Documents\Uni\Dissertation\MScProject\Dataset\218723.jpg,.jpg,0.15,OK,
C:\Users\User\OneDrive\Documents\Uni\Dissertation\MScProject\Dataset\218724.jpg,.jpg,0.06,OK,
C:\Users\User\OneDrive\Documents\Uni\Dissertation\MScProject\Dataset\218726.jpg,.jpg,0.11,OK,
C:\Users\User\OneDrive\Documents\Uni\Dissertation\MScProject\Dataset\218727.jpg,.jpg,0.03,OK,
C:\Users\User\OneDrive\Documents\Uni\Dissertation\MScProject\Dataset\218728.jpg,.jpg,2.74,OK,
C:\Users\User\OneDrive\Documents\Uni\Dissertation\MScProject\Dataset\218779.jpg,.jpg,0.01,OK,
C:\Users\User\OneDrive\Documents\Uni\Dissertation\MScProject\Dataset\218780.jpg,.jpg,0.0,OK,
C:\Users\User\OneDrive\Documents\Uni\Dissertation\MScProject\Dataset\218956.jpg,.jpg,0.03,OK,
C:\Users\User\OneDrive\Documents\Uni\Dissertation\MScProject\Dataset\218957.jpg,.jpg,0.03,OK,
C:\Users\User\OneDrive\Documents\Uni\Dissertation\MScProject\Dataset\219010.jpg,.jpg,0.17,OK,
C:\Users\User\OneDrive\Documents\Uni\Dissertation\MScProject\Dataset\219207.jpg,.jpg,0.01,OK,
C:\Users\User\OneDrive\Documents\Uni\Dissertation\MScProject\Dataset\219209.jpg,.jpg,0.21,OK,
C:\Users\User\OneDrive\Documents\Uni\Dissertation\MScProject\Dataset\219213.jpg,.jpg,0.19,OK,
C:\Users\User\OneDrive\Documents\Uni\Dissertation\MScProject\Dataset\219219.jpg,.jpg,1.16,OK,
C:\Users\User\OneDrive\Documents\Uni\Dissertation\MScProject\Dataset\219220.jpg,.jpg,0.18,OK,
C:\Users\User\OneDrive\Documents\Uni\Dissertation\MScProject\Dataset\219221.jpg,.jpg,0.19,OK,
C:\Users\User\OneDrive\Documents\Uni\Dissertation\MScProject\Dataset\219222.jpg,.jpg,0.19,OK,
C:\Users\User\OneDrive\Documents\Uni\Dissertation\MScProject\Dataset\219226.jpg,.jpg,0.14,OK,
C:\Users\User\OneDrive\Documents\Uni\Dissertation\MScProject\Dataset\219227.jpg,.jpg,0.32,OK,
C:\Users\User\OneDrive\Documents\Uni\Dissertation\MScProject\Dataset\219228.jpg,.jpg,0.14,OK,
C:\Users\User\OneDrive\Documents\Uni\Dissertation\MScProject\Dataset\219232.jpg,.jpg,0.19,OK,
C:\Users\User\OneDrive\Documents\Uni\Dissertation\MScProject\Dataset\219237.jpg,.jpg,0.19,OK,
C:\Users\User\OneDrive\Documents\Uni\Dissertation\MScProject\Dataset\219239.jpg,.jpg,0.37,OK,
C:\Users\User\OneDrive\Documents\Uni\Dissertation\MScProject\Dataset\219240.jpg,.jpg,0.35,OK,
C:\Users\User\OneDrive\Documents\Uni\Dissertation\MScProject\Dataset\219241.jpg,.jpg,0.35,OK,
C:\Users\User\OneDrive\Documents\Uni\Dissertation\MScProject\Dataset\219242.jpg,.jpg,0.41,OK,
C:\Users\User\OneDrive\Documents\Uni\Dissertation\MScProject\Dataset\219243.jpg,.jpg,1.28,OK,
C:\Users\User\OneDrive\Documents\Uni\Dissertation\MScProject\Dataset\219244.jpg,.jpg,0.19,OK,
C:\Users\User\OneDrive\Documents\Uni\Dissertation\MScProject\Dataset\219245.jpg,.jpg,0.21,OK,
C:\Users\User\OneDrive\Documents\Uni\Dissertation\MScProject\Dataset\219247.jpg,.jpg,0.11,OK,
C:\Users\User\OneDrive\Documents\Uni\Dissertation\MScProject\Dataset\219248.jpg,.jpg,0.13,OK,
C:\Users\User\OneDrive\Documents\Uni\Dissertation\MScProject\Dataset\219249.jpg,.jpg,0.4,OK,
C:\Users\User\OneDrive\Documents\Uni\Dissertation\MScProject\Dataset\219250.jpg,.jpg,0.12,OK,
C:\Users\User\OneDrive\Documents\Uni\Dissertation\MScProject\Dataset\219251.jpg,.jpg,0.14,OK,
C:\Users\User\OneDrive\Documents\Uni\Dissertation\MScProject\Dataset\219253.jpg,.jpg,0.12,OK,
C:\Users\User\OneDrive\Documents\Uni\Dissertation\MScProject\Dataset\219384.jpg,.jpg,0.03,OK,
C:\Users\User\OneDrive\Documents\Uni\Dissertation\MScProject\Dataset\219385.jpg,.jpg,0.01,OK,
C:\Users\User\OneDrive\Documents\Uni\Dissertation\MScProject\Dataset\219598.jpg,.jpg,0.0,OK,
C:\Users\User\OneDrive\Documents\Uni\Dissertation\MScProject\Dataset\219601.jpg,.jpg,0.0,OK,
C:\Users\User\OneDrive\Documents\Uni\Dissertation\MScProject\Dataset\219609.jpg,.jpg,0.01,OK,
C:\Users\User\OneDrive\Documents\Uni\Dissertation\MScProject\Dataset\219612.jpg,.jpg,0.16,OK,
C:\Users\User\OneDrive\Documents\Uni\Dissertation\MScProject\Dataset\219613.jpg,.jpg,0.0,OK,
C:\Users\User\OneDrive\Documents\Uni\Dissertation\MScProject\Dataset\219614.jpg,.jpg,0.11,OK,
C:\Users\User\OneDrive\Documents\Uni\Dissertation\MScProject\Dataset\219615.jpg,.jpg,0.15,OK,
C:\Users\User\OneDrive\Documents\Uni\Dissertation\MScProject\Dataset\219617.jpg,.jpg,0.09,OK,
C:\Users\User\OneDrive\Documents\Uni\Dissertation\MScProject\Dataset\219618.jpg,.jpg,0.08,OK,
C:\Users\User\OneDrive\Documents\Uni\Dissertation\MScProject\Dataset\219619.jpg,.jpg,0.09,OK,
C:\Users\User\OneDrive\Documents\Uni\Dissertation\MScProject\Dataset\219620.jpg,.jpg,0.04,OK,
C:\Users\User\OneDrive\Documents\Uni\Dissertation\MScProject\Dataset\219622.jpg,.jpg,0.11,OK,
C:\Users\User\OneDrive\Documents\Uni\Dissertation\MScProject\Dataset\219623.jpg,.jpg,0.08,OK,
C:\Users\User\OneDrive\Documents\Uni\Dissertation\MScProject\Dataset\219624.jpg,.jpg,0.02,OK,
C:\Users\User\OneDrive\Documents\Uni\Dissertation\MScProject\Dataset\219625.jpg,.jpg,0.05,OK,
C:\Users\User\OneDrive\Documents\Uni\Dissertation\MScProject\Dataset\219626.jpg,.jpg,0.01,OK,
C:\Users\User\OneDrive\Documents\Uni\Dissertation\MScProject\Dataset\219627.jpg,.jpg,0.01,OK,
C:\Users\User\OneDrive\Documents\Uni\Dissertation\MScProject\Dataset\219628.jpg,.jpg,0.17,OK,
C:\Users\User\OneDrive\Documents\Uni\Dissertation\MScProject\Dataset\219629.jpg,.jpg,0.06,OK,
C:\Users\User\OneDrive\Documents\Uni\Dissertation\MScProject\Dataset\219630.jpg,.jpg,0.04,OK,
C:\Users\User\OneDrive\Documents\Uni\Dissertation\MScProject\Dataset\219633.jpg,.jpg,0.01,OK,
C:\Users\User\OneDrive\Documents\Uni\Dissertation\MScProject\Dataset\219634.jpg,.jpg,0.05,OK,
C:\Users\User\OneDrive\Documents\Uni\Dissertation\MScProject\Dataset\219635.jpg,.jpg,0.03,OK,
C:\Users\User\OneDrive\Documents\Uni\Dissertation\MScProject\Dataset\219637.jpg,.jpg,0.06,OK,
C:\Users\User\OneDrive\Documents\Uni\Dissertation\MScProject\Dataset\219641.jpg,.jpg,0.01,OK,
C:\Users\User\OneDrive\Documents\Uni\Dissertation\MScProject\Dataset\219642.jpg,.jpg,0.03,OK,
C:\Users\User\OneDrive\Documents\Uni\Dissertation\MScProject\Dataset\219643.jpg,.jpg,0.15,OK,
C:\Users\User\OneDrive\Documents\Uni\Dissertation\MScProject\Dataset\219645.jpg,.jpg,0.01,OK,
C:\Users\User\OneDrive\Documents\Uni\Dissertation\MScProject\Dataset\219757.jpg,.jpg,0.05,OK,
C:\Users\User\OneDrive\Documents\Uni\Dissertation\MScProject\Dataset\219758.jpg,.jpg,0.02,OK,
C:\Users\User\OneDrive\Documents\Uni\Dissertation\MScProject\Dataset\220049.jpg,.jpg,0.01,OK,
C:\Users\User\OneDrive\Documents\Uni\Dissertation\MScProject\Dataset\220052.jpg,.jpg,0.02,OK,
C:\Users\User\OneDrive\Documents\Uni\Dissertation\MScProject\Dataset\220056.jpg,.jpg,4.97,OK,
C:\Users\User\OneDrive\Documents\Uni\Dissertation\MScProject\Dataset\220058.jpg,.jpg,0.02,OK,
C:\Users\User\OneDrive\Documents\Uni\Dissertation\MScProject\Dataset\220061.jpg,.jpg,0.03,OK,
C:\Users\User\OneDrive\Documents\Uni\Dissertation\MScProject\Dataset\220064.jpg,.jpg,0.06,OK,
C:\Users\User\OneDrive\Documents\Uni\Dissertation\MScProject\Dataset\220065.jpg,.jpg,0.01,OK,
C:\Users\User\OneDrive\Documents\Uni\Dissertation\MScProject\Dataset\220066.jpg,.jpg,0.01,OK,
C:\Users\User\OneDrive\Documents\Uni\Dissertation\MScProject\Dataset\220067.jpg,.jpg,0.03,OK,
C:\Users\User\OneDrive\Documents\Uni\Dissertation\MScProject\Dataset\220068.jpg,.jpg,0.17,OK,
C:\Users\User\OneDrive\Documents\Uni\Dissertation\MScProject\Dataset\220071.jpg,.jpg,0.06,OK,
C:\Users\User\OneDrive\Documents\Uni\Dissertation\MScProject\Dataset\220073.jpg,.jpg,0.02,OK,
C:\Users\User\OneDrive\Documents\Uni\Dissertation\MScProject\Dataset\220075.jpg,.jpg,0.01,OK,
C:\Users\User\OneDrive\Documents\Uni\Dissertation\MScProject\Dataset\220077.jpg,.jpg,0.03,OK,
C:\Users\User\OneDrive\Documents\Uni\Dissertation\MScProject\Dataset\220078.jpg,.jpg,0.01,OK,
C:\Users\User\OneDrive\Documents\Uni\Dissertation\MScProject\Dataset\220160.jpg,.jpg,0.08,OK,
C:\Users\User\OneDrive\Documents\Uni\Dissertation\MScProject\Dataset\220162.jpg,.jpg,0.04,OK,
C:\Users\User\OneDrive\Documents\Uni\Dissertation\MScProject\Dataset\220168.jpg,.jpg,0.1,OK,
C:\Users\User\OneDrive\Documents\Uni\Dissertation\MScProject\Dataset\220180.jpg,.jpg,0.03,OK,
C:\Users\User\OneDrive\Documents\Uni\Dissertation\MScProject\Dataset\220185.jpg,.jpg,0.0,OK,
C:\Users\User\OneDrive\Documents\Uni\Dissertation\MScProject\Dataset\220241.jpg,.jpg,0.64,OK,
C:\Users\User\OneDrive\Documents\Uni\Dissertation\MScProject\Dataset\220242.jpg,.jpg,0.05,OK,
C:\Users\User\OneDrive\Documents\Uni\Dissertation\MScProject\Dataset\220243.jpg,.jpg,0.62,OK,
C:\Users\User\OneDrive\Documents\Uni\Dissertation\MScProject\Dataset\220244.jpg,.jpg,0.72,OK,
C:\Users\User\OneDrive\Documents\Uni\Dissertation\MScProject\Dataset\220245.jpg,.jpg,0.68,OK,
C:\Users\User\OneDrive\Documents\Uni\Dissertation\MScProject\Dataset\220246.jpg,.jpg,0.69,OK,
C:\Users\User\OneDrive\Documents\Uni\Dissertation\MScProject\Dataset\220247.jpg,.jpg,0.06,OK,
C:\Users\User\OneDrive\Documents\Uni\Dissertation\MScProject\Dataset\220248.jpg,.jpg,0.06,OK,
C:\Users\User\OneDrive\Documents\Uni\Dissertation\MScProject\Dataset\220249.jpg,.jpg,0.06,OK,
C:\Users\User\OneDrive\Documents\Uni\Dissertation\MScProject\Dataset\220250.jpg,.jpg,0.06,OK,
C:\Users\User\OneDrive\Documents\Uni\Dissertation\MScProject\Dataset\220251.jpg,.jpg,0.05,OK,
C:\Users\User\OneDrive\Documents\Uni\Dissertation\MScProject\Dataset\220252.jpg,.jpg,0.05,OK,
C:\Users\User\OneDrive\Documents\Uni\Dissertation\MScProject\Dataset\220255.jpg,.jpg,0.06,OK,
C:\Users\User\OneDrive\Documents\Uni\Dissertation\MScProject\Dataset\220256.jpg,.jpg,0.01,OK,
C:\Users\User\OneDrive\Documents\Uni\Dissertation\MScProject\Dataset\220257.jpg,.jpg,0.01,OK,
C:\Users\User\OneDrive\Documents\Uni\Dissertation\MScProject\Dataset\220259.jpg,.jpg,0.01,OK,
C:\Users\User\OneDrive\Documents\Uni\Dissertation\MScProject\Dataset\220260.jpg,.jpg,0.01,OK,
C:\Users\User\OneDrive\Documents\Uni\Dissertation\MScProject\Dataset\220422.jpg,.jpg,0.02,OK,
C:\Users\User\OneDrive\Documents\Uni\Dissertation\MScProject\Dataset\220424.jpg,.jpg,0.05,OK,
C:\Users\User\OneDrive\Documents\Uni\Dissertation\MScProject\Dataset\220425.jpg,.jpg,0.03,OK,
C:\Users\User\OneDrive\Documents\Uni\Dissertation\MScProject\Dataset\220426.jpg,.jpg,0.09,OK,
C:\Users\User\OneDrive\Documents\Uni\Dissertation\MScProject\Dataset\220427.jpg,.jpg,0.03,OK,
C:\Users\User\OneDrive\Documents\Uni\Dissertation\MScProject\Dataset\220429.jpg,.jpg,0.01,OK,
C:\Users\User\OneDrive\Documents\Uni\Dissertation\MScProject\Dataset\220430.jpg,.jpg,0.02,OK,
C:\Users\User\OneDrive\Documents\Uni\Dissertation\MScProject\Dataset\220433.jpg,.jpg,0.12,OK,
C:\Users\User\OneDrive\Documents\Uni\Dissertation\MScProject\Dataset\220434.jpg,.jpg,0.14,OK,
C:\Users\User\OneDrive\Documents\Uni\Dissertation\MScProject\Dataset\220435.jpg,.jpg,0.15,OK,
C:\Users\User\OneDrive\Documents\Uni\Dissertation\MScProject\Dataset\220437.jpg,.jpg,0.06,OK,
C:\Users\User\OneDrive\Documents\Uni\Dissertation\MScProject\Dataset\220438.jpg,.jpg,0.0,OK,
C:\Users\User\OneDrive\Documents\Uni\Dissertation\MScProject\Dataset\220440.jpg,.jpg,0.03,OK,
C:\Users\User\OneDrive\Documents\Uni\Dissertation\MScProject\Dataset\220442.jpg,.jpg,0.31,OK,
C:\Users\User\OneDrive\Documents\Uni\Dissertation\MScProject\Dataset\220444.jpg,.jpg,0.01,OK,
C:\Users\User\OneDrive\Documents\Uni\Dissertation\MScProject\Dataset\220445.jpg,.jpg,0.08,OK,
C:\Users\User\OneDrive\Documents\Uni\Dissertation\MScProject\Dataset\220446.jpg,.jpg,0.01,OK,
C:\Users\User\OneDrive\Documents\Uni\Dissertation\MScProject\Dataset\220447.jpg,.jpg,0.02,OK,
C:\Users\User\OneDrive\Documents\Uni\Dissertation\MScProject\Dataset\220449.jpg,.jpg,0.06,OK,
C:\Users\User\OneDrive\Documents\Uni\Dissertation\MScProject\Dataset\220450.jpg,.jpg,0.04,OK,
C:\Users\User\OneDrive\Documents\Uni\Dissertation\MScProject\Dataset\220451.jpg,.jpg,0.01,OK,
C:\Users\User\OneDrive\Documents\Uni\Dissertation\MScProject\Dataset\220452.jpg,.jpg,0.01,OK,
C:\Users\User\OneDrive\Documents\Uni\Dissertation\MScProject\Dataset\220453.jpg,.jpg,0.01,OK,
C:\Users\User\OneDrive\Documents\Uni\Dissertation\MScProject\Dataset\220455.jpg,.jpg,0.01,OK,
C:\Users\User\OneDrive\Documents\Uni\Dissertation\MScProject\Dataset\220456.jpg,.jpg,0.07,OK,
C:\Users\User\OneDrive\Documents\Uni\Dissertation\MScProject\Dataset\220457.jpg,.jpg,0.01,OK,
C:\Users\User\OneDrive\Documents\Uni\Dissertation\MScProject\Dataset\220459.jpg,.jpg,0.04,OK,
C:\Users\User\OneDrive\Documents\Uni\Dissertation\MScProject\Dataset\220460.jpg,.jpg,0.03,OK,
C:\Users\User\OneDrive\Documents\Uni\Dissertation\MScProject\Dataset\220461.jpg,.jpg,0.0,OK,
C:\Users\User\OneDrive\Documents\Uni\Dissertation\MScProject\Dataset\220462.jpg,.jpg,0.03,OK,
C:\Users\User\OneDrive\Documents\Uni\Dissertation\MScProject\Dataset\220463.jpg,.jpg,0.0,OK,
C:\Users\User\OneDrive\Documents\Uni\Dissertation\MScProject\Dataset\220465.jpg,.jpg,0.01,OK,
C:\Users\User\OneDrive\Documents\Uni\Dissertation\MScProject\Dataset\220466.jpg,.jpg,0.03,OK,
C:\Users\User\OneDrive\Documents\Uni\Dissertation\MScProject\Dataset\220698.jpg,.jpg,0.01,OK,
C:\Users\User\OneDrive\Documents\Uni\Dissertation\MScProject\Dataset\220921.jpg,.jpg,0.22,OK,
C:\Users\User\OneDrive\Documents\Uni\Dissertation\MScProject\Dataset\220922.jpg,.jpg,0.2,OK,
C:\Users\User\OneDrive\Documents\Uni\Dissertation\MScProject\Dataset\220923.jpg,.jpg,0.3,OK,
C:\Users\User\OneDrive\Documents\Uni\Dissertation\MScProject\Dataset\220924.jpg,.jpg,0.01,OK,
C:\Users\User\OneDrive\Documents\Uni\Dissertation\MScProject\Dataset\220930.jpg,.jpg,0.02,OK,
C:\Users\User\OneDrive\Documents\Uni\Dissertation\MScProject\Dataset\220931.jpg,.jpg,0.06,OK,
C:\Users\User\OneDrive\Documents\Uni\Dissertation\MScProject\Dataset\220932.jpg,.jpg,0.04,OK,
C:\Users\User\OneDrive\Documents\Uni\Dissertation\MScProject\Dataset\220933.jpg,.jpg,0.02,OK,
C:\Users\User\OneDrive\Documents\Uni\Dissertation\MScProject\Dataset\220937.jpg,.jpg,0.08,OK,
C:\Users\User\OneDrive\Documents\Uni\Dissertation\MScProject\Dataset\220938.jpg,.jpg,0.01,OK,
C:\Users\User\OneDrive\Documents\Uni\Dissertation\MScProject\Dataset\220939.jpg,.jpg,0.05,OK,
C:\Users\User\OneDrive\Documents\Uni\Dissertation\MScProject\Dataset\220940.jpg,.jpg,0.0,OK,
C:\Users\User\OneDrive\Documents\Uni\Dissertation\MScProject\Dataset\220941.jpg,.jpg,0.1,OK,
C:\Users\User\OneDrive\Documents\Uni\Dissertation\MScProject\Dataset\220942.jpg,.jpg,0.06,OK,
C:\Users\User\OneDrive\Documents\Uni\Dissertation\MScProject\Dataset\220947.jpg,.jpg,0.08,OK,
C:\Users\User\OneDrive\Documents\Uni\Dissertation\MScProject\Dataset\220948.jpg,.jpg,0.0,OK,
C:\Users\User\OneDrive\Documents\Uni\Dissertation\MScProject\Dataset\220949.jpg,.jpg,0.0,OK,
C:\Users\User\OneDrive\Documents\Uni\Dissertation\MScProject\Dataset\220950.jpg,.jpg,0.33,OK,
C:\Users\User\OneDrive\Documents\Uni\Dissertation\MScProject\Dataset\220952.jpg,.jpg,0.2,OK,
C:\Users\User\OneDrive\Documents\Uni\Dissertation\MScProject\Dataset\220957.jpg,.jpg,0.06,OK,
C:\Users\User\OneDrive\Documents\Uni\Dissertation\MScProject\Dataset\220958.jpg,.jpg,0.0,OK,
C:\Users\User\OneDrive\Documents\Uni\Dissertation\MScProject\Dataset\220960.jpg,.jpg,0.02,OK,
C:\Users\User\OneDrive\Documents\Uni\Dissertation\MScProject\Dataset\220961.jpg,.jpg,0.06,OK,
C:\Users\User\OneDrive\Documents\Uni\Dissertation\MScProject\Dataset\220962.jpg,.jpg,0.02,OK,
C:\Users\User\OneDrive\Documents\Uni\Dissertation\MScProject\Dataset\220963.jpg,.jpg,0.04,OK,
C:\Users\User\OneDrive\Documents\Uni\Dissertation\MScProject\Dataset\220964.jpg,.jpg,0.06,OK,
C:\Users\User\OneDrive\Documents\Uni\Dissertation\MScProject\Dataset\220965.jpg,.jpg,0.15,OK,
C:\Users\User\OneDrive\Documents\Uni\Dissertation\MScProject\Dataset\220966.jpg,.jpg,0.05,OK,
C:\Users\User\OneDrive\Documents\Uni\Dissertation\MScProject\Dataset\220967.jpg,.jpg,0.29,OK,
C:\Users\User\OneDrive\Documents\Uni\Dissertation\MScProject\Dataset\220968.jpg,.jpg,0.2,OK,
C:\Users\User\OneDrive\Documents\Uni\Dissertation\MScProject\Dataset\220969.jpg,.jpg,0.26,OK,
C:\Users\User\OneDrive\Documents\Uni\Dissertation\MScProject\Dataset\220989.jpg,.jpg,0.18,OK,
C:\Users\User\OneDrive\Documents\Uni\Dissertation\MScProject\Dataset\220992.jpg,.jpg,0.2,OK,
C:\Users\User\OneDrive\Documents\Uni\Dissertation\MScProject\Dataset\220997.jpg,.jpg,0.17,OK,
C:\Users\User\OneDrive\Documents\Uni\Dissertation\MScProject\Dataset\221002.jpg,.jpg,0.19,OK,
C:\Users\User\OneDrive\Documents\Uni\Dissertation\MScProject\Dataset\221194.jpg,.jpg,0.05,OK,
C:\Users\User\OneDrive\Documents\Uni\Dissertation\MScProject\Dataset\221195.jpg,.jpg,0.06,OK,
C:\Users\User\OneDrive\Documents\Uni\Dissertation\MScProject\Dataset\221196.jpg,.jpg,0.05,OK,
C:\Users\User\OneDrive\Documents\Uni\Dissertation\MScProject\Dataset\221197.jpg,.jpg,0.13,OK,
C:\Users\User\OneDrive\Documents\Uni\Dissertation\MScProject\Dataset\221198.jpg,.jpg,0.06,OK,
C:\Users\User\OneDrive\Documents\Uni\Dissertation\MScProject\Dataset\221199.jpg,.jpg,0.01,OK,
C:\Users\User\OneDrive\Documents\Uni\Dissertation\MScProject\Dataset\221200.jpg,.jpg,0.03,OK,
C:\Users\User\OneDrive\Documents\Uni\Dissertation\MScProject\Dataset\221201.jpg,.jpg,0.01,OK,
C:\Users\User\OneDrive\Documents\Uni\Dissertation\MScProject\Dataset\221202.jpg,.jpg,0.0,OK,
C:\Users\User\OneDrive\Documents\Uni\Dissertation\MScProject\Dataset\221203.jpg,.jpg,0.0,OK,
C:\Users\User\OneDrive\Documents\Uni\Dissertation\MScProject\Dataset\221204.jpg,.jpg,0.06,OK,
C:\Users\User\OneDrive\Documents\Uni\Dissertation\MScProject\Dataset\221205.jpg,.jpg,0.03,OK,
C:\Users\User\OneDrive\Documents\Uni\Dissertation\MScProject\Dataset\221206.jpg,.jpg,0.01,OK,
C:\Users\User\OneDrive\Documents\Uni\Dissertation\MScProject\Dataset\221207.jpg,.jpg,0.01,OK,
C:\Users\User\OneDrive\Documents\Uni\Dissertation\MScProject\Dataset\221208.jpg,.jpg,0.01,OK,
C:\Users\User\OneDrive\Documents\Uni\Dissertation\MScProject\Dataset\221291.jpg,.jpg,1.19,OK,
C:\Users\User\OneDrive\Documents\Uni\Dissertation\MScProject\Dataset\221292.jpg,.jpg,0.08,OK,
C:\Users\User\OneDrive\Documents\Uni\Dissertation\MScProject\Dataset\221293.jpg,.jpg,0.1,OK,
C:\Users\User\OneDrive\Documents\Uni\Dissertation\MScProject\Dataset\221294.jpg,.jpg,0.06,OK,
C:\Users\User\OneDrive\Documents\Uni\Dissertation\MScProject\Dataset\221296.jpg,.jpg,0.08,OK,
C:\Users\User\OneDrive\Documents\Uni\Dissertation\MScProject\Dataset\221297.jpg,.jpg,0.43,OK,
C:\Users\User\OneDrive\Documents\Uni\Dissertation\MScProject\Dataset\221298.jpg,.jpg,0.04,OK,
C:\Users\User\OneDrive\Documents\Uni\Dissertation\MScProject\Dataset\221299.jpg,.jpg,0.17,OK,
C:\Users\User\OneDrive\Documents\Uni\Dissertation\MScProject\Dataset\221300.jpg,.jpg,0.05,OK,
C:\Users\User\OneDrive\Documents\Uni\Dissertation\MScProject\Dataset\221301.jpg,.jpg,0.05,OK,
C:\Users\User\OneDrive\Documents\Uni\Dissertation\MScProject\Dataset\221302.jpg,.jpg,1.52,OK,
C:\Users\User\OneDrive\Documents\Uni\Dissertation\MScProject\Dataset\221303.jpg,.jpg,1.32,OK,
C:\Users\User\OneDrive\Documents\Uni\Dissertation\MScProject\Dataset\221304.jpg,.jpg,0.01,OK,
C:\Users\User\OneDrive\Documents\Uni\Dissertation\MScProject\Dataset\221305.jpg,.jpg,0.05,OK,
C:\Users\User\OneDrive\Documents\Uni\Dissertation\MScProject\Dataset\221306.jpg,.jpg,0.01,OK,
C:\Users\User\OneDrive\Documents\Uni\Dissertation\MScProject\Dataset\221307.jpg,.jpg,0.05,OK,
C:\Users\User\OneDrive\Documents\Uni\Dissertation\MScProject\Dataset\221309.jpg,.jpg,0.26,OK,
C:\Users\User\OneDrive\Documents\Uni\Dissertation\MScProject\Dataset\221310.jpg,.jpg,0.01,OK,
C:\Users\User\OneDrive\Documents\Uni\Dissertation\MScProject\Dataset\221311.jpg,.jpg,0.24,OK,
C:\Users\User\OneDrive\Documents\Uni\Dissertation\MScProject\Dataset\221312.jpg,.jpg,0.02,OK,
C:\Users\User\OneDrive\Documents\Uni\Dissertation\MScProject\Dataset\221313.jpg,.jpg,0.17,OK,
C:\Users\User\OneDrive\Documents\Uni\Dissertation\MScProject\Dataset\221314.jpg,.jpg,0.22,OK,
C:\Users\User\OneDrive\Documents\Uni\Dissertation\MScProject\Dataset\221315.jpg,.jpg,0.7,OK,
C:\Users\User\OneDrive\Documents\Uni\Dissertation\MScProject\Dataset\221316.jpg,.jpg,0.03,OK,
C:\Users\User\OneDrive\Documents\Uni\Dissertation\MScProject\Dataset\221317.jpg,.jpg,0.12,OK,
C:\Users\User\OneDrive\Documents\Uni\Dissertation\MScProject\Dataset\221318.jpg,.jpg,0.07,OK,
C:\Users\User\OneDrive\Documents\Uni\Dissertation\MScProject\Dataset\221319.jpg,.jpg,0.01,OK,
C:\Users\User\OneDrive\Documents\Uni\Dissertation\MScProject\Dataset\221320.jpg,.jpg,2.71,OK,
C:\Users\User\OneDrive\Documents\Uni\Dissertation\MScProject\Dataset\221321.jpg,.jpg,0.01,OK,
C:\Users\User\OneDrive\Documents\Uni\Dissertation\MScProject\Dataset\221322.jpg,.jpg,0.27,OK,
C:\Users\User\OneDrive\Documents\Uni\Dissertation\MScProject\Dataset\221323.jpg,.jpg,0.16,OK,
C:\Users\User\OneDrive\Documents\Uni\Dissertation\MScProject\Dataset\221324.jpg,.jpg,0.14,OK,
C:\Users\User\OneDrive\Documents\Uni\Dissertation\MScProject\Dataset\221325.jpg,.jpg,0.06,OK,
C:\Users\User\OneDrive\Documents\Uni\Dissertation\MScProject\Dataset\221326.jpg,.jpg,0.07,OK,
C:\Users\User\OneDrive\Documents\Uni\Dissertation\MScProject\Dataset\221327.jpg,.jpg,0.3,OK,
C:\Users\User\OneDrive\Documents\Uni\Dissertation\MScProject\Dataset\221328.jpg,.jpg,0.05,OK,
C:\Users\User\OneDrive\Documents\Uni\Dissertation\MScProject\Dataset\221329.jpg,.jpg,0.05,OK,
C:\Users\User\OneDrive\Documents\Uni\Dissertation\MScProject\Dataset\221330.jpg,.jpg,0.81,OK,
C:\Users\User\OneDrive\Documents\Uni\Dissertation\MScProject\Dataset\221331.jpg,.jpg,0.64,OK,
C:\Users\User\OneDrive\Documents\Uni\Dissertation\MScProject\Dataset\221332.jpg,.jpg,0.0,OK,
C:\Users\User\OneDrive\Documents\Uni\Dissertation\MScProject\Dataset\221333.jpg,.jpg,1.32,OK,
C:\Users\User\OneDrive\Documents\Uni\Dissertation\MScProject\Dataset\221334.jpg,.jpg,0.17,OK,
C:\Users\User\OneDrive\Documents\Uni\Dissertation\MScProject\Dataset\221335.jpg,.jpg,1.44,OK,
C:\Users\User\OneDrive\Documents\Uni\Dissertation\MScProject\Dataset\221336.jpg,.jpg,4.84,OK,
C:\Users\User\OneDrive\Documents\Uni\Dissertation\MScProject\Dataset\221337.jpg,.jpg,0.3,OK,
C:\Users\User\OneDrive\Documents\Uni\Dissertation\MScProject\Dataset\221338.jpg,.jpg,0.11,OK,
C:\Users\User\OneDrive\Documents\Uni\Dissertation\MScProject\Dataset\221339.jpg,.jpg,0.08,OK,
C:\Users\User\OneDrive\Documents\Uni\Dissertation\MScProject\Dataset\221340.jpg,.jpg,0.07,OK,
C:\Users\User\OneDrive\Documents\Uni\Dissertation\MScProject\Dataset\221382.jpg,.jpg,0.01,OK,
C:\Users\User\OneDrive\Documents\Uni\Dissertation\MScProject\Dataset\221434.jpg,.jpg,0.01,OK,
C:\Users\User\OneDrive\Documents\Uni\Dissertation\MScProject\Dataset\221435.jpg,.jpg,0.02,OK,
C:\Users\User\OneDrive\Documents\Uni\Dissertation\MScProject\Dataset\221436.jpg,.jpg,0.04,OK,
C:\Users\User\OneDrive\Documents\Uni\Dissertation\MScProject\Dataset\221437.jpg,.jpg,0.07,OK,
C:\Users\User\OneDrive\Documents\Uni\Dissertation\MScProject\Dataset\221438.jpg,.jpg,0.02,OK,
C:\Users\User\OneDrive\Documents\Uni\Dissertation\MScProject\Dataset\221647.jpg,.jpg,0.08,OK,
C:\Users\User\OneDrive\Documents\Uni\Dissertation\MScProject\Dataset\221795.jpg,.jpg,0.03,OK,
C:\Users\User\OneDrive\Documents\Uni\Dissertation\MScProject\Dataset\221942.jpg,.jpg,0.24,OK,
C:\Users\User\OneDrive\Documents\Uni\Dissertation\MScProject\Dataset\221943.jpg,.jpg,0.04,OK,
C:\Users\User\OneDrive\Documents\Uni\Dissertation\MScProject\Dataset\221948.jpg,.jpg,0.12,OK,
C:\Users\User\OneDrive\Documents\Uni\Dissertation\MScProject\Dataset\222139.jpg,.jpg,0.01,OK,
C:\Users\User\OneDrive\Documents\Uni\Dissertation\MScProject\Dataset\222140.jpg,.jpg,0.02,OK,
C:\Users\User\OneDrive\Documents\Uni\Dissertation\MScProject\Dataset\222141.jpg,.jpg,0.21,OK,
C:\Users\User\OneDrive\Documents\Uni\Dissertation\MScProject\Dataset\222142.jpg,.jpg,0.01,OK,
C:\Users\User\OneDrive\Documents\Uni\Dissertation\MScProject\Dataset\222161.jpg,.jpg,0.04,OK,
C:\Users\User\OneDrive\Documents\Uni\Dissertation\MScProject\Dataset\222411.jpg,.jpg,0.02,OK,
C:\Users\User\OneDrive\Documents\Uni\Dissertation\MScProject\Dataset\222412.jpg,.jpg,0.02,OK,
C:\Users\User\OneDrive\Documents\Uni\Dissertation\MScProject\Dataset\222413.jpg,.jpg,0.02,OK,
C:\Users\User\OneDrive\Documents\Uni\Dissertation\MScProject\Dataset\222414.jpg,.jpg,0.11,OK,
C:\Users\User\OneDrive\Documents\Uni\Dissertation\MScProject\Dataset\222415.jpg,.jpg,0.0,OK,
C:\Users\User\OneDrive\Documents\Uni\Dissertation\MScProject\Dataset\222416.jpg,.jpg,0.03,OK,
C:\Users\User\OneDrive\Documents\Uni\Dissertation\MScProject\Dataset\222417.jpg,.jpg,0.04,OK,
C:\Users\User\OneDrive\Documents\Uni\Dissertation\MScProject\Dataset\222418.jpg,.jpg,0.07,OK,
C:\Users\User\OneDrive\Documents\Uni\Dissertation\MScProject\Dataset\222419.jpg,.jpg,0.02,OK,
C:\Users\User\OneDrive\Documents\Uni\Dissertation\MScProject\Dataset\222421.jpg,.jpg,0.03,OK,
C:\Users\User\OneDrive\Documents\Uni\Dissertation\MScProject\Dataset\222422.jpg,.jpg,0.01,OK,
C:\Users\User\OneDrive\Documents\Uni\Dissertation\MScProject\Dataset\222423.jpg,.jpg,0.05,OK,
C:\Users\User\OneDrive\Documents\Uni\Dissertation\MScProject\Dataset\222427.jpg,.jpg,0.02,OK,
C:\Users\User\OneDrive\Documents\Uni\Dissertation\MScProject\Dataset\222429.jpg,.jpg,0.32,OK,
C:\Users\User\OneDrive\Documents\Uni\Dissertation\MScProject\Dataset\222431.jpg,.jpg,0.1,OK,
C:\Users\User\OneDrive\Documents\Uni\Dissertation\MScProject\Dataset\222433.jpg,.jpg,0.02,OK,
C:\Users\User\OneDrive\Documents\Uni\Dissertation\MScProject\Dataset\222434.jpg,.jpg,0.03,OK,
C:\Users\User\OneDrive\Documents\Uni\Dissertation\MScProject\Dataset\222435.jpg,.jpg,0.13,OK,
C:\Users\User\OneDrive\Documents\Uni\Dissertation\MScProject\Dataset\222438.jpg,.jpg,0.01,OK,
C:\Users\User\OneDrive\Documents\Uni\Dissertation\MScProject\Dataset\222439.jpg,.jpg,0.17,OK,
C:\Users\User\OneDrive\Documents\Uni\Dissertation\MScProject\Dataset\222440.jpg,.jpg,0.01,OK,
C:\Users\User\OneDrive\Documents\Uni\Dissertation\MScProject\Dataset\222441.jpg,.jpg,0.03,OK,
C:\Users\User\OneDrive\Documents\Uni\Dissertation\MScProject\Dataset\222446.jpg,.jpg,0.08,OK,
C:\Users\User\OneDrive\Documents\Uni\Dissertation\MScProject\Dataset\222447.jpg,.jpg,0.03,OK,
C:\Users\User\OneDrive\Documents\Uni\Dissertation\MScProject\Dataset\222449.jpg,.jpg,0.02,OK,
C:\Users\User\OneDrive\Documents\Uni\Dissertation\MScProject\Dataset\222451.jpg,.jpg,0.01,OK,
C:\Users\User\OneDrive\Documents\Uni\Dissertation\MScProject\Dataset\222494.jpg,.jpg,0.01,OK,
C:\Users\User\OneDrive\Documents\Uni\Dissertation\MScProject\Dataset\222496.jpg,.jpg,0.01,OK,
C:\Users\User\OneDrive\Documents\Uni\Dissertation\MScProject\Dataset\222708.jpg,.jpg,0.09,OK,
C:\Users\User\OneDrive\Documents\Uni\Dissertation\MScProject\Dataset\222715.jpg,.jpg,0.01,OK,
C:\Users\User\OneDrive\Documents\Uni\Dissertation\MScProject\Dataset\222717.jpg,.jpg,0.01,OK,
C:\Users\User\OneDrive\Documents\Uni\Dissertation\MScProject\Dataset\222720.jpg,.jpg,0.05,OK,
C:\Users\User\OneDrive\Documents\Uni\Dissertation\MScProject\Dataset\222721.jpg,.jpg,1.02,OK,
C:\Users\User\OneDrive\Documents\Uni\Dissertation\MScProject\Dataset\222723.jpg,.jpg,0.21,OK,
C:\Users\User\OneDrive\Documents\Uni\Dissertation\MScProject\Dataset\222724.jpg,.jpg,0.02,OK,
C:\Users\User\OneDrive\Documents\Uni\Dissertation\MScProject\Dataset\222727.jpg,.jpg,0.04,OK,
C:\Users\User\OneDrive\Documents\Uni\Dissertation\MScProject\Dataset\222728.jpg,.jpg,0.03,OK,
C:\Users\User\OneDrive\Documents\Uni\Dissertation\MScProject\Dataset\222729.jpg,.jpg,0.02,OK,
C:\Users\User\OneDrive\Documents\Uni\Dissertation\MScProject\Dataset\222730.jpg,.jpg,0.04,OK,
C:\Users\User\OneDrive\Documents\Uni\Dissertation\MScProject\Dataset\222731.jpg,.jpg,0.03,OK,
C:\Users\User\OneDrive\Documents\Uni\Dissertation\MScProject\Dataset\222732.jpg,.jpg,0.03,OK,
C:\Users\User\OneDrive\Documents\Uni\Dissertation\MScProject\Dataset\222733.jpg,.jpg,0.04,OK,
C:\Users\User\OneDrive\Documents\Uni\Dissertation\MScProject\Dataset\222734.jpg,.jpg,0.01,OK,
C:\Users\User\OneDrive\Documents\Uni\Dissertation\MScProject\Dataset\222735.jpg,.jpg,0.02,OK,
C:\Users\User\OneDrive\Documents\Uni\Dissertation\MScProject\Dataset\222736.jpg,.jpg,0.03,OK,
C:\Users\User\OneDrive\Documents\Uni\Dissertation\MScProject\Dataset\222737.jpg,.jpg,0.03,OK,
C:\Users\User\OneDrive\Documents\Uni\Dissertation\MScProject\Dataset\222739.jpg,.jpg,0.04,OK,
C:\Users\User\OneDrive\Documents\Uni\Dissertation\MScProject\Dataset\222740.jpg,.jpg,0.05,OK,
C:\Users\User\OneDrive\Documents\Uni\Dissertation\MScProject\Dataset\222741.jpg,.jpg,0.0,OK,
C:\Users\User\OneDrive\Documents\Uni\Dissertation\MScProject\Dataset\222742.jpg,.jpg,0.08,OK,
C:\Users\User\OneDrive\Documents\Uni\Dissertation\MScProject\Dataset\222743.jpg,.jpg,0.01,OK,
C:\Users\User\OneDrive\Documents\Uni\Dissertation\MScProject\Dataset\222744.jpg,.jpg,0.06,OK,
C:\Users\User\OneDrive\Documents\Uni\Dissertation\MScProject\Dataset\222745.jpg,.jpg,0.05,OK,
C:\Users\User\OneDrive\Documents\Uni\Dissertation\MScProject\Dataset\222746.jpg,.jpg,0.03,OK,
C:\Users\User\OneDrive\Documents\Uni\Dissertation\MScProject\Dataset\222747.jpg,.jpg,0.01,OK,
C:\Users\User\OneDrive\Documents\Uni\Dissertation\MScProject\Dataset\222967.jpg,.jpg,0.03,OK,
C:\Users\User\OneDrive\Documents\Uni\Dissertation\MScProject\Dataset\222968.jpg,.jpg,0.02,OK,
C:\Users\User\OneDrive\Documents\Uni\Dissertation\MScProject\Dataset\222970.jpg,.jpg,0.02,OK,
C:\Users\User\OneDrive\Documents\Uni\Dissertation\MScProject\Dataset\222971.jpg,.jpg,0.23,OK,
C:\Users\User\OneDrive\Documents\Uni\Dissertation\MScProject\Dataset\222972.jpg,.jpg,0.24,OK,
C:\Users\User\OneDrive\Documents\Uni\Dissertation\MScProject\Dataset\222973.jpg,.jpg,0.25,OK,
C:\Users\User\OneDrive\Documents\Uni\Dissertation\MScProject\Dataset\222983.jpg,.jpg,0.06,OK,
C:\Users\User\OneDrive\Documents\Uni\Dissertation\MScProject\Dataset\222991.jpg,.jpg,0.03,OK,
C:\Users\User\OneDrive\Documents\Uni\Dissertation\MScProject\Dataset\222999.jpg,.jpg,0.01,OK,
C:\Users\User\OneDrive\Documents\Uni\Dissertation\MScProject\Dataset\223002.jpg,.jpg,0.06,OK,
C:\Users\User\OneDrive\Documents\Uni\Dissertation\MScProject\Dataset\223003.jpg,.jpg,0.02,OK,
C:\Users\User\OneDrive\Documents\Uni\Dissertation\MScProject\Dataset\223004.jpg,.jpg,0.02,OK,
C:\Users\User\OneDrive\Documents\Uni\Dissertation\MScProject\Dataset\223006.jpg,.jpg,0.0,OK,
C:\Users\User\OneDrive\Documents\Uni\Dissertation\MScProject\Dataset\223007.jpg,.jpg,0.02,OK,
C:\Users\User\OneDrive\Documents\Uni\Dissertation\MScProject\Dataset\223008.jpg,.jpg,2.41,OK,
C:\Users\User\OneDrive\Documents\Uni\Dissertation\MScProject\Dataset\223009.jpg,.jpg,0.86,OK,
C:\Users\User\OneDrive\Documents\Uni\Dissertation\MScProject\Dataset\223010.jpg,.jpg,0.56,OK,
C:\Users\User\OneDrive\Documents\Uni\Dissertation\MScProject\Dataset\223011.jpg,.jpg,0.37,OK,
C:\Users\User\OneDrive\Documents\Uni\Dissertation\MScProject\Dataset\223547.jpg,.jpg,0.03,OK,
C:\Users\User\OneDrive\Documents\Uni\Dissertation\MScProject\Dataset\223550.jpg,.jpg,0.04,OK,
C:\Users\User\OneDrive\Documents\Uni\Dissertation\MScProject\Dataset\223551.jpg,.jpg,0.03,OK,
C:\Users\User\OneDrive\Documents\Uni\Dissertation\MScProject\Dataset\223552.jpg,.jpg,0.33,OK,
C:\Users\User\OneDrive\Documents\Uni\Dissertation\MScProject\Dataset\223553.jpg,.jpg,0.01,OK,
C:\Users\User\OneDrive\Documents\Uni\Dissertation\MScProject\Dataset\223555.jpg,.jpg,0.02,OK,
C:\Users\User\OneDrive\Documents\Uni\Dissertation\MScProject\Dataset\223560.jpg,.jpg,0.02,OK,
C:\Users\User\OneDrive\Documents\Uni\Dissertation\MScProject\Dataset\223561.jpg,.jpg,0.02,OK,
C:\Users\User\OneDrive\Documents\Uni\Dissertation\MScProject\Dataset\223563.jpg,.jpg,0.06,OK,
C:\Users\User\OneDrive\Documents\Uni\Dissertation\MScProject\Dataset\223565.jpg,.jpg,0.03,OK,
C:\Users\User\OneDrive\Documents\Uni\Dissertation\MScProject\Dataset\223574.jpg,.jpg,0.59,OK,
C:\Users\User\OneDrive\Documents\Uni\Dissertation\MScProject\Dataset\223575.jpg,.jpg,0.98,OK,
C:\Users\User\OneDrive\Documents\Uni\Dissertation\MScProject\Dataset\223576.jpg,.jpg,0.28,OK,
C:\Users\User\OneDrive\Documents\Uni\Dissertation\MScProject\Dataset\223577.jpg,.jpg,0.06,OK,
C:\Users\User\OneDrive\Documents\Uni\Dissertation\MScProject\Dataset\223578.jpg,.jpg,0.31,OK,
C:\Users\User\OneDrive\Documents\Uni\Dissertation\MScProject\Dataset\223579.jpg,.jpg,0.3,OK,
C:\Users\User\OneDrive\Documents\Uni\Dissertation\MScProject\Dataset\223580.jpg,.jpg,0.33,OK,
C:\Users\User\OneDrive\Documents\Uni\Dissertation\MScProject\Dataset\223581.jpg,.jpg,0.05,OK,
C:\Users\User\OneDrive\Documents\Uni\Dissertation\MScProject\Dataset\223582.jpg,.jpg,0.06,OK,
C:\Users\User\OneDrive\Documents\Uni\Dissertation\MScProject\Dataset\223583.jpg,.jpg,0.31,OK,
C:\Users\User\OneDrive\Documents\Uni\Dissertation\MScProject\Dataset\223584.jpg,.jpg,0.35,OK,
C:\Users\User\OneDrive\Documents\Uni\Dissertation\MScProject\Dataset\223585.jpg,.jpg,0.07,OK,
C:\Users\User\OneDrive\Documents\Uni\Dissertation\MScProject\Dataset\223586.jpg,.jpg,0.3,OK,
C:\Users\User\OneDrive\Documents\Uni\Dissertation\MScProject\Dataset\223587.jpg,.jpg,0.31,OK,
C:\Users\User\OneDrive\Documents\Uni\Dissertation\MScProject\Dataset\223588.jpg,.jpg,0.3,OK,
C:\Users\User\OneDrive\Documents\Uni\Dissertation\MScProject\Dataset\223589.jpg,.jpg,0.06,OK,
C:\Users\User\OneDrive\Documents\Uni\Dissertation\MScProject\Dataset\223590.jpg,.jpg,0.02,OK,
C:\Users\User\OneDrive\Documents\Uni\Dissertation\MScProject\Dataset\223591.jpg,.jpg,0.12,OK,
C:\Users\User\OneDrive\Documents\Uni\Dissertation\MScProject\Dataset\223592.jpg,.jpg,0.03,OK,
C:\Users\User\OneDrive\Documents\Uni\Dissertation\MScProject\Dataset\223593.jpg,.jpg,0.05,OK,
C:\Users\User\OneDrive\Documents\Uni\Dissertation\MScProject\Dataset\223758.jpg,.jpg,0.26,OK,
C:\Users\User\OneDrive\Documents\Uni\Dissertation\MScProject\Dataset\223845.jpg,.jpg,0.02,OK,
C:\Users\User\OneDrive\Documents\Uni\Dissertation\MScProject\Dataset\223852.jpg,.jpg,0.02,OK,
C:\Users\User\OneDrive\Documents\Uni\Dissertation\MScProject\Dataset\223854.jpg,.jpg,0.01,OK,
C:\Users\User\OneDrive\Documents\Uni\Dissertation\MScProject\Dataset\223856.jpg,.jpg,0.15,OK,
C:\Users\User\OneDrive\Documents\Uni\Dissertation\MScProject\Dataset\223858.jpg,.jpg,0.01,OK,
C:\Users\User\OneDrive\Documents\Uni\Dissertation\MScProject\Dataset\223859.jpg,.jpg,0.01,OK,
C:\Users\User\OneDrive\Documents\Uni\Dissertation\MScProject\Dataset\223860.jpg,.jpg,0.01,OK,
C:\Users\User\OneDrive\Documents\Uni\Dissertation\MScProject\Dataset\223861.jpg,.jpg,0.04,OK,
C:\Users\User\OneDrive\Documents\Uni\Dissertation\MScProject\Dataset\223863.jpg,.jpg,0.02,OK,
C:\Users\User\OneDrive\Documents\Uni\Dissertation\MScProject\Dataset\223864.jpg,.jpg,0.01,OK,
C:\Users\User\OneDrive\Documents\Uni\Dissertation\MScProject\Dataset\223866.jpg,.jpg,0.01,OK,
C:\Users\User\OneDrive\Documents\Uni\Dissertation\MScProject\Dataset\223867.jpg,.jpg,0.12,OK,
C:\Users\User\OneDrive\Documents\Uni\Dissertation\MScProject\Dataset\223868.jpg,.jpg,0.05,OK,
C:\Users\User\OneDrive\Documents\Uni\Dissertation\MScProject\Dataset\223869.jpg,.jpg,0.03,OK,
C:\Users\User\OneDrive\Documents\Uni\Dissertation\MScProject\Dataset\223870.jpg,.jpg,0.05,OK,
C:\Users\User\OneDrive\Documents\Uni\Dissertation\MScProject\Dataset\223871.jpg,.jpg,0.01,OK,
C:\Users\User\OneDrive\Documents\Uni\Dissertation\MScProject\Dataset\223872.jpg,.jpg,0.75,OK,
C:\Users\User\OneDrive\Documents\Uni\Dissertation\MScProject\Dataset\223874.jpg,.jpg,0.31,OK,
C:\Users\User\OneDrive\Documents\Uni\Dissertation\MScProject\Dataset\223877.jpg,.jpg,0.15,OK,
C:\Users\User\OneDrive\Documents\Uni\Dissertation\MScProject\Dataset\223878.jpg,.jpg,0.12,OK,
C:\Users\User\OneDrive\Documents\Uni\Dissertation\MScProject\Dataset\223880.jpg,.jpg,0.05,OK,
C:\Users\User\OneDrive\Documents\Uni\Dissertation\MScProject\Dataset\223881.jpg,.jpg,0.04,OK,
C:\Users\User\OneDrive\Documents\Uni\Dissertation\MScProject\Dataset\223882.jpg,.jpg,0.06,OK,
C:\Users\User\OneDrive\Documents\Uni\Dissertation\MScProject\Dataset\223883.jpg,.jpg,0.01,OK,
C:\Users\User\OneDrive\Documents\Uni\Dissertation\MScProject\Dataset\223884.jpg,.jpg,0.05,OK,
C:\Users\User\OneDrive\Documents\Uni\Dissertation\MScProject\Dataset\223885.jpg,.jpg,0.07,OK,
C:\Users\User\OneDrive\Documents\Uni\Dissertation\MScProject\Dataset\224019.jpg,.jpg,0.1,OK,
C:\Users\User\OneDrive\Documents\Uni\Dissertation\MScProject\Dataset\224021.jpg,.jpg,0.04,OK,
C:\Users\User\OneDrive\Documents\Uni\Dissertation\MScProject\Dataset\224249.jpg,.jpg,0.01,OK,
C:\Users\User\OneDrive\Documents\Uni\Dissertation\MScProject\Dataset\224250.jpg,.jpg,0.01,OK,
C:\Users\User\OneDrive\Documents\Uni\Dissertation\MScProject\Dataset\224251.jpg,.jpg,0.02,OK,
C:\Users\User\OneDrive\Documents\Uni\Dissertation\MScProject\Dataset\224252.jpg,.jpg,0.03,OK,
C:\Users\User\OneDrive\Documents\Uni\Dissertation\MScProject\Dataset\224254.jpg,.jpg,0.01,OK,
C:\Users\User\OneDrive\Documents\Uni\Dissertation\MScProject\Dataset\224255.jpg,.jpg,0.01,OK,
C:\Users\User\OneDrive\Documents\Uni\Dissertation\MScProject\Dataset\224261.jpg,.jpg,0.02,OK,
C:\Users\User\OneDrive\Documents\Uni\Dissertation\MScProject\Dataset\224262.jpg,.jpg,0.09,OK,
C:\Users\User\OneDrive\Documents\Uni\Dissertation\MScProject\Dataset\224264.jpg,.jpg,0.02,OK,
C:\Users\User\OneDrive\Documents\Uni\Dissertation\MScProject\Dataset\224267.jpg,.jpg,0.01,OK,
C:\Users\User\OneDrive\Documents\Uni\Dissertation\MScProject\Dataset\224268.jpg,.jpg,0.02,OK,
C:\Users\User\OneDrive\Documents\Uni\Dissertation\MScProject\Dataset\224273.jpg,.jpg,0.13,OK,
C:\Users\User\OneDrive\Documents\Uni\Dissertation\MScProject\Dataset\224275.jpg,.jpg,0.07,OK,
C:\Users\User\OneDrive\Documents\Uni\Dissertation\MScProject\Dataset\224284.jpg,.jpg,0.03,OK,
C:\Users\User\OneDrive\Documents\Uni\Dissertation\MScProject\Dataset\224286.jpg,.jpg,0.03,OK,
C:\Users\User\OneDrive\Documents\Uni\Dissertation\MScProject\Dataset\224287.jpg,.jpg,0.03,OK,
C:\Users\User\OneDrive\Documents\Uni\Dissertation\MScProject\Dataset\224288.jpg,.jpg,0.03,OK,
C:\Users\User\OneDrive\Documents\Uni\Dissertation\MScProject\Dataset\224289.jpg,.jpg,0.05,OK,
C:\Users\User\OneDrive\Documents\Uni\Dissertation\MScProject\Dataset\224292.jpg,.jpg,0.03,OK,
C:\Users\User\OneDrive\Documents\Uni\Dissertation\MScProject\Dataset\224293.jpg,.jpg,0.02,OK,
C:\Users\User\OneDrive\Documents\Uni\Dissertation\MScProject\Dataset\224294.jpg,.jpg,0.04,OK,
C:\Users\User\OneDrive\Documents\Uni\Dissertation\MScProject\Dataset\224347.jpg,.jpg,0.03,OK,
C:\Users\User\OneDrive\Documents\Uni\Dissertation\MScProject\Dataset\224589.jpg,.jpg,0.02,OK,
C:\Users\User\OneDrive\Documents\Uni\Dissertation\MScProject\Dataset\224590.jpg,.jpg,0.02,OK,
C:\Users\User\OneDrive\Documents\Uni\Dissertation\MScProject\Dataset\224591.jpg,.jpg,0.22,OK,
C:\Users\User\OneDrive\Documents\Uni\Dissertation\MScProject\Dataset\224592.jpg,.jpg,0.03,OK,
C:\Users\User\OneDrive\Documents\Uni\Dissertation\MScProject\Dataset\224595.jpg,.jpg,0.02,OK,
C:\Users\User\OneDrive\Documents\Uni\Dissertation\MScProject\Dataset\224596.jpg,.jpg,0.06,OK,
C:\Users\User\OneDrive\Documents\Uni\Dissertation\MScProject\Dataset\224598.jpg,.jpg,0.03,OK,
C:\Users\User\OneDrive\Documents\Uni\Dissertation\MScProject\Dataset\224601.jpg,.jpg,0.08,OK,
C:\Users\User\OneDrive\Documents\Uni\Dissertation\MScProject\Dataset\224603.jpg,.jpg,0.0,OK,
C:\Users\User\OneDrive\Documents\Uni\Dissertation\MScProject\Dataset\224605.jpg,.jpg,0.01,OK,
C:\Users\User\OneDrive\Documents\Uni\Dissertation\MScProject\Dataset\224606.jpg,.jpg,0.02,OK,
C:\Users\User\OneDrive\Documents\Uni\Dissertation\MScProject\Dataset\224608.jpg,.jpg,0.03,OK,
C:\Users\User\OneDrive\Documents\Uni\Dissertation\MScProject\Dataset\224609.jpg,.jpg,0.02,OK,
C:\Users\User\OneDrive\Documents\Uni\Dissertation\MScProject\Dataset\224610.jpg,.jpg,0.1,OK,
C:\Users\User\OneDrive\Documents\Uni\Dissertation\MScProject\Dataset\224621.jpg,.jpg,0.02,OK,
C:\Users\User\OneDrive\Documents\Uni\Dissertation\MScProject\Dataset\224622.jpg,.jpg,0.03,OK,
C:\Users\User\OneDrive\Documents\Uni\Dissertation\MScProject\Dataset\224624.jpg,.jpg,0.05,OK,
C:\Users\User\OneDrive\Documents\Uni\Dissertation\MScProject\Dataset\224625.jpg,.jpg,0.04,OK,
C:\Users\User\OneDrive\Documents\Uni\Dissertation\MScProject\Dataset\224626.jpg,.jpg,0.05,OK,
C:\Users\User\OneDrive\Documents\Uni\Dissertation\MScProject\Dataset\224628.jpg,.jpg,0.01,OK,
C:\Users\User\OneDrive\Documents\Uni\Dissertation\MScProject\Dataset\224629.jpg,.jpg,0.03,OK,
C:\Users\User\OneDrive\Documents\Uni\Dissertation\MScProject\Dataset\224631.jpg,.jpg,0.04,OK,
C:\Users\User\OneDrive\Documents\Uni\Dissertation\MScProject\Dataset\224633.jpg,.jpg,0.03,OK,
C:\Users\User\OneDrive\Documents\Uni\Dissertation\MScProject\Dataset\224634.jpg,.jpg,0.04,OK,
C:\Users\User\OneDrive\Documents\Uni\Dissertation\MScProject\Dataset\224657.jpg,.jpg,0.02,OK,
C:\Users\User\OneDrive\Documents\Uni\Dissertation\MScProject\Dataset\224658.jpg,.jpg,0.04,OK,
C:\Users\User\OneDrive\Documents\Uni\Dissertation\MScProject\Dataset\224920.jpg,.jpg,0.04,OK,
C:\Users\User\OneDrive\Documents\Uni\Dissertation\MScProject\Dataset\225096.jpg,.jpg,0.01,OK,
C:\Users\User\OneDrive\Documents\Uni\Dissertation\MScProject\Dataset\225100.jpg,.jpg,3.56,OK,
C:\Users\User\OneDrive\Documents\Uni\Dissertation\MScProject\Dataset\225102.jpg,.jpg,0.09,OK,
C:\Users\User\OneDrive\Documents\Uni\Dissertation\MScProject\Dataset\225103.jpg,.jpg,0.01,OK,
C:\Users\User\OneDrive\Documents\Uni\Dissertation\MScProject\Dataset\225104.jpg,.jpg,0.07,OK,
C:\Users\User\OneDrive\Documents\Uni\Dissertation\MScProject\Dataset\225105.jpg,.jpg,0.26,OK,
C:\Users\User\OneDrive\Documents\Uni\Dissertation\MScProject\Dataset\225106.jpg,.jpg,0.26,OK,
C:\Users\User\OneDrive\Documents\Uni\Dissertation\MScProject\Dataset\225107.jpg,.jpg,0.02,OK,
C:\Users\User\OneDrive\Documents\Uni\Dissertation\MScProject\Dataset\225108.jpg,.jpg,0.35,OK,
C:\Users\User\OneDrive\Documents\Uni\Dissertation\MScProject\Dataset\225112.jpg,.jpg,0.01,OK,
C:\Users\User\OneDrive\Documents\Uni\Dissertation\MScProject\Dataset\225118.jpg,.jpg,0.25,OK,
C:\Users\User\OneDrive\Documents\Uni\Dissertation\MScProject\Dataset\225119.jpg,.jpg,0.03,OK,
C:\Users\User\OneDrive\Documents\Uni\Dissertation\MScProject\Dataset\225121.jpg,.jpg,0.07,OK,
C:\Users\User\OneDrive\Documents\Uni\Dissertation\MScProject\Dataset\225123.jpg,.jpg,0.02,OK,
C:\Users\User\OneDrive\Documents\Uni\Dissertation\MScProject\Dataset\225127.jpg,.jpg,0.03,OK,
C:\Users\User\OneDrive\Documents\Uni\Dissertation\MScProject\Dataset\225128.jpg,.jpg,0.23,OK,
C:\Users\User\OneDrive\Documents\Uni\Dissertation\MScProject\Dataset\225129.jpg,.jpg,0.03,OK,
C:\Users\User\OneDrive\Documents\Uni\Dissertation\MScProject\Dataset\225130.jpg,.jpg,0.02,OK,
C:\Users\User\OneDrive\Documents\Uni\Dissertation\MScProject\Dataset\225132.jpg,.jpg,0.06,OK,
C:\Users\User\OneDrive\Documents\Uni\Dissertation\MScProject\Dataset\225136.jpg,.jpg,0.02,OK,
C:\Users\User\OneDrive\Documents\Uni\Dissertation\MScProject\Dataset\225138.jpg,.jpg,0.0,OK,
C:\Users\User\OneDrive\Documents\Uni\Dissertation\MScProject\Dataset\225253.jpg,.jpg,0.02,OK,
C:\Users\User\OneDrive\Documents\Uni\Dissertation\MScProject\Dataset\225256.jpg,.jpg,0.04,OK,
C:\Users\User\OneDrive\Documents\Uni\Dissertation\MScProject\Dataset\225257.jpg,.jpg,0.0,OK,
C:\Users\User\OneDrive\Documents\Uni\Dissertation\MScProject\Dataset\225264.jpg,.jpg,0.0,OK,
C:\Users\User\OneDrive\Documents\Uni\Dissertation\MScProject\Dataset\225265.jpg,.jpg,0.01,OK,
C:\Users\User\OneDrive\Documents\Uni\Dissertation\MScProject\Dataset\225308.jpg,.jpg,0.01,OK,
C:\Users\User\OneDrive\Documents\Uni\Dissertation\MScProject\Dataset\225311.jpg,.jpg,0.0,OK,
C:\Users\User\OneDrive\Documents\Uni\Dissertation\MScProject\Dataset\225407.jpg,.jpg,0.04,OK,
C:\Users\User\OneDrive\Documents\Uni\Dissertation\MScProject\Dataset\225408.jpg,.jpg,0.03,OK,
C:\Users\User\OneDrive\Documents\Uni\Dissertation\MScProject\Dataset\225409.jpg,.jpg,0.02,OK,
C:\Users\User\OneDrive\Documents\Uni\Dissertation\MScProject\Dataset\225410.jpg,.jpg,0.01,OK,
C:\Users\User\OneDrive\Documents\Uni\Dissertation\MScProject\Dataset\225411.jpg,.jpg,0.01,OK,
C:\Users\User\OneDrive\Documents\Uni\Dissertation\MScProject\Dataset\225412.jpg,.jpg,0.01,OK,
C:\Users\User\OneDrive\Documents\Uni\Dissertation\MScProject\Dataset\225413.jpg,.jpg,0.01,OK,
C:\Users\User\OneDrive\Documents\Uni\Dissertation\MScProject\Dataset\225415.jpg,.jpg,0.22,OK,
C:\Users\User\OneDrive\Documents\Uni\Dissertation\MScProject\Dataset\225416.jpg,.jpg,0.02,OK,
C:\Users\User\OneDrive\Documents\Uni\Dissertation\MScProject\Dataset\225420.jpg,.jpg,0.01,OK,
C:\Users\User\OneDrive\Documents\Uni\Dissertation\MScProject\Dataset\225421.jpg,.jpg,0.01,OK,
C:\Users\User\OneDrive\Documents\Uni\Dissertation\MScProject\Dataset\225422.jpg,.jpg,0.01,OK,
C:\Users\User\OneDrive\Documents\Uni\Dissertation\MScProject\Dataset\225423.jpg,.jpg,0.0,OK,
C:\Users\User\OneDrive\Documents\Uni\Dissertation\MScProject\Dataset\225424.jpg,.jpg,0.03,OK,
C:\Users\User\OneDrive\Documents\Uni\Dissertation\MScProject\Dataset\225425.jpg,.jpg,0.01,OK,
C:\Users\User\OneDrive\Documents\Uni\Dissertation\MScProject\Dataset\225426.jpg,.jpg,0.02,OK,
C:\Users\User\OneDrive\Documents\Uni\Dissertation\MScProject\Dataset\225427.jpg,.jpg,0.01,OK,
C:\Users\User\OneDrive\Documents\Uni\Dissertation\MScProject\Dataset\225428.jpg,.jpg,0.02,OK,
C:\Users\User\OneDrive\Documents\Uni\Dissertation\MScProject\Dataset\225429.jpg,.jpg,0.01,OK,
C:\Users\User\OneDrive\Documents\Uni\Dissertation\MScProject\Dataset\225430.jpg,.jpg,0.01,OK,
C:\Users\User\OneDrive\Documents\Uni\Dissertation\MScProject\Dataset\225431.jpg,.jpg,0.01,OK,
C:\Users\User\OneDrive\Documents\Uni\Dissertation\MScProject\Dataset\225755.jpg,.jpg,0.02,OK,
C:\Users\User\OneDrive\Documents\Uni\Dissertation\MScProject\Dataset\225758.jpg,.jpg,0.01,OK,
C:\Users\User\OneDrive\Documents\Uni\Dissertation\MScProject\Dataset\225759.jpg,.jpg,0.0,OK,
C:\Users\User\OneDrive\Documents\Uni\Dissertation\MScProject\Dataset\225760.jpg,.jpg,0.0,OK,
C:\Users\User\OneDrive\Documents\Uni\Dissertation\MScProject\Dataset\225761.jpg,.jpg,0.02,OK,
C:\Users\User\OneDrive\Documents\Uni\Dissertation\MScProject\Dataset\225762.jpg,.jpg,0.02,OK,
C:\Users\User\OneDrive\Documents\Uni\Dissertation\MScProject\Dataset\225763.jpg,.jpg,0.01,OK,
C:\Users\User\OneDrive\Documents\Uni\Dissertation\MScProject\Dataset\225764.jpg,.jpg,0.07,OK,
C:\Users\User\OneDrive\Documents\Uni\Dissertation\MScProject\Dataset\225765.jpg,.jpg,0.01,OK,
C:\Users\User\OneDrive\Documents\Uni\Dissertation\MScProject\Dataset\225766.jpg,.jpg,0.04,OK,
C:\Users\User\OneDrive\Documents\Uni\Dissertation\MScProject\Dataset\225767.jpg,.jpg,0.04,OK,
C:\Users\User\OneDrive\Documents\Uni\Dissertation\MScProject\Dataset\225768.jpg,.jpg,0.12,OK,
C:\Users\User\OneDrive\Documents\Uni\Dissertation\MScProject\Dataset\225769.jpg,.jpg,0.05,OK,
C:\Users\User\OneDrive\Documents\Uni\Dissertation\MScProject\Dataset\225770.jpg,.jpg,0.02,OK,
C:\Users\User\OneDrive\Documents\Uni\Dissertation\MScProject\Dataset\225771.jpg,.jpg,0.09,OK,
C:\Users\User\OneDrive\Documents\Uni\Dissertation\MScProject\Dataset\225772.jpg,.jpg,0.02,OK,
C:\Users\User\OneDrive\Documents\Uni\Dissertation\MScProject\Dataset\225773.jpg,.jpg,0.02,OK,
C:\Users\User\OneDrive\Documents\Uni\Dissertation\MScProject\Dataset\225775.jpg,.jpg,0.03,OK,
C:\Users\User\OneDrive\Documents\Uni\Dissertation\MScProject\Dataset\225776.jpg,.jpg,0.01,OK,
C:\Users\User\OneDrive\Documents\Uni\Dissertation\MScProject\Dataset\225777.jpg,.jpg,0.04,OK,
C:\Users\User\OneDrive\Documents\Uni\Dissertation\MScProject\Dataset\225779.jpg,.jpg,0.16,OK,
C:\Users\User\OneDrive\Documents\Uni\Dissertation\MScProject\Dataset\225780.jpg,.jpg,0.07,OK,
C:\Users\User\OneDrive\Documents\Uni\Dissertation\MScProject\Dataset\225781.jpg,.jpg,0.02,OK,
C:\Users\User\OneDrive\Documents\Uni\Dissertation\MScProject\Dataset\225782.jpg,.jpg,0.06,OK,
C:\Users\User\OneDrive\Documents\Uni\Dissertation\MScProject\Dataset\225783.jpg,.jpg,0.03,OK,
C:\Users\User\OneDrive\Documents\Uni\Dissertation\MScProject\Dataset\225785.jpg,.jpg,0.12,OK,
C:\Users\User\OneDrive\Documents\Uni\Dissertation\MScProject\Dataset\225786.jpg,.jpg,0.0,OK,
C:\Users\User\OneDrive\Documents\Uni\Dissertation\MScProject\Dataset\225787.jpg,.jpg,0.01,OK,
C:\Users\User\OneDrive\Documents\Uni\Dissertation\MScProject\Dataset\225788.jpg,.jpg,0.03,OK,
C:\Users\User\OneDrive\Documents\Uni\Dissertation\MScProject\Dataset\225790.jpg,.jpg,0.0,OK,
C:\Users\User\OneDrive\Documents\Uni\Dissertation\MScProject\Dataset\225791.jpg,.jpg,0.01,OK,
C:\Users\User\OneDrive\Documents\Uni\Dissertation\MScProject\Dataset\225792.jpg,.jpg,0.04,OK,
C:\Users\User\OneDrive\Documents\Uni\Dissertation\MScProject\Dataset\225793.jpg,.jpg,0.06,OK,
C:\Users\User\OneDrive\Documents\Uni\Dissertation\MScProject\Dataset\225794.jpg,.jpg,0.04,OK,
C:\Users\User\OneDrive\Documents\Uni\Dissertation\MScProject\Dataset\225795.jpg,.jpg,0.02,OK,
C:\Users\User\OneDrive\Documents\Uni\Dissertation\MScProject\Dataset\225796.jpg,.jpg,0.02,OK,
C:\Users\User\OneDrive\Documents\Uni\Dissertation\MScProject\Dataset\225797.jpg,.jpg,0.03,OK,
C:\Users\User\OneDrive\Documents\Uni\Dissertation\MScProject\Dataset\225798.jpg,.jpg,0.03,OK,
C:\Users\User\OneDrive\Documents\Uni\Dissertation\MScProject\Dataset\225914.jpg,.jpg,0.01,OK,
C:\Users\User\OneDrive\Documents\Uni\Dissertation\MScProject\Dataset\225925.jpg,.jpg,0.6,OK,
C:\Users\User\OneDrive\Documents\Uni\Dissertation\MScProject\Dataset\226084.jpg,.jpg,0.01,OK,
C:\Users\User\OneDrive\Documents\Uni\Dissertation\MScProject\Dataset\226088.jpg,.jpg,0.07,OK,
C:\Users\User\OneDrive\Documents\Uni\Dissertation\MScProject\Dataset\226160.jpg,.jpg,0.05,OK,
C:\Users\User\OneDrive\Documents\Uni\Dissertation\MScProject\Dataset\226162.jpg,.jpg,0.01,OK,
C:\Users\User\OneDrive\Documents\Uni\Dissertation\MScProject\Dataset\226163.jpg,.jpg,0.01,OK,
C:\Users\User\OneDrive\Documents\Uni\Dissertation\MScProject\Dataset\226164.jpg,.jpg,0.06,OK,
C:\Users\User\OneDrive\Documents\Uni\Dissertation\MScProject\Dataset\226165.jpg,.jpg,0.02,OK,
C:\Users\User\OneDrive\Documents\Uni\Dissertation\MScProject\Dataset\226308.jpg,.jpg,0.22,OK,
C:\Users\User\OneDrive\Documents\Uni\Dissertation\MScProject\Dataset\226310.jpg,.jpg,0.01,OK,
C:\Users\User\OneDrive\Documents\Uni\Dissertation\MScProject\Dataset\226499.jpg,.jpg,0.01,OK,
C:\Users\User\OneDrive\Documents\Uni\Dissertation\MScProject\Dataset\226500.jpg,.jpg,0.01,OK,
C:\Users\User\OneDrive\Documents\Uni\Dissertation\MScProject\Dataset\226501.jpg,.jpg,0.06,OK,
C:\Users\User\OneDrive\Documents\Uni\Dissertation\MScProject\Dataset\226502.jpg,.jpg,0.02,OK,
C:\Users\User\OneDrive\Documents\Uni\Dissertation\MScProject\Dataset\226503.jpg,.jpg,0.05,OK,
C:\Users\User\OneDrive\Documents\Uni\Dissertation\MScProject\Dataset\226504.jpg,.jpg,0.05,OK,
C:\Users\User\OneDrive\Documents\Uni\Dissertation\MScProject\Dataset\226505.jpg,.jpg,0.71,OK,
C:\Users\User\OneDrive\Documents\Uni\Dissertation\MScProject\Dataset\226506.jpg,.jpg,0.45,OK,
C:\Users\User\OneDrive\Documents\Uni\Dissertation\MScProject\Dataset\226507.jpg,.jpg,0.06,OK,
C:\Users\User\OneDrive\Documents\Uni\Dissertation\MScProject\Dataset\226508.jpg,.jpg,0.1,OK,
C:\Users\User\OneDrive\Documents\Uni\Dissertation\MScProject\Dataset\226509.jpg,.jpg,0.03,OK,
C:\Users\User\OneDrive\Documents\Uni\Dissertation\MScProject\Dataset\226510.jpg,.jpg,0.02,OK,
C:\Users\User\OneDrive\Documents\Uni\Dissertation\MScProject\Dataset\226511.jpg,.jpg,0.14,OK,
C:\Users\User\OneDrive\Documents\Uni\Dissertation\MScProject\Dataset\226512.jpg,.jpg,0.01,OK,
C:\Users\User\OneDrive\Documents\Uni\Dissertation\MScProject\Dataset\226513.jpg,.jpg,0.03,OK,
C:\Users\User\OneDrive\Documents\Uni\Dissertation\MScProject\Dataset\226514.jpg,.jpg,0.0,OK,
C:\Users\User\OneDrive\Documents\Uni\Dissertation\MScProject\Dataset\226515.jpg,.jpg,0.02,OK,
C:\Users\User\OneDrive\Documents\Uni\Dissertation\MScProject\Dataset\226517.jpg,.jpg,0.0,OK,
C:\Users\User\OneDrive\Documents\Uni\Dissertation\MScProject\Dataset\226552.jpg,.jpg,0.53,OK,
C:\Users\User\OneDrive\Documents\Uni\Dissertation\MScProject\Dataset\226558.jpg,.jpg,0.18,OK,
C:\Users\User\OneDrive\Documents\Uni\Dissertation\MScProject\Dataset\226952.jpg,.jpg,0.29,OK,
C:\Users\User\OneDrive\Documents\Uni\Dissertation\MScProject\Dataset\226953.jpg,.jpg,0.08,OK,
C:\Users\User\OneDrive\Documents\Uni\Dissertation\MScProject\Dataset\226954.jpg,.jpg,0.06,OK,
C:\Users\User\OneDrive\Documents\Uni\Dissertation\MScProject\Dataset\226955.jpg,.jpg,0.13,OK,
C:\Users\User\OneDrive\Documents\Uni\Dissertation\MScProject\Dataset\226956.jpg,.jpg,0.03,OK,
C:\Users\User\OneDrive\Documents\Uni\Dissertation\MScProject\Dataset\226957.jpg,.jpg,0.08,OK,
C:\Users\User\OneDrive\Documents\Uni\Dissertation\MScProject\Dataset\226958.jpg,.jpg,0.02,OK,
C:\Users\User\OneDrive\Documents\Uni\Dissertation\MScProject\Dataset\226964.jpg,.jpg,0.07,OK,
C:\Users\User\OneDrive\Documents\Uni\Dissertation\MScProject\Dataset\226972.jpg,.jpg,0.01,OK,
C:\Users\User\OneDrive\Documents\Uni\Dissertation\MScProject\Dataset\226973.jpg,.jpg,0.02,OK,
C:\Users\User\OneDrive\Documents\Uni\Dissertation\MScProject\Dataset\226976.jpg,.jpg,0.01,OK,
C:\Users\User\OneDrive\Documents\Uni\Dissertation\MScProject\Dataset\226977.jpg,.jpg,0.1,OK,
C:\Users\User\OneDrive\Documents\Uni\Dissertation\MScProject\Dataset\227144.jpg,.jpg,0.0,OK,
C:\Users\User\OneDrive\Documents\Uni\Dissertation\MScProject\Dataset\227145.jpg,.jpg,0.0,OK,
C:\Users\User\OneDrive\Documents\Uni\Dissertation\MScProject\Dataset\227146.jpg,.jpg,0.0,OK,
C:\Users\User\OneDrive\Documents\Uni\Dissertation\MScProject\Dataset\227147.jpg,.jpg,0.0,OK,
C:\Users\User\OneDrive\Documents\Uni\Dissertation\MScProject\Dataset\227148.jpg,.jpg,0.03,OK,
C:\Users\User\OneDrive\Documents\Uni\Dissertation\MScProject\Dataset\227149.jpg,.jpg,0.02,OK,
C:\Users\User\OneDrive\Documents\Uni\Dissertation\MScProject\Dataset\227150.jpg,.jpg,0.03,OK,
C:\Users\User\OneDrive\Documents\Uni\Dissertation\MScProject\Dataset\227151.jpg,.jpg,0.03,OK,
C:\Users\User\OneDrive\Documents\Uni\Dissertation\MScProject\Dataset\227152.jpg,.jpg,0.06,OK,
C:\Users\User\OneDrive\Documents\Uni\Dissertation\MScProject\Dataset\227441.jpg,.jpg,0.18,OK,
C:\Users\User\OneDrive\Documents\Uni\Dissertation\MScProject\Dataset\227442.jpg,.jpg,0.07,OK,
C:\Users\User\OneDrive\Documents\Uni\Dissertation\MScProject\Dataset\227443.jpg,.jpg,0.18,OK,
C:\Users\User\OneDrive\Documents\Uni\Dissertation\MScProject\Dataset\227444.jpg,.jpg,0.29,OK,
C:\Users\User\OneDrive\Documents\Uni\Dissertation\MScProject\Dataset\227445.jpg,.jpg,0.16,OK,
C:\Users\User\OneDrive\Documents\Uni\Dissertation\MScProject\Dataset\227446.jpg,.jpg,0.03,OK,
C:\Users\User\OneDrive\Documents\Uni\Dissertation\MScProject\Dataset\227633.jpg,.jpg,0.02,OK,
C:\Users\User\OneDrive\Documents\Uni\Dissertation\MScProject\Dataset\227634.jpg,.jpg,0.03,OK,
C:\Users\User\OneDrive\Documents\Uni\Dissertation\MScProject\Dataset\227636.jpg,.jpg,0.01,OK,
C:\Users\User\OneDrive\Documents\Uni\Dissertation\MScProject\Dataset\227750.jpg,.jpg,0.01,OK,
C:\Users\User\OneDrive\Documents\Uni\Dissertation\MScProject\Dataset\227751.jpg,.jpg,0.2,OK,
C:\Users\User\OneDrive\Documents\Uni\Dissertation\MScProject\Dataset\227752.jpg,.jpg,0.32,OK,
C:\Users\User\OneDrive\Documents\Uni\Dissertation\MScProject\Dataset\227753.jpg,.jpg,0.0,OK,
C:\Users\User\OneDrive\Documents\Uni\Dissertation\MScProject\Dataset\227755.jpg,.jpg,0.06,OK,
C:\Users\User\OneDrive\Documents\Uni\Dissertation\MScProject\Dataset\227756.jpg,.jpg,0.14,OK,
C:\Users\User\OneDrive\Documents\Uni\Dissertation\MScProject\Dataset\227758.jpg,.jpg,0.04,OK,
C:\Users\User\OneDrive\Documents\Uni\Dissertation\MScProject\Dataset\227759.jpg,.jpg,0.01,OK,
C:\Users\User\OneDrive\Documents\Uni\Dissertation\MScProject\Dataset\227760.jpg,.jpg,0.02,OK,
C:\Users\User\OneDrive\Documents\Uni\Dissertation\MScProject\Dataset\227761.jpg,.jpg,0.02,OK,
C:\Users\User\OneDrive\Documents\Uni\Dissertation\MScProject\Dataset\227763.jpg,.jpg,0.01,OK,
C:\Users\User\OneDrive\Documents\Uni\Dissertation\MScProject\Dataset\227764.jpg,.jpg,0.01,OK,
C:\Users\User\OneDrive\Documents\Uni\Dissertation\MScProject\Dataset\227766.jpg,.jpg,0.05,OK,
C:\Users\User\OneDrive\Documents\Uni\Dissertation\MScProject\Dataset\227767.jpg,.jpg,0.04,OK,
C:\Users\User\OneDrive\Documents\Uni\Dissertation\MScProject\Dataset\227768.jpg,.jpg,0.02,OK,
C:\Users\User\OneDrive\Documents\Uni\Dissertation\MScProject\Dataset\227769.jpg,.jpg,0.05,OK,
C:\Users\User\OneDrive\Documents\Uni\Dissertation\MScProject\Dataset\227770.jpg,.jpg,0.02,OK,
C:\Users\User\OneDrive\Documents\Uni\Dissertation\MScProject\Dataset\227771.jpg,.jpg,0.07,OK,
C:\Users\User\OneDrive\Documents\Uni\Dissertation\MScProject\Dataset\227772.jpg,.jpg,0.34,OK,
C:\Users\User\OneDrive\Documents\Uni\Dissertation\MScProject\Dataset\227773.jpg,.jpg,0.13,OK,
C:\Users\User\OneDrive\Documents\Uni\Dissertation\MScProject\Dataset\227774.jpg,.jpg,0.32,OK,
C:\Users\User\OneDrive\Documents\Uni\Dissertation\MScProject\Dataset\227775.jpg,.jpg,0.08,OK,
C:\Users\User\OneDrive\Documents\Uni\Dissertation\MScProject\Dataset\227776.jpg,.jpg,0.05,OK,
C:\Users\User\OneDrive\Documents\Uni\Dissertation\MScProject\Dataset\227777.jpg,.jpg,0.12,OK,
C:\Users\User\OneDrive\Documents\Uni\Dissertation\MScProject\Dataset\227778.jpg,.jpg,0.05,OK,
C:\Users\User\OneDrive\Documents\Uni\Dissertation\MScProject\Dataset\227779.jpg,.jpg,0.01,OK,
C:\Users\User\OneDrive\Documents\Uni\Dissertation\MScProject\Dataset\227780.jpg,.jpg,0.08,OK,
C:\Users\User\OneDrive\Documents\Uni\Dissertation\MScProject\Dataset\227781.jpg,.jpg,0.08,OK,
C:\Users\User\OneDrive\Documents\Uni\Dissertation\MScProject\Dataset\227782.jpg,.jpg,0.03,OK,
C:\Users\User\OneDrive\Documents\Uni\Dissertation\MScProject\Dataset\227783.jpg,.jpg,0.04,OK,
C:\Users\User\OneDrive\Documents\Uni\Dissertation\MScProject\Dataset\227784.jpg,.jpg,0.04,OK,
C:\Users\User\OneDrive\Documents\Uni\Dissertation\MScProject\Dataset\227785.jpg,.jpg,0.0,OK,
C:\Users\User\OneDrive\Documents\Uni\Dissertation\MScProject\Dataset\227786.jpg,.jpg,0.11,OK,
C:\Users\User\OneDrive\Documents\Uni\Dissertation\MScProject\Dataset\227789.jpg,.jpg,0.08,OK,
C:\Users\User\OneDrive\Documents\Uni\Dissertation\MScProject\Dataset\227790.jpg,.jpg,0.04,OK,
C:\Users\User\OneDrive\Documents\Uni\Dissertation\MScProject\Dataset\227807.jpg,.jpg,0.02,OK,
C:\Users\User\OneDrive\Documents\Uni\Dissertation\MScProject\Dataset\227864.jpg,.jpg,0.4,OK,
C:\Users\User\OneDrive\Documents\Uni\Dissertation\MScProject\Dataset\227865.jpg,.jpg,0.34,OK,
C:\Users\User\OneDrive\Documents\Uni\Dissertation\MScProject\Dataset\227866.jpg,.jpg,0.38,OK,
C:\Users\User\OneDrive\Documents\Uni\Dissertation\MScProject\Dataset\228232.jpg,.jpg,0.02,OK,
C:\Users\User\OneDrive\Documents\Uni\Dissertation\MScProject\Dataset\228233.jpg,.jpg,0.03,OK,
C:\Users\User\OneDrive\Documents\Uni\Dissertation\MScProject\Dataset\228234.jpg,.jpg,0.01,OK,
C:\Users\User\OneDrive\Documents\Uni\Dissertation\MScProject\Dataset\228235.jpg,.jpg,0.2,OK,
C:\Users\User\OneDrive\Documents\Uni\Dissertation\MScProject\Dataset\228236.jpg,.jpg,0.11,OK,
C:\Users\User\OneDrive\Documents\Uni\Dissertation\MScProject\Dataset\228237.jpg,.jpg,0.1,OK,
C:\Users\User\OneDrive\Documents\Uni\Dissertation\MScProject\Dataset\228238.jpg,.jpg,0.09,OK,
C:\Users\User\OneDrive\Documents\Uni\Dissertation\MScProject\Dataset\228239.jpg,.jpg,0.09,OK,
C:\Users\User\OneDrive\Documents\Uni\Dissertation\MScProject\Dataset\228241.jpg,.jpg,0.09,OK,
C:\Users\User\OneDrive\Documents\Uni\Dissertation\MScProject\Dataset\228243.jpg,.jpg,0.09,OK,
C:\Users\User\OneDrive\Documents\Uni\Dissertation\MScProject\Dataset\228244.jpg,.jpg,0.1,OK,
C:\Users\User\OneDrive\Documents\Uni\Dissertation\MScProject\Dataset\228245.jpg,.jpg,0.09,OK,
C:\Users\User\OneDrive\Documents\Uni\Dissertation\MScProject\Dataset\228246.jpg,.jpg,0.1,OK,
C:\Users\User\OneDrive\Documents\Uni\Dissertation\MScProject\Dataset\228247.jpg,.jpg,0.1,OK,
C:\Users\User\OneDrive\Documents\Uni\Dissertation\MScProject\Dataset\228249.jpg,.jpg,0.12,OK,
C:\Users\User\OneDrive\Documents\Uni\Dissertation\MScProject\Dataset\228250.jpg,.jpg,0.08,OK,
C:\Users\User\OneDrive\Documents\Uni\Dissertation\MScProject\Dataset\228251.jpg,.jpg,0.05,OK,
C:\Users\User\OneDrive\Documents\Uni\Dissertation\MScProject\Dataset\228253.jpg,.jpg,0.14,OK,
C:\Users\User\OneDrive\Documents\Uni\Dissertation\MScProject\Dataset\228254.jpg,.jpg,0.02,OK,
C:\Users\User\OneDrive\Documents\Uni\Dissertation\MScProject\Dataset\228255.jpg,.jpg,0.03,OK,
C:\Users\User\OneDrive\Documents\Uni\Dissertation\MScProject\Dataset\228257.jpg,.jpg,0.06,OK,
C:\Users\User\OneDrive\Documents\Uni\Dissertation\MScProject\Dataset\228258.jpg,.jpg,0.06,OK,
C:\Users\User\OneDrive\Documents\Uni\Dissertation\MScProject\Dataset\228259.jpg,.jpg,0.22,OK,
C:\Users\User\OneDrive\Documents\Uni\Dissertation\MScProject\Dataset\228260.jpg,.jpg,0.03,OK,
C:\Users\User\OneDrive\Documents\Uni\Dissertation\MScProject\Dataset\228261.jpg,.jpg,0.04,OK,
C:\Users\User\OneDrive\Documents\Uni\Dissertation\MScProject\Dataset\228262.jpg,.jpg,0.92,OK,
C:\Users\User\OneDrive\Documents\Uni\Dissertation\MScProject\Dataset\228264.jpg,.jpg,0.06,OK,
C:\Users\User\OneDrive\Documents\Uni\Dissertation\MScProject\Dataset\228265.jpg,.jpg,0.03,OK,
C:\Users\User\OneDrive\Documents\Uni\Dissertation\MScProject\Dataset\228268.jpg,.jpg,0.02,OK,
C:\Users\User\OneDrive\Documents\Uni\Dissertation\MScProject\Dataset\228270.jpg,.jpg,0.07,OK,
C:\Users\User\OneDrive\Documents\Uni\Dissertation\MScProject\Dataset\228271.jpg,.jpg,0.04,OK,
C:\Users\User\OneDrive\Documents\Uni\Dissertation\MScProject\Dataset\228273.jpg,.jpg,0.07,OK,
C:\Users\User\OneDrive\Documents\Uni\Dissertation\MScProject\Dataset\228274.jpg,.jpg,0.11,OK,
C:\Users\User\OneDrive\Documents\Uni\Dissertation\MScProject\Dataset\228310.jpg,.jpg,0.04,OK,
C:\Users\User\OneDrive\Documents\Uni\Dissertation\MScProject\Dataset\228312.jpg,.jpg,0.13,OK,
C:\Users\User\OneDrive\Documents\Uni\Dissertation\MScProject\Dataset\228335.jpg,.jpg,0.18,OK,
C:\Users\User\OneDrive\Documents\Uni\Dissertation\MScProject\Dataset\228336.jpg,.jpg,0.57,OK,
C:\Users\User\OneDrive\Documents\Uni\Dissertation\MScProject\Dataset\228337.jpg,.jpg,0.53,OK,
C:\Users\User\OneDrive\Documents\Uni\Dissertation\MScProject\Dataset\228338.jpg,.jpg,0.18,OK,
C:\Users\User\OneDrive\Documents\Uni\Dissertation\MScProject\Dataset\228437.jpg,.jpg,0.07,OK,
C:\Users\User\OneDrive\Documents\Uni\Dissertation\MScProject\Dataset\228440.jpg,.jpg,0.01,OK,
C:\Users\User\OneDrive\Documents\Uni\Dissertation\MScProject\Dataset\228822.jpg,.jpg,0.03,OK,
C:\Users\User\OneDrive\Documents\Uni\Dissertation\MScProject\Dataset\228828.jpg,.jpg,0.01,OK,
C:\Users\User\OneDrive\Documents\Uni\Dissertation\MScProject\Dataset\228831.jpg,.jpg,0.73,OK,
C:\Users\User\OneDrive\Documents\Uni\Dissertation\MScProject\Dataset\228832.jpg,.jpg,0.02,OK,
C:\Users\User\OneDrive\Documents\Uni\Dissertation\MScProject\Dataset\228833.jpg,.jpg,0.0,OK,
C:\Users\User\OneDrive\Documents\Uni\Dissertation\MScProject\Dataset\228836.jpg,.jpg,0.02,OK,
C:\Users\User\OneDrive\Documents\Uni\Dissertation\MScProject\Dataset\228837.jpg,.jpg,0.32,OK,
C:\Users\User\OneDrive\Documents\Uni\Dissertation\MScProject\Dataset\228840.jpg,.jpg,0.1,OK,
C:\Users\User\OneDrive\Documents\Uni\Dissertation\MScProject\Dataset\228843.jpg,.jpg,0.13,OK,
C:\Users\User\OneDrive\Documents\Uni\Dissertation\MScProject\Dataset\228846.jpg,.jpg,0.13,OK,
C:\Users\User\OneDrive\Documents\Uni\Dissertation\MScProject\Dataset\228847.jpg,.jpg,0.12,OK,
C:\Users\User\OneDrive\Documents\Uni\Dissertation\MScProject\Dataset\228849.jpg,.jpg,0.11,OK,
C:\Users\User\OneDrive\Documents\Uni\Dissertation\MScProject\Dataset\228851.jpg,.jpg,0.03,OK,
C:\Users\User\OneDrive\Documents\Uni\Dissertation\MScProject\Dataset\228852.jpg,.jpg,0.07,OK,
C:\Users\User\OneDrive\Documents\Uni\Dissertation\MScProject\Dataset\228853.jpg,.jpg,0.01,OK,
C:\Users\User\OneDrive\Documents\Uni\Dissertation\MScProject\Dataset\228858.jpg,.jpg,0.02,OK,
C:\Users\User\OneDrive\Documents\Uni\Dissertation\MScProject\Dataset\228860.jpg,.jpg,0.12,OK,
C:\Users\User\OneDrive\Documents\Uni\Dissertation\MScProject\Dataset\228861.jpg,.jpg,0.07,OK,
C:\Users\User\OneDrive\Documents\Uni\Dissertation\MScProject\Dataset\228862.jpg,.jpg,0.04,OK,
C:\Users\User\OneDrive\Documents\Uni\Dissertation\MScProject\Dataset\228958.jpg,.jpg,0.05,OK,
C:\Users\User\OneDrive\Documents\Uni\Dissertation\MScProject\Dataset\228959.jpg,.jpg,0.07,OK,
C:\Users\User\OneDrive\Documents\Uni\Dissertation\MScProject\Dataset\228960.jpg,.jpg,0.0,OK,
C:\Users\User\OneDrive\Documents\Uni\Dissertation\MScProject\Dataset\229019.jpg,.jpg,0.06,OK,
C:\Users\User\OneDrive\Documents\Uni\Dissertation\MScProject\Dataset\229020.jpg,.jpg,0.07,OK,
C:\Users\User\OneDrive\Documents\Uni\Dissertation\MScProject\Dataset\229028.jpg,.jpg,0.08,OK,
C:\Users\User\OneDrive\Documents\Uni\Dissertation\MScProject\Dataset\229030.jpg,.jpg,0.06,OK,
C:\Users\User\OneDrive\Documents\Uni\Dissertation\MScProject\Dataset\229160.jpg,.jpg,0.0,OK,
C:\Users\User\OneDrive\Documents\Uni\Dissertation\MScProject\Dataset\229348.jpg,.jpg,0.36,OK,
C:\Users\User\OneDrive\Documents\Uni\Dissertation\MScProject\Dataset\229365.jpg,.jpg,0.36,OK,
C:\Users\User\OneDrive\Documents\Uni\Dissertation\MScProject\Dataset\229382.jpg,.jpg,0.01,OK,
C:\Users\User\OneDrive\Documents\Uni\Dissertation\MScProject\Dataset\229383.jpg,.jpg,0.01,OK,
C:\Users\User\OneDrive\Documents\Uni\Dissertation\MScProject\Dataset\229384.jpg,.jpg,0.03,OK,
C:\Users\User\OneDrive\Documents\Uni\Dissertation\MScProject\Dataset\229385.jpg,.jpg,0.0,OK,
C:\Users\User\OneDrive\Documents\Uni\Dissertation\MScProject\Dataset\229386.jpg,.jpg,0.0,OK,
C:\Users\User\OneDrive\Documents\Uni\Dissertation\MScProject\Dataset\229388.jpg,.jpg,0.02,OK,
C:\Users\User\OneDrive\Documents\Uni\Dissertation\MScProject\Dataset\229389.jpg,.jpg,0.02,OK,
C:\Users\User\OneDrive\Documents\Uni\Dissertation\MScProject\Dataset\229390.jpg,.jpg,0.03,OK,
C:\Users\User\OneDrive\Documents\Uni\Dissertation\MScProject\Dataset\229392.jpg,.jpg,0.0,OK,
C:\Users\User\OneDrive\Documents\Uni\Dissertation\MScProject\Dataset\229393.jpg,.jpg,0.01,OK,
C:\Users\User\OneDrive\Documents\Uni\Dissertation\MScProject\Dataset\229394.jpg,.jpg,0.01,OK,
C:\Users\User\OneDrive\Documents\Uni\Dissertation\MScProject\Dataset\229395.jpg,.jpg,0.01,OK,
C:\Users\User\OneDrive\Documents\Uni\Dissertation\MScProject\Dataset\229399.jpg,.jpg,0.27,OK,
C:\Users\User\OneDrive\Documents\Uni\Dissertation\MScProject\Dataset\229400.jpg,.jpg,0.27,OK,
C:\Users\User\OneDrive\Documents\Uni\Dissertation\MScProject\Dataset\229476.jpg,.jpg,0.03,OK,
C:\Users\User\OneDrive\Documents\Uni\Dissertation\MScProject\Dataset\229705.jpg,.jpg,0.01,OK,
C:\Users\User\OneDrive\Documents\Uni\Dissertation\MScProject\Dataset\229832.jpg,.jpg,0.01,OK,
C:\Users\User\OneDrive\Documents\Uni\Dissertation\MScProject\Dataset\229833.jpg,.jpg,0.01,OK,
C:\Users\User\OneDrive\Documents\Uni\Dissertation\MScProject\Dataset\229834.jpg,.jpg,0.01,OK,
C:\Users\User\OneDrive\Documents\Uni\Dissertation\MScProject\Dataset\229836.jpg,.jpg,0.02,OK,
C:\Users\User\OneDrive\Documents\Uni\Dissertation\MScProject\Dataset\229837.jpg,.jpg,0.03,OK,
C:\Users\User\OneDrive\Documents\Uni\Dissertation\MScProject\Dataset\229909.jpg,.jpg,0.32,OK,
C:\Users\User\OneDrive\Documents\Uni\Dissertation\MScProject\Dataset\229911.jpg,.jpg,0.0,OK,
C:\Users\User\OneDrive\Documents\Uni\Dissertation\MScProject\Dataset\230323.jpg,.jpg,0.2,OK,
C:\Users\User\OneDrive\Documents\Uni\Dissertation\MScProject\Dataset\230324.jpg,.jpg,0.01,OK,
C:\Users\User\OneDrive\Documents\Uni\Dissertation\MScProject\Dataset\230325.jpg,.jpg,0.2,OK,
C:\Users\User\OneDrive\Documents\Uni\Dissertation\MScProject\Dataset\230327.jpg,.jpg,0.35,OK,
C:\Users\User\OneDrive\Documents\Uni\Dissertation\MScProject\Dataset\230329.jpg,.jpg,0.07,OK,
C:\Users\User\OneDrive\Documents\Uni\Dissertation\MScProject\Dataset\230334.jpg,.jpg,0.03,OK,
C:\Users\User\OneDrive\Documents\Uni\Dissertation\MScProject\Dataset\230335.jpg,.jpg,0.02,OK,
C:\Users\User\OneDrive\Documents\Uni\Dissertation\MScProject\Dataset\230336.jpg,.jpg,0.0,OK,
C:\Users\User\OneDrive\Documents\Uni\Dissertation\MScProject\Dataset\230337.jpg,.jpg,0.0,OK,
C:\Users\User\OneDrive\Documents\Uni\Dissertation\MScProject\Dataset\230339.jpg,.jpg,0.03,OK,
C:\Users\User\OneDrive\Documents\Uni\Dissertation\MScProject\Dataset\230340.jpg,.jpg,0.12,OK,
C:\Users\User\OneDrive\Documents\Uni\Dissertation\MScProject\Dataset\230341.jpg,.jpg,0.02,OK,
C:\Users\User\OneDrive\Documents\Uni\Dissertation\MScProject\Dataset\230343.jpg,.jpg,0.02,OK,
C:\Users\User\OneDrive\Documents\Uni\Dissertation\MScProject\Dataset\230344.jpg,.jpg,0.0,OK,
C:\Users\User\OneDrive\Documents\Uni\Dissertation\MScProject\Dataset\230345.jpg,.jpg,0.05,OK,
C:\Users\User\OneDrive\Documents\Uni\Dissertation\MScProject\Dataset\230346.jpg,.jpg,0.01,OK,
C:\Users\User\OneDrive\Documents\Uni\Dissertation\MScProject\Dataset\230364.jpg,.jpg,0.01,OK,
C:\Users\User\OneDrive\Documents\Uni\Dissertation\MScProject\Dataset\230367.jpg,.jpg,0.0,OK,
C:\Users\User\OneDrive\Documents\Uni\Dissertation\MScProject\Dataset\230373.jpg,.jpg,0.01,OK,
C:\Users\User\OneDrive\Documents\Uni\Dissertation\MScProject\Dataset\230374.jpg,.jpg,0.05,OK,
C:\Users\User\OneDrive\Documents\Uni\Dissertation\MScProject\Dataset\230375.jpg,.jpg,0.03,OK,
C:\Users\User\OneDrive\Documents\Uni\Dissertation\MScProject\Dataset\230379.jpg,.jpg,0.07,OK,
C:\Users\User\OneDrive\Documents\Uni\Dissertation\MScProject\Dataset\230382.jpg,.jpg,0.07,OK,
C:\Users\User\OneDrive\Documents\Uni\Dissertation\MScProject\Dataset\230383.jpg,.jpg,0.12,OK,
C:\Users\User\OneDrive\Documents\Uni\Dissertation\MScProject\Dataset\230388.jpg,.jpg,0.13,OK,
C:\Users\User\OneDrive\Documents\Uni\Dissertation\MScProject\Dataset\230408.jpg,.jpg,0.08,OK,
C:\Users\User\OneDrive\Documents\Uni\Dissertation\MScProject\Dataset\230420.jpg,.jpg,0.06,OK,
C:\Users\User\OneDrive\Documents\Uni\Dissertation\MScProject\Dataset\230421.jpg,.jpg,0.0,OK,
C:\Users\User\OneDrive\Documents\Uni\Dissertation\MScProject\Dataset\230656.jpg,.jpg,0.06,OK,
C:\Users\User\OneDrive\Documents\Uni\Dissertation\MScProject\Dataset\230658.jpg,.jpg,0.06,OK,
C:\Users\User\OneDrive\Documents\Uni\Dissertation\MScProject\Dataset\230659.jpg,.jpg,0.01,OK,
C:\Users\User\OneDrive\Documents\Uni\Dissertation\MScProject\Dataset\230661.jpg,.jpg,0.08,OK,
C:\Users\User\OneDrive\Documents\Uni\Dissertation\MScProject\Dataset\230662.jpg,.jpg,0.01,OK,
C:\Users\User\OneDrive\Documents\Uni\Dissertation\MScProject\Dataset\230663.jpg,.jpg,0.01,OK,
C:\Users\User\OneDrive\Documents\Uni\Dissertation\MScProject\Dataset\230664.jpg,.jpg,0.03,OK,
C:\Users\User\OneDrive\Documents\Uni\Dissertation\MScProject\Dataset\230666.jpg,.jpg,0.02,OK,
C:\Users\User\OneDrive\Documents\Uni\Dissertation\MScProject\Dataset\230668.jpg,.jpg,0.0,OK,
C:\Users\User\OneDrive\Documents\Uni\Dissertation\MScProject\Dataset\230669.jpg,.jpg,0.02,OK,
C:\Users\User\OneDrive\Documents\Uni\Dissertation\MScProject\Dataset\230850.jpg,.jpg,0.01,OK,
C:\Users\User\OneDrive\Documents\Uni\Dissertation\MScProject\Dataset\230851.jpg,.jpg,0.0,OK,
C:\Users\User\OneDrive\Documents\Uni\Dissertation\MScProject\Dataset\231154.jpg,.jpg,0.1,OK,
C:\Users\User\OneDrive\Documents\Uni\Dissertation\MScProject\Dataset\231155.jpg,.jpg,0.02,OK,
C:\Users\User\OneDrive\Documents\Uni\Dissertation\MScProject\Dataset\231156.jpg,.jpg,0.13,OK,
C:\Users\User\OneDrive\Documents\Uni\Dissertation\MScProject\Dataset\231159.jpg,.jpg,0.02,OK,
C:\Users\User\OneDrive\Documents\Uni\Dissertation\MScProject\Dataset\231160.jpg,.jpg,0.1,OK,
C:\Users\User\OneDrive\Documents\Uni\Dissertation\MScProject\Dataset\231162.jpg,.jpg,0.02,OK,
C:\Users\User\OneDrive\Documents\Uni\Dissertation\MScProject\Dataset\231163.jpg,.jpg,0.08,OK,
C:\Users\User\OneDrive\Documents\Uni\Dissertation\MScProject\Dataset\231164.jpg,.jpg,0.02,OK,
C:\Users\User\OneDrive\Documents\Uni\Dissertation\MScProject\Dataset\231165.jpg,.jpg,0.04,OK,
C:\Users\User\OneDrive\Documents\Uni\Dissertation\MScProject\Dataset\231166.jpg,.jpg,1.29,OK,
C:\Users\User\OneDrive\Documents\Uni\Dissertation\MScProject\Dataset\231167.jpg,.jpg,0.44,OK,
C:\Users\User\OneDrive\Documents\Uni\Dissertation\MScProject\Dataset\231168.jpg,.jpg,0.05,OK,
C:\Users\User\OneDrive\Documents\Uni\Dissertation\MScProject\Dataset\231170.jpg,.jpg,0.01,OK,
C:\Users\User\OneDrive\Documents\Uni\Dissertation\MScProject\Dataset\231171.jpg,.jpg,0.07,OK,
C:\Users\User\OneDrive\Documents\Uni\Dissertation\MScProject\Dataset\231172.jpg,.jpg,0.92,OK,
C:\Users\User\OneDrive\Documents\Uni\Dissertation\MScProject\Dataset\231173.jpg,.jpg,0.02,OK,
C:\Users\User\OneDrive\Documents\Uni\Dissertation\MScProject\Dataset\231174.jpg,.jpg,0.01,OK,
C:\Users\User\OneDrive\Documents\Uni\Dissertation\MScProject\Dataset\231176.jpg,.jpg,0.2,OK,
C:\Users\User\OneDrive\Documents\Uni\Dissertation\MScProject\Dataset\231177.jpg,.jpg,0.05,OK,
C:\Users\User\OneDrive\Documents\Uni\Dissertation\MScProject\Dataset\231180.jpg,.jpg,0.11,OK,
C:\Users\User\OneDrive\Documents\Uni\Dissertation\MScProject\Dataset\231181.jpg,.jpg,0.22,OK,
C:\Users\User\OneDrive\Documents\Uni\Dissertation\MScProject\Dataset\231182.jpg,.jpg,0.07,OK,
C:\Users\User\OneDrive\Documents\Uni\Dissertation\MScProject\Dataset\231183.jpg,.jpg,0.05,OK,
C:\Users\User\OneDrive\Documents\Uni\Dissertation\MScProject\Dataset\231184.jpg,.jpg,0.39,OK,
C:\Users\User\OneDrive\Documents\Uni\Dissertation\MScProject\Dataset\231185.jpg,.jpg,0.06,OK,
C:\Users\User\OneDrive\Documents\Uni\Dissertation\MScProject\Dataset\231186.jpg,.jpg,0.04,OK,
C:\Users\User\OneDrive\Documents\Uni\Dissertation\MScProject\Dataset\231187.jpg,.jpg,0.27,OK,
C:\Users\User\OneDrive\Documents\Uni\Dissertation\MScProject\Dataset\231190.jpg,.jpg,0.05,OK,
C:\Users\User\OneDrive\Documents\Uni\Dissertation\MScProject\Dataset\231191.jpg,.jpg,0.11,OK,
C:\Users\User\OneDrive\Documents\Uni\Dissertation\MScProject\Dataset\231192.jpg,.jpg,0.1,OK,
C:\Users\User\OneDrive\Documents\Uni\Dissertation\MScProject\Dataset\231193.jpg,.jpg,0.06,OK,
C:\Users\User\OneDrive\Documents\Uni\Dissertation\MScProject\Dataset\231195.jpg,.jpg,0.03,OK,
C:\Users\User\OneDrive\Documents\Uni\Dissertation\MScProject\Dataset\231196.jpg,.jpg,0.05,OK,
C:\Users\User\OneDrive\Documents\Uni\Dissertation\MScProject\Dataset\231197.jpg,.jpg,0.03,OK,
C:\Users\User\OneDrive\Documents\Uni\Dissertation\MScProject\Dataset\231198.jpg,.jpg,0.09,OK,
C:\Users\User\OneDrive\Documents\Uni\Dissertation\MScProject\Dataset\231199.jpg,.jpg,0.07,OK,
C:\Users\User\OneDrive\Documents\Uni\Dissertation\MScProject\Dataset\231400.jpg,.jpg,0.02,OK,
C:\Users\User\OneDrive\Documents\Uni\Dissertation\MScProject\Dataset\231401.jpg,.jpg,0.02,OK,
C:\Users\User\OneDrive\Documents\Uni\Dissertation\MScProject\Dataset\231402.jpg,.jpg,0.01,OK,
C:\Users\User\OneDrive\Documents\Uni\Dissertation\MScProject\Dataset\231403.jpg,.jpg,0.06,OK,
C:\Users\User\OneDrive\Documents\Uni\Dissertation\MScProject\Dataset\231406.jpg,.jpg,0.01,OK,
C:\Users\User\OneDrive\Documents\Uni\Dissertation\MScProject\Dataset\231407.jpg,.jpg,0.01,OK,
C:\Users\User\OneDrive\Documents\Uni\Dissertation\MScProject\Dataset\231408.jpg,.jpg,0.01,OK,
C:\Users\User\OneDrive\Documents\Uni\Dissertation\MScProject\Dataset\231409.jpg,.jpg,0.01,OK,
C:\Users\User\OneDrive\Documents\Uni\Dissertation\MScProject\Dataset\231410.jpg,.jpg,0.01,OK,
C:\Users\User\OneDrive\Documents\Uni\Dissertation\MScProject\Dataset\231412.jpg,.jpg,0.04,OK,
C:\Users\User\OneDrive\Documents\Uni\Dissertation\MScProject\Dataset\231413.jpg,.jpg,0.01,OK,
C:\Users\User\OneDrive\Documents\Uni\Dissertation\MScProject\Dataset\231414.jpg,.jpg,0.0,OK,
C:\Users\User\OneDrive\Documents\Uni\Dissertation\MScProject\Dataset\231415.jpg,.jpg,0.01,OK,
C:\Users\User\OneDrive\Documents\Uni\Dissertation\MScProject\Dataset\231416.jpg,.jpg,0.01,OK,
C:\Users\User\OneDrive\Documents\Uni\Dissertation\MScProject\Dataset\231417.jpg,.jpg,0.01,OK,
C:\Users\User\OneDrive\Documents\Uni\Dissertation\MScProject\Dataset\231418.jpg,.jpg,0.06,OK,
C:\Users\User\OneDrive\Documents\Uni\Dissertation\MScProject\Dataset\231419.jpg,.jpg,0.05,OK,
C:\Users\User\OneDrive\Documents\Uni\Dissertation\MScProject\Dataset\231420.jpg,.jpg,0.03,OK,
C:\Users\User\OneDrive\Documents\Uni\Dissertation\MScProject\Dataset\231422.jpg,.jpg,0.0,OK,
C:\Users\User\OneDrive\Documents\Uni\Dissertation\MScProject\Dataset\231427.jpg,.jpg,0.06,OK,
C:\Users\User\OneDrive\Documents\Uni\Dissertation\MScProject\Dataset\231429.jpg,.jpg,0.05,OK,
C:\Users\User\OneDrive\Documents\Uni\Dissertation\MScProject\Dataset\231430.jpg,.jpg,0.03,OK,
C:\Users\User\OneDrive\Documents\Uni\Dissertation\MScProject\Dataset\231431.jpg,.jpg,0.0,OK,
C:\Users\User\OneDrive\Documents\Uni\Dissertation\MScProject\Dataset\231432.jpg,.jpg,0.01,OK,
C:\Users\User\OneDrive\Documents\Uni\Dissertation\MScProject\Dataset\231434.jpg,.jpg,0.02,OK,
C:\Users\User\OneDrive\Documents\Uni\Dissertation\MScProject\Dataset\231435.jpg,.jpg,0.02,OK,
C:\Users\User\OneDrive\Documents\Uni\Dissertation\MScProject\Dataset\231438.jpg,.jpg,0.0,OK,
C:\Users\User\OneDrive\Documents\Uni\Dissertation\MScProject\Dataset\231440.jpg,.jpg,0.01,OK,
C:\Users\User\OneDrive\Documents\Uni\Dissertation\MScProject\Dataset\231549.jpg,.jpg,0.01,OK,
C:\Users\User\OneDrive\Documents\Uni\Dissertation\MScProject\Dataset\231550.jpg,.jpg,0.02,OK,
C:\Users\User\OneDrive\Documents\Uni\Dissertation\MScProject\Dataset\231643.jpg,.jpg,0.05,OK,
C:\Users\User\OneDrive\Documents\Uni\Dissertation\MScProject\Dataset\231652.jpg,.jpg,0.17,OK,
C:\Users\User\OneDrive\Documents\Uni\Dissertation\MScProject\Dataset\231672.jpg,.jpg,0.01,OK,
C:\Users\User\OneDrive\Documents\Uni\Dissertation\MScProject\Dataset\231759.jpg,.jpg,0.05,OK,
C:\Users\User\OneDrive\Documents\Uni\Dissertation\MScProject\Dataset\231760.jpg,.jpg,1.3,OK,
C:\Users\User\OneDrive\Documents\Uni\Dissertation\MScProject\Dataset\231761.jpg,.jpg,0.01,OK,
C:\Users\User\OneDrive\Documents\Uni\Dissertation\MScProject\Dataset\231762.jpg,.jpg,0.09,OK,
C:\Users\User\OneDrive\Documents\Uni\Dissertation\MScProject\Dataset\231763.jpg,.jpg,0.03,OK,
C:\Users\User\OneDrive\Documents\Uni\Dissertation\MScProject\Dataset\231764.jpg,.jpg,1.19,OK,
C:\Users\User\OneDrive\Documents\Uni\Dissertation\MScProject\Dataset\231765.jpg,.jpg,0.07,OK,
C:\Users\User\OneDrive\Documents\Uni\Dissertation\MScProject\Dataset\231766.jpg,.jpg,0.09,OK,
C:\Users\User\OneDrive\Documents\Uni\Dissertation\MScProject\Dataset\231767.jpg,.jpg,0.21,OK,
C:\Users\User\OneDrive\Documents\Uni\Dissertation\MScProject\Dataset\231768.jpg,.jpg,0.1,OK,
C:\Users\User\OneDrive\Documents\Uni\Dissertation\MScProject\Dataset\231769.jpg,.jpg,0.11,OK,
C:\Users\User\OneDrive\Documents\Uni\Dissertation\MScProject\Dataset\231770.jpg,.jpg,0.07,OK,
C:\Users\User\OneDrive\Documents\Uni\Dissertation\MScProject\Dataset\231771.jpg,.jpg,0.08,OK,
C:\Users\User\OneDrive\Documents\Uni\Dissertation\MScProject\Dataset\231772.jpg,.jpg,0.03,OK,
C:\Users\User\OneDrive\Documents\Uni\Dissertation\MScProject\Dataset\231773.jpg,.jpg,0.07,OK,
C:\Users\User\OneDrive\Documents\Uni\Dissertation\MScProject\Dataset\231774.jpg,.jpg,0.07,OK,
C:\Users\User\OneDrive\Documents\Uni\Dissertation\MScProject\Dataset\231775.jpg,.jpg,0.1,OK,
C:\Users\User\OneDrive\Documents\Uni\Dissertation\MScProject\Dataset\231777.jpg,.jpg,0.05,OK,
C:\Users\User\OneDrive\Documents\Uni\Dissertation\MScProject\Dataset\231778.jpg,.jpg,0.07,OK,
C:\Users\User\OneDrive\Documents\Uni\Dissertation\MScProject\Dataset\231779.jpg,.jpg,0.01,OK,
C:\Users\User\OneDrive\Documents\Uni\Dissertation\MScProject\Dataset\231780.jpg,.jpg,0.04,OK,
C:\Users\User\OneDrive\Documents\Uni\Dissertation\MScProject\Dataset\231782.jpg,.jpg,1.24,OK,
C:\Users\User\OneDrive\Documents\Uni\Dissertation\MScProject\Dataset\231783.jpg,.jpg,0.01,OK,
C:\Users\User\OneDrive\Documents\Uni\Dissertation\MScProject\Dataset\231784.jpg,.jpg,0.01,OK,
C:\Users\User\OneDrive\Documents\Uni\Dissertation\MScProject\Dataset\231785.jpg,.jpg,0.05,OK,
C:\Users\User\OneDrive\Documents\Uni\Dissertation\MScProject\Dataset\231786.jpg,.jpg,0.01,OK,
C:\Users\User\OneDrive\Documents\Uni\Dissertation\MScProject\Dataset\231787.jpg,.jpg,0.0,OK,
C:\Users\User\OneDrive\Documents\Uni\Dissertation\MScProject\Dataset\231788.jpg,.jpg,0.02,OK,
C:\Users\User\OneDrive\Documents\Uni\Dissertation\MScProject\Dataset\231789.jpg,.jpg,0.1,OK,
C:\Users\User\OneDrive\Documents\Uni\Dissertation\MScProject\Dataset\231790.jpg,.jpg,0.01,OK,
C:\Users\User\OneDrive\Documents\Uni\Dissertation\MScProject\Dataset\231791.jpg,.jpg,0.0,OK,
C:\Users\User\OneDrive\Documents\Uni\Dissertation\MScProject\Dataset\231794.jpg,.jpg,0.01,OK,
C:\Users\User\OneDrive\Documents\Uni\Dissertation\MScProject\Dataset\231795.jpg,.jpg,0.01,OK,
C:\Users\User\OneDrive\Documents\Uni\Dissertation\MScProject\Dataset\231796.jpg,.jpg,0.0,OK,
C:\Users\User\OneDrive\Documents\Uni\Dissertation\MScProject\Dataset\231797.jpg,.jpg,0.02,OK,
C:\Users\User\OneDrive\Documents\Uni\Dissertation\MScProject\Dataset\231798.jpg,.jpg,0.02,OK,
C:\Users\User\OneDrive\Documents\Uni\Dissertation\MScProject\Dataset\231800.jpg,.jpg,0.07,OK,
C:\Users\User\OneDrive\Documents\Uni\Dissertation\MScProject\Dataset\231802.jpg,.jpg,0.01,OK,
C:\Users\User\OneDrive\Documents\Uni\Dissertation\MScProject\Dataset\231803.jpg,.jpg,0.02,OK,
C:\Users\User\OneDrive\Documents\Uni\Dissertation\MScProject\Dataset\231804.jpg,.jpg,0.01,OK,
C:\Users\User\OneDrive\Documents\Uni\Dissertation\MScProject\Dataset\231805.jpg,.jpg,0.02,OK,
C:\Users\User\OneDrive\Documents\Uni\Dissertation\MScProject\Dataset\231820.jpg,.jpg,0.0,OK,
C:\Users\User\OneDrive\Documents\Uni\Dissertation\MScProject\Dataset\231829.jpg,.jpg,0.0,OK,
C:\Users\User\OneDrive\Documents\Uni\Dissertation\MScProject\Dataset\231918.jpg,.jpg,0.18,OK,
C:\Users\User\OneDrive\Documents\Uni\Dissertation\MScProject\Dataset\231921.jpg,.jpg,0.0,OK,
C:\Users\User\OneDrive\Documents\Uni\Dissertation\MScProject\Dataset\232322.jpg,.jpg,0.04,OK,
C:\Users\User\OneDrive\Documents\Uni\Dissertation\MScProject\Dataset\232508.jpg,.jpg,0.18,OK,
C:\Users\User\OneDrive\Documents\Uni\Dissertation\MScProject\Dataset\232509.jpg,.jpg,0.04,OK,
C:\Users\User\OneDrive\Documents\Uni\Dissertation\MScProject\Dataset\232510.jpg,.jpg,0.07,OK,
C:\Users\User\OneDrive\Documents\Uni\Dissertation\MScProject\Dataset\232511.jpg,.jpg,0.07,OK,
C:\Users\User\OneDrive\Documents\Uni\Dissertation\MScProject\Dataset\232512.jpg,.jpg,0.0,OK,
C:\Users\User\OneDrive\Documents\Uni\Dissertation\MScProject\Dataset\232515.jpg,.jpg,0.07,OK,
C:\Users\User\OneDrive\Documents\Uni\Dissertation\MScProject\Dataset\232517.jpg,.jpg,0.01,OK,
C:\Users\User\OneDrive\Documents\Uni\Dissertation\MScProject\Dataset\232527.jpg,.jpg,0.01,OK,
C:\Users\User\OneDrive\Documents\Uni\Dissertation\MScProject\Dataset\232528.jpg,.jpg,0.16,OK,
C:\Users\User\OneDrive\Documents\Uni\Dissertation\MScProject\Dataset\232532.jpg,.jpg,0.01,OK,
C:\Users\User\OneDrive\Documents\Uni\Dissertation\MScProject\Dataset\232538.jpg,.jpg,0.0,OK,
C:\Users\User\OneDrive\Documents\Uni\Dissertation\MScProject\Dataset\232807.jpg,.jpg,0.13,OK,
C:\Users\User\OneDrive\Documents\Uni\Dissertation\MScProject\Dataset\232808.jpg,.jpg,0.03,OK,
C:\Users\User\OneDrive\Documents\Uni\Dissertation\MScProject\Dataset\232821.jpg,.jpg,0.22,OK,
C:\Users\User\OneDrive\Documents\Uni\Dissertation\MScProject\Dataset\232822.jpg,.jpg,0.14,OK,
C:\Users\User\OneDrive\Documents\Uni\Dissertation\MScProject\Dataset\232830.jpg,.jpg,0.01,OK,
C:\Users\User\OneDrive\Documents\Uni\Dissertation\MScProject\Dataset\232866.jpg,.jpg,0.4,OK,
C:\Users\User\OneDrive\Documents\Uni\Dissertation\MScProject\Dataset\232868.jpg,.jpg,0.41,OK,
C:\Users\User\OneDrive\Documents\Uni\Dissertation\MScProject\Dataset\232869.jpg,.jpg,0.19,OK,
C:\Users\User\OneDrive\Documents\Uni\Dissertation\MScProject\Dataset\232870.jpg,.jpg,0.41,OK,
C:\Users\User\OneDrive\Documents\Uni\Dissertation\MScProject\Dataset\232871.jpg,.jpg,0.42,OK,
C:\Users\User\OneDrive\Documents\Uni\Dissertation\MScProject\Dataset\232872.jpg,.jpg,0.4,OK,
C:\Users\User\OneDrive\Documents\Uni\Dissertation\MScProject\Dataset\232873.jpg,.jpg,0.43,OK,
C:\Users\User\OneDrive\Documents\Uni\Dissertation\MScProject\Dataset\232874.jpg,.jpg,0.41,OK,
C:\Users\User\OneDrive\Documents\Uni\Dissertation\MScProject\Dataset\232875.jpg,.jpg,0.19,OK,
C:\Users\User\OneDrive\Documents\Uni\Dissertation\MScProject\Dataset\232876.jpg,.jpg,0.39,OK,
C:\Users\User\OneDrive\Documents\Uni\Dissertation\MScProject\Dataset\232877.jpg,.jpg,1.28,OK,
C:\Users\User\OneDrive\Documents\Uni\Dissertation\MScProject\Dataset\232878.jpg,.jpg,0.08,OK,
C:\Users\User\OneDrive\Documents\Uni\Dissertation\MScProject\Dataset\232879.jpg,.jpg,0.37,OK,
C:\Users\User\OneDrive\Documents\Uni\Dissertation\MScProject\Dataset\232884.jpg,.jpg,0.04,OK,
C:\Users\User\OneDrive\Documents\Uni\Dissertation\MScProject\Dataset\232886.jpg,.jpg,0.08,OK,
C:\Users\User\OneDrive\Documents\Uni\Dissertation\MScProject\Dataset\232888.jpg,.jpg,0.09,OK,
C:\Users\User\OneDrive\Documents\Uni\Dissertation\MScProject\Dataset\232889.jpg,.jpg,0.2,OK,
C:\Users\User\OneDrive\Documents\Uni\Dissertation\MScProject\Dataset\232895.jpg,.jpg,0.02,OK,
C:\Users\User\OneDrive\Documents\Uni\Dissertation\MScProject\Dataset\232896.jpg,.jpg,0.05,OK,
C:\Users\User\OneDrive\Documents\Uni\Dissertation\MScProject\Dataset\232898.jpg,.jpg,0.02,OK,
C:\Users\User\OneDrive\Documents\Uni\Dissertation\MScProject\Dataset\232899.jpg,.jpg,0.03,OK,
C:\Users\User\OneDrive\Documents\Uni\Dissertation\MScProject\Dataset\232900.jpg,.jpg,0.02,OK,
C:\Users\User\OneDrive\Documents\Uni\Dissertation\MScProject\Dataset\232901.jpg,.jpg,0.03,OK,
C:\Users\User\OneDrive\Documents\Uni\Dissertation\MScProject\Dataset\232902.jpg,.jpg,0.24,OK,
C:\Users\User\OneDrive\Documents\Uni\Dissertation\MScProject\Dataset\232903.jpg,.jpg,0.03,OK,
C:\Users\User\OneDrive\Documents\Uni\Dissertation\MScProject\Dataset\232904.jpg,.jpg,0.03,OK,
C:\Users\User\OneDrive\Documents\Uni\Dissertation\MScProject\Dataset\232905.jpg,.jpg,0.03,OK,
C:\Users\User\OneDrive\Documents\Uni\Dissertation\MScProject\Dataset\232907.jpg,.jpg,0.02,OK,
C:\Users\User\OneDrive\Documents\Uni\Dissertation\MScProject\Dataset\232908.jpg,.jpg,0.06,OK,
C:\Users\User\OneDrive\Documents\Uni\Dissertation\MScProject\Dataset\232909.jpg,.jpg,0.02,OK,
C:\Users\User\OneDrive\Documents\Uni\Dissertation\MScProject\Dataset\232910.jpg,.jpg,0.01,OK,
C:\Users\User\OneDrive\Documents\Uni\Dissertation\MScProject\Dataset\233160.jpg,.jpg,0.02,OK,
C:\Users\User\OneDrive\Documents\Uni\Dissertation\MScProject\Dataset\233161.jpg,.jpg,0.14,OK,
C:\Users\User\OneDrive\Documents\Uni\Dissertation\MScProject\Dataset\233162.jpg,.jpg,0.02,OK,
C:\Users\User\OneDrive\Documents\Uni\Dissertation\MScProject\Dataset\233163.jpg,.jpg,0.02,OK,
C:\Users\User\OneDrive\Documents\Uni\Dissertation\MScProject\Dataset\233164.jpg,.jpg,0.02,OK,
C:\Users\User\OneDrive\Documents\Uni\Dissertation\MScProject\Dataset\233165.jpg,.jpg,0.01,OK,
C:\Users\User\OneDrive\Documents\Uni\Dissertation\MScProject\Dataset\233167.jpg,.jpg,0.02,OK,
C:\Users\User\OneDrive\Documents\Uni\Dissertation\MScProject\Dataset\233168.jpg,.jpg,0.02,OK,
C:\Users\User\OneDrive\Documents\Uni\Dissertation\MScProject\Dataset\233169.jpg,.jpg,0.06,OK,
C:\Users\User\OneDrive\Documents\Uni\Dissertation\MScProject\Dataset\233170.jpg,.jpg,0.04,OK,
C:\Users\User\OneDrive\Documents\Uni\Dissertation\MScProject\Dataset\233174.jpg,.jpg,0.15,OK,
C:\Users\User\OneDrive\Documents\Uni\Dissertation\MScProject\Dataset\233181.jpg,.jpg,0.06,OK,
C:\Users\User\OneDrive\Documents\Uni\Dissertation\MScProject\Dataset\233182.jpg,.jpg,0.05,OK,
C:\Users\User\OneDrive\Documents\Uni\Dissertation\MScProject\Dataset\233183.jpg,.jpg,0.03,OK,
C:\Users\User\OneDrive\Documents\Uni\Dissertation\MScProject\Dataset\233184.jpg,.jpg,0.02,OK,
C:\Users\User\OneDrive\Documents\Uni\Dissertation\MScProject\Dataset\233185.jpg,.jpg,0.02,OK,
C:\Users\User\OneDrive\Documents\Uni\Dissertation\MScProject\Dataset\233513.jpg,.jpg,0.04,OK,
C:\Users\User\OneDrive\Documents\Uni\Dissertation\MScProject\Dataset\233608.jpg,.jpg,0.01,OK,
C:\Users\User\OneDrive\Documents\Uni\Dissertation\MScProject\Dataset\233609.jpg,.jpg,0.01,OK,
C:\Users\User\OneDrive\Documents\Uni\Dissertation\MScProject\Dataset\233610.jpg,.jpg,0.21,OK,
C:\Users\User\OneDrive\Documents\Uni\Dissertation\MScProject\Dataset\233611.jpg,.jpg,0.04,OK,
C:\Users\User\OneDrive\Documents\Uni\Dissertation\MScProject\Dataset\233612.jpg,.jpg,0.03,OK,
C:\Users\User\OneDrive\Documents\Uni\Dissertation\MScProject\Dataset\233613.jpg,.jpg,0.02,OK,
C:\Users\User\OneDrive\Documents\Uni\Dissertation\MScProject\Dataset\233614.jpg,.jpg,0.23,OK,
C:\Users\User\OneDrive\Documents\Uni\Dissertation\MScProject\Dataset\233722.jpg,.jpg,0.28,OK,
C:\Users\User\OneDrive\Documents\Uni\Dissertation\MScProject\Dataset\233723.jpg,.jpg,0.12,OK,
C:\Users\User\OneDrive\Documents\Uni\Dissertation\MScProject\Dataset\233724.jpg,.jpg,0.2,OK,
C:\Users\User\OneDrive\Documents\Uni\Dissertation\MScProject\Dataset\233725.jpg,.jpg,0.14,OK,
C:\Users\User\OneDrive\Documents\Uni\Dissertation\MScProject\Dataset\233726.jpg,.jpg,0.21,OK,
C:\Users\User\OneDrive\Documents\Uni\Dissertation\MScProject\Dataset\233727.jpg,.jpg,0.15,OK,
C:\Users\User\OneDrive\Documents\Uni\Dissertation\MScProject\Dataset\233728.jpg,.jpg,0.04,OK,
C:\Users\User\OneDrive\Documents\Uni\Dissertation\MScProject\Dataset\233729.jpg,.jpg,0.04,OK,
C:\Users\User\OneDrive\Documents\Uni\Dissertation\MScProject\Dataset\233731.jpg,.jpg,0.02,OK,
C:\Users\User\OneDrive\Documents\Uni\Dissertation\MScProject\Dataset\233979.jpg,.jpg,0.03,OK,
C:\Users\User\OneDrive\Documents\Uni\Dissertation\MScProject\Dataset\233980.jpg,.jpg,0.02,OK,
C:\Users\User\OneDrive\Documents\Uni\Dissertation\MScProject\Dataset\233981.jpg,.jpg,0.02,OK,
C:\Users\User\OneDrive\Documents\Uni\Dissertation\MScProject\Dataset\233982.jpg,.jpg,0.05,OK,
C:\Users\User\OneDrive\Documents\Uni\Dissertation\MScProject\Dataset\233983.jpg,.jpg,0.0,OK,
C:\Users\User\OneDrive\Documents\Uni\Dissertation\MScProject\Dataset\233984.jpg,.jpg,0.13,OK,
C:\Users\User\OneDrive\Documents\Uni\Dissertation\MScProject\Dataset\233985.jpg,.jpg,0.05,OK,
C:\Users\User\OneDrive\Documents\Uni\Dissertation\MScProject\Dataset\233986.jpg,.jpg,0.08,OK,
C:\Users\User\OneDrive\Documents\Uni\Dissertation\MScProject\Dataset\233987.jpg,.jpg,0.1,OK,
C:\Users\User\OneDrive\Documents\Uni\Dissertation\MScProject\Dataset\233988.jpg,.jpg,0.13,OK,
C:\Users\User\OneDrive\Documents\Uni\Dissertation\MScProject\Dataset\233989.jpg,.jpg,0.05,OK,
C:\Users\User\OneDrive\Documents\Uni\Dissertation\MScProject\Dataset\233990.jpg,.jpg,0.16,OK,
C:\Users\User\OneDrive\Documents\Uni\Dissertation\MScProject\Dataset\233991.jpg,.jpg,0.01,OK,
C:\Users\User\OneDrive\Documents\Uni\Dissertation\MScProject\Dataset\233992.jpg,.jpg,0.07,OK,
C:\Users\User\OneDrive\Documents\Uni\Dissertation\MScProject\Dataset\233994.jpg,.jpg,0.01,OK,
C:\Users\User\OneDrive\Documents\Uni\Dissertation\MScProject\Dataset\233995.jpg,.jpg,0.03,OK,
C:\Users\User\OneDrive\Documents\Uni\Dissertation\MScProject\Dataset\233997.jpg,.jpg,0.01,OK,
C:\Users\User\OneDrive\Documents\Uni\Dissertation\MScProject\Dataset\233998.jpg,.jpg,0.02,OK,
C:\Users\User\OneDrive\Documents\Uni\Dissertation\MScProject\Dataset\233999.jpg,.jpg,0.02,OK,
C:\Users\User\OneDrive\Documents\Uni\Dissertation\MScProject\Dataset\234000.jpg,.jpg,0.02,OK,
C:\Users\User\OneDrive\Documents\Uni\Dissertation\MScProject\Dataset\234001.jpg,.jpg,0.01,OK,
C:\Users\User\OneDrive\Documents\Uni\Dissertation\MScProject\Dataset\234002.jpg,.jpg,0.09,OK,
C:\Users\User\OneDrive\Documents\Uni\Dissertation\MScProject\Dataset\234003.jpg,.jpg,0.02,OK,
C:\Users\User\OneDrive\Documents\Uni\Dissertation\MScProject\Dataset\234004.jpg,.jpg,0.15,OK,
C:\Users\User\OneDrive\Documents\Uni\Dissertation\MScProject\Dataset\234005.jpg,.jpg,0.07,OK,
C:\Users\User\OneDrive\Documents\Uni\Dissertation\MScProject\Dataset\234006.jpg,.jpg,0.02,OK,
C:\Users\User\OneDrive\Documents\Uni\Dissertation\MScProject\Dataset\234007.jpg,.jpg,0.39,OK,
C:\Users\User\OneDrive\Documents\Uni\Dissertation\MScProject\Dataset\234008.jpg,.jpg,0.01,OK,
C:\Users\User\OneDrive\Documents\Uni\Dissertation\MScProject\Dataset\234009.jpg,.jpg,0.08,OK,
C:\Users\User\OneDrive\Documents\Uni\Dissertation\MScProject\Dataset\234010.jpg,.jpg,0.03,OK,
C:\Users\User\OneDrive\Documents\Uni\Dissertation\MScProject\Dataset\234011.jpg,.jpg,0.02,OK,
C:\Users\User\OneDrive\Documents\Uni\Dissertation\MScProject\Dataset\234012.jpg,.jpg,0.05,OK,
C:\Users\User\OneDrive\Documents\Uni\Dissertation\MScProject\Dataset\234013.jpg,.jpg,0.2,OK,
C:\Users\User\OneDrive\Documents\Uni\Dissertation\MScProject\Dataset\234015.jpg,.jpg,0.44,OK,
C:\Users\User\OneDrive\Documents\Uni\Dissertation\MScProject\Dataset\234016.jpg,.jpg,1.3,OK,
C:\Users\User\OneDrive\Documents\Uni\Dissertation\MScProject\Dataset\234017.jpg,.jpg,1.95,OK,
C:\Users\User\OneDrive\Documents\Uni\Dissertation\MScProject\Dataset\234018.jpg,.jpg,1.48,OK,
C:\Users\User\OneDrive\Documents\Uni\Dissertation\MScProject\Dataset\234019.jpg,.jpg,0.05,OK,
C:\Users\User\OneDrive\Documents\Uni\Dissertation\MScProject\Dataset\234020.jpg,.jpg,0.04,OK,
C:\Users\User\OneDrive\Documents\Uni\Dissertation\MScProject\Dataset\234021.jpg,.jpg,0.08,OK,
C:\Users\User\OneDrive\Documents\Uni\Dissertation\MScProject\Dataset\234022.jpg,.jpg,0.1,OK,
C:\Users\User\OneDrive\Documents\Uni\Dissertation\MScProject\Dataset\234023.jpg,.jpg,0.06,OK,
C:\Users\User\OneDrive\Documents\Uni\Dissertation\MScProject\Dataset\234024.jpg,.jpg,0.06,OK,
C:\Users\User\OneDrive\Documents\Uni\Dissertation\MScProject\Dataset\234026.jpg,.jpg,0.02,OK,
C:\Users\User\OneDrive\Documents\Uni\Dissertation\MScProject\Dataset\234033.jpg,.jpg,0.05,OK,
C:\Users\User\OneDrive\Documents\Uni\Dissertation\MScProject\Dataset\234034.jpg,.jpg,0.16,OK,
C:\Users\User\OneDrive\Documents\Uni\Dissertation\MScProject\Dataset\234059.jpg,.jpg,0.16,OK,
C:\Users\User\OneDrive\Documents\Uni\Dissertation\MScProject\Dataset\234062.jpg,.jpg,0.15,OK,
C:\Users\User\OneDrive\Documents\Uni\Dissertation\MScProject\Dataset\234067.jpg,.jpg,0.18,OK,
C:\Users\User\OneDrive\Documents\Uni\Dissertation\MScProject\Dataset\234168.jpg,.jpg,0.1,OK,
C:\Users\User\OneDrive\Documents\Uni\Dissertation\MScProject\Dataset\234169.jpg,.jpg,0.0,OK,
C:\Users\User\OneDrive\Documents\Uni\Dissertation\MScProject\Dataset\234170.jpg,.jpg,0.04,OK,
C:\Users\User\OneDrive\Documents\Uni\Dissertation\MScProject\Dataset\234172.jpg,.jpg,0.05,OK,
C:\Users\User\OneDrive\Documents\Uni\Dissertation\MScProject\Dataset\234173.jpg,.jpg,0.03,OK,
C:\Users\User\OneDrive\Documents\Uni\Dissertation\MScProject\Dataset\234174.jpg,.jpg,0.02,OK,
C:\Users\User\OneDrive\Documents\Uni\Dissertation\MScProject\Dataset\234175.jpg,.jpg,0.01,OK,
C:\Users\User\OneDrive\Documents\Uni\Dissertation\MScProject\Dataset\234176.jpg,.jpg,0.04,OK,
C:\Users\User\OneDrive\Documents\Uni\Dissertation\MScProject\Dataset\234177.jpg,.jpg,0.01,OK,
C:\Users\User\OneDrive\Documents\Uni\Dissertation\MScProject\Dataset\234381.jpg,.jpg,0.07,OK,
C:\Users\User\OneDrive\Documents\Uni\Dissertation\MScProject\Dataset\234382.jpg,.jpg,0.06,OK,
C:\Users\User\OneDrive\Documents\Uni\Dissertation\MScProject\Dataset\234383.jpg,.jpg,0.02,OK,
C:\Users\User\OneDrive\Documents\Uni\Dissertation\MScProject\Dataset\234384.jpg,.jpg,0.1,OK,
C:\Users\User\OneDrive\Documents\Uni\Dissertation\MScProject\Dataset\234386.jpg,.jpg,0.01,OK,
C:\Users\User\OneDrive\Documents\Uni\Dissertation\MScProject\Dataset\234387.jpg,.jpg,0.04,OK,
C:\Users\User\OneDrive\Documents\Uni\Dissertation\MScProject\Dataset\234388.jpg,.jpg,0.06,OK,
C:\Users\User\OneDrive\Documents\Uni\Dissertation\MScProject\Dataset\234389.jpg,.jpg,0.04,OK,
C:\Users\User\OneDrive\Documents\Uni\Dissertation\MScProject\Dataset\234390.jpg,.jpg,0.02,OK,
C:\Users\User\OneDrive\Documents\Uni\Dissertation\MScProject\Dataset\234391.jpg,.jpg,0.21,OK,
C:\Users\User\OneDrive\Documents\Uni\Dissertation\MScProject\Dataset\234392.jpg,.jpg,0.03,OK,
C:\Users\User\OneDrive\Documents\Uni\Dissertation\MScProject\Dataset\234393.jpg,.jpg,0.02,OK,
C:\Users\User\OneDrive\Documents\Uni\Dissertation\MScProject\Dataset\234394.jpg,.jpg,0.03,OK,
C:\Users\User\OneDrive\Documents\Uni\Dissertation\MScProject\Dataset\234395.jpg,.jpg,0.08,OK,
C:\Users\User\OneDrive\Documents\Uni\Dissertation\MScProject\Dataset\234397.jpg,.jpg,0.02,OK,
C:\Users\User\OneDrive\Documents\Uni\Dissertation\MScProject\Dataset\234398.jpg,.jpg,0.02,OK,
C:\Users\User\OneDrive\Documents\Uni\Dissertation\MScProject\Dataset\234400.jpg,.jpg,0.03,OK,
C:\Users\User\OneDrive\Documents\Uni\Dissertation\MScProject\Dataset\234402.jpg,.jpg,0.06,OK,
C:\Users\User\OneDrive\Documents\Uni\Dissertation\MScProject\Dataset\234403.jpg,.jpg,0.05,OK,
C:\Users\User\OneDrive\Documents\Uni\Dissertation\MScProject\Dataset\234404.jpg,.jpg,0.04,OK,
C:\Users\User\OneDrive\Documents\Uni\Dissertation\MScProject\Dataset\234405.jpg,.jpg,0.04,OK,
C:\Users\User\OneDrive\Documents\Uni\Dissertation\MScProject\Dataset\234406.jpg,.jpg,0.05,OK,
C:\Users\User\OneDrive\Documents\Uni\Dissertation\MScProject\Dataset\234408.jpg,.jpg,0.03,OK,
C:\Users\User\OneDrive\Documents\Uni\Dissertation\MScProject\Dataset\234409.jpg,.jpg,0.02,OK,
C:\Users\User\OneDrive\Documents\Uni\Dissertation\MScProject\Dataset\234410.jpg,.jpg,0.03,OK,
C:\Users\User\OneDrive\Documents\Uni\Dissertation\MScProject\Dataset\234411.jpg,.jpg,0.01,OK,
C:\Users\User\OneDrive\Documents\Uni\Dissertation\MScProject\Dataset\234412.jpg,.jpg,0.03,OK,
C:\Users\User\OneDrive\Documents\Uni\Dissertation\MScProject\Dataset\234413.jpg,.jpg,0.01,OK,
C:\Users\User\OneDrive\Documents\Uni\Dissertation\MScProject\Dataset\234414.jpg,.jpg,0.01,OK,
C:\Users\User\OneDrive\Documents\Uni\Dissertation\MScProject\Dataset\234415.jpg,.jpg,0.03,OK,
C:\Users\User\OneDrive\Documents\Uni\Dissertation\MScProject\Dataset\234416.jpg,.jpg,0.03,OK,
C:\Users\User\OneDrive\Documents\Uni\Dissertation\MScProject\Dataset\234417.jpg,.jpg,0.0,OK,
C:\Users\User\OneDrive\Documents\Uni\Dissertation\MScProject\Dataset\234418.jpg,.jpg,0.01,OK,
C:\Users\User\OneDrive\Documents\Uni\Dissertation\MScProject\Dataset\234419.jpg,.jpg,0.03,OK,
C:\Users\User\OneDrive\Documents\Uni\Dissertation\MScProject\Dataset\234423.jpg,.jpg,0.01,OK,
C:\Users\User\OneDrive\Documents\Uni\Dissertation\MScProject\Dataset\234505.jpg,.jpg,0.41,OK,
C:\Users\User\OneDrive\Documents\Uni\Dissertation\MScProject\Dataset\234652.jpg,.jpg,0.02,OK,
C:\Users\User\OneDrive\Documents\Uni\Dissertation\MScProject\Dataset\234653.jpg,.jpg,0.01,OK,
C:\Users\User\OneDrive\Documents\Uni\Dissertation\MScProject\Dataset\234654.jpg,.jpg,0.03,OK,
C:\Users\User\OneDrive\Documents\Uni\Dissertation\MScProject\Dataset\234657.jpg,.jpg,0.05,OK,
C:\Users\User\OneDrive\Documents\Uni\Dissertation\MScProject\Dataset\234658.jpg,.jpg,0.03,OK,
C:\Users\User\OneDrive\Documents\Uni\Dissertation\MScProject\Dataset\234659.jpg,.jpg,0.0,OK,
C:\Users\User\OneDrive\Documents\Uni\Dissertation\MScProject\Dataset\234660.jpg,.jpg,0.03,OK,
C:\Users\User\OneDrive\Documents\Uni\Dissertation\MScProject\Dataset\234662.jpg,.jpg,0.02,OK,
C:\Users\User\OneDrive\Documents\Uni\Dissertation\MScProject\Dataset\234663.jpg,.jpg,0.03,OK,
C:\Users\User\OneDrive\Documents\Uni\Dissertation\MScProject\Dataset\234664.jpg,.jpg,0.03,OK,
C:\Users\User\OneDrive\Documents\Uni\Dissertation\MScProject\Dataset\234665.jpg,.jpg,0.02,OK,
C:\Users\User\OneDrive\Documents\Uni\Dissertation\MScProject\Dataset\234666.jpg,.jpg,0.01,OK,
C:\Users\User\OneDrive\Documents\Uni\Dissertation\MScProject\Dataset\234667.jpg,.jpg,0.0,OK,
C:\Users\User\OneDrive\Documents\Uni\Dissertation\MScProject\Dataset\234669.jpg,.jpg,0.04,OK,
C:\Users\User\OneDrive\Documents\Uni\Dissertation\MScProject\Dataset\234670.jpg,.jpg,0.03,OK,
C:\Users\User\OneDrive\Documents\Uni\Dissertation\MScProject\Dataset\234674.jpg,.jpg,0.04,OK,
C:\Users\User\OneDrive\Documents\Uni\Dissertation\MScProject\Dataset\234675.jpg,.jpg,0.06,OK,
C:\Users\User\OneDrive\Documents\Uni\Dissertation\MScProject\Dataset\234676.jpg,.jpg,0.03,OK,
C:\Users\User\OneDrive\Documents\Uni\Dissertation\MScProject\Dataset\234678.jpg,.jpg,0.06,OK,
C:\Users\User\OneDrive\Documents\Uni\Dissertation\MScProject\Dataset\234679.jpg,.jpg,0.01,OK,
C:\Users\User\OneDrive\Documents\Uni\Dissertation\MScProject\Dataset\234680.jpg,.jpg,0.01,OK,
C:\Users\User\OneDrive\Documents\Uni\Dissertation\MScProject\Dataset\234681.jpg,.jpg,0.07,OK,
C:\Users\User\OneDrive\Documents\Uni\Dissertation\MScProject\Dataset\234682.jpg,.jpg,0.05,OK,
C:\Users\User\OneDrive\Documents\Uni\Dissertation\MScProject\Dataset\234683.jpg,.jpg,0.01,OK,
C:\Users\User\OneDrive\Documents\Uni\Dissertation\MScProject\Dataset\234685.jpg,.jpg,0.01,OK,
C:\Users\User\OneDrive\Documents\Uni\Dissertation\MScProject\Dataset\234686.jpg,.jpg,0.04,OK,
C:\Users\User\OneDrive\Documents\Uni\Dissertation\MScProject\Dataset\234687.jpg,.jpg,0.01,OK,
C:\Users\User\OneDrive\Documents\Uni\Dissertation\MScProject\Dataset\234688.jpg,.jpg,0.01,OK,
C:\Users\User\OneDrive\Documents\Uni\Dissertation\MScProject\Dataset\234690.jpg,.jpg,0.01,OK,
C:\Users\User\OneDrive\Documents\Uni\Dissertation\MScProject\Dataset\234691.jpg,.jpg,0.08,OK,
C:\Users\User\OneDrive\Documents\Uni\Dissertation\MScProject\Dataset\234695.jpg,.jpg,0.05,OK,
C:\Users\User\OneDrive\Documents\Uni\Dissertation\MScProject\Dataset\234697.jpg,.jpg,0.03,OK,
C:\Users\User\OneDrive\Documents\Uni\Dissertation\MScProject\Dataset\234788.jpg,.jpg,0.08,OK,
C:\Users\User\OneDrive\Documents\Uni\Dissertation\MScProject\Dataset\234789.jpg,.jpg,0.5,OK,
C:\Users\User\OneDrive\Documents\Uni\Dissertation\MScProject\Dataset\234794.jpg,.jpg,0.0,OK,
C:\Users\User\OneDrive\Documents\Uni\Dissertation\MScProject\Dataset\234795.jpg,.jpg,0.05,OK,
C:\Users\User\OneDrive\Documents\Uni\Dissertation\MScProject\Dataset\234796.jpg,.jpg,0.05,OK,
C:\Users\User\OneDrive\Documents\Uni\Dissertation\MScProject\Dataset\234799.jpg,.jpg,0.03,OK,
C:\Users\User\OneDrive\Documents\Uni\Dissertation\MScProject\Dataset\234907.jpg,.jpg,0.01,OK,
C:\Users\User\OneDrive\Documents\Uni\Dissertation\MScProject\Dataset\234908.jpg,.jpg,0.14,OK,
C:\Users\User\OneDrive\Documents\Uni\Dissertation\MScProject\Dataset\234909.jpg,.jpg,0.01,OK,
C:\Users\User\OneDrive\Documents\Uni\Dissertation\MScProject\Dataset\234910.jpg,.jpg,0.0,OK,
C:\Users\User\OneDrive\Documents\Uni\Dissertation\MScProject\Dataset\235157.jpg,.jpg,0.02,OK,
C:\Users\User\OneDrive\Documents\Uni\Dissertation\MScProject\Dataset\235158.jpg,.jpg,0.02,OK,
C:\Users\User\OneDrive\Documents\Uni\Dissertation\MScProject\Dataset\235159.jpg,.jpg,0.0,OK,
C:\Users\User\OneDrive\Documents\Uni\Dissertation\MScProject\Dataset\235160.jpg,.jpg,0.01,OK,
C:\Users\User\OneDrive\Documents\Uni\Dissertation\MScProject\Dataset\235161.jpg,.jpg,0.01,OK,
C:\Users\User\OneDrive\Documents\Uni\Dissertation\MScProject\Dataset\235162.jpg,.jpg,0.04,OK,
C:\Users\User\OneDrive\Documents\Uni\Dissertation\MScProject\Dataset\235164.jpg,.jpg,0.02,OK,
C:\Users\User\OneDrive\Documents\Uni\Dissertation\MScProject\Dataset\235165.jpg,.jpg,0.02,OK,
C:\Users\User\OneDrive\Documents\Uni\Dissertation\MScProject\Dataset\235166.jpg,.jpg,0.02,OK,
C:\Users\User\OneDrive\Documents\Uni\Dissertation\MScProject\Dataset\235168.jpg,.jpg,0.02,OK,
C:\Users\User\OneDrive\Documents\Uni\Dissertation\MScProject\Dataset\235169.jpg,.jpg,0.02,OK,
C:\Users\User\OneDrive\Documents\Uni\Dissertation\MScProject\Dataset\235171.jpg,.jpg,0.02,OK,
C:\Users\User\OneDrive\Documents\Uni\Dissertation\MScProject\Dataset\235172.jpg,.jpg,0.01,OK,
C:\Users\User\OneDrive\Documents\Uni\Dissertation\MScProject\Dataset\235173.jpg,.jpg,0.01,OK,
C:\Users\User\OneDrive\Documents\Uni\Dissertation\MScProject\Dataset\235174.jpg,.jpg,0.01,OK,
C:\Users\User\OneDrive\Documents\Uni\Dissertation\MScProject\Dataset\235176.jpg,.jpg,0.03,OK,
C:\Users\User\OneDrive\Documents\Uni\Dissertation\MScProject\Dataset\235177.jpg,.jpg,0.01,OK,
C:\Users\User\OneDrive\Documents\Uni\Dissertation\MScProject\Dataset\235178.jpg,.jpg,0.01,OK,
C:\Users\User\OneDrive\Documents\Uni\Dissertation\MScProject\Dataset\235180.jpg,.jpg,0.03,OK,
C:\Users\User\OneDrive\Documents\Uni\Dissertation\MScProject\Dataset\235181.jpg,.jpg,0.01,OK,
C:\Users\User\OneDrive\Documents\Uni\Dissertation\MScProject\Dataset\235182.jpg,.jpg,0.02,OK,
C:\Users\User\OneDrive\Documents\Uni\Dissertation\MScProject\Dataset\235184.jpg,.jpg,0.02,OK,
C:\Users\User\OneDrive\Documents\Uni\Dissertation\MScProject\Dataset\235185.jpg,.jpg,0.01,OK,
C:\Users\User\OneDrive\Documents\Uni\Dissertation\MScProject\Dataset\235187.jpg,.jpg,0.02,OK,
C:\Users\User\OneDrive\Documents\Uni\Dissertation\MScProject\Dataset\235190.jpg,.jpg,0.02,OK,
C:\Users\User\OneDrive\Documents\Uni\Dissertation\MScProject\Dataset\235197.jpg,.jpg,0.02,OK,
C:\Users\User\OneDrive\Documents\Uni\Dissertation\MScProject\Dataset\235198.jpg,.jpg,0.02,OK,
C:\Users\User\OneDrive\Documents\Uni\Dissertation\MScProject\Dataset\235199.jpg,.jpg,0.02,OK,
C:\Users\User\OneDrive\Documents\Uni\Dissertation\MScProject\Dataset\235200.jpg,.jpg,0.01,OK,
C:\Users\User\OneDrive\Documents\Uni\Dissertation\MScProject\Dataset\235203.jpg,.jpg,0.0,OK,
C:\Users\User\OneDrive\Documents\Uni\Dissertation\MScProject\Dataset\235362.jpg,.jpg,0.02,OK,
C:\Users\User\OneDrive\Documents\Uni\Dissertation\MScProject\Dataset\235404.jpg,.jpg,0.29,OK,
C:\Users\User\OneDrive\Documents\Uni\Dissertation\MScProject\Dataset\235407.jpg,.jpg,0.1,OK,
C:\Users\User\OneDrive\Documents\Uni\Dissertation\MScProject\Dataset\235478.jpg,.jpg,0.03,OK,
C:\Users\User\OneDrive\Documents\Uni\Dissertation\MScProject\Dataset\235479.jpg,.jpg,0.03,OK,
C:\Users\User\OneDrive\Documents\Uni\Dissertation\MScProject\Dataset\235480.jpg,.jpg,0.03,OK,
C:\Users\User\OneDrive\Documents\Uni\Dissertation\MScProject\Dataset\235481.jpg,.jpg,0.03,OK,
C:\Users\User\OneDrive\Documents\Uni\Dissertation\MScProject\Dataset\235482.jpg,.jpg,0.01,OK,
C:\Users\User\OneDrive\Documents\Uni\Dissertation\MScProject\Dataset\235483.jpg,.jpg,0.01,OK,
C:\Users\User\OneDrive\Documents\Uni\Dissertation\MScProject\Dataset\235484.jpg,.jpg,0.02,OK,
C:\Users\User\OneDrive\Documents\Uni\Dissertation\MScProject\Dataset\235485.jpg,.jpg,0.02,OK,
C:\Users\User\OneDrive\Documents\Uni\Dissertation\MScProject\Dataset\235487.jpg,.jpg,0.03,OK,
C:\Users\User\OneDrive\Documents\Uni\Dissertation\MScProject\Dataset\235488.jpg,.jpg,0.05,OK,
C:\Users\User\OneDrive\Documents\Uni\Dissertation\MScProject\Dataset\235489.jpg,.jpg,0.03,OK,
C:\Users\User\OneDrive\Documents\Uni\Dissertation\MScProject\Dataset\235490.jpg,.jpg,0.02,OK,
C:\Users\User\OneDrive\Documents\Uni\Dissertation\MScProject\Dataset\235491.jpg,.jpg,0.03,OK,
C:\Users\User\OneDrive\Documents\Uni\Dissertation\MScProject\Dataset\235492.jpg,.jpg,0.03,OK,
C:\Users\User\OneDrive\Documents\Uni\Dissertation\MScProject\Dataset\235493.jpg,.jpg,0.02,OK,
C:\Users\User\OneDrive\Documents\Uni\Dissertation\MScProject\Dataset\235494.jpg,.jpg,0.02,OK,
C:\Users\User\OneDrive\Documents\Uni\Dissertation\MScProject\Dataset\235495.jpg,.jpg,0.03,OK,
C:\Users\User\OneDrive\Documents\Uni\Dissertation\MScProject\Dataset\235496.jpg,.jpg,0.02,OK,
C:\Users\User\OneDrive\Documents\Uni\Dissertation\MScProject\Dataset\235497.jpg,.jpg,0.01,OK,
C:\Users\User\OneDrive\Documents\Uni\Dissertation\MScProject\Dataset\235498.jpg,.jpg,0.02,OK,
C:\Users\User\OneDrive\Documents\Uni\Dissertation\MScProject\Dataset\235783.jpg,.jpg,0.02,OK,
C:\Users\User\OneDrive\Documents\Uni\Dissertation\MScProject\Dataset\235784.jpg,.jpg,0.02,OK,
C:\Users\User\OneDrive\Documents\Uni\Dissertation\MScProject\Dataset\235785.jpg,.jpg,0.02,OK,
C:\Users\User\OneDrive\Documents\Uni\Dissertation\MScProject\Dataset\235786.jpg,.jpg,2.93,OK,
C:\Users\User\OneDrive\Documents\Uni\Dissertation\MScProject\Dataset\235787.jpg,.jpg,2.9,OK,
C:\Users\User\OneDrive\Documents\Uni\Dissertation\MScProject\Dataset\235788.jpg,.jpg,0.22,OK,
C:\Users\User\OneDrive\Documents\Uni\Dissertation\MScProject\Dataset\235789.jpg,.jpg,0.01,OK,
C:\Users\User\OneDrive\Documents\Uni\Dissertation\MScProject\Dataset\235790.jpg,.jpg,0.01,OK,
C:\Users\User\OneDrive\Documents\Uni\Dissertation\MScProject\Dataset\235792.jpg,.jpg,0.06,OK,
C:\Users\User\OneDrive\Documents\Uni\Dissertation\MScProject\Dataset\235798.jpg,.jpg,0.02,OK,
C:\Users\User\OneDrive\Documents\Uni\Dissertation\MScProject\Dataset\235799.jpg,.jpg,0.04,OK,
C:\Users\User\OneDrive\Documents\Uni\Dissertation\MScProject\Dataset\235800.jpg,.jpg,0.02,OK,
C:\Users\User\OneDrive\Documents\Uni\Dissertation\MScProject\Dataset\235802.jpg,.jpg,0.17,OK,
C:\Users\User\OneDrive\Documents\Uni\Dissertation\MScProject\Dataset\235803.jpg,.jpg,0.02,OK,
C:\Users\User\OneDrive\Documents\Uni\Dissertation\MScProject\Dataset\235805.jpg,.jpg,0.25,OK,
C:\Users\User\OneDrive\Documents\Uni\Dissertation\MScProject\Dataset\235807.jpg,.jpg,0.18,OK,
C:\Users\User\OneDrive\Documents\Uni\Dissertation\MScProject\Dataset\235808.jpg,.jpg,0.22,OK,
C:\Users\User\OneDrive\Documents\Uni\Dissertation\MScProject\Dataset\235809.jpg,.jpg,0.03,OK,
C:\Users\User\OneDrive\Documents\Uni\Dissertation\MScProject\Dataset\235811.jpg,.jpg,0.15,OK,
C:\Users\User\OneDrive\Documents\Uni\Dissertation\MScProject\Dataset\235812.jpg,.jpg,0.04,OK,
C:\Users\User\OneDrive\Documents\Uni\Dissertation\MScProject\Dataset\235813.jpg,.jpg,0.05,OK,
C:\Users\User\OneDrive\Documents\Uni\Dissertation\MScProject\Dataset\235816.jpg,.jpg,0.12,OK,
C:\Users\User\OneDrive\Documents\Uni\Dissertation\MScProject\Dataset\235818.jpg,.jpg,0.02,OK,
C:\Users\User\OneDrive\Documents\Uni\Dissertation\MScProject\Dataset\235819.jpg,.jpg,0.04,OK,
C:\Users\User\OneDrive\Documents\Uni\Dissertation\MScProject\Dataset\235822.jpg,.jpg,0.01,OK,
C:\Users\User\OneDrive\Documents\Uni\Dissertation\MScProject\Dataset\235824.jpg,.jpg,0.02,OK,
C:\Users\User\OneDrive\Documents\Uni\Dissertation\MScProject\Dataset\235825.jpg,.jpg,0.03,OK,
C:\Users\User\OneDrive\Documents\Uni\Dissertation\MScProject\Dataset\235826.jpg,.jpg,0.05,OK,
C:\Users\User\OneDrive\Documents\Uni\Dissertation\MScProject\Dataset\235827.jpg,.jpg,0.06,OK,
C:\Users\User\OneDrive\Documents\Uni\Dissertation\MScProject\Dataset\235829.jpg,.jpg,0.16,OK,
C:\Users\User\OneDrive\Documents\Uni\Dissertation\MScProject\Dataset\235830.jpg,.jpg,0.01,OK,
C:\Users\User\OneDrive\Documents\Uni\Dissertation\MScProject\Dataset\235831.jpg,.jpg,0.04,OK,
C:\Users\User\OneDrive\Documents\Uni\Dissertation\MScProject\Dataset\235832.jpg,.jpg,0.04,OK,
C:\Users\User\OneDrive\Documents\Uni\Dissertation\MScProject\Dataset\236226.jpg,.jpg,0.04,OK,
C:\Users\User\OneDrive\Documents\Uni\Dissertation\MScProject\Dataset\236227.jpg,.jpg,0.05,OK,
C:\Users\User\OneDrive\Documents\Uni\Dissertation\MScProject\Dataset\236228.jpg,.jpg,0.04,OK,
C:\Users\User\OneDrive\Documents\Uni\Dissertation\MScProject\Dataset\236229.jpg,.jpg,0.06,OK,
C:\Users\User\OneDrive\Documents\Uni\Dissertation\MScProject\Dataset\236231.jpg,.jpg,0.06,OK,
C:\Users\User\OneDrive\Documents\Uni\Dissertation\MScProject\Dataset\236233.jpg,.jpg,0.05,OK,
C:\Users\User\OneDrive\Documents\Uni\Dissertation\MScProject\Dataset\236234.jpg,.jpg,0.06,OK,
C:\Users\User\OneDrive\Documents\Uni\Dissertation\MScProject\Dataset\236235.jpg,.jpg,0.06,OK,
C:\Users\User\OneDrive\Documents\Uni\Dissertation\MScProject\Dataset\236236.jpg,.jpg,0.06,OK,
C:\Users\User\OneDrive\Documents\Uni\Dissertation\MScProject\Dataset\236237.jpg,.jpg,0.06,OK,
C:\Users\User\OneDrive\Documents\Uni\Dissertation\MScProject\Dataset\236238.jpg,.jpg,0.12,OK,
C:\Users\User\OneDrive\Documents\Uni\Dissertation\MScProject\Dataset\236240.jpg,.jpg,0.06,OK,
C:\Users\User\OneDrive\Documents\Uni\Dissertation\MScProject\Dataset\236241.jpg,.jpg,0.25,OK,
C:\Users\User\OneDrive\Documents\Uni\Dissertation\MScProject\Dataset\236242.jpg,.jpg,0.06,OK,
C:\Users\User\OneDrive\Documents\Uni\Dissertation\MScProject\Dataset\236243.jpg,.jpg,0.01,OK,
C:\Users\User\OneDrive\Documents\Uni\Dissertation\MScProject\Dataset\236244.jpg,.jpg,0.04,OK,
C:\Users\User\OneDrive\Documents\Uni\Dissertation\MScProject\Dataset\236245.jpg,.jpg,0.04,OK,
C:\Users\User\OneDrive\Documents\Uni\Dissertation\MScProject\Dataset\236247.jpg,.jpg,0.06,OK,
C:\Users\User\OneDrive\Documents\Uni\Dissertation\MScProject\Dataset\236248.jpg,.jpg,1.5,OK,
C:\Users\User\OneDrive\Documents\Uni\Dissertation\MScProject\Dataset\236252.jpg,.jpg,0.03,OK,
C:\Users\User\OneDrive\Documents\Uni\Dissertation\MScProject\Dataset\236253.jpg,.jpg,2.49,OK,
C:\Users\User\OneDrive\Documents\Uni\Dissertation\MScProject\Dataset\236254.jpg,.jpg,0.04,OK,
C:\Users\User\OneDrive\Documents\Uni\Dissertation\MScProject\Dataset\236256.jpg,.jpg,0.05,OK,
C:\Users\User\OneDrive\Documents\Uni\Dissertation\MScProject\Dataset\236257.jpg,.jpg,0.15,OK,
C:\Users\User\OneDrive\Documents\Uni\Dissertation\MScProject\Dataset\236258.jpg,.jpg,0.06,OK,
C:\Users\User\OneDrive\Documents\Uni\Dissertation\MScProject\Dataset\236259.jpg,.jpg,0.02,OK,
C:\Users\User\OneDrive\Documents\Uni\Dissertation\MScProject\Dataset\236261.jpg,.jpg,0.02,OK,
C:\Users\User\OneDrive\Documents\Uni\Dissertation\MScProject\Dataset\236262.jpg,.jpg,0.1,OK,
C:\Users\User\OneDrive\Documents\Uni\Dissertation\MScProject\Dataset\236263.jpg,.jpg,0.0,OK,
C:\Users\User\OneDrive\Documents\Uni\Dissertation\MScProject\Dataset\236264.jpg,.jpg,0.2,OK,
C:\Users\User\OneDrive\Documents\Uni\Dissertation\MScProject\Dataset\236502.jpg,.jpg,0.0,OK,
C:\Users\User\OneDrive\Documents\Uni\Dissertation\MScProject\Dataset\236503.jpg,.jpg,1.0,OK,
C:\Users\User\OneDrive\Documents\Uni\Dissertation\MScProject\Dataset\236505.jpg,.jpg,0.01,OK,
C:\Users\User\OneDrive\Documents\Uni\Dissertation\MScProject\Dataset\236506.jpg,.jpg,0.01,OK,
C:\Users\User\OneDrive\Documents\Uni\Dissertation\MScProject\Dataset\236507.jpg,.jpg,0.01,OK,
C:\Users\User\OneDrive\Documents\Uni\Dissertation\MScProject\Dataset\236508.jpg,.jpg,0.11,OK,
C:\Users\User\OneDrive\Documents\Uni\Dissertation\MScProject\Dataset\236509.jpg,.jpg,0.01,OK,
C:\Users\User\OneDrive\Documents\Uni\Dissertation\MScProject\Dataset\236510.jpg,.jpg,0.01,OK,
C:\Users\User\OneDrive\Documents\Uni\Dissertation\MScProject\Dataset\236511.jpg,.jpg,0.01,OK,
C:\Users\User\OneDrive\Documents\Uni\Dissertation\MScProject\Dataset\236512.jpg,.jpg,0.0,OK,
C:\Users\User\OneDrive\Documents\Uni\Dissertation\MScProject\Dataset\236513.jpg,.jpg,0.02,OK,
C:\Users\User\OneDrive\Documents\Uni\Dissertation\MScProject\Dataset\236514.jpg,.jpg,6.21,OK,
C:\Users\User\OneDrive\Documents\Uni\Dissertation\MScProject\Dataset\236515.jpg,.jpg,1.77,OK,
C:\Users\User\OneDrive\Documents\Uni\Dissertation\MScProject\Dataset\236516.jpg,.jpg,1.92,OK,
C:\Users\User\OneDrive\Documents\Uni\Dissertation\MScProject\Dataset\236517.jpg,.jpg,5.48,OK,
C:\Users\User\OneDrive\Documents\Uni\Dissertation\MScProject\Dataset\236518.jpg,.jpg,0.01,OK,
C:\Users\User\OneDrive\Documents\Uni\Dissertation\MScProject\Dataset\236519.jpg,.jpg,0.04,OK,
C:\Users\User\OneDrive\Documents\Uni\Dissertation\MScProject\Dataset\236520.jpg,.jpg,0.04,OK,
C:\Users\User\OneDrive\Documents\Uni\Dissertation\MScProject\Dataset\236524.jpg,.jpg,0.08,OK,
C:\Users\User\OneDrive\Documents\Uni\Dissertation\MScProject\Dataset\236526.jpg,.jpg,0.02,OK,
C:\Users\User\OneDrive\Documents\Uni\Dissertation\MScProject\Dataset\236527.jpg,.jpg,1.28,OK,
C:\Users\User\OneDrive\Documents\Uni\Dissertation\MScProject\Dataset\236528.jpg,.jpg,0.03,OK,
C:\Users\User\OneDrive\Documents\Uni\Dissertation\MScProject\Dataset\236529.jpg,.jpg,1.38,OK,
C:\Users\User\OneDrive\Documents\Uni\Dissertation\MScProject\Dataset\236531.jpg,.jpg,0.01,OK,
C:\Users\User\OneDrive\Documents\Uni\Dissertation\MScProject\Dataset\236532.jpg,.jpg,0.05,OK,
C:\Users\User\OneDrive\Documents\Uni\Dissertation\MScProject\Dataset\236533.jpg,.jpg,0.01,OK,
C:\Users\User\OneDrive\Documents\Uni\Dissertation\MScProject\Dataset\236535.jpg,.jpg,0.02,OK,
C:\Users\User\OneDrive\Documents\Uni\Dissertation\MScProject\Dataset\236536.jpg,.jpg,0.13,OK,
C:\Users\User\OneDrive\Documents\Uni\Dissertation\MScProject\Dataset\236539.jpg,.jpg,0.0,OK,
C:\Users\User\OneDrive\Documents\Uni\Dissertation\MScProject\Dataset\236540.jpg,.jpg,0.02,OK,
C:\Users\User\OneDrive\Documents\Uni\Dissertation\MScProject\Dataset\236542.jpg,.jpg,0.03,OK,
C:\Users\User\OneDrive\Documents\Uni\Dissertation\MScProject\Dataset\236543.jpg,.jpg,0.01,OK,
C:\Users\User\OneDrive\Documents\Uni\Dissertation\MScProject\Dataset\236551.jpg,.jpg,0.11,OK,
C:\Users\User\OneDrive\Documents\Uni\Dissertation\MScProject\Dataset\236568.jpg,.jpg,0.05,OK,
C:\Users\User\OneDrive\Documents\Uni\Dissertation\MScProject\Dataset\236569.jpg,.jpg,0.04,OK,
C:\Users\User\OneDrive\Documents\Uni\Dissertation\MScProject\Dataset\236602.jpg,.jpg,0.13,OK,
C:\Users\User\OneDrive\Documents\Uni\Dissertation\MScProject\Dataset\236603.jpg,.jpg,0.14,OK,
C:\Users\User\OneDrive\Documents\Uni\Dissertation\MScProject\Dataset\236604.jpg,.jpg,0.12,OK,
C:\Users\User\OneDrive\Documents\Uni\Dissertation\MScProject\Dataset\236605.jpg,.jpg,0.08,OK,
C:\Users\User\OneDrive\Documents\Uni\Dissertation\MScProject\Dataset\236609.jpg,.jpg,0.01,OK,
C:\Users\User\OneDrive\Documents\Uni\Dissertation\MScProject\Dataset\236610.jpg,.jpg,0.02,OK,
C:\Users\User\OneDrive\Documents\Uni\Dissertation\MScProject\Dataset\236617.jpg,.jpg,0.02,OK,
C:\Users\User\OneDrive\Documents\Uni\Dissertation\MScProject\Dataset\236923.jpg,.jpg,0.02,OK,
C:\Users\User\OneDrive\Documents\Uni\Dissertation\MScProject\Dataset\236924.jpg,.jpg,0.03,OK,
C:\Users\User\OneDrive\Documents\Uni\Dissertation\MScProject\Dataset\236926.jpg,.jpg,0.02,OK,
C:\Users\User\OneDrive\Documents\Uni\Dissertation\MScProject\Dataset\236927.jpg,.jpg,0.06,OK,
C:\Users\User\OneDrive\Documents\Uni\Dissertation\MScProject\Dataset\236928.jpg,.jpg,0.02,OK,
C:\Users\User\OneDrive\Documents\Uni\Dissertation\MScProject\Dataset\236931.jpg,.jpg,0.08,OK,
C:\Users\User\OneDrive\Documents\Uni\Dissertation\MScProject\Dataset\236936.jpg,.jpg,0.02,OK,
C:\Users\User\OneDrive\Documents\Uni\Dissertation\MScProject\Dataset\236937.jpg,.jpg,0.15,OK,
C:\Users\User\OneDrive\Documents\Uni\Dissertation\MScProject\Dataset\236939.jpg,.jpg,0.03,OK,
C:\Users\User\OneDrive\Documents\Uni\Dissertation\MScProject\Dataset\236940.jpg,.jpg,0.11,OK,
C:\Users\User\OneDrive\Documents\Uni\Dissertation\MScProject\Dataset\236945.jpg,.jpg,0.06,OK,
C:\Users\User\OneDrive\Documents\Uni\Dissertation\MScProject\Dataset\236946.jpg,.jpg,0.02,OK,
C:\Users\User\OneDrive\Documents\Uni\Dissertation\MScProject\Dataset\236947.jpg,.jpg,0.04,OK,
C:\Users\User\OneDrive\Documents\Uni\Dissertation\MScProject\Dataset\236948.jpg,.jpg,0.03,OK,
C:\Users\User\OneDrive\Documents\Uni\Dissertation\MScProject\Dataset\236949.jpg,.jpg,0.02,OK,
C:\Users\User\OneDrive\Documents\Uni\Dissertation\MScProject\Dataset\236950.jpg,.jpg,0.04,OK,
C:\Users\User\OneDrive\Documents\Uni\Dissertation\MScProject\Dataset\236954.jpg,.jpg,0.02,OK,
C:\Users\User\OneDrive\Documents\Uni\Dissertation\MScProject\Dataset\236957.jpg,.jpg,0.04,OK,
