File,Extension,SizeMB,Status,Error
C:\Users\User\OneDrive\Documents\Uni\Dissertation\SSD Files\PNY CS900\Secure Erase\Recovered Data\8881-f0654368.jpg,.jpg,0.06,OK,
C:\Users\User\OneDrive\Documents\Uni\Dissertation\SSD Files\PNY CS900\Secure Erase\Recovered Data\8882-f0654504.jpg,.jpg,0.03,OK,
C:\Users\User\OneDrive\Documents\Uni\Dissertation\SSD Files\PNY CS900\Secure Erase\Recovered Data\8883-f0654568.jpg,.jpg,0.01,OK,
C:\Users\User\OneDrive\Documents\Uni\Dissertation\SSD Files\PNY CS900\Secure Erase\Recovered Data\8884-f0654600.jpg,.jpg,0.02,OK,
C:\Users\User\OneDrive\Documents\Uni\Dissertation\SSD Files\PNY CS900\Secure Erase\Recovered Data\8885-f0654648.jpg,.jpg,0.07,OK,
C:\Users\User\OneDrive\Documents\Uni\Dissertation\SSD Files\PNY CS900\Secure Erase\Recovered Data\8886-f0654800.jpg,.jpg,0.01,OK,
C:\Users\User\OneDrive\Documents\Uni\Dissertation\SSD Files\PNY CS900\Secure Erase\Recovered Data\8887-f0654824.jpg,.jpg,0,OK,
C:\Users\User\OneDrive\Documents\Uni\Dissertation\SSD Files\PNY CS900\Secure Erase\Recovered Data\8888-f0654840.jpg,.jpg,0,OK,
C:\Users\User\OneDrive\Documents\Uni\Dissertation\SSD Files\PNY CS900\Secure Erase\Recovered Data\8889-f0654848.jpg,.jpg,0,OK,
C:\Users\User\OneDrive\Documents\Uni\Dissertation\SSD Files\PNY CS900\Secure Erase\Recovered Data\8890-f0654864.jpg,.jpg,0,OK,
C:\Users\User\OneDrive\Documents\Uni\Dissertation\SSD Files\PNY CS900\Secure Erase\Recovered Data\8891-f0654872.jpg,.jpg,0,OK,
C:\Users\User\OneDrive\Documents\Uni\Dissertation\SSD Files\PNY CS900\Secure Erase\Recovered Data\8892-f0654880.jpg,.jpg,0.01,OK,
C:\Users\User\OneDrive\Documents\Uni\Dissertation\SSD Files\PNY CS900\Secure Erase\Recovered Data\8893-f0654904.jpg,.jpg,0,OK,
C:\Users\User\OneDrive\Documents\Uni\Dissertation\SSD Files\PNY CS900\Secure Erase\Recovered Data\8894-f0654912.jpg,.jpg,0,OK,
C:\Users\User\OneDrive\Documents\Uni\Dissertation\SSD Files\PNY CS900\Secure Erase\Recovered Data\8895-f0654920.jpg,.jpg,0,OK,
C:\Users\User\OneDrive\Documents\Uni\Dissertation\SSD Files\PNY CS900\Secure Erase\Recovered Data\8896-f0654928.jpg,.jpg,0.16,OK,
C:\Users\User\OneDrive\Documents\Uni\Dissertation\SSD Files\PNY CS900\Secure Erase\Recovered Data\8897-f0655256.jpg,.jpg,0.02,OK,
C:\Users\User\OneDrive\Documents\Uni\Dissertation\SSD Files\PNY CS900\Secure Erase\Recovered Data\8898-f0655304.jpg,.jpg,0.04,OK,
C:\Users\User\OneDrive\Documents\Uni\Dissertation\SSD Files\PNY CS900\Secure Erase\Recovered Data\8899-f0655392.jpg,.jpg,0.06,OK,
C:\Users\User\OneDrive\Documents\Uni\Dissertation\SSD Files\PNY CS900\Secure Erase\Recovered Data\8900-f0655528.jpg,.jpg,0.02,OK,
C:\Users\User\OneDrive\Documents\Uni\Dissertation\SSD Files\PNY CS900\Secure Erase\Recovered Data\8901-f0655576.jpg,.jpg,0.08,OK,
C:\Users\User\OneDrive\Documents\Uni\Dissertation\SSD Files\PNY CS900\Secure Erase\Recovered Data\8902-f0655736.jpg,.jpg,0.05,OK,
C:\Users\User\OneDrive\Documents\Uni\Dissertation\SSD Files\PNY CS900\Secure Erase\Recovered Data\8903-f0655848.jpg,.jpg,0.05,OK,
C:\Users\User\OneDrive\Documents\Uni\Dissertation\SSD Files\PNY CS900\Secure Erase\Recovered Data\8904-f0655944.jpg,.jpg,0.01,OK,
C:\Users\User\OneDrive\Documents\Uni\Dissertation\SSD Files\PNY CS900\Secure Erase\Recovered Data\8905-f0655960.jpg,.jpg,0.01,OK,
C:\Users\User\OneDrive\Documents\Uni\Dissertation\SSD Files\PNY CS900\Secure Erase\Recovered Data\8906-f0655984.jpg,.jpg,0.01,OK,
C:\Users\User\OneDrive\Documents\Uni\Dissertation\SSD Files\PNY CS900\Secure Erase\Recovered Data\8907-f0656008.jpg,.jpg,0.02,OK,
C:\Users\User\OneDrive\Documents\Uni\Dissertation\SSD Files\PNY CS900\Secure Erase\Recovered Data\8908-f0656040.jpg,.jpg,0.02,OK,
C:\Users\User\OneDrive\Documents\Uni\Dissertation\SSD Files\PNY CS900\Secure Erase\Recovered Data\8909-f0656080.jpg,.jpg,0.02,OK,
C:\Users\User\OneDrive\Documents\Uni\Dissertation\SSD Files\PNY CS900\Secure Erase\Recovered Data\8910-f0656136.jpg,.jpg,0.03,OK,
C:\Users\User\OneDrive\Documents\Uni\Dissertation\SSD Files\PNY CS900\Secure Erase\Recovered Data\8911-f0656200.jpg,.jpg,0,OK,
C:\Users\User\OneDrive\Documents\Uni\Dissertation\SSD Files\PNY CS900\Secure Erase\Recovered Data\8912-f0656216.jpg,.jpg,0.02,OK,
C:\Users\User\OneDrive\Documents\Uni\Dissertation\SSD Files\PNY CS900\Secure Erase\Recovered Data\8913-f0656256.jpg,.jpg,0.03,OK,
C:\Users\User\OneDrive\Documents\Uni\Dissertation\SSD Files\PNY CS900\Secure Erase\Recovered Data\8914-f0656312.jpg,.jpg,0.04,OK,
C:\Users\User\OneDrive\Documents\Uni\Dissertation\SSD Files\PNY CS900\Secure Erase\Recovered Data\8915-f0656384.jpg,.jpg,0.03,OK,
C:\Users\User\OneDrive\Documents\Uni\Dissertation\SSD Files\PNY CS900\Secure Erase\Recovered Data\8916-f0656448.jpg,.jpg,0,OK,
C:\Users\User\OneDrive\Documents\Uni\Dissertation\SSD Files\PNY CS900\Secure Erase\Recovered Data\8917-f0656464.jpg,.jpg,0.02,OK,
C:\Users\User\OneDrive\Documents\Uni\Dissertation\SSD Files\PNY CS900\Secure Erase\Recovered Data\8918-f0656504.jpg,.jpg,0,OK,
C:\Users\User\OneDrive\Documents\Uni\Dissertation\SSD Files\PNY CS900\Secure Erase\Recovered Data\8919-f0656520.jpg,.jpg,0.01,OK,
C:\Users\User\OneDrive\Documents\Uni\Dissertation\SSD Files\PNY CS900\Secure Erase\Recovered Data\8920-f0656552.jpg,.jpg,0.03,OK,
C:\Users\User\OneDrive\Documents\Uni\Dissertation\SSD Files\PNY CS900\Secure Erase\Recovered Data\8921-f0656624.jpg,.jpg,0.03,OK,
C:\Users\User\OneDrive\Documents\Uni\Dissertation\SSD Files\PNY CS900\Secure Erase\Recovered Data\8922-f0656688.jpg,.jpg,0.04,OK,
C:\Users\User\OneDrive\Documents\Uni\Dissertation\SSD Files\PNY CS900\Secure Erase\Recovered Data\8923-f0656768.jpg,.jpg,0.03,OK,
C:\Users\User\OneDrive\Documents\Uni\Dissertation\SSD Files\PNY CS900\Secure Erase\Recovered Data\8924-f0656840.jpg,.jpg,0.02,OK,
C:\Users\User\OneDrive\Documents\Uni\Dissertation\SSD Files\PNY CS900\Secure Erase\Recovered Data\8925-f0656888.jpg,.jpg,0.04,OK,
C:\Users\User\OneDrive\Documents\Uni\Dissertation\SSD Files\PNY CS900\Secure Erase\Recovered Data\8926-f0656976.jpg,.jpg,0.03,OK,
C:\Users\User\OneDrive\Documents\Uni\Dissertation\SSD Files\PNY CS900\Secure Erase\Recovered Data\8927-f0657048.jpg,.jpg,0.03,OK,
C:\Users\User\OneDrive\Documents\Uni\Dissertation\SSD Files\PNY CS900\Secure Erase\Recovered Data\8928-f0657120.jpg,.jpg,0.03,OK,
C:\Users\User\OneDrive\Documents\Uni\Dissertation\SSD Files\PNY CS900\Secure Erase\Recovered Data\8929-f0657192.jpg,.jpg,0.02,OK,
C:\Users\User\OneDrive\Documents\Uni\Dissertation\SSD Files\PNY CS900\Secure Erase\Recovered Data\8930-f0657232.jpg,.jpg,0.03,OK,
C:\Users\User\OneDrive\Documents\Uni\Dissertation\SSD Files\PNY CS900\Secure Erase\Recovered Data\8931-f0657288.jpg,.jpg,0.03,OK,
C:\Users\User\OneDrive\Documents\Uni\Dissertation\SSD Files\PNY CS900\Secure Erase\Recovered Data\8932-f0657352.jpg,.jpg,0.03,OK,
C:\Users\User\OneDrive\Documents\Uni\Dissertation\SSD Files\PNY CS900\Secure Erase\Recovered Data\8933-f0657424.jpg,.jpg,0.05,OK,
C:\Users\User\OneDrive\Documents\Uni\Dissertation\SSD Files\PNY CS900\Secure Erase\Recovered Data\8934-f0657536.jpg,.jpg,0.01,OK,
C:\Users\User\OneDrive\Documents\Uni\Dissertation\SSD Files\PNY CS900\Secure Erase\Recovered Data\8935-f0657560.jpg,.jpg,0.04,OK,
C:\Users\User\OneDrive\Documents\Uni\Dissertation\SSD Files\PNY CS900\Secure Erase\Recovered Data\8936-f0657640.jpg,.jpg,0.2,OK,
C:\Users\User\OneDrive\Documents\Uni\Dissertation\SSD Files\PNY CS900\Secure Erase\Recovered Data\8937-f0658056.jpg,.jpg,0.06,OK,
C:\Users\User\OneDrive\Documents\Uni\Dissertation\SSD Files\PNY CS900\Secure Erase\Recovered Data\8938-f0658176.jpg,.jpg,0.01,OK,
C:\Users\User\OneDrive\Documents\Uni\Dissertation\SSD Files\PNY CS900\Secure Erase\Recovered Data\8939-f0658192.jpg,.jpg,0.02,OK,
C:\Users\User\OneDrive\Documents\Uni\Dissertation\SSD Files\PNY CS900\Secure Erase\Recovered Data\8940-f0658248.jpg,.jpg,0.02,OK,
C:\Users\User\OneDrive\Documents\Uni\Dissertation\SSD Files\PNY CS900\Secure Erase\Recovered Data\8941-f0658288.jpg,.jpg,0.1,OK,
C:\Users\User\OneDrive\Documents\Uni\Dissertation\SSD Files\PNY CS900\Secure Erase\Recovered Data\8942-f0658488.jpg,.jpg,0.06,OK,
C:\Users\User\OneDrive\Documents\Uni\Dissertation\SSD Files\PNY CS900\Secure Erase\Recovered Data\8943-f0658624.jpg,.jpg,0.02,OK,
C:\Users\User\OneDrive\Documents\Uni\Dissertation\SSD Files\PNY CS900\Secure Erase\Recovered Data\8944-f0658664.jpg,.jpg,0.01,OK,
C:\Users\User\OneDrive\Documents\Uni\Dissertation\SSD Files\PNY CS900\Secure Erase\Recovered Data\8945-f0658696.jpg,.jpg,0.13,OK,
C:\Users\User\OneDrive\Documents\Uni\Dissertation\SSD Files\PNY CS900\Secure Erase\Recovered Data\8946-f0658968.jpg,.jpg,0.04,OK,
C:\Users\User\OneDrive\Documents\Uni\Dissertation\SSD Files\PNY CS900\Secure Erase\Recovered Data\8947-f0659048.jpg,.jpg,0.04,OK,
C:\Users\User\OneDrive\Documents\Uni\Dissertation\SSD Files\PNY CS900\Secure Erase\Recovered Data\8948-f0659136.jpg,.jpg,0.08,OK,
C:\Users\User\OneDrive\Documents\Uni\Dissertation\SSD Files\PNY CS900\Secure Erase\Recovered Data\8949-f0659304.jpg,.jpg,0.02,OK,
C:\Users\User\OneDrive\Documents\Uni\Dissertation\SSD Files\PNY CS900\Secure Erase\Recovered Data\8950-f0659344.jpg,.jpg,0.01,OK,
C:\Users\User\OneDrive\Documents\Uni\Dissertation\SSD Files\PNY CS900\Secure Erase\Recovered Data\8951-f0659376.jpg,.jpg,0.01,OK,
C:\Users\User\OneDrive\Documents\Uni\Dissertation\SSD Files\PNY CS900\Secure Erase\Recovered Data\8952-f0659408.jpg,.jpg,0.35,OK,
C:\Users\User\OneDrive\Documents\Uni\Dissertation\SSD Files\PNY CS900\Secure Erase\Recovered Data\8953-f0660120.jpg,.jpg,0.05,OK,
C:\Users\User\OneDrive\Documents\Uni\Dissertation\SSD Files\PNY CS900\Secure Erase\Recovered Data\8954-f0660232.jpg,.jpg,0.03,OK,
C:\Users\User\OneDrive\Documents\Uni\Dissertation\SSD Files\PNY CS900\Secure Erase\Recovered Data\8955-f0660288.jpg,.jpg,0.03,OK,
C:\Users\User\OneDrive\Documents\Uni\Dissertation\SSD Files\PNY CS900\Secure Erase\Recovered Data\8956-f0660352.jpg,.jpg,0.01,OK,
C:\Users\User\OneDrive\Documents\Uni\Dissertation\SSD Files\PNY CS900\Secure Erase\Recovered Data\8957-f0660376.jpg,.jpg,0.03,OK,
C:\Users\User\OneDrive\Documents\Uni\Dissertation\SSD Files\PNY CS900\Secure Erase\Recovered Data\8958-f0660440.jpg,.jpg,0.01,OK,
C:\Users\User\OneDrive\Documents\Uni\Dissertation\SSD Files\PNY CS900\Secure Erase\Recovered Data\8959-f0660472.jpg,.jpg,0.01,OK,
C:\Users\User\OneDrive\Documents\Uni\Dissertation\SSD Files\PNY CS900\Secure Erase\Recovered Data\8960-f0660496.jpg,.jpg,0.01,OK,
C:\Users\User\OneDrive\Documents\Uni\Dissertation\SSD Files\PNY CS900\Secure Erase\Recovered Data\8961-f0660520.jpg,.jpg,0.03,OK,
C:\Users\User\OneDrive\Documents\Uni\Dissertation\SSD Files\PNY CS900\Secure Erase\Recovered Data\8962-f0660576.jpg,.jpg,0.04,OK,
C:\Users\User\OneDrive\Documents\Uni\Dissertation\SSD Files\PNY CS900\Secure Erase\Recovered Data\8963-f0660656.jpg,.jpg,0.04,OK,
C:\Users\User\OneDrive\Documents\Uni\Dissertation\SSD Files\PNY CS900\Secure Erase\Recovered Data\8964-f0660728.jpg,.jpg,0.03,OK,
C:\Users\User\OneDrive\Documents\Uni\Dissertation\SSD Files\PNY CS900\Secure Erase\Recovered Data\8965-f0660784.jpg,.jpg,0.04,OK,
C:\Users\User\OneDrive\Documents\Uni\Dissertation\SSD Files\PNY CS900\Secure Erase\Recovered Data\8966-f0660864.jpg,.jpg,0.12,OK,
C:\Users\User\OneDrive\Documents\Uni\Dissertation\SSD Files\PNY CS900\Secure Erase\Recovered Data\8967-f0661112.jpg,.jpg,0.03,OK,
C:\Users\User\OneDrive\Documents\Uni\Dissertation\SSD Files\PNY CS900\Secure Erase\Recovered Data\8968-f0661176.jpg,.jpg,0.04,OK,
C:\Users\User\OneDrive\Documents\Uni\Dissertation\SSD Files\PNY CS900\Secure Erase\Recovered Data\8969-f0661272.jpg,.jpg,0.04,OK,
C:\Users\User\OneDrive\Documents\Uni\Dissertation\SSD Files\PNY CS900\Secure Erase\Recovered Data\8970-f0661368.jpg,.jpg,0.04,OK,
C:\Users\User\OneDrive\Documents\Uni\Dissertation\SSD Files\PNY CS900\Secure Erase\Recovered Data\8971-f0661456.jpg,.jpg,0.01,OK,
C:\Users\User\OneDrive\Documents\Uni\Dissertation\SSD Files\PNY CS900\Secure Erase\Recovered Data\8972-f0661472.jpg,.jpg,0.06,OK,
C:\Users\User\OneDrive\Documents\Uni\Dissertation\SSD Files\PNY CS900\Secure Erase\Recovered Data\8973-f0661592.jpg,.jpg,0.01,OK,
C:\Users\User\OneDrive\Documents\Uni\Dissertation\SSD Files\PNY CS900\Secure Erase\Recovered Data\8974-f0661608.jpg,.jpg,0.01,OK,
C:\Users\User\OneDrive\Documents\Uni\Dissertation\SSD Files\PNY CS900\Secure Erase\Recovered Data\8975-f0661624.jpg,.jpg,0.01,OK,
C:\Users\User\OneDrive\Documents\Uni\Dissertation\SSD Files\PNY CS900\Secure Erase\Recovered Data\8976-f0661640.jpg,.jpg,0.06,OK,
C:\Users\User\OneDrive\Documents\Uni\Dissertation\SSD Files\PNY CS900\Secure Erase\Recovered Data\8977-f0661760.jpg,.jpg,0.01,OK,
C:\Users\User\OneDrive\Documents\Uni\Dissertation\SSD Files\PNY CS900\Secure Erase\Recovered Data\8978-f0661784.jpg,.jpg,0.07,OK,
C:\Users\User\OneDrive\Documents\Uni\Dissertation\SSD Files\PNY CS900\Secure Erase\Recovered Data\8979-f0661944.jpg,.jpg,0.02,OK,
C:\Users\User\OneDrive\Documents\Uni\Dissertation\SSD Files\PNY CS900\Secure Erase\Recovered Data\8980-f0661984.jpg,.jpg,0.05,OK,
C:\Users\User\OneDrive\Documents\Uni\Dissertation\SSD Files\PNY CS900\Secure Erase\Recovered Data\8981-f0662096.jpg,.jpg,0.04,OK,
C:\Users\User\OneDrive\Documents\Uni\Dissertation\SSD Files\PNY CS900\Secure Erase\Recovered Data\8982-f0662176.jpg,.jpg,0.02,OK,
C:\Users\User\OneDrive\Documents\Uni\Dissertation\SSD Files\PNY CS900\Secure Erase\Recovered Data\8983-f0662224.jpg,.jpg,1.86,OK,
C:\Users\User\OneDrive\Documents\Uni\Dissertation\SSD Files\PNY CS900\Secure Erase\Recovered Data\8984-f0666040.jpg,.jpg,0.01,OK,
C:\Users\User\OneDrive\Documents\Uni\Dissertation\SSD Files\PNY CS900\Secure Erase\Recovered Data\8985-f0666064.jpg,.jpg,2.04,OK,
C:\Users\User\OneDrive\Documents\Uni\Dissertation\SSD Files\PNY CS900\Secure Erase\Recovered Data\8986-f0670240.jpg,.jpg,1.62,OK,
C:\Users\User\OneDrive\Documents\Uni\Dissertation\SSD Files\PNY CS900\Secure Erase\Recovered Data\8987-f0673552.jpg,.jpg,0.03,OK,
C:\Users\User\OneDrive\Documents\Uni\Dissertation\SSD Files\PNY CS900\Secure Erase\Recovered Data\8988-f0673616.jpg,.jpg,0.06,OK,
C:\Users\User\OneDrive\Documents\Uni\Dissertation\SSD Files\PNY CS900\Secure Erase\Recovered Data\8989-f0673736.jpg,.jpg,0.02,OK,
C:\Users\User\OneDrive\Documents\Uni\Dissertation\SSD Files\PNY CS900\Secure Erase\Recovered Data\8990-f0673776.jpg,.jpg,0.07,OK,
C:\Users\User\OneDrive\Documents\Uni\Dissertation\SSD Files\PNY CS900\Secure Erase\Recovered Data\8991-f0673936.jpg,.jpg,0.05,OK,
C:\Users\User\OneDrive\Documents\Uni\Dissertation\SSD Files\PNY CS900\Secure Erase\Recovered Data\8992-f0674056.jpg,.jpg,0.11,OK,
C:\Users\User\OneDrive\Documents\Uni\Dissertation\SSD Files\PNY CS900\Secure Erase\Recovered Data\8993-f0674296.jpg,.jpg,0.08,OK,
C:\Users\User\OneDrive\Documents\Uni\Dissertation\SSD Files\PNY CS900\Secure Erase\Recovered Data\8994-f0674472.jpg,.jpg,0.01,OK,
C:\Users\User\OneDrive\Documents\Uni\Dissertation\SSD Files\PNY CS900\Secure Erase\Recovered Data\8995-f0674488.jpg,.jpg,0.08,OK,
C:\Users\User\OneDrive\Documents\Uni\Dissertation\SSD Files\PNY CS900\Secure Erase\Recovered Data\8996-f0674664.jpg,.jpg,0.21,OK,
C:\Users\User\OneDrive\Documents\Uni\Dissertation\SSD Files\PNY CS900\Secure Erase\Recovered Data\8997-f0675104.jpg,.jpg,0.12,OK,
C:\Users\User\OneDrive\Documents\Uni\Dissertation\SSD Files\PNY CS900\Secure Erase\Recovered Data\8998-f0675352.jpg,.jpg,0.02,OK,
C:\Users\User\OneDrive\Documents\Uni\Dissertation\SSD Files\PNY CS900\Secure Erase\Recovered Data\8999-f0675400.jpg,.jpg,0.13,OK,
C:\Users\User\OneDrive\Documents\Uni\Dissertation\SSD Files\PNY CS900\Secure Erase\Recovered Data\9000-f0675672.jpg,.jpg,0.59,OK,
C:\Users\User\OneDrive\Documents\Uni\Dissertation\SSD Files\PNY CS900\Secure Erase\Recovered Data\9001-f0676888.jpg,.jpg,0.02,OK,
C:\Users\User\OneDrive\Documents\Uni\Dissertation\SSD Files\PNY CS900\Secure Erase\Recovered Data\9002-f0676944.jpg,.jpg,1.44,OK,
C:\Users\User\OneDrive\Documents\Uni\Dissertation\SSD Files\PNY CS900\Secure Erase\Recovered Data\9003-f0679888.jpg,.jpg,0,OK,
C:\Users\User\OneDrive\Documents\Uni\Dissertation\SSD Files\PNY CS900\Secure Erase\Recovered Data\9004-f0679896.jpg,.jpg,0.1,OK,
C:\Users\User\OneDrive\Documents\Uni\Dissertation\SSD Files\PNY CS900\Secure Erase\Recovered Data\9005-f0680112.jpg,.jpg,0.01,OK,
C:\Users\User\OneDrive\Documents\Uni\Dissertation\SSD Files\PNY CS900\Secure Erase\Recovered Data\9006-f0680144.jpg,.jpg,0.19,OK,
C:\Users\User\OneDrive\Documents\Uni\Dissertation\SSD Files\PNY CS900\Secure Erase\Recovered Data\9007-f0680536.jpg,.jpg,0,OK,
C:\Users\User\OneDrive\Documents\Uni\Dissertation\SSD Files\PNY CS900\Secure Erase\Recovered Data\9008-f0680552.jpg,.jpg,0.09,OK,
C:\Users\User\OneDrive\Documents\Uni\Dissertation\SSD Files\PNY CS900\Secure Erase\Recovered Data\9009-f0680736.jpg,.jpg,0.12,OK,
C:\Users\User\OneDrive\Documents\Uni\Dissertation\SSD Files\PNY CS900\Secure Erase\Recovered Data\9010-f0680984.jpg,.jpg,0.08,OK,
C:\Users\User\OneDrive\Documents\Uni\Dissertation\SSD Files\PNY CS900\Secure Erase\Recovered Data\9011-f0681144.jpg,.jpg,0.08,OK,
C:\Users\User\OneDrive\Documents\Uni\Dissertation\SSD Files\PNY CS900\Secure Erase\Recovered Data\9012-f0681312.jpg,.jpg,0.03,OK,
C:\Users\User\OneDrive\Documents\Uni\Dissertation\SSD Files\PNY CS900\Secure Erase\Recovered Data\9013-f0681368.jpg,.jpg,0,OK,
C:\Users\User\OneDrive\Documents\Uni\Dissertation\SSD Files\PNY CS900\Secure Erase\Recovered Data\9014-f0681376.jpg,.jpg,0.01,OK,
C:\Users\User\OneDrive\Documents\Uni\Dissertation\SSD Files\PNY CS900\Secure Erase\Recovered Data\9015-f0681408.jpg,.jpg,0.01,OK,
C:\Users\User\OneDrive\Documents\Uni\Dissertation\SSD Files\PNY CS900\Secure Erase\Recovered Data\9016-f0681440.jpg,.jpg,0.09,OK,
C:\Users\User\OneDrive\Documents\Uni\Dissertation\SSD Files\PNY CS900\Secure Erase\Recovered Data\9017-f0681632.jpg,.jpg,0.08,OK,
C:\Users\User\OneDrive\Documents\Uni\Dissertation\SSD Files\PNY CS900\Secure Erase\Recovered Data\9018-f0681808.jpg,.jpg,0.07,OK,
C:\Users\User\OneDrive\Documents\Uni\Dissertation\SSD Files\PNY CS900\Secure Erase\Recovered Data\9019-f0681944.jpg,.jpg,0.01,OK,
C:\Users\User\OneDrive\Documents\Uni\Dissertation\SSD Files\PNY CS900\Secure Erase\Recovered Data\9020-f0681960.jpg,.jpg,0.1,OK,
C:\Users\User\OneDrive\Documents\Uni\Dissertation\SSD Files\PNY CS900\Secure Erase\Recovered Data\9021-f0682176.jpg,.jpg,0.02,OK,
C:\Users\User\OneDrive\Documents\Uni\Dissertation\SSD Files\PNY CS900\Secure Erase\Recovered Data\9022-f0682216.jpg,.jpg,0.02,OK,
C:\Users\User\OneDrive\Documents\Uni\Dissertation\SSD Files\PNY CS900\Secure Erase\Recovered Data\9023-f0682256.jpg,.jpg,0.03,OK,
C:\Users\User\OneDrive\Documents\Uni\Dissertation\SSD Files\PNY CS900\Secure Erase\Recovered Data\9024-f0682320.jpg,.jpg,0.11,OK,
C:\Users\User\OneDrive\Documents\Uni\Dissertation\SSD Files\PNY CS900\Secure Erase\Recovered Data\9025-f0682544.jpg,.jpg,0.72,OK,
C:\Users\User\OneDrive\Documents\Uni\Dissertation\SSD Files\PNY CS900\Secure Erase\Recovered Data\9026-f0684016.jpg,.jpg,0.03,OK,
C:\Users\User\OneDrive\Documents\Uni\Dissertation\SSD Files\PNY CS900\Secure Erase\Recovered Data\9027-f0684080.jpg,.jpg,0.01,OK,
C:\Users\User\OneDrive\Documents\Uni\Dissertation\SSD Files\PNY CS900\Secure Erase\Recovered Data\9028-f0684112.jpg,.jpg,0.16,OK,
C:\Users\User\OneDrive\Documents\Uni\Dissertation\SSD Files\PNY CS900\Secure Erase\Recovered Data\9029-f0684440.jpg,.jpg,0.02,OK,
C:\Users\User\OneDrive\Documents\Uni\Dissertation\SSD Files\PNY CS900\Secure Erase\Recovered Data\9030-f0684512.jpg,.jpg,0.01,OK,
C:\Users\User\OneDrive\Documents\Uni\Dissertation\SSD Files\PNY CS900\Secure Erase\Recovered Data\9031-f0684536.jpg,.jpg,0.23,OK,
C:\Users\User\OneDrive\Documents\Uni\Dissertation\SSD Files\PNY CS900\Secure Erase\Recovered Data\9032-f0685016.jpg,.jpg,0.05,OK,
C:\Users\User\OneDrive\Documents\Uni\Dissertation\SSD Files\PNY CS900\Secure Erase\Recovered Data\9033-f0685120.jpg,.jpg,0.11,OK,
C:\Users\User\OneDrive\Documents\Uni\Dissertation\SSD Files\PNY CS900\Secure Erase\Recovered Data\9034-f0685352.jpg,.jpg,0.31,OK,
C:\Users\User\OneDrive\Documents\Uni\Dissertation\SSD Files\PNY CS900\Secure Erase\Recovered Data\9035-f0685992.jpg,.jpg,0.89,OK,
C:\Users\User\OneDrive\Documents\Uni\Dissertation\SSD Files\PNY CS900\Secure Erase\Recovered Data\9036-f0687816.jpg,.jpg,3.14,OK,
C:\Users\User\OneDrive\Documents\Uni\Dissertation\SSD Files\PNY CS900\Secure Erase\Recovered Data\9037-f0694248.jpg,.jpg,0.05,OK,
C:\Users\User\OneDrive\Documents\Uni\Dissertation\SSD Files\PNY CS900\Secure Erase\Recovered Data\9038-f0694360.jpg,.jpg,0.62,OK,
C:\Users\User\OneDrive\Documents\Uni\Dissertation\SSD Files\PNY CS900\Secure Erase\Recovered Data\9039-f0695632.jpg,.jpg,0.16,OK,
C:\Users\User\OneDrive\Documents\Uni\Dissertation\SSD Files\PNY CS900\Secure Erase\Recovered Data\9040-f0695968.jpg,.jpg,0.18,OK,
C:\Users\User\OneDrive\Documents\Uni\Dissertation\SSD Files\PNY CS900\Secure Erase\Recovered Data\9041-f0696352.jpg,.jpg,1.1,OK,
C:\Users\User\OneDrive\Documents\Uni\Dissertation\SSD Files\PNY CS900\Secure Erase\Recovered Data\9042-f0698616.jpg,.jpg,0.14,OK,
C:\Users\User\OneDrive\Documents\Uni\Dissertation\SSD Files\PNY CS900\Secure Erase\Recovered Data\9043-f0698912.jpg,.jpg,0.55,OK,
C:\Users\User\OneDrive\Documents\Uni\Dissertation\SSD Files\PNY CS900\Secure Erase\Recovered Data\9044-f0700040.jpg,.jpg,0.01,OK,
C:\Users\User\OneDrive\Documents\Uni\Dissertation\SSD Files\PNY CS900\Secure Erase\Recovered Data\9045-f0700056.jpg,.jpg,0.16,OK,
C:\Users\User\OneDrive\Documents\Uni\Dissertation\SSD Files\PNY CS900\Secure Erase\Recovered Data\9046-f0700392.jpg,.jpg,1.33,OK,
C:\Users\User\OneDrive\Documents\Uni\Dissertation\SSD Files\PNY CS900\Secure Erase\Recovered Data\9047-f0703120.jpg,.jpg,0.15,OK,
C:\Users\User\OneDrive\Documents\Uni\Dissertation\SSD Files\PNY CS900\Secure Erase\Recovered Data\9048-f0703440.jpg,.jpg,0.95,OK,
C:\Users\User\OneDrive\Documents\Uni\Dissertation\SSD Files\PNY CS900\Secure Erase\Recovered Data\9049-f0705384.jpg,.jpg,2.47,OK,
C:\Users\User\OneDrive\Documents\Uni\Dissertation\SSD Files\PNY CS900\Secure Erase\Recovered Data\9050-f0710440.jpg,.jpg,0.29,OK,
C:\Users\User\OneDrive\Documents\Uni\Dissertation\SSD Files\PNY CS900\Secure Erase\Recovered Data\9051-f0711040.jpg,.jpg,1.94,OK,
C:\Users\User\OneDrive\Documents\Uni\Dissertation\SSD Files\PNY CS900\Secure Erase\Recovered Data\9052-f0715016.jpg,.jpg,0.89,OK,
C:\Users\User\OneDrive\Documents\Uni\Dissertation\SSD Files\PNY CS900\Secure Erase\Recovered Data\9053-f0716840.jpg,.jpg,1.56,OK,
C:\Users\User\OneDrive\Documents\Uni\Dissertation\SSD Files\PNY CS900\Secure Erase\Recovered Data\9054-f0720048.jpg,.jpg,0.08,OK,
C:\Users\User\OneDrive\Documents\Uni\Dissertation\SSD Files\PNY CS900\Secure Erase\Recovered Data\9055-f0720208.jpg,.jpg,0.03,OK,
C:\Users\User\OneDrive\Documents\Uni\Dissertation\SSD Files\PNY CS900\Secure Erase\Recovered Data\9056-f0720264.jpg,.jpg,0.39,OK,
C:\Users\User\OneDrive\Documents\Uni\Dissertation\SSD Files\PNY CS900\Secure Erase\Recovered Data\9057-f0721056.jpg,.jpg,0.06,OK,
C:\Users\User\OneDrive\Documents\Uni\Dissertation\SSD Files\PNY CS900\Secure Erase\Recovered Data\9058-f0721192.jpg,.jpg,0.06,OK,
C:\Users\User\OneDrive\Documents\Uni\Dissertation\SSD Files\PNY CS900\Secure Erase\Recovered Data\9059-f0721320.jpg,.jpg,0.01,OK,
C:\Users\User\OneDrive\Documents\Uni\Dissertation\SSD Files\PNY CS900\Secure Erase\Recovered Data\9060-f0721352.jpg,.jpg,0.02,OK,
C:\Users\User\OneDrive\Documents\Uni\Dissertation\SSD Files\PNY CS900\Secure Erase\Recovered Data\9061-f0721408.jpg,.jpg,0.02,OK,
C:\Users\User\OneDrive\Documents\Uni\Dissertation\SSD Files\PNY CS900\Secure Erase\Recovered Data\9062-f0721456.jpg,.jpg,0.01,OK,
C:\Users\User\OneDrive\Documents\Uni\Dissertation\SSD Files\PNY CS900\Secure Erase\Recovered Data\9063-f0721480.jpg,.jpg,0.01,OK,
C:\Users\User\OneDrive\Documents\Uni\Dissertation\SSD Files\PNY CS900\Secure Erase\Recovered Data\9064-f0721496.jpg,.jpg,0.19,OK,
C:\Users\User\OneDrive\Documents\Uni\Dissertation\SSD Files\PNY CS900\Secure Erase\Recovered Data\9065-f0721888.jpg,.jpg,0.07,OK,
C:\Users\User\OneDrive\Documents\Uni\Dissertation\SSD Files\PNY CS900\Secure Erase\Recovered Data\9066-f0722040.jpg,.jpg,0.09,OK,
C:\Users\User\OneDrive\Documents\Uni\Dissertation\SSD Files\PNY CS900\Secure Erase\Recovered Data\9067-f0722232.jpg,.jpg,0.06,OK,
C:\Users\User\OneDrive\Documents\Uni\Dissertation\SSD Files\PNY CS900\Secure Erase\Recovered Data\9068-f0722360.jpg,.jpg,0.04,OK,
C:\Users\User\OneDrive\Documents\Uni\Dissertation\SSD Files\PNY CS900\Secure Erase\Recovered Data\9069-f0722440.jpg,.jpg,0.03,OK,
C:\Users\User\OneDrive\Documents\Uni\Dissertation\SSD Files\PNY CS900\Secure Erase\Recovered Data\9070-f0722512.jpg,.jpg,0.01,OK,
C:\Users\User\OneDrive\Documents\Uni\Dissertation\SSD Files\PNY CS900\Secure Erase\Recovered Data\9071-f0722528.jpg,.jpg,0.35,OK,
C:\Users\User\OneDrive\Documents\Uni\Dissertation\SSD Files\PNY CS900\Secure Erase\Recovered Data\9072-f0723256.jpg,.jpg,0.05,OK,
C:\Users\User\OneDrive\Documents\Uni\Dissertation\SSD Files\PNY CS900\Secure Erase\Recovered Data\9073-f0723360.jpg,.jpg,0.11,OK,
C:\Users\User\OneDrive\Documents\Uni\Dissertation\SSD Files\PNY CS900\Secure Erase\Recovered Data\9074-f0723584.jpg,.jpg,0.23,OK,
C:\Users\User\OneDrive\Documents\Uni\Dissertation\SSD Files\PNY CS900\Secure Erase\Recovered Data\9075-f0724056.jpg,.jpg,0.25,OK,
C:\Users\User\OneDrive\Documents\Uni\Dissertation\SSD Files\PNY CS900\Secure Erase\Recovered Data\9076-f0724568.jpg,.jpg,0.19,OK,
C:\Users\User\OneDrive\Documents\Uni\Dissertation\SSD Files\PNY CS900\Secure Erase\Recovered Data\9077-f0724960.jpg,.jpg,0.19,OK,
C:\Users\User\OneDrive\Documents\Uni\Dissertation\SSD Files\PNY CS900\Secure Erase\Recovered Data\9078-f0725360.jpg,.jpg,0.19,OK,
C:\Users\User\OneDrive\Documents\Uni\Dissertation\SSD Files\PNY CS900\Secure Erase\Recovered Data\9079-f0725760.jpg,.jpg,0.01,OK,
C:\Users\User\OneDrive\Documents\Uni\Dissertation\SSD Files\PNY CS900\Secure Erase\Recovered Data\9080-f0725792.jpg,.jpg,0,OK,
C:\Users\User\OneDrive\Documents\Uni\Dissertation\SSD Files\PNY CS900\Secure Erase\Recovered Data\9081-f0725800.jpg,.jpg,0.02,OK,
C:\Users\User\OneDrive\Documents\Uni\Dissertation\SSD Files\PNY CS900\Secure Erase\Recovered Data\9082-f0725848.jpg,.jpg,0.01,OK,
C:\Users\User\OneDrive\Documents\Uni\Dissertation\SSD Files\PNY CS900\Secure Erase\Recovered Data\9083-f0725880.jpg,.jpg,0.02,OK,
C:\Users\User\OneDrive\Documents\Uni\Dissertation\SSD Files\PNY CS900\Secure Erase\Recovered Data\9084-f0725920.jpg,.jpg,0.02,OK,
C:\Users\User\OneDrive\Documents\Uni\Dissertation\SSD Files\PNY CS900\Secure Erase\Recovered Data\9085-f0725968.jpg,.jpg,0.02,OK,
C:\Users\User\OneDrive\Documents\Uni\Dissertation\SSD Files\PNY CS900\Secure Erase\Recovered Data\9086-f0726000.jpg,.jpg,0.14,OK,
C:\Users\User\OneDrive\Documents\Uni\Dissertation\SSD Files\PNY CS900\Secure Erase\Recovered Data\9087-f0726288.jpg,.jpg,0.02,OK,
C:\Users\User\OneDrive\Documents\Uni\Dissertation\SSD Files\PNY CS900\Secure Erase\Recovered Data\9088-f0726336.jpg,.jpg,0.04,OK,
C:\Users\User\OneDrive\Documents\Uni\Dissertation\SSD Files\PNY CS900\Secure Erase\Recovered Data\9089-f0726416.jpg,.jpg,0.02,OK,
C:\Users\User\OneDrive\Documents\Uni\Dissertation\SSD Files\PNY CS900\Secure Erase\Recovered Data\9090-f0726472.jpg,.jpg,0.04,OK,
C:\Users\User\OneDrive\Documents\Uni\Dissertation\SSD Files\PNY CS900\Secure Erase\Recovered Data\9091-f0726568.jpg,.jpg,0.05,OK,
C:\Users\User\OneDrive\Documents\Uni\Dissertation\SSD Files\PNY CS900\Secure Erase\Recovered Data\9092-f0726672.jpg,.jpg,0.01,OK,
C:\Users\User\OneDrive\Documents\Uni\Dissertation\SSD Files\PNY CS900\Secure Erase\Recovered Data\9093-f0726696.jpg,.jpg,0.05,OK,
C:\Users\User\OneDrive\Documents\Uni\Dissertation\SSD Files\PNY CS900\Secure Erase\Recovered Data\9094-f0726808.jpg,.jpg,0.07,OK,
C:\Users\User\OneDrive\Documents\Uni\Dissertation\SSD Files\PNY CS900\Secure Erase\Recovered Data\9095-f0726952.jpg,.jpg,0.13,OK,
C:\Users\User\OneDrive\Documents\Uni\Dissertation\SSD Files\PNY CS900\Secure Erase\Recovered Data\9096-f0727232.jpg,.jpg,0.06,OK,
C:\Users\User\OneDrive\Documents\Uni\Dissertation\SSD Files\PNY CS900\Secure Erase\Recovered Data\9097-f0727352.jpg,.jpg,0.1,OK,
C:\Users\User\OneDrive\Documents\Uni\Dissertation\SSD Files\PNY CS900\Secure Erase\Recovered Data\9098-f0727560.jpg,.jpg,0.04,OK,
C:\Users\User\OneDrive\Documents\Uni\Dissertation\SSD Files\PNY CS900\Secure Erase\Recovered Data\9099-f0727648.jpg,.jpg,0.07,OK,
C:\Users\User\OneDrive\Documents\Uni\Dissertation\SSD Files\PNY CS900\Secure Erase\Recovered Data\9100-f0727784.jpg,.jpg,0.45,OK,
C:\Users\User\OneDrive\Documents\Uni\Dissertation\SSD Files\PNY CS900\Secure Erase\Recovered Data\9101-f0728712.jpg,.jpg,0.04,OK,
C:\Users\User\OneDrive\Documents\Uni\Dissertation\SSD Files\PNY CS900\Secure Erase\Recovered Data\9102-f0728792.jpg,.jpg,0.08,OK,
C:\Users\User\OneDrive\Documents\Uni\Dissertation\SSD Files\PNY CS900\Secure Erase\Recovered Data\9103-f0728952.jpg,.jpg,0.07,OK,
C:\Users\User\OneDrive\Documents\Uni\Dissertation\SSD Files\PNY CS900\Secure Erase\Recovered Data\9104-f0729104.jpg,.jpg,0.14,OK,
C:\Users\User\OneDrive\Documents\Uni\Dissertation\SSD Files\PNY CS900\Secure Erase\Recovered Data\9105-f0729392.jpg,.jpg,0,OK,
C:\Users\User\OneDrive\Documents\Uni\Dissertation\SSD Files\PNY CS900\Secure Erase\Recovered Data\9106-f0729400.jpg,.jpg,0,OK,
C:\Users\User\OneDrive\Documents\Uni\Dissertation\SSD Files\PNY CS900\Secure Erase\Recovered Data\9107-f0729408.jpg,.jpg,0.04,OK,
C:\Users\User\OneDrive\Documents\Uni\Dissertation\SSD Files\PNY CS900\Secure Erase\Recovered Data\9108-f0729488.jpg,.jpg,0.01,OK,
C:\Users\User\OneDrive\Documents\Uni\Dissertation\SSD Files\PNY CS900\Secure Erase\Recovered Data\9109-f0729504.jpg,.jpg,0.01,OK,
C:\Users\User\OneDrive\Documents\Uni\Dissertation\SSD Files\PNY CS900\Secure Erase\Recovered Data\9110-f0729520.jpg,.jpg,0.03,OK,
C:\Users\User\OneDrive\Documents\Uni\Dissertation\SSD Files\PNY CS900\Secure Erase\Recovered Data\9111-f0729584.jpg,.jpg,0.01,OK,
C:\Users\User\OneDrive\Documents\Uni\Dissertation\SSD Files\PNY CS900\Secure Erase\Recovered Data\9112-f0729608.jpg,.jpg,0.03,OK,
C:\Users\User\OneDrive\Documents\Uni\Dissertation\SSD Files\PNY CS900\Secure Erase\Recovered Data\9113-f0729672.jpg,.jpg,0.03,OK,
C:\Users\User\OneDrive\Documents\Uni\Dissertation\SSD Files\PNY CS900\Secure Erase\Recovered Data\9114-f0729736.jpg,.jpg,0.03,OK,
C:\Users\User\OneDrive\Documents\Uni\Dissertation\SSD Files\PNY CS900\Secure Erase\Recovered Data\9115-f0729792.jpg,.jpg,0.19,OK,
C:\Users\User\OneDrive\Documents\Uni\Dissertation\SSD Files\PNY CS900\Secure Erase\Recovered Data\9116-f0730176.jpg,.jpg,0.02,OK,
C:\Users\User\OneDrive\Documents\Uni\Dissertation\SSD Files\PNY CS900\Secure Erase\Recovered Data\9117-f0730224.jpg,.jpg,3.87,OK,
C:\Users\User\OneDrive\Documents\Uni\Dissertation\SSD Files\PNY CS900\Secure Erase\Recovered Data\9118-f0738152.jpg,.jpg,0.02,OK,
C:\Users\User\OneDrive\Documents\Uni\Dissertation\SSD Files\PNY CS900\Secure Erase\Recovered Data\9119-f0738184.jpg,.jpg,0.2,OK,
C:\Users\User\OneDrive\Documents\Uni\Dissertation\SSD Files\PNY CS900\Secure Erase\Recovered Data\9120-f0738600.jpg,.jpg,0.14,OK,
C:\Users\User\OneDrive\Documents\Uni\Dissertation\SSD Files\PNY CS900\Secure Erase\Recovered Data\9121-f0738888.jpg,.jpg,0,OK,
C:\Users\User\OneDrive\Documents\Uni\Dissertation\SSD Files\PNY CS900\Secure Erase\Recovered Data\9122-f0738896.jpg,.jpg,0.04,OK,
C:\Users\User\OneDrive\Documents\Uni\Dissertation\SSD Files\PNY CS900\Secure Erase\Recovered Data\9123-f0738976.jpg,.jpg,0.02,OK,
C:\Users\User\OneDrive\Documents\Uni\Dissertation\SSD Files\PNY CS900\Secure Erase\Recovered Data\9124-f0739016.jpg,.jpg,0.19,OK,
C:\Users\User\OneDrive\Documents\Uni\Dissertation\SSD Files\PNY CS900\Secure Erase\Recovered Data\9125-f0739408.jpg,.jpg,0,OK,
C:\Users\User\OneDrive\Documents\Uni\Dissertation\SSD Files\PNY CS900\Secure Erase\Recovered Data\9126-f0739416.jpg,.jpg,0,OK,
C:\Users\User\OneDrive\Documents\Uni\Dissertation\SSD Files\PNY CS900\Secure Erase\Recovered Data\9127-f0739424.jpg,.jpg,0.24,OK,
C:\Users\User\OneDrive\Documents\Uni\Dissertation\SSD Files\PNY CS900\Secure Erase\Recovered Data\9128-f0739920.jpg,.jpg,0.1,OK,
C:\Users\User\OneDrive\Documents\Uni\Dissertation\SSD Files\PNY CS900\Secure Erase\Recovered Data\9129-f0740120.jpg,.jpg,0.03,OK,
C:\Users\User\OneDrive\Documents\Uni\Dissertation\SSD Files\PNY CS900\Secure Erase\Recovered Data\9130-f0740176.jpg,.jpg,0,OK,
C:\Users\User\OneDrive\Documents\Uni\Dissertation\SSD Files\PNY CS900\Secure Erase\Recovered Data\9131-f0740192.jpg,.jpg,0.01,OK,
C:\Users\User\OneDrive\Documents\Uni\Dissertation\SSD Files\PNY CS900\Secure Erase\Recovered Data\9132-f0740216.jpg,.jpg,0.01,OK,
C:\Users\User\OneDrive\Documents\Uni\Dissertation\SSD Files\PNY CS900\Secure Erase\Recovered Data\9133-f0740248.jpg,.jpg,0.01,OK,
C:\Users\User\OneDrive\Documents\Uni\Dissertation\SSD Files\PNY CS900\Secure Erase\Recovered Data\9134-f0740272.jpg,.jpg,0.01,OK,
C:\Users\User\OneDrive\Documents\Uni\Dissertation\SSD Files\PNY CS900\Secure Erase\Recovered Data\9135-f0740296.jpg,.jpg,0.01,OK,
C:\Users\User\OneDrive\Documents\Uni\Dissertation\SSD Files\PNY CS900\Secure Erase\Recovered Data\9136-f0740312.jpg,.jpg,0.01,OK,
C:\Users\User\OneDrive\Documents\Uni\Dissertation\SSD Files\PNY CS900\Secure Erase\Recovered Data\9137-f0740336.jpg,.jpg,0.03,OK,
C:\Users\User\OneDrive\Documents\Uni\Dissertation\SSD Files\PNY CS900\Secure Erase\Recovered Data\9138-f0740408.jpg,.jpg,0,OK,
C:\Users\User\OneDrive\Documents\Uni\Dissertation\SSD Files\PNY CS900\Secure Erase\Recovered Data\9139-f0740424.jpg,.jpg,0,OK,
C:\Users\User\OneDrive\Documents\Uni\Dissertation\SSD Files\PNY CS900\Secure Erase\Recovered Data\9140-f0740440.jpg,.jpg,0.01,OK,
C:\Users\User\OneDrive\Documents\Uni\Dissertation\SSD Files\PNY CS900\Secure Erase\Recovered Data\9141-f0740456.jpg,.jpg,0.14,OK,
C:\Users\User\OneDrive\Documents\Uni\Dissertation\SSD Files\PNY CS900\Secure Erase\Recovered Data\9142-f0740736.jpg,.jpg,0.01,OK,
C:\Users\User\OneDrive\Documents\Uni\Dissertation\SSD Files\PNY CS900\Secure Erase\Recovered Data\9143-f0740760.jpg,.jpg,0.03,OK,
C:\Users\User\OneDrive\Documents\Uni\Dissertation\SSD Files\PNY CS900\Secure Erase\Recovered Data\9144-f0740832.jpg,.jpg,0.01,OK,
C:\Users\User\OneDrive\Documents\Uni\Dissertation\SSD Files\PNY CS900\Secure Erase\Recovered Data\9145-f0740864.jpg,.jpg,0,OK,
C:\Users\User\OneDrive\Documents\Uni\Dissertation\SSD Files\PNY CS900\Secure Erase\Recovered Data\9146-f0740880.jpg,.jpg,0.02,OK,
C:\Users\User\OneDrive\Documents\Uni\Dissertation\SSD Files\PNY CS900\Secure Erase\Recovered Data\9147-f0740920.jpg,.jpg,0.01,OK,
C:\Users\User\OneDrive\Documents\Uni\Dissertation\SSD Files\PNY CS900\Secure Erase\Recovered Data\9148-f0740952.jpg,.jpg,0,OK,
C:\Users\User\OneDrive\Documents\Uni\Dissertation\SSD Files\PNY CS900\Secure Erase\Recovered Data\9149-f0740968.jpg,.jpg,0.1,OK,
C:\Users\User\OneDrive\Documents\Uni\Dissertation\SSD Files\PNY CS900\Secure Erase\Recovered Data\9150-f0741168.jpg,.jpg,0.04,OK,
C:\Users\User\OneDrive\Documents\Uni\Dissertation\SSD Files\PNY CS900\Secure Erase\Recovered Data\9151-f0741256.jpg,.jpg,0.05,OK,
C:\Users\User\OneDrive\Documents\Uni\Dissertation\SSD Files\PNY CS900\Secure Erase\Recovered Data\9152-f0741368.jpg,.jpg,0.18,OK,
C:\Users\User\OneDrive\Documents\Uni\Dissertation\SSD Files\PNY CS900\Secure Erase\Recovered Data\9153-f0741744.jpg,.jpg,0.04,OK,
C:\Users\User\OneDrive\Documents\Uni\Dissertation\SSD Files\PNY CS900\Secure Erase\Recovered Data\9154-f0741832.jpg,.jpg,0.04,OK,
C:\Users\User\OneDrive\Documents\Uni\Dissertation\SSD Files\PNY CS900\Secure Erase\Recovered Data\9155-f0741912.jpg,.jpg,0.02,OK,
C:\Users\User\OneDrive\Documents\Uni\Dissertation\SSD Files\PNY CS900\Secure Erase\Recovered Data\9156-f0741968.jpg,.jpg,0.03,OK,
C:\Users\User\OneDrive\Documents\Uni\Dissertation\SSD Files\PNY CS900\Secure Erase\Recovered Data\9157-f0742024.jpg,.jpg,0.03,OK,
C:\Users\User\OneDrive\Documents\Uni\Dissertation\SSD Files\PNY CS900\Secure Erase\Recovered Data\9158-f0742096.jpg,.jpg,0.03,OK,
C:\Users\User\OneDrive\Documents\Uni\Dissertation\SSD Files\PNY CS900\Secure Erase\Recovered Data\9159-f0742152.jpg,.jpg,0.03,OK,
C:\Users\User\OneDrive\Documents\Uni\Dissertation\SSD Files\PNY CS900\Secure Erase\Recovered Data\9160-f0742216.jpg,.jpg,0.03,OK,
C:\Users\User\OneDrive\Documents\Uni\Dissertation\SSD Files\PNY CS900\Secure Erase\Recovered Data\9161-f0742272.jpg,.jpg,0.03,OK,
C:\Users\User\OneDrive\Documents\Uni\Dissertation\SSD Files\PNY CS900\Secure Erase\Recovered Data\9162-f0742344.jpg,.jpg,0.03,OK,
C:\Users\User\OneDrive\Documents\Uni\Dissertation\SSD Files\PNY CS900\Secure Erase\Recovered Data\9163-f0742400.jpg,.jpg,0.03,OK,
C:\Users\User\OneDrive\Documents\Uni\Dissertation\SSD Files\PNY CS900\Secure Erase\Recovered Data\9164-f0742472.jpg,.jpg,0.03,OK,
C:\Users\User\OneDrive\Documents\Uni\Dissertation\SSD Files\PNY CS900\Secure Erase\Recovered Data\9165-f0742536.jpg,.jpg,0.03,OK,
C:\Users\User\OneDrive\Documents\Uni\Dissertation\SSD Files\PNY CS900\Secure Erase\Recovered Data\9166-f0742600.jpg,.jpg,0.03,OK,
C:\Users\User\OneDrive\Documents\Uni\Dissertation\SSD Files\PNY CS900\Secure Erase\Recovered Data\9167-f0742656.jpg,.jpg,0.03,OK,
C:\Users\User\OneDrive\Documents\Uni\Dissertation\SSD Files\PNY CS900\Secure Erase\Recovered Data\9168-f0742720.jpg,.jpg,0.03,OK,
C:\Users\User\OneDrive\Documents\Uni\Dissertation\SSD Files\PNY CS900\Secure Erase\Recovered Data\9169-f0742776.jpg,.jpg,0.04,OK,
C:\Users\User\OneDrive\Documents\Uni\Dissertation\SSD Files\PNY CS900\Secure Erase\Recovered Data\9170-f0742856.jpg,.jpg,0.03,OK,
C:\Users\User\OneDrive\Documents\Uni\Dissertation\SSD Files\PNY CS900\Secure Erase\Recovered Data\9171-f0742912.jpg,.jpg,0.03,OK,
C:\Users\User\OneDrive\Documents\Uni\Dissertation\SSD Files\PNY CS900\Secure Erase\Recovered Data\9172-f0742968.jpg,.jpg,0.03,OK,
C:\Users\User\OneDrive\Documents\Uni\Dissertation\SSD Files\PNY CS900\Secure Erase\Recovered Data\9173-f0743024.jpg,.jpg,0.04,OK,
C:\Users\User\OneDrive\Documents\Uni\Dissertation\SSD Files\PNY CS900\Secure Erase\Recovered Data\9174-f0743112.jpg,.jpg,0.04,OK,
C:\Users\User\OneDrive\Documents\Uni\Dissertation\SSD Files\PNY CS900\Secure Erase\Recovered Data\9175-f0743200.jpg,.jpg,0.03,OK,
C:\Users\User\OneDrive\Documents\Uni\Dissertation\SSD Files\PNY CS900\Secure Erase\Recovered Data\9176-f0743272.jpg,.jpg,0.03,OK,
C:\Users\User\OneDrive\Documents\Uni\Dissertation\SSD Files\PNY CS900\Secure Erase\Recovered Data\9177-f0743344.jpg,.jpg,0.03,OK,
C:\Users\User\OneDrive\Documents\Uni\Dissertation\SSD Files\PNY CS900\Secure Erase\Recovered Data\9178-f0743400.jpg,.jpg,0.03,OK,
C:\Users\User\OneDrive\Documents\Uni\Dissertation\SSD Files\PNY CS900\Secure Erase\Recovered Data\9179-f0743456.jpg,.jpg,0.02,OK,
C:\Users\User\OneDrive\Documents\Uni\Dissertation\SSD Files\PNY CS900\Secure Erase\Recovered Data\9180-f0743512.jpg,.jpg,0.03,OK,
C:\Users\User\OneDrive\Documents\Uni\Dissertation\SSD Files\PNY CS900\Secure Erase\Recovered Data\9181-f0743576.jpg,.jpg,0.03,OK,
C:\Users\User\OneDrive\Documents\Uni\Dissertation\SSD Files\PNY CS900\Secure Erase\Recovered Data\9182-f0743632.jpg,.jpg,0.03,OK,
C:\Users\User\OneDrive\Documents\Uni\Dissertation\SSD Files\PNY CS900\Secure Erase\Recovered Data\9183-f0743688.jpg,.jpg,0.03,OK,
C:\Users\User\OneDrive\Documents\Uni\Dissertation\SSD Files\PNY CS900\Secure Erase\Recovered Data\9184-f0743752.jpg,.jpg,0.02,OK,
C:\Users\User\OneDrive\Documents\Uni\Dissertation\SSD Files\PNY CS900\Secure Erase\Recovered Data\9185-f0743808.jpg,.jpg,0.08,OK,
C:\Users\User\OneDrive\Documents\Uni\Dissertation\SSD Files\PNY CS900\Secure Erase\Recovered Data\9186-f0743968.jpg,.jpg,0.04,OK,
C:\Users\User\OneDrive\Documents\Uni\Dissertation\SSD Files\PNY CS900\Secure Erase\Recovered Data\9187-f0744056.jpg,.jpg,0.04,OK,
C:\Users\User\OneDrive\Documents\Uni\Dissertation\SSD Files\PNY CS900\Secure Erase\Recovered Data\9188-f0744144.jpg,.jpg,0.05,OK,
C:\Users\User\OneDrive\Documents\Uni\Dissertation\SSD Files\PNY CS900\Secure Erase\Recovered Data\9189-f0744248.jpg,.jpg,0.03,OK,
C:\Users\User\OneDrive\Documents\Uni\Dissertation\SSD Files\PNY CS900\Secure Erase\Recovered Data\9190-f0744320.jpg,.jpg,0.01,OK,
C:\Users\User\OneDrive\Documents\Uni\Dissertation\SSD Files\PNY CS900\Secure Erase\Recovered Data\9191-f0744336.jpg,.jpg,0.12,OK,
C:\Users\User\OneDrive\Documents\Uni\Dissertation\SSD Files\PNY CS900\Secure Erase\Recovered Data\9192-f0744584.jpg,.jpg,0.08,OK,
C:\Users\User\OneDrive\Documents\Uni\Dissertation\SSD Files\PNY CS900\Secure Erase\Recovered Data\9193-f0744760.jpg,.jpg,0.19,OK,
C:\Users\User\OneDrive\Documents\Uni\Dissertation\SSD Files\PNY CS900\Secure Erase\Recovered Data\9194-f0745152.jpg,.jpg,0.03,OK,
C:\Users\User\OneDrive\Documents\Uni\Dissertation\SSD Files\PNY CS900\Secure Erase\Recovered Data\9195-f0745216.jpg,.jpg,0.11,OK,
C:\Users\User\OneDrive\Documents\Uni\Dissertation\SSD Files\PNY CS900\Secure Erase\Recovered Data\9196-f0745440.jpg,.jpg,0.06,OK,
C:\Users\User\OneDrive\Documents\Uni\Dissertation\SSD Files\PNY CS900\Secure Erase\Recovered Data\9197-f0745576.jpg,.jpg,0.07,OK,
C:\Users\User\OneDrive\Documents\Uni\Dissertation\SSD Files\PNY CS900\Secure Erase\Recovered Data\9198-f0745720.jpg,.jpg,0.02,OK,
C:\Users\User\OneDrive\Documents\Uni\Dissertation\SSD Files\PNY CS900\Secure Erase\Recovered Data\9199-f0745760.jpg,.jpg,0.03,OK,
C:\Users\User\OneDrive\Documents\Uni\Dissertation\SSD Files\PNY CS900\Secure Erase\Recovered Data\9200-f0745824.jpg,.jpg,0.08,OK,
C:\Users\User\OneDrive\Documents\Uni\Dissertation\SSD Files\PNY CS900\Secure Erase\Recovered Data\9201-f0745984.jpg,.jpg,0.04,OK,
C:\Users\User\OneDrive\Documents\Uni\Dissertation\SSD Files\PNY CS900\Secure Erase\Recovered Data\9202-f0746064.jpg,.jpg,0.03,OK,
C:\Users\User\OneDrive\Documents\Uni\Dissertation\SSD Files\PNY CS900\Secure Erase\Recovered Data\9203-f0746128.jpg,.jpg,0.02,OK,
C:\Users\User\OneDrive\Documents\Uni\Dissertation\SSD Files\PNY CS900\Secure Erase\Recovered Data\9204-f0746176.jpg,.jpg,0.51,OK,
C:\Users\User\OneDrive\Documents\Uni\Dissertation\SSD Files\PNY CS900\Secure Erase\Recovered Data\9205-f0747232.jpg,.jpg,0.28,OK,
C:\Users\User\OneDrive\Documents\Uni\Dissertation\SSD Files\PNY CS900\Secure Erase\Recovered Data\9206-f0747816.jpg,.jpg,0.1,OK,
C:\Users\User\OneDrive\Documents\Uni\Dissertation\SSD Files\PNY CS900\Secure Erase\Recovered Data\9207-f0748016.jpg,.jpg,0.65,OK,
C:\Users\User\OneDrive\Documents\Uni\Dissertation\SSD Files\PNY CS900\Secure Erase\Recovered Data\9208-f0749352.jpg,.jpg,0.03,OK,
C:\Users\User\OneDrive\Documents\Uni\Dissertation\SSD Files\PNY CS900\Secure Erase\Recovered Data\9209-f0749408.jpg,.jpg,0.07,OK,
C:\Users\User\OneDrive\Documents\Uni\Dissertation\SSD Files\PNY CS900\Secure Erase\Recovered Data\9210-f0749552.jpg,.jpg,0.27,OK,
C:\Users\User\OneDrive\Documents\Uni\Dissertation\SSD Files\PNY CS900\Secure Erase\Recovered Data\9211-f0750104.jpg,.jpg,0.02,OK,
C:\Users\User\OneDrive\Documents\Uni\Dissertation\SSD Files\PNY CS900\Secure Erase\Recovered Data\9212-f0750152.jpg,.jpg,0.01,OK,
C:\Users\User\OneDrive\Documents\Uni\Dissertation\SSD Files\PNY CS900\Secure Erase\Recovered Data\9213-f0750168.jpg,.jpg,0.33,OK,
C:\Users\User\OneDrive\Documents\Uni\Dissertation\SSD Files\PNY CS900\Secure Erase\Recovered Data\9214-f0750848.jpg,.jpg,0.17,OK,
C:\Users\User\OneDrive\Documents\Uni\Dissertation\SSD Files\PNY CS900\Secure Erase\Recovered Data\9215-f0751200.jpg,.jpg,0.06,OK,
C:\Users\User\OneDrive\Documents\Uni\Dissertation\SSD Files\PNY CS900\Secure Erase\Recovered Data\9216-f0751328.jpg,.jpg,0.24,OK,
C:\Users\User\OneDrive\Documents\Uni\Dissertation\SSD Files\PNY CS900\Secure Erase\Recovered Data\9217-f0751832.jpg,.jpg,0.06,OK,
C:\Users\User\OneDrive\Documents\Uni\Dissertation\SSD Files\PNY CS900\Secure Erase\Recovered Data\9218-f0751952.jpg,.jpg,0.01,OK,
C:\Users\User\OneDrive\Documents\Uni\Dissertation\SSD Files\PNY CS900\Secure Erase\Recovered Data\9219-f0751976.jpg,.jpg,0.05,OK,
C:\Users\User\OneDrive\Documents\Uni\Dissertation\SSD Files\PNY CS900\Secure Erase\Recovered Data\9220-f0752072.jpg,.jpg,0.04,OK,
C:\Users\User\OneDrive\Documents\Uni\Dissertation\SSD Files\PNY CS900\Secure Erase\Recovered Data\9221-f0752160.jpg,.jpg,0.05,OK,
C:\Users\User\OneDrive\Documents\Uni\Dissertation\SSD Files\PNY CS900\Secure Erase\Recovered Data\9222-f0752256.jpg,.jpg,1.1,OK,
C:\Users\User\OneDrive\Documents\Uni\Dissertation\SSD Files\PNY CS900\Secure Erase\Recovered Data\9223-f0754520.jpg,.jpg,0.04,OK,
C:\Users\User\OneDrive\Documents\Uni\Dissertation\SSD Files\PNY CS900\Secure Erase\Recovered Data\9224-f0754608.jpg,.jpg,0.04,OK,
C:\Users\User\OneDrive\Documents\Uni\Dissertation\SSD Files\PNY CS900\Secure Erase\Recovered Data\9225-f0754704.jpg,.jpg,0.04,OK,
C:\Users\User\OneDrive\Documents\Uni\Dissertation\SSD Files\PNY CS900\Secure Erase\Recovered Data\9226-f0754784.jpg,.jpg,0.5,OK,
C:\Users\User\OneDrive\Documents\Uni\Dissertation\SSD Files\PNY CS900\Secure Erase\Recovered Data\9227-f0755808.jpg,.jpg,0.4,OK,
C:\Users\User\OneDrive\Documents\Uni\Dissertation\SSD Files\PNY CS900\Secure Erase\Recovered Data\9228-f0756632.jpg,.jpg,0.55,OK,
C:\Users\User\OneDrive\Documents\Uni\Dissertation\SSD Files\PNY CS900\Secure Erase\Recovered Data\9229-f0757760.jpg,.jpg,0.39,OK,
C:\Users\User\OneDrive\Documents\Uni\Dissertation\SSD Files\PNY CS900\Secure Erase\Recovered Data\9230-f0758568.jpg,.jpg,0.03,OK,
C:\Users\User\OneDrive\Documents\Uni\Dissertation\SSD Files\PNY CS900\Secure Erase\Recovered Data\9231-f0758624.jpg,.jpg,0.03,OK,
C:\Users\User\OneDrive\Documents\Uni\Dissertation\SSD Files\PNY CS900\Secure Erase\Recovered Data\9232-f0758680.jpg,.jpg,0.34,OK,
C:\Users\User\OneDrive\Documents\Uni\Dissertation\SSD Files\PNY CS900\Secure Erase\Recovered Data\9233-f0759384.jpg,.jpg,0.05,OK,
C:\Users\User\OneDrive\Documents\Uni\Dissertation\SSD Files\PNY CS900\Secure Erase\Recovered Data\9234-f0759480.jpg,.jpg,0.53,OK,
C:\Users\User\OneDrive\Documents\Uni\Dissertation\SSD Files\PNY CS900\Secure Erase\Recovered Data\9235-f0760560.jpg,.jpg,0.09,OK,
C:\Users\User\OneDrive\Documents\Uni\Dissertation\SSD Files\PNY CS900\Secure Erase\Recovered Data\9236-f0760744.jpg,.jpg,0.06,OK,
C:\Users\User\OneDrive\Documents\Uni\Dissertation\SSD Files\PNY CS900\Secure Erase\Recovered Data\9237-f0760880.jpg,.jpg,0.01,OK,
C:\Users\User\OneDrive\Documents\Uni\Dissertation\SSD Files\PNY CS900\Secure Erase\Recovered Data\9238-f0760904.jpg,.jpg,0.01,OK,
C:\Users\User\OneDrive\Documents\Uni\Dissertation\SSD Files\PNY CS900\Secure Erase\Recovered Data\9239-f0760936.jpg,.jpg,0.03,OK,
C:\Users\User\OneDrive\Documents\Uni\Dissertation\SSD Files\PNY CS900\Secure Erase\Recovered Data\9240-f0760992.jpg,.jpg,0.01,OK,
C:\Users\User\OneDrive\Documents\Uni\Dissertation\SSD Files\PNY CS900\Secure Erase\Recovered Data\9241-f0761024.jpg,.jpg,0.11,OK,
C:\Users\User\OneDrive\Documents\Uni\Dissertation\SSD Files\PNY CS900\Secure Erase\Recovered Data\9242-f0761248.jpg,.jpg,0.04,OK,
C:\Users\User\OneDrive\Documents\Uni\Dissertation\SSD Files\PNY CS900\Secure Erase\Recovered Data\9243-f0761336.jpg,.jpg,0.03,OK,
C:\Users\User\OneDrive\Documents\Uni\Dissertation\SSD Files\PNY CS900\Secure Erase\Recovered Data\9244-f0761392.jpg,.jpg,0.03,OK,
C:\Users\User\OneDrive\Documents\Uni\Dissertation\SSD Files\PNY CS900\Secure Erase\Recovered Data\9245-f0761448.jpg,.jpg,0.02,OK,
C:\Users\User\OneDrive\Documents\Uni\Dissertation\SSD Files\PNY CS900\Secure Erase\Recovered Data\9246-f0761496.jpg,.jpg,0.01,OK,
C:\Users\User\OneDrive\Documents\Uni\Dissertation\SSD Files\PNY CS900\Secure Erase\Recovered Data\9247-f0761512.jpg,.jpg,0.04,OK,
C:\Users\User\OneDrive\Documents\Uni\Dissertation\SSD Files\PNY CS900\Secure Erase\Recovered Data\9248-f0761592.jpg,.jpg,0.83,OK,
C:\Users\User\OneDrive\Documents\Uni\Dissertation\SSD Files\PNY CS900\Secure Erase\Recovered Data\9249-f0763304.jpg,.jpg,0.12,OK,
C:\Users\User\OneDrive\Documents\Uni\Dissertation\SSD Files\PNY CS900\Secure Erase\Recovered Data\9250-f0763560.jpg,.jpg,0.04,OK,
C:\Users\User\OneDrive\Documents\Uni\Dissertation\SSD Files\PNY CS900\Secure Erase\Recovered Data\9251-f0763648.jpg,.jpg,0.17,OK,
C:\Users\User\OneDrive\Documents\Uni\Dissertation\SSD Files\PNY CS900\Secure Erase\Recovered Data\9252-f0764000.jpg,.jpg,0.09,OK,
C:\Users\User\OneDrive\Documents\Uni\Dissertation\SSD Files\PNY CS900\Secure Erase\Recovered Data\9253-f0764184.jpg,.jpg,0.03,OK,
C:\Users\User\OneDrive\Documents\Uni\Dissertation\SSD Files\PNY CS900\Secure Erase\Recovered Data\9254-f0764240.jpg,.jpg,0.04,OK,
C:\Users\User\OneDrive\Documents\Uni\Dissertation\SSD Files\PNY CS900\Secure Erase\Recovered Data\9255-f0764336.jpg,.jpg,0.02,OK,
C:\Users\User\OneDrive\Documents\Uni\Dissertation\SSD Files\PNY CS900\Secure Erase\Recovered Data\9256-f0764376.jpg,.jpg,0.02,OK,
C:\Users\User\OneDrive\Documents\Uni\Dissertation\SSD Files\PNY CS900\Secure Erase\Recovered Data\9257-f0764416.jpg,.jpg,0.07,OK,
C:\Users\User\OneDrive\Documents\Uni\Dissertation\SSD Files\PNY CS900\Secure Erase\Recovered Data\9258-f0764568.jpg,.jpg,0.03,OK,
C:\Users\User\OneDrive\Documents\Uni\Dissertation\SSD Files\PNY CS900\Secure Erase\Recovered Data\9259-f0764632.jpg,.jpg,0.03,OK,
C:\Users\User\OneDrive\Documents\Uni\Dissertation\SSD Files\PNY CS900\Secure Erase\Recovered Data\9260-f0764704.jpg,.jpg,0.23,OK,
C:\Users\User\OneDrive\Documents\Uni\Dissertation\SSD Files\PNY CS900\Secure Erase\Recovered Data\9261-f0765168.jpg,.jpg,0.17,OK,
C:\Users\User\OneDrive\Documents\Uni\Dissertation\SSD Files\PNY CS900\Secure Erase\Recovered Data\9262-f0765512.jpg,.jpg,0.02,OK,
C:\Users\User\OneDrive\Documents\Uni\Dissertation\SSD Files\PNY CS900\Secure Erase\Recovered Data\9263-f0765560.jpg,.jpg,0.22,OK,
C:\Users\User\OneDrive\Documents\Uni\Dissertation\SSD Files\PNY CS900\Secure Erase\Recovered Data\9264-f0766024.jpg,.jpg,0.05,OK,
C:\Users\User\OneDrive\Documents\Uni\Dissertation\SSD Files\PNY CS900\Secure Erase\Recovered Data\9265-f0766144.jpg,.jpg,0.06,OK,
C:\Users\User\OneDrive\Documents\Uni\Dissertation\SSD Files\PNY CS900\Secure Erase\Recovered Data\9266-f0766264.jpg,.jpg,0.15,OK,
C:\Users\User\OneDrive\Documents\Uni\Dissertation\SSD Files\PNY CS900\Secure Erase\Recovered Data\9267-f0766576.jpg,.jpg,0.03,OK,
C:\Users\User\OneDrive\Documents\Uni\Dissertation\SSD Files\PNY CS900\Secure Erase\Recovered Data\9268-f0766632.jpg,.jpg,0.07,OK,
C:\Users\User\OneDrive\Documents\Uni\Dissertation\SSD Files\PNY CS900\Secure Erase\Recovered Data\9269-f0766776.jpg,.jpg,0.11,OK,
C:\Users\User\OneDrive\Documents\Uni\Dissertation\SSD Files\PNY CS900\Secure Erase\Recovered Data\9270-f0767000.jpg,.jpg,0.04,OK,
C:\Users\User\OneDrive\Documents\Uni\Dissertation\SSD Files\PNY CS900\Secure Erase\Recovered Data\9271-f0767080.jpg,.jpg,0.27,OK,
C:\Users\User\OneDrive\Documents\Uni\Dissertation\SSD Files\PNY CS900\Secure Erase\Recovered Data\9272-f0767624.jpg,.jpg,0.02,OK,
C:\Users\User\OneDrive\Documents\Uni\Dissertation\SSD Files\PNY CS900\Secure Erase\Recovered Data\9273-f0767672.jpg,.jpg,0.01,OK,
C:\Users\User\OneDrive\Documents\Uni\Dissertation\SSD Files\PNY CS900\Secure Erase\Recovered Data\9274-f0767696.jpg,.jpg,0.01,OK,
C:\Users\User\OneDrive\Documents\Uni\Dissertation\SSD Files\PNY CS900\Secure Erase\Recovered Data\9275-f0767728.jpg,.jpg,0.06,OK,
C:\Users\User\OneDrive\Documents\Uni\Dissertation\SSD Files\PNY CS900\Secure Erase\Recovered Data\9276-f0767848.jpg,.jpg,0.01,OK,
C:\Users\User\OneDrive\Documents\Uni\Dissertation\SSD Files\PNY CS900\Secure Erase\Recovered Data\9277-f0767880.jpg,.jpg,0.02,OK,
C:\Users\User\OneDrive\Documents\Uni\Dissertation\SSD Files\PNY CS900\Secure Erase\Recovered Data\9278-f0767928.jpg,.jpg,0.28,OK,
C:\Users\User\OneDrive\Documents\Uni\Dissertation\SSD Files\PNY CS900\Secure Erase\Recovered Data\9279-f0768512.jpg,.jpg,0.01,OK,
C:\Users\User\OneDrive\Documents\Uni\Dissertation\SSD Files\PNY CS900\Secure Erase\Recovered Data\9280-f0768536.jpg,.jpg,0.02,OK,
C:\Users\User\OneDrive\Documents\Uni\Dissertation\SSD Files\PNY CS900\Secure Erase\Recovered Data\9281-f0768576.jpg,.jpg,0.03,OK,
C:\Users\User\OneDrive\Documents\Uni\Dissertation\SSD Files\PNY CS900\Secure Erase\Recovered Data\9282-f0768632.jpg,.jpg,0.06,OK,
C:\Users\User\OneDrive\Documents\Uni\Dissertation\SSD Files\PNY CS900\Secure Erase\Recovered Data\9283-f0768768.jpg,.jpg,0,OK,
C:\Users\User\OneDrive\Documents\Uni\Dissertation\SSD Files\PNY CS900\Secure Erase\Recovered Data\9284-f0768784.jpg,.jpg,0.01,OK,
C:\Users\User\OneDrive\Documents\Uni\Dissertation\SSD Files\PNY CS900\Secure Erase\Recovered Data\9285-f0768800.jpg,.jpg,0.01,OK,
C:\Users\User\OneDrive\Documents\Uni\Dissertation\SSD Files\PNY CS900\Secure Erase\Recovered Data\9286-f0768832.jpg,.jpg,0,OK,
C:\Users\User\OneDrive\Documents\Uni\Dissertation\SSD Files\PNY CS900\Secure Erase\Recovered Data\9287-f0768840.jpg,.jpg,0.24,OK,
C:\Users\User\OneDrive\Documents\Uni\Dissertation\SSD Files\PNY CS900\Secure Erase\Recovered Data\9288-f0769336.jpg,.jpg,0.04,OK,
C:\Users\User\OneDrive\Documents\Uni\Dissertation\SSD Files\PNY CS900\Secure Erase\Recovered Data\9289-f0769416.jpg,.jpg,0.22,OK,
C:\Users\User\OneDrive\Documents\Uni\Dissertation\SSD Files\PNY CS900\Secure Erase\Recovered Data\9290-f0769872.jpg,.jpg,0.16,OK,
C:\Users\User\OneDrive\Documents\Uni\Dissertation\SSD Files\PNY CS900\Secure Erase\Recovered Data\9291-f0770208.jpg,.jpg,0.09,OK,
C:\Users\User\OneDrive\Documents\Uni\Dissertation\SSD Files\PNY CS900\Secure Erase\Recovered Data\9292-f0770400.jpg,.jpg,0.02,OK,
C:\Users\User\OneDrive\Documents\Uni\Dissertation\SSD Files\PNY CS900\Secure Erase\Recovered Data\9293-f0770440.jpg,.jpg,0.03,OK,
C:\Users\User\OneDrive\Documents\Uni\Dissertation\SSD Files\PNY CS900\Secure Erase\Recovered Data\9294-f0770504.jpg,.jpg,0.04,OK,
C:\Users\User\OneDrive\Documents\Uni\Dissertation\SSD Files\PNY CS900\Secure Erase\Recovered Data\9295-f0770584.jpg,.jpg,0.1,OK,
C:\Users\User\OneDrive\Documents\Uni\Dissertation\SSD Files\PNY CS900\Secure Erase\Recovered Data\9296-f0770800.jpg,.jpg,0.09,OK,
C:\Users\User\OneDrive\Documents\Uni\Dissertation\SSD Files\PNY CS900\Secure Erase\Recovered Data\9297-f0770984.jpg,.jpg,0.04,OK,
C:\Users\User\OneDrive\Documents\Uni\Dissertation\SSD Files\PNY CS900\Secure Erase\Recovered Data\9298-f0771072.jpg,.jpg,0.03,OK,
C:\Users\User\OneDrive\Documents\Uni\Dissertation\SSD Files\PNY CS900\Secure Erase\Recovered Data\9299-f0771136.jpg,.jpg,0.02,OK,
C:\Users\User\OneDrive\Documents\Uni\Dissertation\SSD Files\PNY CS900\Secure Erase\Recovered Data\9300-f0771192.jpg,.jpg,0.01,OK,
C:\Users\User\OneDrive\Documents\Uni\Dissertation\SSD Files\PNY CS900\Secure Erase\Recovered Data\9301-f0771224.jpg,.jpg,0.01,OK,
C:\Users\User\OneDrive\Documents\Uni\Dissertation\SSD Files\PNY CS900\Secure Erase\Recovered Data\9302-f0771256.jpg,.jpg,0.03,OK,
C:\Users\User\OneDrive\Documents\Uni\Dissertation\SSD Files\PNY CS900\Secure Erase\Recovered Data\9303-f0771320.jpg,.jpg,0.01,OK,
C:\Users\User\OneDrive\Documents\Uni\Dissertation\SSD Files\PNY CS900\Secure Erase\Recovered Data\9304-f0771344.jpg,.jpg,0.02,OK,
C:\Users\User\OneDrive\Documents\Uni\Dissertation\SSD Files\PNY CS900\Secure Erase\Recovered Data\9305-f0771400.jpg,.jpg,0.02,OK,
C:\Users\User\OneDrive\Documents\Uni\Dissertation\SSD Files\PNY CS900\Secure Erase\Recovered Data\9306-f0771448.jpg,.jpg,0.58,OK,
C:\Users\User\OneDrive\Documents\Uni\Dissertation\SSD Files\PNY CS900\Secure Erase\Recovered Data\9307-f0772632.jpg,.jpg,0.01,OK,
C:\Users\User\OneDrive\Documents\Uni\Dissertation\SSD Files\PNY CS900\Secure Erase\Recovered Data\9308-f0772664.jpg,.jpg,0.01,OK,
C:\Users\User\OneDrive\Documents\Uni\Dissertation\SSD Files\PNY CS900\Secure Erase\Recovered Data\9309-f0772680.jpg,.jpg,0.49,OK,
C:\Users\User\OneDrive\Documents\Uni\Dissertation\SSD Files\PNY CS900\Secure Erase\Recovered Data\9310-f0773688.jpg,.jpg,0.18,OK,
C:\Users\User\OneDrive\Documents\Uni\Dissertation\SSD Files\PNY CS900\Secure Erase\Recovered Data\9311-f0774056.jpg,.jpg,0.04,OK,
C:\Users\User\OneDrive\Documents\Uni\Dissertation\SSD Files\PNY CS900\Secure Erase\Recovered Data\9312-f0774152.jpg,.jpg,0.01,OK,
C:\Users\User\OneDrive\Documents\Uni\Dissertation\SSD Files\PNY CS900\Secure Erase\Recovered Data\9313-f0774168.jpg,.jpg,0,OK,
C:\Users\User\OneDrive\Documents\Uni\Dissertation\SSD Files\PNY CS900\Secure Erase\Recovered Data\9314-f0774184.jpg,.jpg,0.04,OK,
C:\Users\User\OneDrive\Documents\Uni\Dissertation\SSD Files\PNY CS900\Secure Erase\Recovered Data\9315-f0774272.jpg,.jpg,0.03,OK,
C:\Users\User\OneDrive\Documents\Uni\Dissertation\SSD Files\PNY CS900\Secure Erase\Recovered Data\9316-f0774328.jpg,.jpg,0.15,OK,
C:\Users\User\OneDrive\Documents\Uni\Dissertation\SSD Files\PNY CS900\Secure Erase\Recovered Data\9317-f0774640.jpg,.jpg,0.05,OK,
C:\Users\User\OneDrive\Documents\Uni\Dissertation\SSD Files\PNY CS900\Secure Erase\Recovered Data\9318-f0774744.jpg,.jpg,0.05,OK,
C:\Users\User\OneDrive\Documents\Uni\Dissertation\SSD Files\PNY CS900\Secure Erase\Recovered Data\9319-f0774848.jpg,.jpg,0.13,OK,
C:\Users\User\OneDrive\Documents\Uni\Dissertation\SSD Files\PNY CS900\Secure Erase\Recovered Data\9320-f0775112.jpg,.jpg,0.04,OK,
C:\Users\User\OneDrive\Documents\Uni\Dissertation\SSD Files\PNY CS900\Secure Erase\Recovered Data\9321-f0775192.jpg,.jpg,0.01,OK,
C:\Users\User\OneDrive\Documents\Uni\Dissertation\SSD Files\PNY CS900\Secure Erase\Recovered Data\9322-f0775216.jpg,.jpg,0.03,OK,
C:\Users\User\OneDrive\Documents\Uni\Dissertation\SSD Files\PNY CS900\Secure Erase\Recovered Data\9323-f0775272.jpg,.jpg,0.01,OK,
C:\Users\User\OneDrive\Documents\Uni\Dissertation\SSD Files\PNY CS900\Secure Erase\Recovered Data\9324-f0775304.jpg,.jpg,0.01,OK,
C:\Users\User\OneDrive\Documents\Uni\Dissertation\SSD Files\PNY CS900\Secure Erase\Recovered Data\9325-f0775328.jpg,.jpg,0.08,OK,
C:\Users\User\OneDrive\Documents\Uni\Dissertation\SSD Files\PNY CS900\Secure Erase\Recovered Data\9326-f0775496.jpg,.jpg,0.07,OK,
C:\Users\User\OneDrive\Documents\Uni\Dissertation\SSD Files\PNY CS900\Secure Erase\Recovered Data\9327-f0775656.jpg,.jpg,0.04,OK,
C:\Users\User\OneDrive\Documents\Uni\Dissertation\SSD Files\PNY CS900\Secure Erase\Recovered Data\9328-f0775736.jpg,.jpg,1.25,OK,
C:\Users\User\OneDrive\Documents\Uni\Dissertation\SSD Files\PNY CS900\Secure Erase\Recovered Data\9329-f0778304.jpg,.jpg,0.03,OK,
C:\Users\User\OneDrive\Documents\Uni\Dissertation\SSD Files\PNY CS900\Secure Erase\Recovered Data\9330-f0778376.jpg,.jpg,0.02,OK,
C:\Users\User\OneDrive\Documents\Uni\Dissertation\SSD Files\PNY CS900\Secure Erase\Recovered Data\9331-f0778424.jpg,.jpg,0.08,OK,
C:\Users\User\OneDrive\Documents\Uni\Dissertation\SSD Files\PNY CS900\Secure Erase\Recovered Data\9332-f0778592.jpg,.jpg,0.04,OK,
C:\Users\User\OneDrive\Documents\Uni\Dissertation\SSD Files\PNY CS900\Secure Erase\Recovered Data\9333-f0778680.jpg,.jpg,0.33,OK,
C:\Users\User\OneDrive\Documents\Uni\Dissertation\SSD Files\PNY CS900\Secure Erase\Recovered Data\9334-f0779368.jpg,.jpg,0.05,OK,
C:\Users\User\OneDrive\Documents\Uni\Dissertation\SSD Files\PNY CS900\Secure Erase\Recovered Data\9335-f0779472.jpg,.jpg,0.01,OK,
C:\Users\User\OneDrive\Documents\Uni\Dissertation\SSD Files\PNY CS900\Secure Erase\Recovered Data\9336-f0779504.jpg,.jpg,0.08,OK,
C:\Users\User\OneDrive\Documents\Uni\Dissertation\SSD Files\PNY CS900\Secure Erase\Recovered Data\9337-f0779664.jpg,.jpg,0.05,OK,
C:\Users\User\OneDrive\Documents\Uni\Dissertation\SSD Files\PNY CS900\Secure Erase\Recovered Data\9338-f0779776.jpg,.jpg,0,OK,
C:\Users\User\OneDrive\Documents\Uni\Dissertation\SSD Files\PNY CS900\Secure Erase\Recovered Data\9339-f0779784.jpg,.jpg,0.05,OK,
C:\Users\User\OneDrive\Documents\Uni\Dissertation\SSD Files\PNY CS900\Secure Erase\Recovered Data\9340-f0779896.jpg,.jpg,0.04,OK,
C:\Users\User\OneDrive\Documents\Uni\Dissertation\SSD Files\PNY CS900\Secure Erase\Recovered Data\9341-f0779976.jpg,.jpg,0.11,OK,
C:\Users\User\OneDrive\Documents\Uni\Dissertation\SSD Files\PNY CS900\Secure Erase\Recovered Data\9342-f0780200.jpg,.jpg,0.04,OK,
C:\Users\User\OneDrive\Documents\Uni\Dissertation\SSD Files\PNY CS900\Secure Erase\Recovered Data\9343-f0780288.jpg,.jpg,2.05,OK,
C:\Users\User\OneDrive\Documents\Uni\Dissertation\SSD Files\PNY CS900\Secure Erase\Recovered Data\9344-f0784480.jpg,.jpg,0.05,OK,
C:\Users\User\OneDrive\Documents\Uni\Dissertation\SSD Files\PNY CS900\Secure Erase\Recovered Data\9345-f0784576.jpg,.jpg,0.01,OK,
C:\Users\User\OneDrive\Documents\Uni\Dissertation\SSD Files\PNY CS900\Secure Erase\Recovered Data\9346-f0784608.jpg,.jpg,0.01,OK,
C:\Users\User\OneDrive\Documents\Uni\Dissertation\SSD Files\PNY CS900\Secure Erase\Recovered Data\9347-f0784632.jpg,.jpg,0.06,OK,
C:\Users\User\OneDrive\Documents\Uni\Dissertation\SSD Files\PNY CS900\Secure Erase\Recovered Data\9348-f0784752.jpg,.jpg,0.02,OK,
C:\Users\User\OneDrive\Documents\Uni\Dissertation\SSD Files\PNY CS900\Secure Erase\Recovered Data\9349-f0784792.jpg,.jpg,0.03,OK,
C:\Users\User\OneDrive\Documents\Uni\Dissertation\SSD Files\PNY CS900\Secure Erase\Recovered Data\9350-f0784848.jpg,.jpg,0.01,OK,
C:\Users\User\OneDrive\Documents\Uni\Dissertation\SSD Files\PNY CS900\Secure Erase\Recovered Data\9351-f0784872.jpg,.jpg,0.04,OK,
C:\Users\User\OneDrive\Documents\Uni\Dissertation\SSD Files\PNY CS900\Secure Erase\Recovered Data\9352-f0784968.jpg,.jpg,0.03,OK,
C:\Users\User\OneDrive\Documents\Uni\Dissertation\SSD Files\PNY CS900\Secure Erase\Recovered Data\9353-f0785024.jpg,.jpg,0.04,OK,
C:\Users\User\OneDrive\Documents\Uni\Dissertation\SSD Files\PNY CS900\Secure Erase\Recovered Data\9354-f0785112.jpg,.jpg,0.06,OK,
C:\Users\User\OneDrive\Documents\Uni\Dissertation\SSD Files\PNY CS900\Secure Erase\Recovered Data\9355-f0785240.jpg,.jpg,0.01,OK,
C:\Users\User\OneDrive\Documents\Uni\Dissertation\SSD Files\PNY CS900\Secure Erase\Recovered Data\9356-f0785272.jpg,.jpg,0.13,OK,
C:\Users\User\OneDrive\Documents\Uni\Dissertation\SSD Files\PNY CS900\Secure Erase\Recovered Data\9357-f0785544.jpg,.jpg,0.09,OK,
C:\Users\User\OneDrive\Documents\Uni\Dissertation\SSD Files\PNY CS900\Secure Erase\Recovered Data\9358-f0785736.jpg,.jpg,0.02,OK,
C:\Users\User\OneDrive\Documents\Uni\Dissertation\SSD Files\PNY CS900\Secure Erase\Recovered Data\9359-f0785776.jpg,.jpg,0.01,OK,
C:\Users\User\OneDrive\Documents\Uni\Dissertation\SSD Files\PNY CS900\Secure Erase\Recovered Data\9360-f0785808.jpg,.jpg,0.15,OK,
C:\Users\User\OneDrive\Documents\Uni\Dissertation\SSD Files\PNY CS900\Secure Erase\Recovered Data\9361-f0786112.jpg,.jpg,0.02,OK,
C:\Users\User\OneDrive\Documents\Uni\Dissertation\SSD Files\PNY CS900\Secure Erase\Recovered Data\9362-f0786168.jpg,.jpg,0.01,OK,
C:\Users\User\OneDrive\Documents\Uni\Dissertation\SSD Files\PNY CS900\Secure Erase\Recovered Data\9363-f0786184.jpg,.jpg,0.08,OK,
C:\Users\User\OneDrive\Documents\Uni\Dissertation\SSD Files\PNY CS900\Secure Erase\Recovered Data\9364-f0786352.jpg,.jpg,0.02,OK,
C:\Users\User\OneDrive\Documents\Uni\Dissertation\SSD Files\PNY CS900\Secure Erase\Recovered Data\9365-f0786392.jpg,.jpg,0.01,OK,
C:\Users\User\OneDrive\Documents\Uni\Dissertation\SSD Files\PNY CS900\Secure Erase\Recovered Data\9366-f0786408.jpg,.jpg,0.01,OK,
C:\Users\User\OneDrive\Documents\Uni\Dissertation\SSD Files\PNY CS900\Secure Erase\Recovered Data\9367-f0786432.jpg,.jpg,0.06,OK,
C:\Users\User\OneDrive\Documents\Uni\Dissertation\SSD Files\PNY CS900\Secure Erase\Recovered Data\9368-f0786552.jpg,.jpg,0.14,OK,
C:\Users\User\OneDrive\Documents\Uni\Dissertation\SSD Files\PNY CS900\Secure Erase\Recovered Data\9369-f0786832.jpg,.jpg,0.13,OK,
C:\Users\User\OneDrive\Documents\Uni\Dissertation\SSD Files\PNY CS900\Secure Erase\Recovered Data\9370-f0787112.jpg,.jpg,0.07,OK,
C:\Users\User\OneDrive\Documents\Uni\Dissertation\SSD Files\PNY CS900\Secure Erase\Recovered Data\9371-f0787264.jpg,.jpg,0.05,OK,
C:\Users\User\OneDrive\Documents\Uni\Dissertation\SSD Files\PNY CS900\Secure Erase\Recovered Data\9372-f0787376.jpg,.jpg,0.05,OK,
C:\Users\User\OneDrive\Documents\Uni\Dissertation\SSD Files\PNY CS900\Secure Erase\Recovered Data\9373-f0787488.jpg,.jpg,0.05,OK,
C:\Users\User\OneDrive\Documents\Uni\Dissertation\SSD Files\PNY CS900\Secure Erase\Recovered Data\9374-f0787600.jpg,.jpg,0.06,OK,
C:\Users\User\OneDrive\Documents\Uni\Dissertation\SSD Files\PNY CS900\Secure Erase\Recovered Data\9375-f0787728.jpg,.jpg,0.04,OK,
C:\Users\User\OneDrive\Documents\Uni\Dissertation\SSD Files\PNY CS900\Secure Erase\Recovered Data\9376-f0787816.jpg,.jpg,0.05,OK,
C:\Users\User\OneDrive\Documents\Uni\Dissertation\SSD Files\PNY CS900\Secure Erase\Recovered Data\9377-f0787928.jpg,.jpg,0.05,OK,
C:\Users\User\OneDrive\Documents\Uni\Dissertation\SSD Files\PNY CS900\Secure Erase\Recovered Data\9378-f0788032.jpg,.jpg,0.02,OK,
C:\Users\User\OneDrive\Documents\Uni\Dissertation\SSD Files\PNY CS900\Secure Erase\Recovered Data\9379-f0788072.jpg,.jpg,0.01,OK,
C:\Users\User\OneDrive\Documents\Uni\Dissertation\SSD Files\PNY CS900\Secure Erase\Recovered Data\9380-f0788096.jpg,.jpg,0,OK,
C:\Users\User\OneDrive\Documents\Uni\Dissertation\SSD Files\PNY CS900\Secure Erase\Recovered Data\9381-f0788112.jpg,.jpg,0.11,OK,
C:\Users\User\OneDrive\Documents\Uni\Dissertation\SSD Files\PNY CS900\Secure Erase\Recovered Data\9382-f0788328.jpg,.jpg,0.13,OK,
C:\Users\User\OneDrive\Documents\Uni\Dissertation\SSD Files\PNY CS900\Secure Erase\Recovered Data\9383-f0788608.jpg,.jpg,0.03,OK,
C:\Users\User\OneDrive\Documents\Uni\Dissertation\SSD Files\PNY CS900\Secure Erase\Recovered Data\9384-f0788672.jpg,.jpg,0.03,OK,
C:\Users\User\OneDrive\Documents\Uni\Dissertation\SSD Files\PNY CS900\Secure Erase\Recovered Data\9385-f0788728.jpg,.jpg,0.03,OK,
C:\Users\User\OneDrive\Documents\Uni\Dissertation\SSD Files\PNY CS900\Secure Erase\Recovered Data\9386-f0788800.jpg,.jpg,0.04,OK,
C:\Users\User\OneDrive\Documents\Uni\Dissertation\SSD Files\PNY CS900\Secure Erase\Recovered Data\9387-f0788888.jpg,.jpg,0.03,OK,
C:\Users\User\OneDrive\Documents\Uni\Dissertation\SSD Files\PNY CS900\Secure Erase\Recovered Data\9388-f0788960.jpg,.jpg,0.03,OK,
C:\Users\User\OneDrive\Documents\Uni\Dissertation\SSD Files\PNY CS900\Secure Erase\Recovered Data\9389-f0789016.jpg,.jpg,0.04,OK,
C:\Users\User\OneDrive\Documents\Uni\Dissertation\SSD Files\PNY CS900\Secure Erase\Recovered Data\9390-f0789104.jpg,.jpg,0.04,OK,
C:\Users\User\OneDrive\Documents\Uni\Dissertation\SSD Files\PNY CS900\Secure Erase\Recovered Data\9391-f0789184.jpg,.jpg,0.03,OK,
C:\Users\User\OneDrive\Documents\Uni\Dissertation\SSD Files\PNY CS900\Secure Erase\Recovered Data\9392-f0789256.jpg,.jpg,0.01,OK,
C:\Users\User\OneDrive\Documents\Uni\Dissertation\SSD Files\PNY CS900\Secure Erase\Recovered Data\9393-f0789288.jpg,.jpg,0.05,OK,
C:\Users\User\OneDrive\Documents\Uni\Dissertation\SSD Files\PNY CS900\Secure Erase\Recovered Data\9394-f0789392.jpg,.jpg,0.01,OK,
C:\Users\User\OneDrive\Documents\Uni\Dissertation\SSD Files\PNY CS900\Secure Erase\Recovered Data\9395-f0789424.jpg,.jpg,0.01,OK,
C:\Users\User\OneDrive\Documents\Uni\Dissertation\SSD Files\PNY CS900\Secure Erase\Recovered Data\9396-f0789456.jpg,.jpg,0.03,OK,
C:\Users\User\OneDrive\Documents\Uni\Dissertation\SSD Files\PNY CS900\Secure Erase\Recovered Data\9397-f0789512.jpg,.jpg,0.04,OK,
C:\Users\User\OneDrive\Documents\Uni\Dissertation\SSD Files\PNY CS900\Secure Erase\Recovered Data\9398-f0789600.jpg,.jpg,0.03,OK,
C:\Users\User\OneDrive\Documents\Uni\Dissertation\SSD Files\PNY CS900\Secure Erase\Recovered Data\9399-f0789656.jpg,.jpg,0.03,OK,
C:\Users\User\OneDrive\Documents\Uni\Dissertation\SSD Files\PNY CS900\Secure Erase\Recovered Data\9400-f0789728.jpg,.jpg,0.04,OK,
C:\Users\User\OneDrive\Documents\Uni\Dissertation\SSD Files\PNY CS900\Secure Erase\Recovered Data\9401-f0789824.jpg,.jpg,0.03,OK,
C:\Users\User\OneDrive\Documents\Uni\Dissertation\SSD Files\PNY CS900\Secure Erase\Recovered Data\9402-f0789880.jpg,.jpg,0.03,OK,
C:\Users\User\OneDrive\Documents\Uni\Dissertation\SSD Files\PNY CS900\Secure Erase\Recovered Data\9403-f0789936.jpg,.jpg,0.05,OK,
C:\Users\User\OneDrive\Documents\Uni\Dissertation\SSD Files\PNY CS900\Secure Erase\Recovered Data\9404-f0790032.jpg,.jpg,0.04,OK,
C:\Users\User\OneDrive\Documents\Uni\Dissertation\SSD Files\PNY CS900\Secure Erase\Recovered Data\9405-f0790128.jpg,.jpg,0.04,OK,
C:\Users\User\OneDrive\Documents\Uni\Dissertation\SSD Files\PNY CS900\Secure Erase\Recovered Data\9406-f0790224.jpg,.jpg,0.03,OK,
C:\Users\User\OneDrive\Documents\Uni\Dissertation\SSD Files\PNY CS900\Secure Erase\Recovered Data\9407-f0790280.jpg,.jpg,0.03,OK,
C:\Users\User\OneDrive\Documents\Uni\Dissertation\SSD Files\PNY CS900\Secure Erase\Recovered Data\9408-f0790336.jpg,.jpg,0.07,OK,
C:\Users\User\OneDrive\Documents\Uni\Dissertation\SSD Files\PNY CS900\Secure Erase\Recovered Data\9409-f0790480.jpg,.jpg,0.11,OK,
C:\Users\User\OneDrive\Documents\Uni\Dissertation\SSD Files\PNY CS900\Secure Erase\Recovered Data\9410-f0790704.jpg,.jpg,0.08,OK,
C:\Users\User\OneDrive\Documents\Uni\Dissertation\SSD Files\PNY CS900\Secure Erase\Recovered Data\9411-f0790872.jpg,.jpg,0.06,OK,
C:\Users\User\OneDrive\Documents\Uni\Dissertation\SSD Files\PNY CS900\Secure Erase\Recovered Data\9412-f0790992.jpg,.jpg,0.06,OK,
C:\Users\User\OneDrive\Documents\Uni\Dissertation\SSD Files\PNY CS900\Secure Erase\Recovered Data\9413-f0791120.jpg,.jpg,0.05,OK,
C:\Users\User\OneDrive\Documents\Uni\Dissertation\SSD Files\PNY CS900\Secure Erase\Recovered Data\9414-f0791232.jpg,.jpg,0.05,OK,
C:\Users\User\OneDrive\Documents\Uni\Dissertation\SSD Files\PNY CS900\Secure Erase\Recovered Data\9415-f0791344.jpg,.jpg,0.06,OK,
C:\Users\User\OneDrive\Documents\Uni\Dissertation\SSD Files\PNY CS900\Secure Erase\Recovered Data\9416-f0791464.jpg,.jpg,0.06,OK,
C:\Users\User\OneDrive\Documents\Uni\Dissertation\SSD Files\PNY CS900\Secure Erase\Recovered Data\9417-f0791584.jpg,.jpg,0.05,OK,
C:\Users\User\OneDrive\Documents\Uni\Dissertation\SSD Files\PNY CS900\Secure Erase\Recovered Data\9418-f0791696.jpg,.jpg,0.08,OK,
C:\Users\User\OneDrive\Documents\Uni\Dissertation\SSD Files\PNY CS900\Secure Erase\Recovered Data\9419-f0791864.jpg,.jpg,0.08,OK,
C:\Users\User\OneDrive\Documents\Uni\Dissertation\SSD Files\PNY CS900\Secure Erase\Recovered Data\9420-f0792032.jpg,.jpg,0.06,OK,
C:\Users\User\OneDrive\Documents\Uni\Dissertation\SSD Files\PNY CS900\Secure Erase\Recovered Data\9421-f0792152.jpg,.jpg,0.04,OK,
C:\Users\User\OneDrive\Documents\Uni\Dissertation\SSD Files\PNY CS900\Secure Erase\Recovered Data\9422-f0792240.jpg,.jpg,0.03,OK,
C:\Users\User\OneDrive\Documents\Uni\Dissertation\SSD Files\PNY CS900\Secure Erase\Recovered Data\9423-f0792312.jpg,.jpg,0.04,OK,
C:\Users\User\OneDrive\Documents\Uni\Dissertation\SSD Files\PNY CS900\Secure Erase\Recovered Data\9424-f0792392.jpg,.jpg,0.03,OK,
C:\Users\User\OneDrive\Documents\Uni\Dissertation\SSD Files\PNY CS900\Secure Erase\Recovered Data\9425-f0792464.jpg,.jpg,0.03,OK,
C:\Users\User\OneDrive\Documents\Uni\Dissertation\SSD Files\PNY CS900\Secure Erase\Recovered Data\9426-f0792536.jpg,.jpg,0.11,OK,
C:\Users\User\OneDrive\Documents\Uni\Dissertation\SSD Files\PNY CS900\Secure Erase\Recovered Data\9427-f0792776.jpg,.jpg,0.04,OK,
C:\Users\User\OneDrive\Documents\Uni\Dissertation\SSD Files\PNY CS900\Secure Erase\Recovered Data\9428-f0792856.jpg,.jpg,0.01,OK,
C:\Users\User\OneDrive\Documents\Uni\Dissertation\SSD Files\PNY CS900\Secure Erase\Recovered Data\9429-f0792880.jpg,.jpg,0.02,OK,
C:\Users\User\OneDrive\Documents\Uni\Dissertation\SSD Files\PNY CS900\Secure Erase\Recovered Data\9430-f0792920.jpg,.jpg,0.19,OK,
C:\Users\User\OneDrive\Documents\Uni\Dissertation\SSD Files\PNY CS900\Secure Erase\Recovered Data\9431-f0793320.jpg,.jpg,0.27,OK,
C:\Users\User\OneDrive\Documents\Uni\Dissertation\SSD Files\PNY CS900\Secure Erase\Recovered Data\9432-f0793872.jpg,.jpg,0.04,OK,
C:\Users\User\OneDrive\Documents\Uni\Dissertation\SSD Files\PNY CS900\Secure Erase\Recovered Data\9433-f0793960.jpg,.jpg,0.05,OK,
C:\Users\User\OneDrive\Documents\Uni\Dissertation\SSD Files\PNY CS900\Secure Erase\Recovered Data\9434-f0794056.jpg,.jpg,0.04,OK,
C:\Users\User\OneDrive\Documents\Uni\Dissertation\SSD Files\PNY CS900\Secure Erase\Recovered Data\9435-f0794144.jpg,.jpg,0.05,OK,
C:\Users\User\OneDrive\Documents\Uni\Dissertation\SSD Files\PNY CS900\Secure Erase\Recovered Data\9436-f0794240.jpg,.jpg,0.02,OK,
C:\Users\User\OneDrive\Documents\Uni\Dissertation\SSD Files\PNY CS900\Secure Erase\Recovered Data\9437-f0794280.jpg,.jpg,0,OK,
C:\Users\User\OneDrive\Documents\Uni\Dissertation\SSD Files\PNY CS900\Secure Erase\Recovered Data\9438-f0794288.jpg,.jpg,0.03,OK,
C:\Users\User\OneDrive\Documents\Uni\Dissertation\SSD Files\PNY CS900\Secure Erase\Recovered Data\9439-f0794344.jpg,.jpg,0.03,OK,
C:\Users\User\OneDrive\Documents\Uni\Dissertation\SSD Files\PNY CS900\Secure Erase\Recovered Data\9440-f0794416.jpg,.jpg,0.08,OK,
C:\Users\User\OneDrive\Documents\Uni\Dissertation\SSD Files\PNY CS900\Secure Erase\Recovered Data\9441-f0794584.jpg,.jpg,0.04,OK,
C:\Users\User\OneDrive\Documents\Uni\Dissertation\SSD Files\PNY CS900\Secure Erase\Recovered Data\9442-f0794672.jpg,.jpg,0.01,OK,
C:\Users\User\OneDrive\Documents\Uni\Dissertation\SSD Files\PNY CS900\Secure Erase\Recovered Data\9443-f0794696.jpg,.jpg,0.01,OK,
C:\Users\User\OneDrive\Documents\Uni\Dissertation\SSD Files\PNY CS900\Secure Erase\Recovered Data\9444-f0794720.jpg,.jpg,0.63,OK,
C:\Users\User\OneDrive\Documents\Uni\Dissertation\SSD Files\PNY CS900\Secure Erase\Recovered Data\9445-f0796008.jpg,.jpg,0.01,OK,
C:\Users\User\OneDrive\Documents\Uni\Dissertation\SSD Files\PNY CS900\Secure Erase\Recovered Data\9446-f0796024.jpg,.jpg,0.01,OK,
C:\Users\User\OneDrive\Documents\Uni\Dissertation\SSD Files\PNY CS900\Secure Erase\Recovered Data\9447-f0796048.jpg,.jpg,0.01,OK,
C:\Users\User\OneDrive\Documents\Uni\Dissertation\SSD Files\PNY CS900\Secure Erase\Recovered Data\9448-f0796080.jpg,.jpg,0.03,OK,
C:\Users\User\OneDrive\Documents\Uni\Dissertation\SSD Files\PNY CS900\Secure Erase\Recovered Data\9449-f0796144.jpg,.jpg,0.04,OK,
C:\Users\User\OneDrive\Documents\Uni\Dissertation\SSD Files\PNY CS900\Secure Erase\Recovered Data\9450-f0796232.jpg,.jpg,0.01,OK,
C:\Users\User\OneDrive\Documents\Uni\Dissertation\SSD Files\PNY CS900\Secure Erase\Recovered Data\9451-f0796256.jpg,.jpg,0,OK,
C:\Users\User\OneDrive\Documents\Uni\Dissertation\SSD Files\PNY CS900\Secure Erase\Recovered Data\9452-f0796272.jpg,.jpg,0.01,OK,
C:\Users\User\OneDrive\Documents\Uni\Dissertation\SSD Files\PNY CS900\Secure Erase\Recovered Data\9453-f0796304.jpg,.jpg,0.04,OK,
C:\Users\User\OneDrive\Documents\Uni\Dissertation\SSD Files\PNY CS900\Secure Erase\Recovered Data\9454-f0796392.jpg,.jpg,0.02,OK,
C:\Users\User\OneDrive\Documents\Uni\Dissertation\SSD Files\PNY CS900\Secure Erase\Recovered Data\9455-f0796432.jpg,.jpg,0.04,OK,
C:\Users\User\OneDrive\Documents\Uni\Dissertation\SSD Files\PNY CS900\Secure Erase\Recovered Data\9456-f0796520.jpg,.jpg,0.01,OK,
C:\Users\User\OneDrive\Documents\Uni\Dissertation\SSD Files\PNY CS900\Secure Erase\Recovered Data\9457-f0796552.jpg,.jpg,0.08,OK,
C:\Users\User\OneDrive\Documents\Uni\Dissertation\SSD Files\PNY CS900\Secure Erase\Recovered Data\9458-f0796712.jpg,.jpg,0.02,OK,
C:\Users\User\OneDrive\Documents\Uni\Dissertation\SSD Files\PNY CS900\Secure Erase\Recovered Data\9459-f0796752.jpg,.jpg,0.03,OK,
C:\Users\User\OneDrive\Documents\Uni\Dissertation\SSD Files\PNY CS900\Secure Erase\Recovered Data\9460-f0796808.jpg,.jpg,0.02,OK,
C:\Users\User\OneDrive\Documents\Uni\Dissertation\SSD Files\PNY CS900\Secure Erase\Recovered Data\9461-f0796856.jpg,.jpg,1.02,OK,
C:\Users\User\OneDrive\Documents\Uni\Dissertation\SSD Files\PNY CS900\Secure Erase\Recovered Data\9462-f0798952.jpg,.jpg,0.01,OK,
C:\Users\User\OneDrive\Documents\Uni\Dissertation\SSD Files\PNY CS900\Secure Erase\Recovered Data\9463-f0798968.jpg,.jpg,0.01,OK,
C:\Users\User\OneDrive\Documents\Uni\Dissertation\SSD Files\PNY CS900\Secure Erase\Recovered Data\9464-f0798992.jpg,.jpg,0,OK,
C:\Users\User\OneDrive\Documents\Uni\Dissertation\SSD Files\PNY CS900\Secure Erase\Recovered Data\9465-f0799000.jpg,.jpg,0.01,OK,
C:\Users\User\OneDrive\Documents\Uni\Dissertation\SSD Files\PNY CS900\Secure Erase\Recovered Data\9466-f0799024.jpg,.jpg,0,OK,
C:\Users\User\OneDrive\Documents\Uni\Dissertation\SSD Files\PNY CS900\Secure Erase\Recovered Data\9467-f0799032.jpg,.jpg,0.07,OK,
C:\Users\User\OneDrive\Documents\Uni\Dissertation\SSD Files\PNY CS900\Secure Erase\Recovered Data\9468-f0799176.jpg,.jpg,0.21,OK,
C:\Users\User\OneDrive\Documents\Uni\Dissertation\SSD Files\PNY CS900\Secure Erase\Recovered Data\9469-f0799608.jpg,.jpg,0.06,OK,
C:\Users\User\OneDrive\Documents\Uni\Dissertation\SSD Files\PNY CS900\Secure Erase\Recovered Data\9470-f0799728.jpg,.jpg,0.15,OK,
C:\Users\User\OneDrive\Documents\Uni\Dissertation\SSD Files\PNY CS900\Secure Erase\Recovered Data\9471-f0800032.jpg,.jpg,0.04,OK,
C:\Users\User\OneDrive\Documents\Uni\Dissertation\SSD Files\PNY CS900\Secure Erase\Recovered Data\9472-f0800112.jpg,.jpg,0.04,OK,
C:\Users\User\OneDrive\Documents\Uni\Dissertation\SSD Files\PNY CS900\Secure Erase\Recovered Data\9473-f0800192.jpg,.jpg,0.11,OK,
C:\Users\User\OneDrive\Documents\Uni\Dissertation\SSD Files\PNY CS900\Secure Erase\Recovered Data\9474-f0800416.jpg,.jpg,0.01,OK,
C:\Users\User\OneDrive\Documents\Uni\Dissertation\SSD Files\PNY CS900\Secure Erase\Recovered Data\9475-f0800432.jpg,.jpg,0.14,OK,
C:\Users\User\OneDrive\Documents\Uni\Dissertation\SSD Files\PNY CS900\Secure Erase\Recovered Data\9476-f0800736.jpg,.jpg,0.04,OK,
C:\Users\User\OneDrive\Documents\Uni\Dissertation\SSD Files\PNY CS900\Secure Erase\Recovered Data\9477-f0800824.jpg,.jpg,0.01,OK,
C:\Users\User\OneDrive\Documents\Uni\Dissertation\SSD Files\PNY CS900\Secure Erase\Recovered Data\9478-f0800840.jpg,.jpg,0.32,OK,
C:\Users\User\OneDrive\Documents\Uni\Dissertation\SSD Files\PNY CS900\Secure Erase\Recovered Data\9479-f0801496.jpg,.jpg,0.02,OK,
C:\Users\User\OneDrive\Documents\Uni\Dissertation\SSD Files\PNY CS900\Secure Erase\Recovered Data\9480-f0801544.jpg,.jpg,0.02,OK,
C:\Users\User\OneDrive\Documents\Uni\Dissertation\SSD Files\PNY CS900\Secure Erase\Recovered Data\9481-f0801600.jpg,.jpg,0.03,OK,
C:\Users\User\OneDrive\Documents\Uni\Dissertation\SSD Files\PNY CS900\Secure Erase\Recovered Data\9482-f0801664.jpg,.jpg,0.03,OK,
C:\Users\User\OneDrive\Documents\Uni\Dissertation\SSD Files\PNY CS900\Secure Erase\Recovered Data\9483-f0801728.jpg,.jpg,0.04,OK,
C:\Users\User\OneDrive\Documents\Uni\Dissertation\SSD Files\PNY CS900\Secure Erase\Recovered Data\9484-f0801808.jpg,.jpg,0.06,OK,
C:\Users\User\OneDrive\Documents\Uni\Dissertation\SSD Files\PNY CS900\Secure Erase\Recovered Data\9485-f0801944.jpg,.jpg,0.04,OK,
C:\Users\User\OneDrive\Documents\Uni\Dissertation\SSD Files\PNY CS900\Secure Erase\Recovered Data\9486-f0802032.jpg,.jpg,0.1,OK,
C:\Users\User\OneDrive\Documents\Uni\Dissertation\SSD Files\PNY CS900\Secure Erase\Recovered Data\9487-f0802232.jpg,.jpg,0.03,OK,
C:\Users\User\OneDrive\Documents\Uni\Dissertation\SSD Files\PNY CS900\Secure Erase\Recovered Data\9488-f0802296.jpg,.jpg,0.01,OK,
C:\Users\User\OneDrive\Documents\Uni\Dissertation\SSD Files\PNY CS900\Secure Erase\Recovered Data\9489-f0802328.jpg,.jpg,0.02,OK,
C:\Users\User\OneDrive\Documents\Uni\Dissertation\SSD Files\PNY CS900\Secure Erase\Recovered Data\9490-f0802376.jpg,.jpg,0.01,OK,
C:\Users\User\OneDrive\Documents\Uni\Dissertation\SSD Files\PNY CS900\Secure Erase\Recovered Data\9491-f0802400.jpg,.jpg,0.05,OK,
C:\Users\User\OneDrive\Documents\Uni\Dissertation\SSD Files\PNY CS900\Secure Erase\Recovered Data\9492-f0802504.jpg,.jpg,0.03,OK,
C:\Users\User\OneDrive\Documents\Uni\Dissertation\SSD Files\PNY CS900\Secure Erase\Recovered Data\9493-f0802568.jpg,.jpg,0.03,OK,
C:\Users\User\OneDrive\Documents\Uni\Dissertation\SSD Files\PNY CS900\Secure Erase\Recovered Data\9494-f0802632.jpg,.jpg,0.04,OK,
C:\Users\User\OneDrive\Documents\Uni\Dissertation\SSD Files\PNY CS900\Secure Erase\Recovered Data\9495-f0802712.jpg,.jpg,0.02,OK,
C:\Users\User\OneDrive\Documents\Uni\Dissertation\SSD Files\PNY CS900\Secure Erase\Recovered Data\9496-f0802760.jpg,.jpg,0.01,OK,
C:\Users\User\OneDrive\Documents\Uni\Dissertation\SSD Files\PNY CS900\Secure Erase\Recovered Data\9497-f0802784.jpg,.jpg,0.01,OK,
C:\Users\User\OneDrive\Documents\Uni\Dissertation\SSD Files\PNY CS900\Secure Erase\Recovered Data\9498-f0802800.jpg,.jpg,0.04,OK,
C:\Users\User\OneDrive\Documents\Uni\Dissertation\SSD Files\PNY CS900\Secure Erase\Recovered Data\9499-f0802880.jpg,.jpg,0.01,OK,
C:\Users\User\OneDrive\Documents\Uni\Dissertation\SSD Files\PNY CS900\Secure Erase\Recovered Data\9500-f0802896.jpg,.jpg,0.03,OK,
C:\Users\User\OneDrive\Documents\Uni\Dissertation\SSD Files\PNY CS900\Secure Erase\Recovered Data\9501-f0802952.jpg,.jpg,0.01,OK,
C:\Users\User\OneDrive\Documents\Uni\Dissertation\SSD Files\PNY CS900\Secure Erase\Recovered Data\9502-f0802984.jpg,.jpg,0.03,OK,
C:\Users\User\OneDrive\Documents\Uni\Dissertation\SSD Files\PNY CS900\Secure Erase\Recovered Data\9503-f0803056.jpg,.jpg,0.02,OK,
C:\Users\User\OneDrive\Documents\Uni\Dissertation\SSD Files\PNY CS900\Secure Erase\Recovered Data\9504-f0803112.jpg,.jpg,0.02,OK,
C:\Users\User\OneDrive\Documents\Uni\Dissertation\SSD Files\PNY CS900\Secure Erase\Recovered Data\9505-f0803144.jpg,.jpg,0.01,OK,
C:\Users\User\OneDrive\Documents\Uni\Dissertation\SSD Files\PNY CS900\Secure Erase\Recovered Data\9506-f0803160.jpg,.jpg,0.01,OK,
C:\Users\User\OneDrive\Documents\Uni\Dissertation\SSD Files\PNY CS900\Secure Erase\Recovered Data\9507-f0803176.jpg,.jpg,0.04,OK,
C:\Users\User\OneDrive\Documents\Uni\Dissertation\SSD Files\PNY CS900\Secure Erase\Recovered Data\9508-f0803256.jpg,.jpg,0.03,OK,
C:\Users\User\OneDrive\Documents\Uni\Dissertation\SSD Files\PNY CS900\Secure Erase\Recovered Data\9509-f0803320.jpg,.jpg,0.02,OK,
C:\Users\User\OneDrive\Documents\Uni\Dissertation\SSD Files\PNY CS900\Secure Erase\Recovered Data\9510-f0803360.jpg,.jpg,0.07,OK,
C:\Users\User\OneDrive\Documents\Uni\Dissertation\SSD Files\PNY CS900\Secure Erase\Recovered Data\9511-f0803512.jpg,.jpg,0.22,OK,
C:\Users\User\OneDrive\Documents\Uni\Dissertation\SSD Files\PNY CS900\Secure Erase\Recovered Data\9512-f0803960.jpg,.jpg,0.03,OK,
C:\Users\User\OneDrive\Documents\Uni\Dissertation\SSD Files\PNY CS900\Secure Erase\Recovered Data\9513-f0804032.jpg,.jpg,0.01,OK,
C:\Users\User\OneDrive\Documents\Uni\Dissertation\SSD Files\PNY CS900\Secure Erase\Recovered Data\9514-f0804048.jpg,.jpg,0.07,OK,
C:\Users\User\OneDrive\Documents\Uni\Dissertation\SSD Files\PNY CS900\Secure Erase\Recovered Data\9515-f0804192.jpg,.jpg,0.01,OK,
C:\Users\User\OneDrive\Documents\Uni\Dissertation\SSD Files\PNY CS900\Secure Erase\Recovered Data\9516-f0804224.jpg,.jpg,0.02,OK,
C:\Users\User\OneDrive\Documents\Uni\Dissertation\SSD Files\PNY CS900\Secure Erase\Recovered Data\9517-f0804264.jpg,.jpg,0.02,OK,
C:\Users\User\OneDrive\Documents\Uni\Dissertation\SSD Files\PNY CS900\Secure Erase\Recovered Data\9518-f0804304.jpg,.jpg,0.66,OK,
C:\Users\User\OneDrive\Documents\Uni\Dissertation\SSD Files\PNY CS900\Secure Erase\Recovered Data\9519-f0805664.jpg,.jpg,0.03,OK,
C:\Users\User\OneDrive\Documents\Uni\Dissertation\SSD Files\PNY CS900\Secure Erase\Recovered Data\9520-f0805720.jpg,.jpg,0.01,OK,
C:\Users\User\OneDrive\Documents\Uni\Dissertation\SSD Files\PNY CS900\Secure Erase\Recovered Data\9521-f0805752.jpg,.jpg,0.01,OK,
C:\Users\User\OneDrive\Documents\Uni\Dissertation\SSD Files\PNY CS900\Secure Erase\Recovered Data\9522-f0805768.jpg,.jpg,0.03,OK,
C:\Users\User\OneDrive\Documents\Uni\Dissertation\SSD Files\PNY CS900\Secure Erase\Recovered Data\9523-f0805840.jpg,.jpg,0.02,OK,
C:\Users\User\OneDrive\Documents\Uni\Dissertation\SSD Files\PNY CS900\Secure Erase\Recovered Data\9524-f0805888.jpg,.jpg,0.02,OK,
C:\Users\User\OneDrive\Documents\Uni\Dissertation\SSD Files\PNY CS900\Secure Erase\Recovered Data\9525-f0805928.jpg,.jpg,0.08,OK,
C:\Users\User\OneDrive\Documents\Uni\Dissertation\SSD Files\PNY CS900\Secure Erase\Recovered Data\9526-f0806096.jpg,.jpg,0.07,OK,
C:\Users\User\OneDrive\Documents\Uni\Dissertation\SSD Files\PNY CS900\Secure Erase\Recovered Data\9527-f0806240.jpg,.jpg,0.03,OK,
C:\Users\User\OneDrive\Documents\Uni\Dissertation\SSD Files\PNY CS900\Secure Erase\Recovered Data\9528-f0806304.jpg,.jpg,0.01,OK,
C:\Users\User\OneDrive\Documents\Uni\Dissertation\SSD Files\PNY CS900\Secure Erase\Recovered Data\9529-f0806328.jpg,.jpg,0.01,OK,
C:\Users\User\OneDrive\Documents\Uni\Dissertation\SSD Files\PNY CS900\Secure Erase\Recovered Data\9530-f0806352.jpg,.jpg,0.03,OK,
C:\Users\User\OneDrive\Documents\Uni\Dissertation\SSD Files\PNY CS900\Secure Erase\Recovered Data\9531-f0806424.jpg,.jpg,0.04,OK,
C:\Users\User\OneDrive\Documents\Uni\Dissertation\SSD Files\PNY CS900\Secure Erase\Recovered Data\9532-f0806504.jpg,.jpg,0.01,OK,
C:\Users\User\OneDrive\Documents\Uni\Dissertation\SSD Files\PNY CS900\Secure Erase\Recovered Data\9533-f0806520.jpg,.jpg,0.04,OK,
C:\Users\User\OneDrive\Documents\Uni\Dissertation\SSD Files\PNY CS900\Secure Erase\Recovered Data\9534-f0806608.jpg,.jpg,0.01,OK,
C:\Users\User\OneDrive\Documents\Uni\Dissertation\SSD Files\PNY CS900\Secure Erase\Recovered Data\9535-f0806632.jpg,.jpg,0.01,OK,
C:\Users\User\OneDrive\Documents\Uni\Dissertation\SSD Files\PNY CS900\Secure Erase\Recovered Data\9536-f0806656.jpg,.jpg,0.01,OK,
C:\Users\User\OneDrive\Documents\Uni\Dissertation\SSD Files\PNY CS900\Secure Erase\Recovered Data\9537-f0806680.jpg,.jpg,0.01,OK,
C:\Users\User\OneDrive\Documents\Uni\Dissertation\SSD Files\PNY CS900\Secure Erase\Recovered Data\9538-f0806712.jpg,.jpg,1.11,OK,
C:\Users\User\OneDrive\Documents\Uni\Dissertation\SSD Files\PNY CS900\Secure Erase\Recovered Data\9539-f0808992.jpg,.jpg,0.03,OK,
C:\Users\User\OneDrive\Documents\Uni\Dissertation\SSD Files\PNY CS900\Secure Erase\Recovered Data\9540-f0809064.jpg,.jpg,0,OK,
C:\Users\User\OneDrive\Documents\Uni\Dissertation\SSD Files\PNY CS900\Secure Erase\Recovered Data\9541-f0809072.jpg,.jpg,0.05,OK,
C:\Users\User\OneDrive\Documents\Uni\Dissertation\SSD Files\PNY CS900\Secure Erase\Recovered Data\9542-f0809176.jpg,.jpg,0.05,OK,
C:\Users\User\OneDrive\Documents\Uni\Dissertation\SSD Files\PNY CS900\Secure Erase\Recovered Data\9543-f0809280.jpg,.jpg,0.05,OK,
C:\Users\User\OneDrive\Documents\Uni\Dissertation\SSD Files\PNY CS900\Secure Erase\Recovered Data\9544-f0809376.jpg,.jpg,0.03,OK,
C:\Users\User\OneDrive\Documents\Uni\Dissertation\SSD Files\PNY CS900\Secure Erase\Recovered Data\9545-f0809440.jpg,.jpg,0.43,OK,
C:\Users\User\OneDrive\Documents\Uni\Dissertation\SSD Files\PNY CS900\Secure Erase\Recovered Data\9546-f0810328.jpg,.jpg,0.04,OK,
C:\Users\User\OneDrive\Documents\Uni\Dissertation\SSD Files\PNY CS900\Secure Erase\Recovered Data\9547-f0810408.jpg,.jpg,0.04,OK,
C:\Users\User\OneDrive\Documents\Uni\Dissertation\SSD Files\PNY CS900\Secure Erase\Recovered Data\9548-f0810496.jpg,.jpg,0.42,OK,
C:\Users\User\OneDrive\Documents\Uni\Dissertation\SSD Files\PNY CS900\Secure Erase\Recovered Data\9549-f0811368.jpg,.jpg,0.05,OK,
C:\Users\User\OneDrive\Documents\Uni\Dissertation\SSD Files\PNY CS900\Secure Erase\Recovered Data\9550-f0811472.jpg,.jpg,0.05,OK,
C:\Users\User\OneDrive\Documents\Uni\Dissertation\SSD Files\PNY CS900\Secure Erase\Recovered Data\9551-f0811576.jpg,.jpg,0.18,OK,
C:\Users\User\OneDrive\Documents\Uni\Dissertation\SSD Files\PNY CS900\Secure Erase\Recovered Data\9552-f0811944.jpg,.jpg,0.06,OK,
C:\Users\User\OneDrive\Documents\Uni\Dissertation\SSD Files\PNY CS900\Secure Erase\Recovered Data\9553-f0812072.jpg,.jpg,0.84,OK,
C:\Users\User\OneDrive\Documents\Uni\Dissertation\SSD Files\PNY CS900\Secure Erase\Recovered Data\9554-f0813808.jpg,.jpg,0.02,OK,
C:\Users\User\OneDrive\Documents\Uni\Dissertation\SSD Files\PNY CS900\Secure Erase\Recovered Data\9555-f0813848.jpg,.jpg,0.05,OK,
C:\Users\User\OneDrive\Documents\Uni\Dissertation\SSD Files\PNY CS900\Secure Erase\Recovered Data\9556-f0813952.jpg,.jpg,0.01,OK,
C:\Users\User\OneDrive\Documents\Uni\Dissertation\SSD Files\PNY CS900\Secure Erase\Recovered Data\9557-f0813984.jpg,.jpg,0.01,OK,
C:\Users\User\OneDrive\Documents\Uni\Dissertation\SSD Files\PNY CS900\Secure Erase\Recovered Data\9558-f0814016.jpg,.jpg,0.04,OK,
C:\Users\User\OneDrive\Documents\Uni\Dissertation\SSD Files\PNY CS900\Secure Erase\Recovered Data\9559-f0814096.jpg,.jpg,0,OK,
C:\Users\User\OneDrive\Documents\Uni\Dissertation\SSD Files\PNY CS900\Secure Erase\Recovered Data\9560-f0814112.jpg,.jpg,0.04,OK,
C:\Users\User\OneDrive\Documents\Uni\Dissertation\SSD Files\PNY CS900\Secure Erase\Recovered Data\9561-f0814192.jpg,.jpg,0.02,OK,
C:\Users\User\OneDrive\Documents\Uni\Dissertation\SSD Files\PNY CS900\Secure Erase\Recovered Data\9562-f0814224.jpg,.jpg,0.09,OK,
C:\Users\User\OneDrive\Documents\Uni\Dissertation\SSD Files\PNY CS900\Secure Erase\Recovered Data\9563-f0814408.jpg,.jpg,0.01,OK,
C:\Users\User\OneDrive\Documents\Uni\Dissertation\SSD Files\PNY CS900\Secure Erase\Recovered Data\9564-f0814424.jpg,.jpg,0.05,OK,
C:\Users\User\OneDrive\Documents\Uni\Dissertation\SSD Files\PNY CS900\Secure Erase\Recovered Data\9565-f0814536.jpg,.jpg,0.06,OK,
C:\Users\User\OneDrive\Documents\Uni\Dissertation\SSD Files\PNY CS900\Secure Erase\Recovered Data\9566-f0814664.jpg,.jpg,0.01,OK,
C:\Users\User\OneDrive\Documents\Uni\Dissertation\SSD Files\PNY CS900\Secure Erase\Recovered Data\9567-f0814688.jpg,.jpg,0.08,OK,
C:\Users\User\OneDrive\Documents\Uni\Dissertation\SSD Files\PNY CS900\Secure Erase\Recovered Data\9568-f0814864.jpg,.jpg,0.15,OK,
C:\Users\User\OneDrive\Documents\Uni\Dissertation\SSD Files\PNY CS900\Secure Erase\Recovered Data\9569-f0815168.jpg,.jpg,0.09,OK,
C:\Users\User\OneDrive\Documents\Uni\Dissertation\SSD Files\PNY CS900\Secure Erase\Recovered Data\9570-f0815368.jpg,.jpg,0.02,OK,
C:\Users\User\OneDrive\Documents\Uni\Dissertation\SSD Files\PNY CS900\Secure Erase\Recovered Data\9571-f0815416.jpg,.jpg,0.09,OK,
C:\Users\User\OneDrive\Documents\Uni\Dissertation\SSD Files\PNY CS900\Secure Erase\Recovered Data\9572-f0815600.jpg,.jpg,0.09,OK,
C:\Users\User\OneDrive\Documents\Uni\Dissertation\SSD Files\PNY CS900\Secure Erase\Recovered Data\9573-f0815784.jpg,.jpg,0.02,OK,
C:\Users\User\OneDrive\Documents\Uni\Dissertation\SSD Files\PNY CS900\Secure Erase\Recovered Data\9574-f0815832.jpg,.jpg,0.03,OK,
C:\Users\User\OneDrive\Documents\Uni\Dissertation\SSD Files\PNY CS900\Secure Erase\Recovered Data\9575-f0815904.jpg,.jpg,0.07,OK,
C:\Users\User\OneDrive\Documents\Uni\Dissertation\SSD Files\PNY CS900\Secure Erase\Recovered Data\9576-f0816048.jpg,.jpg,0.1,OK,
C:\Users\User\OneDrive\Documents\Uni\Dissertation\SSD Files\PNY CS900\Secure Erase\Recovered Data\9577-f0816248.jpg,.jpg,0.08,OK,
C:\Users\User\OneDrive\Documents\Uni\Dissertation\SSD Files\PNY CS900\Secure Erase\Recovered Data\9578-f0816424.jpg,.jpg,0.02,OK,
C:\Users\User\OneDrive\Documents\Uni\Dissertation\SSD Files\PNY CS900\Secure Erase\Recovered Data\9579-f0816472.jpg,.jpg,0.01,OK,
C:\Users\User\OneDrive\Documents\Uni\Dissertation\SSD Files\PNY CS900\Secure Erase\Recovered Data\9580-f0816496.jpg,.jpg,0.11,OK,
C:\Users\User\OneDrive\Documents\Uni\Dissertation\SSD Files\PNY CS900\Secure Erase\Recovered Data\9581-f0816736.jpg,.jpg,0.01,OK,
C:\Users\User\OneDrive\Documents\Uni\Dissertation\SSD Files\PNY CS900\Secure Erase\Recovered Data\9582-f0816760.jpg,.jpg,0.02,OK,
C:\Users\User\OneDrive\Documents\Uni\Dissertation\SSD Files\PNY CS900\Secure Erase\Recovered Data\9583-f0816808.jpg,.jpg,0.02,OK,
C:\Users\User\OneDrive\Documents\Uni\Dissertation\SSD Files\PNY CS900\Secure Erase\Recovered Data\9584-f0816856.jpg,.jpg,0.01,OK,
C:\Users\User\OneDrive\Documents\Uni\Dissertation\SSD Files\PNY CS900\Secure Erase\Recovered Data\9585-f0816888.jpg,.jpg,0.01,OK,
C:\Users\User\OneDrive\Documents\Uni\Dissertation\SSD Files\PNY CS900\Secure Erase\Recovered Data\9586-f0816920.jpg,.jpg,0.03,OK,
C:\Users\User\OneDrive\Documents\Uni\Dissertation\SSD Files\PNY CS900\Secure Erase\Recovered Data\9587-f0816984.jpg,.jpg,0.07,OK,
C:\Users\User\OneDrive\Documents\Uni\Dissertation\SSD Files\PNY CS900\Secure Erase\Recovered Data\9588-f0817128.jpg,.jpg,0.07,OK,
C:\Users\User\OneDrive\Documents\Uni\Dissertation\SSD Files\PNY CS900\Secure Erase\Recovered Data\9589-f0817280.jpg,.jpg,0.08,OK,
C:\Users\User\OneDrive\Documents\Uni\Dissertation\SSD Files\PNY CS900\Secure Erase\Recovered Data\9590-f0817448.jpg,.jpg,0.04,OK,
C:\Users\User\OneDrive\Documents\Uni\Dissertation\SSD Files\PNY CS900\Secure Erase\Recovered Data\9591-f0817528.jpg,.jpg,0,OK,
C:\Users\User\OneDrive\Documents\Uni\Dissertation\SSD Files\PNY CS900\Secure Erase\Recovered Data\9592-f0817536.jpg,.jpg,0.01,OK,
C:\Users\User\OneDrive\Documents\Uni\Dissertation\SSD Files\PNY CS900\Secure Erase\Recovered Data\9593-f0817560.jpg,.jpg,0.03,OK,
C:\Users\User\OneDrive\Documents\Uni\Dissertation\SSD Files\PNY CS900\Secure Erase\Recovered Data\9594-f0817632.jpg,.jpg,0.01,OK,
C:\Users\User\OneDrive\Documents\Uni\Dissertation\SSD Files\PNY CS900\Secure Erase\Recovered Data\9595-f0817656.jpg,.jpg,0.22,OK,
C:\Users\User\OneDrive\Documents\Uni\Dissertation\SSD Files\PNY CS900\Secure Erase\Recovered Data\9596-f0818120.jpg,.jpg,0.01,OK,
C:\Users\User\OneDrive\Documents\Uni\Dissertation\SSD Files\PNY CS900\Secure Erase\Recovered Data\9597-f0818136.jpg,.jpg,0.03,OK,
C:\Users\User\OneDrive\Documents\Uni\Dissertation\SSD Files\PNY CS900\Secure Erase\Recovered Data\9598-f0818192.jpg,.jpg,0.02,OK,
C:\Users\User\OneDrive\Documents\Uni\Dissertation\SSD Files\PNY CS900\Secure Erase\Recovered Data\9599-f0818232.jpg,.jpg,0.1,OK,
C:\Users\User\OneDrive\Documents\Uni\Dissertation\SSD Files\PNY CS900\Secure Erase\Recovered Data\9600-f0818448.jpg,.jpg,0.07,OK,
C:\Users\User\OneDrive\Documents\Uni\Dissertation\SSD Files\PNY CS900\Secure Erase\Recovered Data\9601-f0818592.jpg,.jpg,0.03,OK,
C:\Users\User\OneDrive\Documents\Uni\Dissertation\SSD Files\PNY CS900\Secure Erase\Recovered Data\9602-f0818664.jpg,.jpg,0.06,OK,
C:\Users\User\OneDrive\Documents\Uni\Dissertation\SSD Files\PNY CS900\Secure Erase\Recovered Data\9603-f0818784.jpg,.jpg,0.01,OK,
C:\Users\User\OneDrive\Documents\Uni\Dissertation\SSD Files\PNY CS900\Secure Erase\Recovered Data\9604-f0818800.jpg,.jpg,0.07,OK,
C:\Users\User\OneDrive\Documents\Uni\Dissertation\SSD Files\PNY CS900\Secure Erase\Recovered Data\9605-f0818936.jpg,.jpg,0.1,OK,
C:\Users\User\OneDrive\Documents\Uni\Dissertation\SSD Files\PNY CS900\Secure Erase\Recovered Data\9606-f0819136.jpg,.jpg,0.02,OK,
C:\Users\User\OneDrive\Documents\Uni\Dissertation\SSD Files\PNY CS900\Secure Erase\Recovered Data\9607-f0819176.jpg,.jpg,0.02,OK,
C:\Users\User\OneDrive\Documents\Uni\Dissertation\SSD Files\PNY CS900\Secure Erase\Recovered Data\9608-f0819216.jpg,.jpg,0.01,OK,
C:\Users\User\OneDrive\Documents\Uni\Dissertation\SSD Files\PNY CS900\Secure Erase\Recovered Data\9609-f0819240.jpg,.jpg,0.08,OK,
C:\Users\User\OneDrive\Documents\Uni\Dissertation\SSD Files\PNY CS900\Secure Erase\Recovered Data\9610-f0819408.jpg,.jpg,0.05,OK,
C:\Users\User\OneDrive\Documents\Uni\Dissertation\SSD Files\PNY CS900\Secure Erase\Recovered Data\9611-f0819512.jpg,.jpg,0.08,OK,
C:\Users\User\OneDrive\Documents\Uni\Dissertation\SSD Files\PNY CS900\Secure Erase\Recovered Data\9612-f0819672.jpg,.jpg,0.03,OK,
C:\Users\User\OneDrive\Documents\Uni\Dissertation\SSD Files\PNY CS900\Secure Erase\Recovered Data\9613-f0819728.jpg,.jpg,0.02,OK,
C:\Users\User\OneDrive\Documents\Uni\Dissertation\SSD Files\PNY CS900\Secure Erase\Recovered Data\9614-f0819768.jpg,.jpg,0.03,OK,
C:\Users\User\OneDrive\Documents\Uni\Dissertation\SSD Files\PNY CS900\Secure Erase\Recovered Data\9615-f0819824.jpg,.jpg,0.03,OK,
C:\Users\User\OneDrive\Documents\Uni\Dissertation\SSD Files\PNY CS900\Secure Erase\Recovered Data\9616-f0819888.jpg,.jpg,0.05,OK,
C:\Users\User\OneDrive\Documents\Uni\Dissertation\SSD Files\PNY CS900\Secure Erase\Recovered Data\9617-f0820000.jpg,.jpg,0.02,OK,
C:\Users\User\OneDrive\Documents\Uni\Dissertation\SSD Files\PNY CS900\Secure Erase\Recovered Data\9618-f0820032.jpg,.jpg,0.05,OK,
C:\Users\User\OneDrive\Documents\Uni\Dissertation\SSD Files\PNY CS900\Secure Erase\Recovered Data\9619-f0820144.jpg,.jpg,0.01,OK,
C:\Users\User\OneDrive\Documents\Uni\Dissertation\SSD Files\PNY CS900\Secure Erase\Recovered Data\9620-f0820168.jpg,.jpg,0.06,OK,
C:\Users\User\OneDrive\Documents\Uni\Dissertation\SSD Files\PNY CS900\Secure Erase\Recovered Data\9621-f0820288.jpg,.jpg,0.08,OK,
C:\Users\User\OneDrive\Documents\Uni\Dissertation\SSD Files\PNY CS900\Secure Erase\Recovered Data\9622-f0820456.jpg,.jpg,0.09,OK,
C:\Users\User\OneDrive\Documents\Uni\Dissertation\SSD Files\PNY CS900\Secure Erase\Recovered Data\9623-f0820648.jpg,.jpg,0.07,OK,
C:\Users\User\OneDrive\Documents\Uni\Dissertation\SSD Files\PNY CS900\Secure Erase\Recovered Data\9624-f0820808.jpg,.jpg,0.08,OK,
C:\Users\User\OneDrive\Documents\Uni\Dissertation\SSD Files\PNY CS900\Secure Erase\Recovered Data\9625-f0820976.jpg,.jpg,0.01,OK,
C:\Users\User\OneDrive\Documents\Uni\Dissertation\SSD Files\PNY CS900\Secure Erase\Recovered Data\9626-f0820992.jpg,.jpg,0.07,OK,
C:\Users\User\OneDrive\Documents\Uni\Dissertation\SSD Files\PNY CS900\Secure Erase\Recovered Data\9627-f0821136.jpg,.jpg,0.01,OK,
C:\Users\User\OneDrive\Documents\Uni\Dissertation\SSD Files\PNY CS900\Secure Erase\Recovered Data\9628-f0821168.jpg,.jpg,0.04,OK,
C:\Users\User\OneDrive\Documents\Uni\Dissertation\SSD Files\PNY CS900\Secure Erase\Recovered Data\9629-f0821248.jpg,.jpg,0.03,OK,
C:\Users\User\OneDrive\Documents\Uni\Dissertation\SSD Files\PNY CS900\Secure Erase\Recovered Data\9630-f0821320.jpg,.jpg,0.03,OK,
C:\Users\User\OneDrive\Documents\Uni\Dissertation\SSD Files\PNY CS900\Secure Erase\Recovered Data\9631-f0821384.jpg,.jpg,0.09,OK,
C:\Users\User\OneDrive\Documents\Uni\Dissertation\SSD Files\PNY CS900\Secure Erase\Recovered Data\9632-f0821576.jpg,.jpg,0.03,OK,
C:\Users\User\OneDrive\Documents\Uni\Dissertation\SSD Files\PNY CS900\Secure Erase\Recovered Data\9633-f0821640.jpg,.jpg,0.05,OK,
C:\Users\User\OneDrive\Documents\Uni\Dissertation\SSD Files\PNY CS900\Secure Erase\Recovered Data\9634-f0821744.jpg,.jpg,0.01,OK,
C:\Users\User\OneDrive\Documents\Uni\Dissertation\SSD Files\PNY CS900\Secure Erase\Recovered Data\9635-f0821768.jpg,.jpg,0.04,OK,
C:\Users\User\OneDrive\Documents\Uni\Dissertation\SSD Files\PNY CS900\Secure Erase\Recovered Data\9636-f0821864.jpg,.jpg,0.01,OK,
C:\Users\User\OneDrive\Documents\Uni\Dissertation\SSD Files\PNY CS900\Secure Erase\Recovered Data\9637-f0821896.jpg,.jpg,0.01,OK,
C:\Users\User\OneDrive\Documents\Uni\Dissertation\SSD Files\PNY CS900\Secure Erase\Recovered Data\9638-f0821928.jpg,.jpg,0.04,OK,
C:\Users\User\OneDrive\Documents\Uni\Dissertation\SSD Files\PNY CS900\Secure Erase\Recovered Data\9639-f0822016.jpg,.jpg,0.07,OK,
C:\Users\User\OneDrive\Documents\Uni\Dissertation\SSD Files\PNY CS900\Secure Erase\Recovered Data\9640-f0822160.jpg,.jpg,0.22,OK,
C:\Users\User\OneDrive\Documents\Uni\Dissertation\SSD Files\PNY CS900\Secure Erase\Recovered Data\9641-f0822608.jpg,.jpg,0.07,OK,
C:\Users\User\OneDrive\Documents\Uni\Dissertation\SSD Files\PNY CS900\Secure Erase\Recovered Data\9642-f0822752.jpg,.jpg,0.02,OK,
C:\Users\User\OneDrive\Documents\Uni\Dissertation\SSD Files\PNY CS900\Secure Erase\Recovered Data\9643-f0822816.jpg,.jpg,0.01,OK,
C:\Users\User\OneDrive\Documents\Uni\Dissertation\SSD Files\PNY CS900\Secure Erase\Recovered Data\9644-f0822840.jpg,.jpg,0.01,OK,
C:\Users\User\OneDrive\Documents\Uni\Dissertation\SSD Files\PNY CS900\Secure Erase\Recovered Data\9645-f0822864.jpg,.jpg,0.04,OK,
C:\Users\User\OneDrive\Documents\Uni\Dissertation\SSD Files\PNY CS900\Secure Erase\Recovered Data\9646-f0822952.jpg,.jpg,0.01,OK,
C:\Users\User\OneDrive\Documents\Uni\Dissertation\SSD Files\PNY CS900\Secure Erase\Recovered Data\9647-f0822968.jpg,.jpg,0.02,OK,
C:\Users\User\OneDrive\Documents\Uni\Dissertation\SSD Files\PNY CS900\Secure Erase\Recovered Data\9648-f0823016.jpg,.jpg,0.02,OK,
C:\Users\User\OneDrive\Documents\Uni\Dissertation\SSD Files\PNY CS900\Secure Erase\Recovered Data\9649-f0823064.jpg,.jpg,0.01,OK,
C:\Users\User\OneDrive\Documents\Uni\Dissertation\SSD Files\PNY CS900\Secure Erase\Recovered Data\9650-f0823080.jpg,.jpg,0.01,OK,
C:\Users\User\OneDrive\Documents\Uni\Dissertation\SSD Files\PNY CS900\Secure Erase\Recovered Data\9651-f0823096.jpg,.jpg,0.03,OK,
C:\Users\User\OneDrive\Documents\Uni\Dissertation\SSD Files\PNY CS900\Secure Erase\Recovered Data\9652-f0823152.jpg,.jpg,0.01,OK,
C:\Users\User\OneDrive\Documents\Uni\Dissertation\SSD Files\PNY CS900\Secure Erase\Recovered Data\9653-f0823168.jpg,.jpg,0.04,OK,
C:\Users\User\OneDrive\Documents\Uni\Dissertation\SSD Files\PNY CS900\Secure Erase\Recovered Data\9654-f0823256.jpg,.jpg,0.04,OK,
C:\Users\User\OneDrive\Documents\Uni\Dissertation\SSD Files\PNY CS900\Secure Erase\Recovered Data\9655-f0823352.jpg,.jpg,0,OK,
C:\Users\User\OneDrive\Documents\Uni\Dissertation\SSD Files\PNY CS900\Secure Erase\Recovered Data\9656-f0823360.jpg,.jpg,0.01,OK,
C:\Users\User\OneDrive\Documents\Uni\Dissertation\SSD Files\PNY CS900\Secure Erase\Recovered Data\9657-f0823392.jpg,.jpg,0.06,OK,
C:\Users\User\OneDrive\Documents\Uni\Dissertation\SSD Files\PNY CS900\Secure Erase\Recovered Data\9658-f0823528.jpg,.jpg,0,OK,
C:\Users\User\OneDrive\Documents\Uni\Dissertation\SSD Files\PNY CS900\Secure Erase\Recovered Data\9659-f0823544.jpg,.jpg,0.13,OK,
C:\Users\User\OneDrive\Documents\Uni\Dissertation\SSD Files\PNY CS900\Secure Erase\Recovered Data\9660-f0823824.jpg,.jpg,0.05,OK,
C:\Users\User\OneDrive\Documents\Uni\Dissertation\SSD Files\PNY CS900\Secure Erase\Recovered Data\9661-f0823928.jpg,.jpg,6.6,OK,
C:\Users\User\OneDrive\Documents\Uni\Dissertation\SSD Files\PNY CS900\Secure Erase\Recovered Data\9662-f0837448.jpg,.jpg,3.89,OK,
C:\Users\User\OneDrive\Documents\Uni\Dissertation\SSD Files\PNY CS900\Secure Erase\Recovered Data\9663-f0845424.jpg,.jpg,0.18,OK,
C:\Users\User\OneDrive\Documents\Uni\Dissertation\SSD Files\PNY CS900\Secure Erase\Recovered Data\9664-f0845800.jpg,.jpg,0.06,OK,
C:\Users\User\OneDrive\Documents\Uni\Dissertation\SSD Files\PNY CS900\Secure Erase\Recovered Data\9665-f0845920.jpg,.jpg,0.04,OK,
C:\Users\User\OneDrive\Documents\Uni\Dissertation\SSD Files\PNY CS900\Secure Erase\Recovered Data\9666-f0846000.jpg,.jpg,0.04,OK,
C:\Users\User\OneDrive\Documents\Uni\Dissertation\SSD Files\PNY CS900\Secure Erase\Recovered Data\9667-f0846096.jpg,.jpg,0.03,OK,
C:\Users\User\OneDrive\Documents\Uni\Dissertation\SSD Files\PNY CS900\Secure Erase\Recovered Data\9668-f0846152.jpg,.jpg,0.06,OK,
C:\Users\User\OneDrive\Documents\Uni\Dissertation\SSD Files\PNY CS900\Secure Erase\Recovered Data\9669-f0846272.jpg,.jpg,0.02,OK,
C:\Users\User\OneDrive\Documents\Uni\Dissertation\SSD Files\PNY CS900\Secure Erase\Recovered Data\9670-f0846328.jpg,.jpg,0.05,OK,
C:\Users\User\OneDrive\Documents\Uni\Dissertation\SSD Files\PNY CS900\Secure Erase\Recovered Data\9671-f0846424.jpg,.jpg,0.02,OK,
C:\Users\User\OneDrive\Documents\Uni\Dissertation\SSD Files\PNY CS900\Secure Erase\Recovered Data\9672-f0846464.jpg,.jpg,0,OK,
C:\Users\User\OneDrive\Documents\Uni\Dissertation\SSD Files\PNY CS900\Secure Erase\Recovered Data\9673-f0846480.jpg,.jpg,0.02,OK,
C:\Users\User\OneDrive\Documents\Uni\Dissertation\SSD Files\PNY CS900\Secure Erase\Recovered Data\9674-f0846528.jpg,.jpg,0.14,OK,
C:\Users\User\OneDrive\Documents\Uni\Dissertation\SSD Files\PNY CS900\Secure Erase\Recovered Data\9675-f0846824.jpg,.jpg,0.08,OK,
C:\Users\User\OneDrive\Documents\Uni\Dissertation\SSD Files\PNY CS900\Secure Erase\Recovered Data\9676-f0847000.jpg,.jpg,0.09,OK,
C:\Users\User\OneDrive\Documents\Uni\Dissertation\SSD Files\PNY CS900\Secure Erase\Recovered Data\9677-f0847192.jpg,.jpg,0.06,OK,
C:\Users\User\OneDrive\Documents\Uni\Dissertation\SSD Files\PNY CS900\Secure Erase\Recovered Data\9678-f0847312.jpg,.jpg,0.02,OK,
C:\Users\User\OneDrive\Documents\Uni\Dissertation\SSD Files\PNY CS900\Secure Erase\Recovered Data\9679-f0847360.jpg,.jpg,0.02,OK,
C:\Users\User\OneDrive\Documents\Uni\Dissertation\SSD Files\PNY CS900\Secure Erase\Recovered Data\9680-f0847400.jpg,.jpg,0.07,OK,
C:\Users\User\OneDrive\Documents\Uni\Dissertation\SSD Files\PNY CS900\Secure Erase\Recovered Data\9681-f0847544.jpg,.jpg,0.01,OK,
C:\Users\User\OneDrive\Documents\Uni\Dissertation\SSD Files\PNY CS900\Secure Erase\Recovered Data\9682-f0847568.jpg,.jpg,0.01,OK,
C:\Users\User\OneDrive\Documents\Uni\Dissertation\SSD Files\PNY CS900\Secure Erase\Recovered Data\9683-f0847584.jpg,.jpg,0.01,OK,
C:\Users\User\OneDrive\Documents\Uni\Dissertation\SSD Files\PNY CS900\Secure Erase\Recovered Data\9684-f0847616.jpg,.jpg,0.01,OK,
C:\Users\User\OneDrive\Documents\Uni\Dissertation\SSD Files\PNY CS900\Secure Erase\Recovered Data\9685-f0847640.jpg,.jpg,0.01,OK,
C:\Users\User\OneDrive\Documents\Uni\Dissertation\SSD Files\PNY CS900\Secure Erase\Recovered Data\9686-f0847664.jpg,.jpg,0.01,OK,
C:\Users\User\OneDrive\Documents\Uni\Dissertation\SSD Files\PNY CS900\Secure Erase\Recovered Data\9687-f0847688.jpg,.jpg,0.05,OK,
C:\Users\User\OneDrive\Documents\Uni\Dissertation\SSD Files\PNY CS900\Secure Erase\Recovered Data\9688-f0847792.jpg,.jpg,0.05,OK,
C:\Users\User\OneDrive\Documents\Uni\Dissertation\SSD Files\PNY CS900\Secure Erase\Recovered Data\9689-f0847888.jpg,.jpg,0.15,OK,
C:\Users\User\OneDrive\Documents\Uni\Dissertation\SSD Files\PNY CS900\Secure Erase\Recovered Data\9690-f0848200.jpg,.jpg,0.03,OK,
C:\Users\User\OneDrive\Documents\Uni\Dissertation\SSD Files\PNY CS900\Secure Erase\Recovered Data\9691-f0848256.jpg,.jpg,0.86,OK,
C:\Users\User\OneDrive\Documents\Uni\Dissertation\SSD Files\PNY CS900\Secure Erase\Recovered Data\9692-f0850016.jpg,.jpg,0.02,OK,
C:\Users\User\OneDrive\Documents\Uni\Dissertation\SSD Files\PNY CS900\Secure Erase\Recovered Data\9693-f0850048.jpg,.jpg,0.02,OK,
C:\Users\User\OneDrive\Documents\Uni\Dissertation\SSD Files\PNY CS900\Secure Erase\Recovered Data\9694-f0850096.jpg,.jpg,0.08,OK,
C:\Users\User\OneDrive\Documents\Uni\Dissertation\SSD Files\PNY CS900\Secure Erase\Recovered Data\9695-f0850256.jpg,.jpg,0.04,OK,
C:\Users\User\OneDrive\Documents\Uni\Dissertation\SSD Files\PNY CS900\Secure Erase\Recovered Data\9696-f0850336.jpg,.jpg,0.03,OK,
C:\Users\User\OneDrive\Documents\Uni\Dissertation\SSD Files\PNY CS900\Secure Erase\Recovered Data\9697-f0850408.jpg,.jpg,0.02,OK,
C:\Users\User\OneDrive\Documents\Uni\Dissertation\SSD Files\PNY CS900\Secure Erase\Recovered Data\9698-f0850456.jpg,.jpg,0.01,OK,
C:\Users\User\OneDrive\Documents\Uni\Dissertation\SSD Files\PNY CS900\Secure Erase\Recovered Data\9699-f0850472.jpg,.jpg,1.38,OK,
C:\Users\User\OneDrive\Documents\Uni\Dissertation\SSD Files\PNY CS900\Secure Erase\Recovered Data\9700-f0853312.jpg,.jpg,0.05,OK,
C:\Users\User\OneDrive\Documents\Uni\Dissertation\SSD Files\PNY CS900\Secure Erase\Recovered Data\9701-f0853408.jpg,.jpg,0.12,OK,
C:\Users\User\OneDrive\Documents\Uni\Dissertation\SSD Files\PNY CS900\Secure Erase\Recovered Data\9702-f0853664.jpg,.jpg,0.01,OK,
C:\Users\User\OneDrive\Documents\Uni\Dissertation\SSD Files\PNY CS900\Secure Erase\Recovered Data\9703-f0853688.jpg,.jpg,0.03,OK,
C:\Users\User\OneDrive\Documents\Uni\Dissertation\SSD Files\PNY CS900\Secure Erase\Recovered Data\9704-f0853752.jpg,.jpg,0.01,OK,
C:\Users\User\OneDrive\Documents\Uni\Dissertation\SSD Files\PNY CS900\Secure Erase\Recovered Data\9705-f0853784.jpg,.jpg,0.02,OK,
C:\Users\User\OneDrive\Documents\Uni\Dissertation\SSD Files\PNY CS900\Secure Erase\Recovered Data\9706-f0853832.jpg,.jpg,0.09,OK,
C:\Users\User\OneDrive\Documents\Uni\Dissertation\SSD Files\PNY CS900\Secure Erase\Recovered Data\9707-f0854016.jpg,.jpg,0.03,OK,
C:\Users\User\OneDrive\Documents\Uni\Dissertation\SSD Files\PNY CS900\Secure Erase\Recovered Data\9708-f0854080.jpg,.jpg,0.03,OK,
C:\Users\User\OneDrive\Documents\Uni\Dissertation\SSD Files\PNY CS900\Secure Erase\Recovered Data\9709-f0854144.jpg,.jpg,0.42,OK,
C:\Users\User\OneDrive\Documents\Uni\Dissertation\SSD Files\PNY CS900\Secure Erase\Recovered Data\9710-f0855008.jpg,.jpg,0.03,OK,
C:\Users\User\OneDrive\Documents\Uni\Dissertation\SSD Files\PNY CS900\Secure Erase\Recovered Data\9711-f0855064.jpg,.jpg,0.01,OK,
C:\Users\User\OneDrive\Documents\Uni\Dissertation\SSD Files\PNY CS900\Secure Erase\Recovered Data\9712-f0855096.jpg,.jpg,0.03,OK,
C:\Users\User\OneDrive\Documents\Uni\Dissertation\SSD Files\PNY CS900\Secure Erase\Recovered Data\9713-f0855168.jpg,.jpg,0.01,OK,
C:\Users\User\OneDrive\Documents\Uni\Dissertation\SSD Files\PNY CS900\Secure Erase\Recovered Data\9714-f0855184.jpg,.jpg,0.92,OK,
C:\Users\User\OneDrive\Documents\Uni\Dissertation\SSD Files\PNY CS900\Secure Erase\Recovered Data\9715-f0857080.jpg,.jpg,0.81,OK,
C:\Users\User\OneDrive\Documents\Uni\Dissertation\SSD Files\PNY CS900\Secure Erase\Recovered Data\9716-f0858752.jpg,.jpg,0.7,OK,
C:\Users\User\OneDrive\Documents\Uni\Dissertation\SSD Files\PNY CS900\Secure Erase\Recovered Data\9717-f0860184.jpg,.jpg,0.01,OK,
C:\Users\User\OneDrive\Documents\Uni\Dissertation\SSD Files\PNY CS900\Secure Erase\Recovered Data\9718-f0860216.jpg,.jpg,0.03,OK,
C:\Users\User\OneDrive\Documents\Uni\Dissertation\SSD Files\PNY CS900\Secure Erase\Recovered Data\9719-f0860280.jpg,.jpg,0.01,OK,
C:\Users\User\OneDrive\Documents\Uni\Dissertation\SSD Files\PNY CS900\Secure Erase\Recovered Data\9720-f0860296.jpg,.jpg,0.03,OK,
C:\Users\User\OneDrive\Documents\Uni\Dissertation\SSD Files\PNY CS900\Secure Erase\Recovered Data\9721-f0860360.jpg,.jpg,0.01,OK,
C:\Users\User\OneDrive\Documents\Uni\Dissertation\SSD Files\PNY CS900\Secure Erase\Recovered Data\9722-f0860384.jpg,.jpg,0,OK,
C:\Users\User\OneDrive\Documents\Uni\Dissertation\SSD Files\PNY CS900\Secure Erase\Recovered Data\9723-f0860400.jpg,.jpg,0.05,OK,
C:\Users\User\OneDrive\Documents\Uni\Dissertation\SSD Files\PNY CS900\Secure Erase\Recovered Data\9724-f0860520.jpg,.jpg,0.03,OK,
C:\Users\User\OneDrive\Documents\Uni\Dissertation\SSD Files\PNY CS900\Secure Erase\Recovered Data\9725-f0860584.jpg,.jpg,0.03,OK,
C:\Users\User\OneDrive\Documents\Uni\Dissertation\SSD Files\PNY CS900\Secure Erase\Recovered Data\9726-f0860760.jpg,.jpg,0,OK,
C:\Users\User\OneDrive\Documents\Uni\Dissertation\SSD Files\PNY CS900\Secure Erase\Recovered Data\9727-f0860768.jpg,.jpg,0.04,OK,
C:\Users\User\OneDrive\Documents\Uni\Dissertation\SSD Files\PNY CS900\Secure Erase\Recovered Data\9728-f0860856.jpg,.jpg,0.03,OK,
C:\Users\User\OneDrive\Documents\Uni\Dissertation\SSD Files\PNY CS900\Secure Erase\Recovered Data\9729-f0860928.jpg,.jpg,0.01,OK,
C:\Users\User\OneDrive\Documents\Uni\Dissertation\SSD Files\PNY CS900\Secure Erase\Recovered Data\9730-f0860960.jpg,.jpg,0.06,OK,
C:\Users\User\OneDrive\Documents\Uni\Dissertation\SSD Files\PNY CS900\Secure Erase\Recovered Data\9731-f0861088.jpg,.jpg,0.09,OK,
C:\Users\User\OneDrive\Documents\Uni\Dissertation\SSD Files\PNY CS900\Secure Erase\Recovered Data\9732-f0861280.jpg,.jpg,0.09,OK,
C:\Users\User\OneDrive\Documents\Uni\Dissertation\SSD Files\PNY CS900\Secure Erase\Recovered Data\9733-f0861472.jpg,.jpg,0.02,OK,
C:\Users\User\OneDrive\Documents\Uni\Dissertation\SSD Files\PNY CS900\Secure Erase\Recovered Data\9734-f0861520.jpg,.jpg,0.04,OK,
C:\Users\User\OneDrive\Documents\Uni\Dissertation\SSD Files\PNY CS900\Secure Erase\Recovered Data\9735-f0861600.jpg,.jpg,0.03,OK,
C:\Users\User\OneDrive\Documents\Uni\Dissertation\SSD Files\PNY CS900\Secure Erase\Recovered Data\9736-f0861664.jpg,.jpg,0.04,OK,
C:\Users\User\OneDrive\Documents\Uni\Dissertation\SSD Files\PNY CS900\Secure Erase\Recovered Data\9737-f0861744.jpg,.jpg,0.02,OK,
C:\Users\User\OneDrive\Documents\Uni\Dissertation\SSD Files\PNY CS900\Secure Erase\Recovered Data\9738-f0861792.jpg,.jpg,0.11,OK,
C:\Users\User\OneDrive\Documents\Uni\Dissertation\SSD Files\PNY CS900\Secure Erase\Recovered Data\9739-f0862016.jpg,.jpg,0.03,OK,
C:\Users\User\OneDrive\Documents\Uni\Dissertation\SSD Files\PNY CS900\Secure Erase\Recovered Data\9740-f0862080.jpg,.jpg,0.17,OK,
C:\Users\User\OneDrive\Documents\Uni\Dissertation\SSD Files\PNY CS900\Secure Erase\Recovered Data\9741-f0862432.jpg,.jpg,0.03,OK,
C:\Users\User\OneDrive\Documents\Uni\Dissertation\SSD Files\PNY CS900\Secure Erase\Recovered Data\9742-f0862488.jpg,.jpg,0.02,OK,
C:\Users\User\OneDrive\Documents\Uni\Dissertation\SSD Files\PNY CS900\Secure Erase\Recovered Data\9743-f0862520.jpg,.jpg,0.01,OK,
C:\Users\User\OneDrive\Documents\Uni\Dissertation\SSD Files\PNY CS900\Secure Erase\Recovered Data\9744-f0862536.jpg,.jpg,0.05,OK,
C:\Users\User\OneDrive\Documents\Uni\Dissertation\SSD Files\PNY CS900\Secure Erase\Recovered Data\9745-f0862632.jpg,.jpg,0.03,OK,
C:\Users\User\OneDrive\Documents\Uni\Dissertation\SSD Files\PNY CS900\Secure Erase\Recovered Data\9746-f0862704.jpg,.jpg,0.05,OK,
C:\Users\User\OneDrive\Documents\Uni\Dissertation\SSD Files\PNY CS900\Secure Erase\Recovered Data\9747-f0862800.jpg,.jpg,0.04,OK,
C:\Users\User\OneDrive\Documents\Uni\Dissertation\SSD Files\PNY CS900\Secure Erase\Recovered Data\9748-f0862888.jpg,.jpg,0.06,OK,
C:\Users\User\OneDrive\Documents\Uni\Dissertation\SSD Files\PNY CS900\Secure Erase\Recovered Data\9749-f0863016.jpg,.jpg,0.05,OK,
C:\Users\User\OneDrive\Documents\Uni\Dissertation\SSD Files\PNY CS900\Secure Erase\Recovered Data\9750-f0863120.jpg,.jpg,0.02,OK,
C:\Users\User\OneDrive\Documents\Uni\Dissertation\SSD Files\PNY CS900\Secure Erase\Recovered Data\9751-f0863160.jpg,.jpg,0.02,OK,
C:\Users\User\OneDrive\Documents\Uni\Dissertation\SSD Files\PNY CS900\Secure Erase\Recovered Data\9752-f0863208.jpg,.jpg,0.03,OK,
C:\Users\User\OneDrive\Documents\Uni\Dissertation\SSD Files\PNY CS900\Secure Erase\Recovered Data\9753-f0863280.jpg,.jpg,0.06,OK,
C:\Users\User\OneDrive\Documents\Uni\Dissertation\SSD Files\PNY CS900\Secure Erase\Recovered Data\9754-f0863400.jpg,.jpg,0.03,OK,
C:\Users\User\OneDrive\Documents\Uni\Dissertation\SSD Files\PNY CS900\Secure Erase\Recovered Data\9755-f0863456.jpg,.jpg,0.02,OK,
C:\Users\User\OneDrive\Documents\Uni\Dissertation\SSD Files\PNY CS900\Secure Erase\Recovered Data\9756-f0863496.jpg,.jpg,0.04,OK,
C:\Users\User\OneDrive\Documents\Uni\Dissertation\SSD Files\PNY CS900\Secure Erase\Recovered Data\9757-f0864096.jpg,.jpg,0.01,OK,
C:\Users\User\OneDrive\Documents\Uni\Dissertation\SSD Files\PNY CS900\Secure Erase\Recovered Data\9758-f0864120.jpg,.jpg,0.01,OK,
C:\Users\User\OneDrive\Documents\Uni\Dissertation\SSD Files\PNY CS900\Secure Erase\Recovered Data\9759-f0864144.jpg,.jpg,5.97,OK,
C:\Users\User\OneDrive\Documents\Uni\Dissertation\SSD Files\PNY CS900\Secure Erase\Recovered Data\9760-f0876376.jpg,.jpg,0.2,OK,
C:\Users\User\OneDrive\Documents\Uni\Dissertation\SSD Files\PNY CS900\Secure Erase\Recovered Data\9761-f0876792.jpg,.jpg,0.15,OK,
C:\Users\User\OneDrive\Documents\Uni\Dissertation\SSD Files\PNY CS900\Secure Erase\Recovered Data\9762-f0877104.jpg,.jpg,0.02,OK,
C:\Users\User\OneDrive\Documents\Uni\Dissertation\SSD Files\PNY CS900\Secure Erase\Recovered Data\9763-f0877152.jpg,.jpg,0,OK,
C:\Users\User\OneDrive\Documents\Uni\Dissertation\SSD Files\PNY CS900\Secure Erase\Recovered Data\9764-f0877160.jpg,.jpg,0.02,OK,
C:\Users\User\OneDrive\Documents\Uni\Dissertation\SSD Files\PNY CS900\Secure Erase\Recovered Data\9765-f0877208.jpg,.jpg,0.02,OK,
C:\Users\User\OneDrive\Documents\Uni\Dissertation\SSD Files\PNY CS900\Secure Erase\Recovered Data\9766-f0877256.jpg,.jpg,0,OK,
C:\Users\User\OneDrive\Documents\Uni\Dissertation\SSD Files\PNY CS900\Secure Erase\Recovered Data\9767-f0877264.jpg,.jpg,1.38,OK,
C:\Users\User\OneDrive\Documents\Uni\Dissertation\SSD Files\PNY CS900\Secure Erase\Recovered Data\9768-f0880096.jpg,.jpg,2.01,OK,
C:\Users\User\OneDrive\Documents\Uni\Dissertation\SSD Files\PNY CS900\Secure Erase\Recovered Data\9769-f0884224.jpg,.jpg,0.17,OK,
C:\Users\User\OneDrive\Documents\Uni\Dissertation\SSD Files\PNY CS900\Secure Erase\Recovered Data\9770-f0884576.jpg,.jpg,2.44,OK,
C:\Users\User\OneDrive\Documents\Uni\Dissertation\SSD Files\PNY CS900\Secure Erase\Recovered Data\9771-f0889584.jpg,.jpg,0.35,OK,
C:\Users\User\OneDrive\Documents\Uni\Dissertation\SSD Files\PNY CS900\Secure Erase\Recovered Data\9772-f0890296.jpg,.jpg,0.07,OK,
C:\Users\User\OneDrive\Documents\Uni\Dissertation\SSD Files\PNY CS900\Secure Erase\Recovered Data\9773-f0890440.jpg,.jpg,0.18,OK,
C:\Users\User\OneDrive\Documents\Uni\Dissertation\SSD Files\PNY CS900\Secure Erase\Recovered Data\9774-f0890816.jpg,.jpg,0.03,OK,
C:\Users\User\OneDrive\Documents\Uni\Dissertation\SSD Files\PNY CS900\Secure Erase\Recovered Data\9775-f0890880.jpg,.jpg,0.03,OK,
C:\Users\User\OneDrive\Documents\Uni\Dissertation\SSD Files\PNY CS900\Secure Erase\Recovered Data\9776-f0890952.jpg,.jpg,0.02,OK,
C:\Users\User\OneDrive\Documents\Uni\Dissertation\SSD Files\PNY CS900\Secure Erase\Recovered Data\9777-f0890992.jpg,.jpg,0.02,OK,
C:\Users\User\OneDrive\Documents\Uni\Dissertation\SSD Files\PNY CS900\Secure Erase\Recovered Data\9778-f0891032.jpg,.jpg,0.06,OK,
C:\Users\User\OneDrive\Documents\Uni\Dissertation\SSD Files\PNY CS900\Secure Erase\Recovered Data\9779-f0891160.jpg,.jpg,0.02,OK,
C:\Users\User\OneDrive\Documents\Uni\Dissertation\SSD Files\PNY CS900\Secure Erase\Recovered Data\9780-f0891208.jpg,.jpg,0.01,OK,
C:\Users\User\OneDrive\Documents\Uni\Dissertation\SSD Files\PNY CS900\Secure Erase\Recovered Data\9781-f0891232.jpg,.jpg,0.01,OK,
C:\Users\User\OneDrive\Documents\Uni\Dissertation\SSD Files\PNY CS900\Secure Erase\Recovered Data\9782-f0891248.jpg,.jpg,0,OK,
C:\Users\User\OneDrive\Documents\Uni\Dissertation\SSD Files\PNY CS900\Secure Erase\Recovered Data\9783-f0891256.jpg,.jpg,0.13,OK,
C:\Users\User\OneDrive\Documents\Uni\Dissertation\SSD Files\PNY CS900\Secure Erase\Recovered Data\9784-f0891528.jpg,.jpg,0.02,OK,
C:\Users\User\OneDrive\Documents\Uni\Dissertation\SSD Files\PNY CS900\Secure Erase\Recovered Data\9785-f0891576.jpg,.jpg,0.01,OK,
C:\Users\User\OneDrive\Documents\Uni\Dissertation\SSD Files\PNY CS900\Secure Erase\Recovered Data\9786-f0891608.jpg,.jpg,0.02,OK,
C:\Users\User\OneDrive\Documents\Uni\Dissertation\SSD Files\PNY CS900\Secure Erase\Recovered Data\9787-f0891648.jpg,.jpg,0.01,OK,
C:\Users\User\OneDrive\Documents\Uni\Dissertation\SSD Files\PNY CS900\Secure Erase\Recovered Data\9788-f0891680.jpg,.jpg,0.05,OK,
C:\Users\User\OneDrive\Documents\Uni\Dissertation\SSD Files\PNY CS900\Secure Erase\Recovered Data\9789-f0891784.jpg,.jpg,0.11,OK,
C:\Users\User\OneDrive\Documents\Uni\Dissertation\SSD Files\PNY CS900\Secure Erase\Recovered Data\9790-f0892008.jpg,.jpg,0.31,OK,
C:\Users\User\OneDrive\Documents\Uni\Dissertation\SSD Files\PNY CS900\Secure Erase\Recovered Data\9791-f0892648.jpg,.jpg,0.1,OK,
C:\Users\User\OneDrive\Documents\Uni\Dissertation\SSD Files\PNY CS900\Secure Erase\Recovered Data\9792-f0892848.jpg,.jpg,0.03,OK,
C:\Users\User\OneDrive\Documents\Uni\Dissertation\SSD Files\PNY CS900\Secure Erase\Recovered Data\9793-f0892912.jpg,.jpg,0.04,OK,
C:\Users\User\OneDrive\Documents\Uni\Dissertation\SSD Files\PNY CS900\Secure Erase\Recovered Data\9794-f0893008.jpg,.jpg,0.05,OK,
C:\Users\User\OneDrive\Documents\Uni\Dissertation\SSD Files\PNY CS900\Secure Erase\Recovered Data\9795-f0893120.jpg,.jpg,0.02,OK,
C:\Users\User\OneDrive\Documents\Uni\Dissertation\SSD Files\PNY CS900\Secure Erase\Recovered Data\9796-f0893168.jpg,.jpg,0.01,OK,
C:\Users\User\OneDrive\Documents\Uni\Dissertation\SSD Files\PNY CS900\Secure Erase\Recovered Data\9797-f0893192.jpg,.jpg,0.04,OK,
C:\Users\User\OneDrive\Documents\Uni\Dissertation\SSD Files\PNY CS900\Secure Erase\Recovered Data\9798-f0893272.jpg,.jpg,0.04,OK,
C:\Users\User\OneDrive\Documents\Uni\Dissertation\SSD Files\PNY CS900\Secure Erase\Recovered Data\9799-f0893360.jpg,.jpg,0.08,OK,
C:\Users\User\OneDrive\Documents\Uni\Dissertation\SSD Files\PNY CS900\Secure Erase\Recovered Data\9800-f0893528.jpg,.jpg,0.09,OK,
C:\Users\User\OneDrive\Documents\Uni\Dissertation\SSD Files\PNY CS900\Secure Erase\Recovered Data\9801-f0893728.jpg,.jpg,0.09,OK,
C:\Users\User\OneDrive\Documents\Uni\Dissertation\SSD Files\PNY CS900\Secure Erase\Recovered Data\9802-f0893920.jpg,.jpg,0.06,OK,
C:\Users\User\OneDrive\Documents\Uni\Dissertation\SSD Files\PNY CS900\Secure Erase\Recovered Data\9803-f0894040.jpg,.jpg,0.06,OK,
C:\Users\User\OneDrive\Documents\Uni\Dissertation\SSD Files\PNY CS900\Secure Erase\Recovered Data\9804-f0894160.jpg,.jpg,0.04,OK,
C:\Users\User\OneDrive\Documents\Uni\Dissertation\SSD Files\PNY CS900\Secure Erase\Recovered Data\9805-f0894248.jpg,.jpg,0.04,OK,
C:\Users\User\OneDrive\Documents\Uni\Dissertation\SSD Files\PNY CS900\Secure Erase\Recovered Data\9806-f0894336.jpg,.jpg,0.05,OK,
C:\Users\User\OneDrive\Documents\Uni\Dissertation\SSD Files\PNY CS900\Secure Erase\Recovered Data\9807-f0894448.jpg,.jpg,0.06,OK,
C:\Users\User\OneDrive\Documents\Uni\Dissertation\SSD Files\PNY CS900\Secure Erase\Recovered Data\9808-f0894576.jpg,.jpg,0.04,OK,
C:\Users\User\OneDrive\Documents\Uni\Dissertation\SSD Files\PNY CS900\Secure Erase\Recovered Data\9809-f0894656.jpg,.jpg,0.02,OK,
C:\Users\User\OneDrive\Documents\Uni\Dissertation\SSD Files\PNY CS900\Secure Erase\Recovered Data\9810-f0894696.jpg,.jpg,0.02,OK,
C:\Users\User\OneDrive\Documents\Uni\Dissertation\SSD Files\PNY CS900\Secure Erase\Recovered Data\9811-f0894736.jpg,.jpg,0.05,OK,
C:\Users\User\OneDrive\Documents\Uni\Dissertation\SSD Files\PNY CS900\Secure Erase\Recovered Data\9812-f0894856.jpg,.jpg,0.02,OK,
C:\Users\User\OneDrive\Documents\Uni\Dissertation\SSD Files\PNY CS900\Secure Erase\Recovered Data\9813-f0894904.jpg,.jpg,0.01,OK,
C:\Users\User\OneDrive\Documents\Uni\Dissertation\SSD Files\PNY CS900\Secure Erase\Recovered Data\9814-f0894936.jpg,.jpg,0.02,OK,
C:\Users\User\OneDrive\Documents\Uni\Dissertation\SSD Files\PNY CS900\Secure Erase\Recovered Data\9815-f0894976.jpg,.jpg,0.01,OK,
C:\Users\User\OneDrive\Documents\Uni\Dissertation\SSD Files\PNY CS900\Secure Erase\Recovered Data\9816-f0894992.jpg,.jpg,0.01,OK,
C:\Users\User\OneDrive\Documents\Uni\Dissertation\SSD Files\PNY CS900\Secure Erase\Recovered Data\9817-f0895024.jpg,.jpg,0.01,OK,
C:\Users\User\OneDrive\Documents\Uni\Dissertation\SSD Files\PNY CS900\Secure Erase\Recovered Data\9818-f0895056.jpg,.jpg,0.01,OK,
C:\Users\User\OneDrive\Documents\Uni\Dissertation\SSD Files\PNY CS900\Secure Erase\Recovered Data\9819-f0895072.jpg,.jpg,0.01,OK,
C:\Users\User\OneDrive\Documents\Uni\Dissertation\SSD Files\PNY CS900\Secure Erase\Recovered Data\9820-f0895096.jpg,.jpg,0.03,OK,
C:\Users\User\OneDrive\Documents\Uni\Dissertation\SSD Files\PNY CS900\Secure Erase\Recovered Data\9821-f0895160.jpg,.jpg,0.02,OK,
C:\Users\User\OneDrive\Documents\Uni\Dissertation\SSD Files\PNY CS900\Secure Erase\Recovered Data\9822-f0895200.jpg,.jpg,0.03,OK,
C:\Users\User\OneDrive\Documents\Uni\Dissertation\SSD Files\PNY CS900\Secure Erase\Recovered Data\9823-f0895256.jpg,.jpg,0.02,OK,
C:\Users\User\OneDrive\Documents\Uni\Dissertation\SSD Files\PNY CS900\Secure Erase\Recovered Data\9824-f0895312.jpg,.jpg,0.02,OK,
C:\Users\User\OneDrive\Documents\Uni\Dissertation\SSD Files\PNY CS900\Secure Erase\Recovered Data\9825-f0895360.jpg,.jpg,0.32,OK,
C:\Users\User\OneDrive\Documents\Uni\Dissertation\SSD Files\PNY CS900\Secure Erase\Recovered Data\9826-f0896024.jpg,.jpg,0.01,OK,
C:\Users\User\OneDrive\Documents\Uni\Dissertation\SSD Files\PNY CS900\Secure Erase\Recovered Data\9827-f0896040.jpg,.jpg,0.05,OK,
C:\Users\User\OneDrive\Documents\Uni\Dissertation\SSD Files\PNY CS900\Secure Erase\Recovered Data\9828-f0896152.jpg,.jpg,0.36,OK,
C:\Users\User\OneDrive\Documents\Uni\Dissertation\SSD Files\PNY CS900\Secure Erase\Recovered Data\9829-f0896888.jpg,.jpg,0.04,OK,
C:\Users\User\OneDrive\Documents\Uni\Dissertation\SSD Files\PNY CS900\Secure Erase\Recovered Data\9830-f0896968.jpg,.jpg,0.07,OK,
C:\Users\User\OneDrive\Documents\Uni\Dissertation\SSD Files\PNY CS900\Secure Erase\Recovered Data\9831-f0897112.jpg,.jpg,0.01,OK,
C:\Users\User\OneDrive\Documents\Uni\Dissertation\SSD Files\PNY CS900\Secure Erase\Recovered Data\9832-f0897136.jpg,.jpg,0.01,OK,
C:\Users\User\OneDrive\Documents\Uni\Dissertation\SSD Files\PNY CS900\Secure Erase\Recovered Data\9833-f0897160.jpg,.jpg,0.04,OK,
C:\Users\User\OneDrive\Documents\Uni\Dissertation\SSD Files\PNY CS900\Secure Erase\Recovered Data\9834-f0897240.jpg,.jpg,0.04,OK,
C:\Users\User\OneDrive\Documents\Uni\Dissertation\SSD Files\PNY CS900\Secure Erase\Recovered Data\9835-f0897320.jpg,.jpg,0.12,OK,
C:\Users\User\OneDrive\Documents\Uni\Dissertation\SSD Files\PNY CS900\Secure Erase\Recovered Data\9836-f0897560.jpg,.jpg,0.09,OK,
C:\Users\User\OneDrive\Documents\Uni\Dissertation\SSD Files\PNY CS900\Secure Erase\Recovered Data\9837-f0897744.jpg,.jpg,0.09,OK,
C:\Users\User\OneDrive\Documents\Uni\Dissertation\SSD Files\PNY CS900\Secure Erase\Recovered Data\9838-f0897928.jpg,.jpg,0.06,OK,
C:\Users\User\OneDrive\Documents\Uni\Dissertation\SSD Files\PNY CS900\Secure Erase\Recovered Data\9839-f0898056.jpg,.jpg,0.08,OK,
C:\Users\User\OneDrive\Documents\Uni\Dissertation\SSD Files\PNY CS900\Secure Erase\Recovered Data\9840-f0898216.jpg,.jpg,6.32,OK,
C:\Users\User\OneDrive\Documents\Uni\Dissertation\SSD Files\PNY CS900\Secure Erase\Recovered Data\9841-f0911168.jpg,.jpg,0.04,OK,
C:\Users\User\OneDrive\Documents\Uni\Dissertation\SSD Files\PNY CS900\Secure Erase\Recovered Data\9842-f0911256.jpg,.jpg,0.06,OK,
C:\Users\User\OneDrive\Documents\Uni\Dissertation\SSD Files\PNY CS900\Secure Erase\Recovered Data\9843-f0911392.jpg,.jpg,0.07,OK,
C:\Users\User\OneDrive\Documents\Uni\Dissertation\SSD Files\PNY CS900\Secure Erase\Recovered Data\9844-f0911536.jpg,.jpg,0.05,OK,
C:\Users\User\OneDrive\Documents\Uni\Dissertation\SSD Files\PNY CS900\Secure Erase\Recovered Data\9845-f0911640.jpg,.jpg,0.01,OK,
C:\Users\User\OneDrive\Documents\Uni\Dissertation\SSD Files\PNY CS900\Secure Erase\Recovered Data\9846-f0911664.jpg,.jpg,0.34,OK,
C:\Users\User\OneDrive\Documents\Uni\Dissertation\SSD Files\PNY CS900\Secure Erase\Recovered Data\9847-f0912368.jpg,.jpg,0.07,OK,
C:\Users\User\OneDrive\Documents\Uni\Dissertation\SSD Files\PNY CS900\Secure Erase\Recovered Data\9848-f0912504.jpg,.jpg,0.29,OK,
C:\Users\User\OneDrive\Documents\Uni\Dissertation\SSD Files\PNY CS900\Secure Erase\Recovered Data\9849-f0913096.jpg,.jpg,0.28,OK,
C:\Users\User\OneDrive\Documents\Uni\Dissertation\SSD Files\PNY CS900\Secure Erase\Recovered Data\9850-f0913672.jpg,.jpg,0.05,OK,
C:\Users\User\OneDrive\Documents\Uni\Dissertation\SSD Files\PNY CS900\Secure Erase\Recovered Data\9851-f0913784.jpg,.jpg,0.25,OK,
C:\Users\User\OneDrive\Documents\Uni\Dissertation\SSD Files\PNY CS900\Secure Erase\Recovered Data\9852-f0914304.jpg,.jpg,0.03,OK,
C:\Users\User\OneDrive\Documents\Uni\Dissertation\SSD Files\PNY CS900\Secure Erase\Recovered Data\9854-f0914480.jpg,.jpg,0.26,OK,
C:\Users\User\OneDrive\Documents\Uni\Dissertation\SSD Files\PNY CS900\Secure Erase\Recovered Data\9855-f0915016.jpg,.jpg,0.26,OK,
C:\Users\User\OneDrive\Documents\Uni\Dissertation\SSD Files\PNY CS900\Secure Erase\Recovered Data\9856-f0915552.jpg,.jpg,0.33,OK,
C:\Users\User\OneDrive\Documents\Uni\Dissertation\SSD Files\PNY CS900\Secure Erase\Recovered Data\9857-f0916224.jpg,.jpg,0.25,OK,
C:\Users\User\OneDrive\Documents\Uni\Dissertation\SSD Files\PNY CS900\Secure Erase\Recovered Data\9858-f0916728.jpg,.jpg,0.02,OK,
C:\Users\User\OneDrive\Documents\Uni\Dissertation\SSD Files\PNY CS900\Secure Erase\Recovered Data\9859-f0916784.jpg,.jpg,0.02,OK,
C:\Users\User\OneDrive\Documents\Uni\Dissertation\SSD Files\PNY CS900\Secure Erase\Recovered Data\9860-f0916824.jpg,.jpg,0.01,OK,
C:\Users\User\OneDrive\Documents\Uni\Dissertation\SSD Files\PNY CS900\Secure Erase\Recovered Data\9861-f0916856.jpg,.jpg,0.01,OK,
C:\Users\User\OneDrive\Documents\Uni\Dissertation\SSD Files\PNY CS900\Secure Erase\Recovered Data\9862-f0916888.jpg,.jpg,0.05,OK,
C:\Users\User\OneDrive\Documents\Uni\Dissertation\SSD Files\PNY CS900\Secure Erase\Recovered Data\9863-f0917000.jpg,.jpg,0.22,OK,
C:\Users\User\OneDrive\Documents\Uni\Dissertation\SSD Files\PNY CS900\Secure Erase\Recovered Data\9864-f0917456.jpg,.jpg,0.01,OK,
C:\Users\User\OneDrive\Documents\Uni\Dissertation\SSD Files\PNY CS900\Secure Erase\Recovered Data\9865-f0917488.jpg,.jpg,0.63,OK,
C:\Users\User\OneDrive\Documents\Uni\Dissertation\SSD Files\PNY CS900\Secure Erase\Recovered Data\9866-f0918792.jpg,.jpg,0.02,OK,
C:\Users\User\OneDrive\Documents\Uni\Dissertation\SSD Files\PNY CS900\Secure Erase\Recovered Data\9867-b0684480.jpg,.jpg,0.02,OK,
C:\Users\User\OneDrive\Documents\Uni\Dissertation\SSD Files\PNY CS900\Secure Erase\Recovered Data\9868-b0822792.jpg,.jpg,0.01,OK,
C:\Users\User\OneDrive\Documents\Uni\Dissertation\SSD Files\PNY CS900\Secure Erase\Recovered Data\9869-b0860648.jpg,.jpg,0.05,OK,
C:\Users\User\OneDrive\Documents\Uni\Dissertation\SSD Files\PNY CS900\Secure Erase\Recovered Data\9870-b0914368.jpg,.jpg,0.01,FAILED,cannot identify image file 'C:\\Users\\User\\OneDrive\\Documents\\Uni\\Dissertation\\SSD Files\\PNY CS900\\Secure Erase\\Recovered Data\\9870-b0914368.jpg'
