File,Extension,SizeMB,Status,Error
C:\Users\User\OneDrive\Documents\Uni\Dissertation\MScProject\SSD Files\PNY CS900\Secure Erase\recup_dir.2\f9075744.jpg,.jpg,0.06,OK,
C:\Users\User\OneDrive\Documents\Uni\Dissertation\MScProject\SSD Files\PNY CS900\Secure Erase\recup_dir.2\f9075880.jpg,.jpg,0.03,OK,
C:\Users\User\OneDrive\Documents\Uni\Dissertation\MScProject\SSD Files\PNY CS900\Secure Erase\recup_dir.2\f9075944.jpg,.jpg,0.01,OK,
C:\Users\User\OneDrive\Documents\Uni\Dissertation\MScProject\SSD Files\PNY CS900\Secure Erase\recup_dir.2\f9075976.jpg,.jpg,0.02,OK,
C:\Users\User\OneDrive\Documents\Uni\Dissertation\MScProject\SSD Files\PNY CS900\Secure Erase\recup_dir.2\f9076024.jpg,.jpg,0.07,OK,
C:\Users\User\OneDrive\Documents\Uni\Dissertation\MScProject\SSD Files\PNY CS900\Secure Erase\recup_dir.2\f9076176.jpg,.jpg,0.01,OK,
C:\Users\User\OneDrive\Documents\Uni\Dissertation\MScProject\SSD Files\PNY CS900\Secure Erase\recup_dir.2\f9076200.jpg,.jpg,0,OK,
C:\Users\User\OneDrive\Documents\Uni\Dissertation\MScProject\SSD Files\PNY CS900\Secure Erase\recup_dir.2\f9076216.jpg,.jpg,0,OK,
C:\Users\User\OneDrive\Documents\Uni\Dissertation\MScProject\SSD Files\PNY CS900\Secure Erase\recup_dir.2\f9076224.jpg,.jpg,0,OK,
C:\Users\User\OneDrive\Documents\Uni\Dissertation\MScProject\SSD Files\PNY CS900\Secure Erase\recup_dir.2\f9076240.jpg,.jpg,0,OK,
C:\Users\User\OneDrive\Documents\Uni\Dissertation\MScProject\SSD Files\PNY CS900\Secure Erase\recup_dir.2\f9076248.jpg,.jpg,0,OK,
C:\Users\User\OneDrive\Documents\Uni\Dissertation\MScProject\SSD Files\PNY CS900\Secure Erase\recup_dir.2\f9076256.jpg,.jpg,0.01,OK,
C:\Users\User\OneDrive\Documents\Uni\Dissertation\MScProject\SSD Files\PNY CS900\Secure Erase\recup_dir.2\f9076280.jpg,.jpg,0,OK,
C:\Users\User\OneDrive\Documents\Uni\Dissertation\MScProject\SSD Files\PNY CS900\Secure Erase\recup_dir.2\f9076288.jpg,.jpg,0,OK,
C:\Users\User\OneDrive\Documents\Uni\Dissertation\MScProject\SSD Files\PNY CS900\Secure Erase\recup_dir.2\f9076296.jpg,.jpg,0,OK,
C:\Users\User\OneDrive\Documents\Uni\Dissertation\MScProject\SSD Files\PNY CS900\Secure Erase\recup_dir.2\f9076304.jpg,.jpg,0.16,OK,
C:\Users\User\OneDrive\Documents\Uni\Dissertation\MScProject\SSD Files\PNY CS900\Secure Erase\recup_dir.2\f9076632.jpg,.jpg,0.02,OK,
C:\Users\User\OneDrive\Documents\Uni\Dissertation\MScProject\SSD Files\PNY CS900\Secure Erase\recup_dir.2\f9076680.jpg,.jpg,0.04,OK,
C:\Users\User\OneDrive\Documents\Uni\Dissertation\MScProject\SSD Files\PNY CS900\Secure Erase\recup_dir.2\f9076768.jpg,.jpg,0.06,OK,
C:\Users\User\OneDrive\Documents\Uni\Dissertation\MScProject\SSD Files\PNY CS900\Secure Erase\recup_dir.2\f9076904.jpg,.jpg,0.02,OK,
C:\Users\User\OneDrive\Documents\Uni\Dissertation\MScProject\SSD Files\PNY CS900\Secure Erase\recup_dir.2\f9076952.jpg,.jpg,0.08,OK,
C:\Users\User\OneDrive\Documents\Uni\Dissertation\MScProject\SSD Files\PNY CS900\Secure Erase\recup_dir.2\f9077112.jpg,.jpg,0.05,OK,
C:\Users\User\OneDrive\Documents\Uni\Dissertation\MScProject\SSD Files\PNY CS900\Secure Erase\recup_dir.2\f9077224.jpg,.jpg,0.05,OK,
C:\Users\User\OneDrive\Documents\Uni\Dissertation\MScProject\SSD Files\PNY CS900\Secure Erase\recup_dir.2\f9077320.jpg,.jpg,0.01,OK,
C:\Users\User\OneDrive\Documents\Uni\Dissertation\MScProject\SSD Files\PNY CS900\Secure Erase\recup_dir.2\f9077336.jpg,.jpg,0.01,OK,
C:\Users\User\OneDrive\Documents\Uni\Dissertation\MScProject\SSD Files\PNY CS900\Secure Erase\recup_dir.2\f9077360.jpg,.jpg,0.01,OK,
C:\Users\User\OneDrive\Documents\Uni\Dissertation\MScProject\SSD Files\PNY CS900\Secure Erase\recup_dir.2\f9077384.jpg,.jpg,0.02,OK,
C:\Users\User\OneDrive\Documents\Uni\Dissertation\MScProject\SSD Files\PNY CS900\Secure Erase\recup_dir.2\f9077416.jpg,.jpg,0.02,OK,
C:\Users\User\OneDrive\Documents\Uni\Dissertation\MScProject\SSD Files\PNY CS900\Secure Erase\recup_dir.2\f9077456.jpg,.jpg,0.02,OK,
C:\Users\User\OneDrive\Documents\Uni\Dissertation\MScProject\SSD Files\PNY CS900\Secure Erase\recup_dir.2\f9077512.jpg,.jpg,0.03,OK,
C:\Users\User\OneDrive\Documents\Uni\Dissertation\MScProject\SSD Files\PNY CS900\Secure Erase\recup_dir.2\f9077576.jpg,.jpg,0,OK,
C:\Users\User\OneDrive\Documents\Uni\Dissertation\MScProject\SSD Files\PNY CS900\Secure Erase\recup_dir.2\f9077592.jpg,.jpg,0.02,OK,
C:\Users\User\OneDrive\Documents\Uni\Dissertation\MScProject\SSD Files\PNY CS900\Secure Erase\recup_dir.2\f9077632.jpg,.jpg,0.03,OK,
C:\Users\User\OneDrive\Documents\Uni\Dissertation\MScProject\SSD Files\PNY CS900\Secure Erase\recup_dir.2\f9077688.jpg,.jpg,0.04,OK,
C:\Users\User\OneDrive\Documents\Uni\Dissertation\MScProject\SSD Files\PNY CS900\Secure Erase\recup_dir.2\f9077760.jpg,.jpg,0.03,OK,
C:\Users\User\OneDrive\Documents\Uni\Dissertation\MScProject\SSD Files\PNY CS900\Secure Erase\recup_dir.2\f9077824.jpg,.jpg,0,OK,
C:\Users\User\OneDrive\Documents\Uni\Dissertation\MScProject\SSD Files\PNY CS900\Secure Erase\recup_dir.2\f9077840.jpg,.jpg,0.02,OK,
C:\Users\User\OneDrive\Documents\Uni\Dissertation\MScProject\SSD Files\PNY CS900\Secure Erase\recup_dir.2\f9077880.jpg,.jpg,0,OK,
C:\Users\User\OneDrive\Documents\Uni\Dissertation\MScProject\SSD Files\PNY CS900\Secure Erase\recup_dir.2\f9077896.jpg,.jpg,0.01,OK,
C:\Users\User\OneDrive\Documents\Uni\Dissertation\MScProject\SSD Files\PNY CS900\Secure Erase\recup_dir.2\f9077928.jpg,.jpg,0.03,OK,
C:\Users\User\OneDrive\Documents\Uni\Dissertation\MScProject\SSD Files\PNY CS900\Secure Erase\recup_dir.2\f9078000.jpg,.jpg,0.03,OK,
C:\Users\User\OneDrive\Documents\Uni\Dissertation\MScProject\SSD Files\PNY CS900\Secure Erase\recup_dir.2\f9078064.jpg,.jpg,0.04,OK,
C:\Users\User\OneDrive\Documents\Uni\Dissertation\MScProject\SSD Files\PNY CS900\Secure Erase\recup_dir.2\f9078144.jpg,.jpg,0.03,OK,
C:\Users\User\OneDrive\Documents\Uni\Dissertation\MScProject\SSD Files\PNY CS900\Secure Erase\recup_dir.2\f9078216.jpg,.jpg,0.02,OK,
C:\Users\User\OneDrive\Documents\Uni\Dissertation\MScProject\SSD Files\PNY CS900\Secure Erase\recup_dir.2\f9078264.jpg,.jpg,0.04,OK,
C:\Users\User\OneDrive\Documents\Uni\Dissertation\MScProject\SSD Files\PNY CS900\Secure Erase\recup_dir.2\f9078352.jpg,.jpg,0.03,OK,
C:\Users\User\OneDrive\Documents\Uni\Dissertation\MScProject\SSD Files\PNY CS900\Secure Erase\recup_dir.2\f9078424.jpg,.jpg,0.03,OK,
C:\Users\User\OneDrive\Documents\Uni\Dissertation\MScProject\SSD Files\PNY CS900\Secure Erase\recup_dir.2\f9078496.jpg,.jpg,0.03,OK,
C:\Users\User\OneDrive\Documents\Uni\Dissertation\MScProject\SSD Files\PNY CS900\Secure Erase\recup_dir.2\f9078568.jpg,.jpg,0.02,OK,
C:\Users\User\OneDrive\Documents\Uni\Dissertation\MScProject\SSD Files\PNY CS900\Secure Erase\recup_dir.2\f9078608.jpg,.jpg,0.03,OK,
C:\Users\User\OneDrive\Documents\Uni\Dissertation\MScProject\SSD Files\PNY CS900\Secure Erase\recup_dir.2\f9078664.jpg,.jpg,0.03,OK,
C:\Users\User\OneDrive\Documents\Uni\Dissertation\MScProject\SSD Files\PNY CS900\Secure Erase\recup_dir.2\f9078728.jpg,.jpg,0.03,OK,
C:\Users\User\OneDrive\Documents\Uni\Dissertation\MScProject\SSD Files\PNY CS900\Secure Erase\recup_dir.2\f9078800.jpg,.jpg,0.05,OK,
C:\Users\User\OneDrive\Documents\Uni\Dissertation\MScProject\SSD Files\PNY CS900\Secure Erase\recup_dir.2\f9078912.jpg,.jpg,0.01,OK,
C:\Users\User\OneDrive\Documents\Uni\Dissertation\MScProject\SSD Files\PNY CS900\Secure Erase\recup_dir.2\f9078936.jpg,.jpg,0.04,OK,
C:\Users\User\OneDrive\Documents\Uni\Dissertation\MScProject\SSD Files\PNY CS900\Secure Erase\recup_dir.2\f9079016.jpg,.jpg,0.2,OK,
C:\Users\User\OneDrive\Documents\Uni\Dissertation\MScProject\SSD Files\PNY CS900\Secure Erase\recup_dir.2\f9079432.jpg,.jpg,0.06,OK,
C:\Users\User\OneDrive\Documents\Uni\Dissertation\MScProject\SSD Files\PNY CS900\Secure Erase\recup_dir.2\f9079552.jpg,.jpg,0.01,OK,
C:\Users\User\OneDrive\Documents\Uni\Dissertation\MScProject\SSD Files\PNY CS900\Secure Erase\recup_dir.2\f9079568.jpg,.jpg,0.02,OK,
C:\Users\User\OneDrive\Documents\Uni\Dissertation\MScProject\SSD Files\PNY CS900\Secure Erase\recup_dir.2\f9079624.jpg,.jpg,0.02,OK,
C:\Users\User\OneDrive\Documents\Uni\Dissertation\MScProject\SSD Files\PNY CS900\Secure Erase\recup_dir.2\f9079664.jpg,.jpg,0.1,OK,
C:\Users\User\OneDrive\Documents\Uni\Dissertation\MScProject\SSD Files\PNY CS900\Secure Erase\recup_dir.2\f9079864.jpg,.jpg,0.06,OK,
C:\Users\User\OneDrive\Documents\Uni\Dissertation\MScProject\SSD Files\PNY CS900\Secure Erase\recup_dir.2\f9080000.jpg,.jpg,0.02,OK,
C:\Users\User\OneDrive\Documents\Uni\Dissertation\MScProject\SSD Files\PNY CS900\Secure Erase\recup_dir.2\f9080040.jpg,.jpg,0.01,OK,
C:\Users\User\OneDrive\Documents\Uni\Dissertation\MScProject\SSD Files\PNY CS900\Secure Erase\recup_dir.2\f9080072.jpg,.jpg,0.13,OK,
C:\Users\User\OneDrive\Documents\Uni\Dissertation\MScProject\SSD Files\PNY CS900\Secure Erase\recup_dir.2\f9080344.jpg,.jpg,0.04,OK,
C:\Users\User\OneDrive\Documents\Uni\Dissertation\MScProject\SSD Files\PNY CS900\Secure Erase\recup_dir.2\f9080424.jpg,.jpg,0.04,OK,
C:\Users\User\OneDrive\Documents\Uni\Dissertation\MScProject\SSD Files\PNY CS900\Secure Erase\recup_dir.2\f9080512.jpg,.jpg,0.08,OK,
C:\Users\User\OneDrive\Documents\Uni\Dissertation\MScProject\SSD Files\PNY CS900\Secure Erase\recup_dir.2\f9080680.jpg,.jpg,0.02,OK,
C:\Users\User\OneDrive\Documents\Uni\Dissertation\MScProject\SSD Files\PNY CS900\Secure Erase\recup_dir.2\f9080720.jpg,.jpg,0.01,OK,
C:\Users\User\OneDrive\Documents\Uni\Dissertation\MScProject\SSD Files\PNY CS900\Secure Erase\recup_dir.2\f9080752.jpg,.jpg,0.01,OK,
C:\Users\User\OneDrive\Documents\Uni\Dissertation\MScProject\SSD Files\PNY CS900\Secure Erase\recup_dir.2\f9080784.jpg,.jpg,0.35,OK,
C:\Users\User\OneDrive\Documents\Uni\Dissertation\MScProject\SSD Files\PNY CS900\Secure Erase\recup_dir.2\f9081496.jpg,.jpg,0.05,OK,
C:\Users\User\OneDrive\Documents\Uni\Dissertation\MScProject\SSD Files\PNY CS900\Secure Erase\recup_dir.2\f9081608.jpg,.jpg,0.03,OK,
C:\Users\User\OneDrive\Documents\Uni\Dissertation\MScProject\SSD Files\PNY CS900\Secure Erase\recup_dir.2\f9081664.jpg,.jpg,0.03,OK,
C:\Users\User\OneDrive\Documents\Uni\Dissertation\MScProject\SSD Files\PNY CS900\Secure Erase\recup_dir.2\f9081728.jpg,.jpg,0.01,OK,
C:\Users\User\OneDrive\Documents\Uni\Dissertation\MScProject\SSD Files\PNY CS900\Secure Erase\recup_dir.2\f9081752.jpg,.jpg,0.03,OK,
C:\Users\User\OneDrive\Documents\Uni\Dissertation\MScProject\SSD Files\PNY CS900\Secure Erase\recup_dir.2\f9081816.jpg,.jpg,0.01,OK,
C:\Users\User\OneDrive\Documents\Uni\Dissertation\MScProject\SSD Files\PNY CS900\Secure Erase\recup_dir.2\f9081848.jpg,.jpg,0.01,OK,
C:\Users\User\OneDrive\Documents\Uni\Dissertation\MScProject\SSD Files\PNY CS900\Secure Erase\recup_dir.2\f9081872.jpg,.jpg,0.01,OK,
C:\Users\User\OneDrive\Documents\Uni\Dissertation\MScProject\SSD Files\PNY CS900\Secure Erase\recup_dir.2\f9081896.jpg,.jpg,0.03,OK,
C:\Users\User\OneDrive\Documents\Uni\Dissertation\MScProject\SSD Files\PNY CS900\Secure Erase\recup_dir.2\f9081952.jpg,.jpg,0.04,OK,
C:\Users\User\OneDrive\Documents\Uni\Dissertation\MScProject\SSD Files\PNY CS900\Secure Erase\recup_dir.2\f9082032.jpg,.jpg,0.04,OK,
C:\Users\User\OneDrive\Documents\Uni\Dissertation\MScProject\SSD Files\PNY CS900\Secure Erase\recup_dir.2\f9082104.jpg,.jpg,0.03,OK,
C:\Users\User\OneDrive\Documents\Uni\Dissertation\MScProject\SSD Files\PNY CS900\Secure Erase\recup_dir.2\f9082160.jpg,.jpg,0.04,OK,
C:\Users\User\OneDrive\Documents\Uni\Dissertation\MScProject\SSD Files\PNY CS900\Secure Erase\recup_dir.2\f9082240.jpg,.jpg,0.12,OK,
C:\Users\User\OneDrive\Documents\Uni\Dissertation\MScProject\SSD Files\PNY CS900\Secure Erase\recup_dir.2\f9082488.jpg,.jpg,0.03,OK,
C:\Users\User\OneDrive\Documents\Uni\Dissertation\MScProject\SSD Files\PNY CS900\Secure Erase\recup_dir.2\f9082552.jpg,.jpg,0.04,OK,
C:\Users\User\OneDrive\Documents\Uni\Dissertation\MScProject\SSD Files\PNY CS900\Secure Erase\recup_dir.2\f9082648.jpg,.jpg,0.04,OK,
C:\Users\User\OneDrive\Documents\Uni\Dissertation\MScProject\SSD Files\PNY CS900\Secure Erase\recup_dir.2\f9082744.jpg,.jpg,0.04,OK,
C:\Users\User\OneDrive\Documents\Uni\Dissertation\MScProject\SSD Files\PNY CS900\Secure Erase\recup_dir.2\f9082832.jpg,.jpg,0.01,OK,
C:\Users\User\OneDrive\Documents\Uni\Dissertation\MScProject\SSD Files\PNY CS900\Secure Erase\recup_dir.2\f9082848.jpg,.jpg,0.06,OK,
C:\Users\User\OneDrive\Documents\Uni\Dissertation\MScProject\SSD Files\PNY CS900\Secure Erase\recup_dir.2\f9082968.jpg,.jpg,0.01,OK,
C:\Users\User\OneDrive\Documents\Uni\Dissertation\MScProject\SSD Files\PNY CS900\Secure Erase\recup_dir.2\f9082984.jpg,.jpg,0.01,OK,
C:\Users\User\OneDrive\Documents\Uni\Dissertation\MScProject\SSD Files\PNY CS900\Secure Erase\recup_dir.2\f9083000.jpg,.jpg,0.01,OK,
C:\Users\User\OneDrive\Documents\Uni\Dissertation\MScProject\SSD Files\PNY CS900\Secure Erase\recup_dir.2\f9083016.jpg,.jpg,0.06,OK,
C:\Users\User\OneDrive\Documents\Uni\Dissertation\MScProject\SSD Files\PNY CS900\Secure Erase\recup_dir.2\f9083136.jpg,.jpg,0.01,OK,
C:\Users\User\OneDrive\Documents\Uni\Dissertation\MScProject\SSD Files\PNY CS900\Secure Erase\recup_dir.2\f9083160.jpg,.jpg,0.07,OK,
C:\Users\User\OneDrive\Documents\Uni\Dissertation\MScProject\SSD Files\PNY CS900\Secure Erase\recup_dir.2\f9083320.jpg,.jpg,0.02,OK,
C:\Users\User\OneDrive\Documents\Uni\Dissertation\MScProject\SSD Files\PNY CS900\Secure Erase\recup_dir.2\f9083360.jpg,.jpg,0.05,OK,
C:\Users\User\OneDrive\Documents\Uni\Dissertation\MScProject\SSD Files\PNY CS900\Secure Erase\recup_dir.2\f9083472.jpg,.jpg,0.04,OK,
C:\Users\User\OneDrive\Documents\Uni\Dissertation\MScProject\SSD Files\PNY CS900\Secure Erase\recup_dir.2\f9083552.jpg,.jpg,0.02,OK,
C:\Users\User\OneDrive\Documents\Uni\Dissertation\MScProject\SSD Files\PNY CS900\Secure Erase\recup_dir.2\f9083600.jpg,.jpg,1.86,OK,
C:\Users\User\OneDrive\Documents\Uni\Dissertation\MScProject\SSD Files\PNY CS900\Secure Erase\recup_dir.2\f9087416.jpg,.jpg,0.01,OK,
C:\Users\User\OneDrive\Documents\Uni\Dissertation\MScProject\SSD Files\PNY CS900\Secure Erase\recup_dir.2\f9087440.jpg,.jpg,2.04,OK,
C:\Users\User\OneDrive\Documents\Uni\Dissertation\MScProject\SSD Files\PNY CS900\Secure Erase\recup_dir.2\f9091616.jpg,.jpg,1.62,OK,
C:\Users\User\OneDrive\Documents\Uni\Dissertation\MScProject\SSD Files\PNY CS900\Secure Erase\recup_dir.2\f9094928.jpg,.jpg,0.03,OK,
C:\Users\User\OneDrive\Documents\Uni\Dissertation\MScProject\SSD Files\PNY CS900\Secure Erase\recup_dir.2\f9094992.jpg,.jpg,0.06,OK,
C:\Users\User\OneDrive\Documents\Uni\Dissertation\MScProject\SSD Files\PNY CS900\Secure Erase\recup_dir.2\f9095112.jpg,.jpg,0.02,OK,
C:\Users\User\OneDrive\Documents\Uni\Dissertation\MScProject\SSD Files\PNY CS900\Secure Erase\recup_dir.2\f9095152.jpg,.jpg,0.07,OK,
C:\Users\User\OneDrive\Documents\Uni\Dissertation\MScProject\SSD Files\PNY CS900\Secure Erase\recup_dir.2\f9095312.jpg,.jpg,0.05,OK,
C:\Users\User\OneDrive\Documents\Uni\Dissertation\MScProject\SSD Files\PNY CS900\Secure Erase\recup_dir.2\f9095432.jpg,.jpg,0.11,OK,
C:\Users\User\OneDrive\Documents\Uni\Dissertation\MScProject\SSD Files\PNY CS900\Secure Erase\recup_dir.2\f9095672.jpg,.jpg,0.08,OK,
C:\Users\User\OneDrive\Documents\Uni\Dissertation\MScProject\SSD Files\PNY CS900\Secure Erase\recup_dir.2\f9095848.jpg,.jpg,0.01,OK,
C:\Users\User\OneDrive\Documents\Uni\Dissertation\MScProject\SSD Files\PNY CS900\Secure Erase\recup_dir.2\f9095864.jpg,.jpg,0.08,OK,
C:\Users\User\OneDrive\Documents\Uni\Dissertation\MScProject\SSD Files\PNY CS900\Secure Erase\recup_dir.2\f9096040.jpg,.jpg,0.21,OK,
C:\Users\User\OneDrive\Documents\Uni\Dissertation\MScProject\SSD Files\PNY CS900\Secure Erase\recup_dir.2\f9096480.jpg,.jpg,0.12,OK,
C:\Users\User\OneDrive\Documents\Uni\Dissertation\MScProject\SSD Files\PNY CS900\Secure Erase\recup_dir.2\f9096728.jpg,.jpg,0.02,OK,
C:\Users\User\OneDrive\Documents\Uni\Dissertation\MScProject\SSD Files\PNY CS900\Secure Erase\recup_dir.2\f9096776.jpg,.jpg,0.13,OK,
C:\Users\User\OneDrive\Documents\Uni\Dissertation\MScProject\SSD Files\PNY CS900\Secure Erase\recup_dir.2\f9098264.jpg,.jpg,0.02,OK,
C:\Users\User\OneDrive\Documents\Uni\Dissertation\MScProject\SSD Files\PNY CS900\Secure Erase\recup_dir.2\f9098320.jpg,.jpg,1.44,OK,
C:\Users\User\OneDrive\Documents\Uni\Dissertation\MScProject\SSD Files\PNY CS900\Secure Erase\recup_dir.2\f9101264.jpg,.jpg,0,OK,
C:\Users\User\OneDrive\Documents\Uni\Dissertation\MScProject\SSD Files\PNY CS900\Secure Erase\recup_dir.2\f9101272.jpg,.jpg,0.1,OK,
C:\Users\User\OneDrive\Documents\Uni\Dissertation\MScProject\SSD Files\PNY CS900\Secure Erase\recup_dir.2\f9101488.jpg,.jpg,0.01,OK,
C:\Users\User\OneDrive\Documents\Uni\Dissertation\MScProject\SSD Files\PNY CS900\Secure Erase\recup_dir.2\f9101520.jpg,.jpg,0.19,OK,
C:\Users\User\OneDrive\Documents\Uni\Dissertation\MScProject\SSD Files\PNY CS900\Secure Erase\recup_dir.2\f9101912.jpg,.jpg,0,OK,
C:\Users\User\OneDrive\Documents\Uni\Dissertation\MScProject\SSD Files\PNY CS900\Secure Erase\recup_dir.2\f9101928.jpg,.jpg,0.09,OK,
C:\Users\User\OneDrive\Documents\Uni\Dissertation\MScProject\SSD Files\PNY CS900\Secure Erase\recup_dir.2\f9102112.jpg,.jpg,0.12,OK,
C:\Users\User\OneDrive\Documents\Uni\Dissertation\MScProject\SSD Files\PNY CS900\Secure Erase\recup_dir.2\f9102360.jpg,.jpg,0.08,OK,
C:\Users\User\OneDrive\Documents\Uni\Dissertation\MScProject\SSD Files\PNY CS900\Secure Erase\recup_dir.2\f9102520.jpg,.jpg,0.08,OK,
C:\Users\User\OneDrive\Documents\Uni\Dissertation\MScProject\SSD Files\PNY CS900\Secure Erase\recup_dir.2\f9102688.jpg,.jpg,0.03,OK,
C:\Users\User\OneDrive\Documents\Uni\Dissertation\MScProject\SSD Files\PNY CS900\Secure Erase\recup_dir.2\f9102744.jpg,.jpg,0,OK,
C:\Users\User\OneDrive\Documents\Uni\Dissertation\MScProject\SSD Files\PNY CS900\Secure Erase\recup_dir.2\f9102752.jpg,.jpg,0.01,OK,
C:\Users\User\OneDrive\Documents\Uni\Dissertation\MScProject\SSD Files\PNY CS900\Secure Erase\recup_dir.2\f9102784.jpg,.jpg,0.01,OK,
C:\Users\User\OneDrive\Documents\Uni\Dissertation\MScProject\SSD Files\PNY CS900\Secure Erase\recup_dir.2\f9102816.jpg,.jpg,0.09,OK,
C:\Users\User\OneDrive\Documents\Uni\Dissertation\MScProject\SSD Files\PNY CS900\Secure Erase\recup_dir.2\f9103008.jpg,.jpg,0.08,OK,
C:\Users\User\OneDrive\Documents\Uni\Dissertation\MScProject\SSD Files\PNY CS900\Secure Erase\recup_dir.2\f9103184.jpg,.jpg,0.07,OK,
C:\Users\User\OneDrive\Documents\Uni\Dissertation\MScProject\SSD Files\PNY CS900\Secure Erase\recup_dir.2\f9103320.jpg,.jpg,0.01,OK,
C:\Users\User\OneDrive\Documents\Uni\Dissertation\MScProject\SSD Files\PNY CS900\Secure Erase\recup_dir.2\f9103336.jpg,.jpg,0.1,OK,
C:\Users\User\OneDrive\Documents\Uni\Dissertation\MScProject\SSD Files\PNY CS900\Secure Erase\recup_dir.2\f9103552.jpg,.jpg,0.02,OK,
C:\Users\User\OneDrive\Documents\Uni\Dissertation\MScProject\SSD Files\PNY CS900\Secure Erase\recup_dir.2\f9103592.jpg,.jpg,0.02,OK,
C:\Users\User\OneDrive\Documents\Uni\Dissertation\MScProject\SSD Files\PNY CS900\Secure Erase\recup_dir.2\f9103632.jpg,.jpg,0.03,OK,
C:\Users\User\OneDrive\Documents\Uni\Dissertation\MScProject\SSD Files\PNY CS900\Secure Erase\recup_dir.2\f9103696.jpg,.jpg,0.11,OK,
C:\Users\User\OneDrive\Documents\Uni\Dissertation\MScProject\SSD Files\PNY CS900\Secure Erase\recup_dir.2\f9103920.jpg,.jpg,0.72,OK,
C:\Users\User\OneDrive\Documents\Uni\Dissertation\MScProject\SSD Files\PNY CS900\Secure Erase\recup_dir.2\f9105392.jpg,.jpg,0.03,OK,
C:\Users\User\OneDrive\Documents\Uni\Dissertation\MScProject\SSD Files\PNY CS900\Secure Erase\recup_dir.2\f9105456.jpg,.jpg,0.01,OK,
C:\Users\User\OneDrive\Documents\Uni\Dissertation\MScProject\SSD Files\PNY CS900\Secure Erase\recup_dir.2\f9105488.jpg,.jpg,0.16,OK,
C:\Users\User\OneDrive\Documents\Uni\Dissertation\MScProject\SSD Files\PNY CS900\Secure Erase\recup_dir.2\f9105816.jpg,.jpg,0.02,OK,
C:\Users\User\OneDrive\Documents\Uni\Dissertation\MScProject\SSD Files\PNY CS900\Secure Erase\recup_dir.2\f9105856.jpg,.jpg,0.01,OK,
C:\Users\User\OneDrive\Documents\Uni\Dissertation\MScProject\SSD Files\PNY CS900\Secure Erase\recup_dir.2\f9105888.jpg,.jpg,0.01,OK,
C:\Users\User\OneDrive\Documents\Uni\Dissertation\MScProject\SSD Files\PNY CS900\Secure Erase\recup_dir.2\f9105912.jpg,.jpg,0.23,OK,
C:\Users\User\OneDrive\Documents\Uni\Dissertation\MScProject\SSD Files\PNY CS900\Secure Erase\recup_dir.2\f9106392.jpg,.jpg,0.05,OK,
C:\Users\User\OneDrive\Documents\Uni\Dissertation\MScProject\SSD Files\PNY CS900\Secure Erase\recup_dir.2\f9106496.jpg,.jpg,0.11,OK,
C:\Users\User\OneDrive\Documents\Uni\Dissertation\MScProject\SSD Files\PNY CS900\Secure Erase\recup_dir.2\f9106728.jpg,.jpg,0.31,OK,
C:\Users\User\OneDrive\Documents\Uni\Dissertation\MScProject\SSD Files\PNY CS900\Secure Erase\recup_dir.2\f9107368.jpg,.jpg,0.89,OK,
C:\Users\User\OneDrive\Documents\Uni\Dissertation\MScProject\SSD Files\PNY CS900\Secure Erase\recup_dir.2\f9109192.jpg,.jpg,3.14,OK,
C:\Users\User\OneDrive\Documents\Uni\Dissertation\MScProject\SSD Files\PNY CS900\Secure Erase\recup_dir.2\f9115624.jpg,.jpg,0.05,OK,
C:\Users\User\OneDrive\Documents\Uni\Dissertation\MScProject\SSD Files\PNY CS900\Secure Erase\recup_dir.2\f9115736.jpg,.jpg,0.62,OK,
C:\Users\User\OneDrive\Documents\Uni\Dissertation\MScProject\SSD Files\PNY CS900\Secure Erase\recup_dir.2\f9117008.jpg,.jpg,0.16,OK,
C:\Users\User\OneDrive\Documents\Uni\Dissertation\MScProject\SSD Files\PNY CS900\Secure Erase\recup_dir.2\f9117344.jpg,.jpg,0.18,OK,
C:\Users\User\OneDrive\Documents\Uni\Dissertation\MScProject\SSD Files\PNY CS900\Secure Erase\recup_dir.2\f9117728.jpg,.jpg,1.1,OK,
C:\Users\User\OneDrive\Documents\Uni\Dissertation\MScProject\SSD Files\PNY CS900\Secure Erase\recup_dir.2\f9119992.jpg,.jpg,0.14,OK,
C:\Users\User\OneDrive\Documents\Uni\Dissertation\MScProject\SSD Files\PNY CS900\Secure Erase\recup_dir.2\f9120288.jpg,.jpg,0.55,OK,
C:\Users\User\OneDrive\Documents\Uni\Dissertation\MScProject\SSD Files\PNY CS900\Secure Erase\recup_dir.2\f9121416.jpg,.jpg,0.01,OK,
C:\Users\User\OneDrive\Documents\Uni\Dissertation\MScProject\SSD Files\PNY CS900\Secure Erase\recup_dir.2\f9121432.jpg,.jpg,0.16,OK,
C:\Users\User\OneDrive\Documents\Uni\Dissertation\MScProject\SSD Files\PNY CS900\Secure Erase\recup_dir.2\f9121768.jpg,.jpg,1.33,OK,
C:\Users\User\OneDrive\Documents\Uni\Dissertation\MScProject\SSD Files\PNY CS900\Secure Erase\recup_dir.2\f9124496.jpg,.jpg,0.15,OK,
C:\Users\User\OneDrive\Documents\Uni\Dissertation\MScProject\SSD Files\PNY CS900\Secure Erase\recup_dir.2\f9124816.jpg,.jpg,0.95,OK,
C:\Users\User\OneDrive\Documents\Uni\Dissertation\MScProject\SSD Files\PNY CS900\Secure Erase\recup_dir.2\f9126760.jpg,.jpg,2.47,OK,
C:\Users\User\OneDrive\Documents\Uni\Dissertation\MScProject\SSD Files\PNY CS900\Secure Erase\recup_dir.2\f9131816.jpg,.jpg,0.29,OK,
C:\Users\User\OneDrive\Documents\Uni\Dissertation\MScProject\SSD Files\PNY CS900\Secure Erase\recup_dir.2\f9132416.jpg,.jpg,1.94,OK,
C:\Users\User\OneDrive\Documents\Uni\Dissertation\MScProject\SSD Files\PNY CS900\Secure Erase\recup_dir.2\f9136392.jpg,.jpg,0.89,OK,
C:\Users\User\OneDrive\Documents\Uni\Dissertation\MScProject\SSD Files\PNY CS900\Secure Erase\recup_dir.2\f9138216.jpg,.jpg,1.56,OK,
C:\Users\User\OneDrive\Documents\Uni\Dissertation\MScProject\SSD Files\PNY CS900\Secure Erase\recup_dir.2\f9141424.jpg,.jpg,0.08,OK,
C:\Users\User\OneDrive\Documents\Uni\Dissertation\MScProject\SSD Files\PNY CS900\Secure Erase\recup_dir.2\f9141584.jpg,.jpg,0.03,OK,
C:\Users\User\OneDrive\Documents\Uni\Dissertation\MScProject\SSD Files\PNY CS900\Secure Erase\recup_dir.2\f9141640.jpg,.jpg,0.39,OK,
C:\Users\User\OneDrive\Documents\Uni\Dissertation\MScProject\SSD Files\PNY CS900\Secure Erase\recup_dir.2\f9142432.jpg,.jpg,0.06,OK,
C:\Users\User\OneDrive\Documents\Uni\Dissertation\MScProject\SSD Files\PNY CS900\Secure Erase\recup_dir.2\f9142568.jpg,.jpg,0.06,OK,
C:\Users\User\OneDrive\Documents\Uni\Dissertation\MScProject\SSD Files\PNY CS900\Secure Erase\recup_dir.2\f9142696.jpg,.jpg,0.01,OK,
C:\Users\User\OneDrive\Documents\Uni\Dissertation\MScProject\SSD Files\PNY CS900\Secure Erase\recup_dir.2\f9142728.jpg,.jpg,0.02,OK,
C:\Users\User\OneDrive\Documents\Uni\Dissertation\MScProject\SSD Files\PNY CS900\Secure Erase\recup_dir.2\f9142784.jpg,.jpg,0.02,OK,
C:\Users\User\OneDrive\Documents\Uni\Dissertation\MScProject\SSD Files\PNY CS900\Secure Erase\recup_dir.2\f9142832.jpg,.jpg,0.01,OK,
C:\Users\User\OneDrive\Documents\Uni\Dissertation\MScProject\SSD Files\PNY CS900\Secure Erase\recup_dir.2\f9142856.jpg,.jpg,0.01,OK,
C:\Users\User\OneDrive\Documents\Uni\Dissertation\MScProject\SSD Files\PNY CS900\Secure Erase\recup_dir.2\f9142872.jpg,.jpg,0.19,OK,
C:\Users\User\OneDrive\Documents\Uni\Dissertation\MScProject\SSD Files\PNY CS900\Secure Erase\recup_dir.2\f9143264.jpg,.jpg,0.07,OK,
C:\Users\User\OneDrive\Documents\Uni\Dissertation\MScProject\SSD Files\PNY CS900\Secure Erase\recup_dir.2\f9143416.jpg,.jpg,0.09,OK,
C:\Users\User\OneDrive\Documents\Uni\Dissertation\MScProject\SSD Files\PNY CS900\Secure Erase\recup_dir.2\f9143608.jpg,.jpg,0.06,OK,
C:\Users\User\OneDrive\Documents\Uni\Dissertation\MScProject\SSD Files\PNY CS900\Secure Erase\recup_dir.2\f9143736.jpg,.jpg,0.04,OK,
C:\Users\User\OneDrive\Documents\Uni\Dissertation\MScProject\SSD Files\PNY CS900\Secure Erase\recup_dir.2\f9143816.jpg,.jpg,0.03,OK,
C:\Users\User\OneDrive\Documents\Uni\Dissertation\MScProject\SSD Files\PNY CS900\Secure Erase\recup_dir.2\f9143888.jpg,.jpg,0.01,OK,
C:\Users\User\OneDrive\Documents\Uni\Dissertation\MScProject\SSD Files\PNY CS900\Secure Erase\recup_dir.2\f9143904.jpg,.jpg,0.35,OK,
C:\Users\User\OneDrive\Documents\Uni\Dissertation\MScProject\SSD Files\PNY CS900\Secure Erase\recup_dir.2\f9144632.jpg,.jpg,0.05,OK,
C:\Users\User\OneDrive\Documents\Uni\Dissertation\MScProject\SSD Files\PNY CS900\Secure Erase\recup_dir.2\f9144736.jpg,.jpg,0.11,OK,
C:\Users\User\OneDrive\Documents\Uni\Dissertation\MScProject\SSD Files\PNY CS900\Secure Erase\recup_dir.2\f9144960.jpg,.jpg,0.23,OK,
C:\Users\User\OneDrive\Documents\Uni\Dissertation\MScProject\SSD Files\PNY CS900\Secure Erase\recup_dir.2\f9145432.jpg,.jpg,0.25,OK,
C:\Users\User\OneDrive\Documents\Uni\Dissertation\MScProject\SSD Files\PNY CS900\Secure Erase\recup_dir.2\f9145944.jpg,.jpg,0.19,OK,
C:\Users\User\OneDrive\Documents\Uni\Dissertation\MScProject\SSD Files\PNY CS900\Secure Erase\recup_dir.2\f9146336.jpg,.jpg,0.19,OK,
C:\Users\User\OneDrive\Documents\Uni\Dissertation\MScProject\SSD Files\PNY CS900\Secure Erase\recup_dir.2\f9146736.jpg,.jpg,0.19,OK,
C:\Users\User\OneDrive\Documents\Uni\Dissertation\MScProject\SSD Files\PNY CS900\Secure Erase\recup_dir.2\f9147136.jpg,.jpg,0.01,OK,
C:\Users\User\OneDrive\Documents\Uni\Dissertation\MScProject\SSD Files\PNY CS900\Secure Erase\recup_dir.2\f9147168.jpg,.jpg,0,OK,
C:\Users\User\OneDrive\Documents\Uni\Dissertation\MScProject\SSD Files\PNY CS900\Secure Erase\recup_dir.2\f9147176.jpg,.jpg,0.02,OK,
C:\Users\User\OneDrive\Documents\Uni\Dissertation\MScProject\SSD Files\PNY CS900\Secure Erase\recup_dir.2\f9147224.jpg,.jpg,0.01,OK,
C:\Users\User\OneDrive\Documents\Uni\Dissertation\MScProject\SSD Files\PNY CS900\Secure Erase\recup_dir.2\f9147256.jpg,.jpg,0.02,OK,
C:\Users\User\OneDrive\Documents\Uni\Dissertation\MScProject\SSD Files\PNY CS900\Secure Erase\recup_dir.2\f9147296.jpg,.jpg,0.02,OK,
C:\Users\User\OneDrive\Documents\Uni\Dissertation\MScProject\SSD Files\PNY CS900\Secure Erase\recup_dir.2\f9147344.jpg,.jpg,0.02,OK,
C:\Users\User\OneDrive\Documents\Uni\Dissertation\MScProject\SSD Files\PNY CS900\Secure Erase\recup_dir.2\f9147376.jpg,.jpg,0.14,OK,
C:\Users\User\OneDrive\Documents\Uni\Dissertation\MScProject\SSD Files\PNY CS900\Secure Erase\recup_dir.2\f9147664.jpg,.jpg,0.02,OK,
C:\Users\User\OneDrive\Documents\Uni\Dissertation\MScProject\SSD Files\PNY CS900\Secure Erase\recup_dir.2\f9147712.jpg,.jpg,0.04,OK,
C:\Users\User\OneDrive\Documents\Uni\Dissertation\MScProject\SSD Files\PNY CS900\Secure Erase\recup_dir.2\f9147792.jpg,.jpg,0.02,OK,
C:\Users\User\OneDrive\Documents\Uni\Dissertation\MScProject\SSD Files\PNY CS900\Secure Erase\recup_dir.2\f9147848.jpg,.jpg,0.04,OK,
C:\Users\User\OneDrive\Documents\Uni\Dissertation\MScProject\SSD Files\PNY CS900\Secure Erase\recup_dir.2\f9147944.jpg,.jpg,0.05,OK,
C:\Users\User\OneDrive\Documents\Uni\Dissertation\MScProject\SSD Files\PNY CS900\Secure Erase\recup_dir.2\f9148048.jpg,.jpg,0.01,OK,
C:\Users\User\OneDrive\Documents\Uni\Dissertation\MScProject\SSD Files\PNY CS900\Secure Erase\recup_dir.2\f9148072.jpg,.jpg,0.05,OK,
C:\Users\User\OneDrive\Documents\Uni\Dissertation\MScProject\SSD Files\PNY CS900\Secure Erase\recup_dir.2\f9148184.jpg,.jpg,0.07,OK,
C:\Users\User\OneDrive\Documents\Uni\Dissertation\MScProject\SSD Files\PNY CS900\Secure Erase\recup_dir.2\f9148328.jpg,.jpg,0.13,OK,
C:\Users\User\OneDrive\Documents\Uni\Dissertation\MScProject\SSD Files\PNY CS900\Secure Erase\recup_dir.2\f9148608.jpg,.jpg,0.06,OK,
C:\Users\User\OneDrive\Documents\Uni\Dissertation\MScProject\SSD Files\PNY CS900\Secure Erase\recup_dir.2\f9148728.jpg,.jpg,0.1,OK,
C:\Users\User\OneDrive\Documents\Uni\Dissertation\MScProject\SSD Files\PNY CS900\Secure Erase\recup_dir.2\f9148936.jpg,.jpg,0.04,OK,
C:\Users\User\OneDrive\Documents\Uni\Dissertation\MScProject\SSD Files\PNY CS900\Secure Erase\recup_dir.2\f9149024.jpg,.jpg,0.07,OK,
C:\Users\User\OneDrive\Documents\Uni\Dissertation\MScProject\SSD Files\PNY CS900\Secure Erase\recup_dir.2\f9149160.jpg,.jpg,0.45,OK,
C:\Users\User\OneDrive\Documents\Uni\Dissertation\MScProject\SSD Files\PNY CS900\Secure Erase\recup_dir.2\f9150088.jpg,.jpg,0.04,OK,
C:\Users\User\OneDrive\Documents\Uni\Dissertation\MScProject\SSD Files\PNY CS900\Secure Erase\recup_dir.2\f9150168.jpg,.jpg,0.08,OK,
C:\Users\User\OneDrive\Documents\Uni\Dissertation\MScProject\SSD Files\PNY CS900\Secure Erase\recup_dir.2\f9150328.jpg,.jpg,0.07,OK,
C:\Users\User\OneDrive\Documents\Uni\Dissertation\MScProject\SSD Files\PNY CS900\Secure Erase\recup_dir.2\f9150480.jpg,.jpg,0.14,OK,
C:\Users\User\OneDrive\Documents\Uni\Dissertation\MScProject\SSD Files\PNY CS900\Secure Erase\recup_dir.2\f9150768.jpg,.jpg,0,OK,
C:\Users\User\OneDrive\Documents\Uni\Dissertation\MScProject\SSD Files\PNY CS900\Secure Erase\recup_dir.2\f9150776.jpg,.jpg,0,OK,
C:\Users\User\OneDrive\Documents\Uni\Dissertation\MScProject\SSD Files\PNY CS900\Secure Erase\recup_dir.2\f9150784.jpg,.jpg,0.04,OK,
C:\Users\User\OneDrive\Documents\Uni\Dissertation\MScProject\SSD Files\PNY CS900\Secure Erase\recup_dir.2\f9150864.jpg,.jpg,0.01,OK,
C:\Users\User\OneDrive\Documents\Uni\Dissertation\MScProject\SSD Files\PNY CS900\Secure Erase\recup_dir.2\f9150880.jpg,.jpg,0.01,OK,
C:\Users\User\OneDrive\Documents\Uni\Dissertation\MScProject\SSD Files\PNY CS900\Secure Erase\recup_dir.2\f9150896.jpg,.jpg,0.03,OK,
C:\Users\User\OneDrive\Documents\Uni\Dissertation\MScProject\SSD Files\PNY CS900\Secure Erase\recup_dir.2\f9150960.jpg,.jpg,0.01,OK,
C:\Users\User\OneDrive\Documents\Uni\Dissertation\MScProject\SSD Files\PNY CS900\Secure Erase\recup_dir.2\f9150984.jpg,.jpg,0.03,OK,
C:\Users\User\OneDrive\Documents\Uni\Dissertation\MScProject\SSD Files\PNY CS900\Secure Erase\recup_dir.2\f9151048.jpg,.jpg,0.03,OK,
C:\Users\User\OneDrive\Documents\Uni\Dissertation\MScProject\SSD Files\PNY CS900\Secure Erase\recup_dir.2\f9151112.jpg,.jpg,0.03,OK,
C:\Users\User\OneDrive\Documents\Uni\Dissertation\MScProject\SSD Files\PNY CS900\Secure Erase\recup_dir.2\f9151168.jpg,.jpg,0.19,OK,
C:\Users\User\OneDrive\Documents\Uni\Dissertation\MScProject\SSD Files\PNY CS900\Secure Erase\recup_dir.2\f9151552.jpg,.jpg,0.02,OK,
C:\Users\User\OneDrive\Documents\Uni\Dissertation\MScProject\SSD Files\PNY CS900\Secure Erase\recup_dir.2\f9151600.jpg,.jpg,3.87,OK,
C:\Users\User\OneDrive\Documents\Uni\Dissertation\MScProject\SSD Files\PNY CS900\Secure Erase\recup_dir.2\f9159528.jpg,.jpg,0.02,OK,
C:\Users\User\OneDrive\Documents\Uni\Dissertation\MScProject\SSD Files\PNY CS900\Secure Erase\recup_dir.2\f9159560.jpg,.jpg,0.2,OK,
C:\Users\User\OneDrive\Documents\Uni\Dissertation\MScProject\SSD Files\PNY CS900\Secure Erase\recup_dir.2\f9159976.jpg,.jpg,0.14,OK,
C:\Users\User\OneDrive\Documents\Uni\Dissertation\MScProject\SSD Files\PNY CS900\Secure Erase\recup_dir.2\f9160264.jpg,.jpg,0,OK,
C:\Users\User\OneDrive\Documents\Uni\Dissertation\MScProject\SSD Files\PNY CS900\Secure Erase\recup_dir.2\f9160272.jpg,.jpg,0.04,OK,
C:\Users\User\OneDrive\Documents\Uni\Dissertation\MScProject\SSD Files\PNY CS900\Secure Erase\recup_dir.2\f9160352.jpg,.jpg,0.02,OK,
C:\Users\User\OneDrive\Documents\Uni\Dissertation\MScProject\SSD Files\PNY CS900\Secure Erase\recup_dir.2\f9160392.jpg,.jpg,0.19,OK,
C:\Users\User\OneDrive\Documents\Uni\Dissertation\MScProject\SSD Files\PNY CS900\Secure Erase\recup_dir.2\f9160784.jpg,.jpg,0,OK,
C:\Users\User\OneDrive\Documents\Uni\Dissertation\MScProject\SSD Files\PNY CS900\Secure Erase\recup_dir.2\f9160792.jpg,.jpg,0,OK,
C:\Users\User\OneDrive\Documents\Uni\Dissertation\MScProject\SSD Files\PNY CS900\Secure Erase\recup_dir.2\f9160800.jpg,.jpg,0.24,OK,
C:\Users\User\OneDrive\Documents\Uni\Dissertation\MScProject\SSD Files\PNY CS900\Secure Erase\recup_dir.2\f9161296.jpg,.jpg,0.1,OK,
C:\Users\User\OneDrive\Documents\Uni\Dissertation\MScProject\SSD Files\PNY CS900\Secure Erase\recup_dir.2\f9161496.jpg,.jpg,0.03,OK,
C:\Users\User\OneDrive\Documents\Uni\Dissertation\MScProject\SSD Files\PNY CS900\Secure Erase\recup_dir.2\f9161552.jpg,.jpg,0,OK,
C:\Users\User\OneDrive\Documents\Uni\Dissertation\MScProject\SSD Files\PNY CS900\Secure Erase\recup_dir.2\f9161568.jpg,.jpg,0.01,OK,
C:\Users\User\OneDrive\Documents\Uni\Dissertation\MScProject\SSD Files\PNY CS900\Secure Erase\recup_dir.2\f9161592.jpg,.jpg,0.01,OK,
C:\Users\User\OneDrive\Documents\Uni\Dissertation\MScProject\SSD Files\PNY CS900\Secure Erase\recup_dir.2\f9161624.jpg,.jpg,0.01,OK,
C:\Users\User\OneDrive\Documents\Uni\Dissertation\MScProject\SSD Files\PNY CS900\Secure Erase\recup_dir.2\f9161648.jpg,.jpg,0.01,OK,
C:\Users\User\OneDrive\Documents\Uni\Dissertation\MScProject\SSD Files\PNY CS900\Secure Erase\recup_dir.2\f9161672.jpg,.jpg,0.01,OK,
C:\Users\User\OneDrive\Documents\Uni\Dissertation\MScProject\SSD Files\PNY CS900\Secure Erase\recup_dir.2\f9161688.jpg,.jpg,0.01,OK,
C:\Users\User\OneDrive\Documents\Uni\Dissertation\MScProject\SSD Files\PNY CS900\Secure Erase\recup_dir.2\f9161712.jpg,.jpg,0.03,OK,
C:\Users\User\OneDrive\Documents\Uni\Dissertation\MScProject\SSD Files\PNY CS900\Secure Erase\recup_dir.2\f9161784.jpg,.jpg,0,OK,
C:\Users\User\OneDrive\Documents\Uni\Dissertation\MScProject\SSD Files\PNY CS900\Secure Erase\recup_dir.2\f9161800.jpg,.jpg,0,OK,
C:\Users\User\OneDrive\Documents\Uni\Dissertation\MScProject\SSD Files\PNY CS900\Secure Erase\recup_dir.2\f9161816.jpg,.jpg,0.01,OK,
C:\Users\User\OneDrive\Documents\Uni\Dissertation\MScProject\SSD Files\PNY CS900\Secure Erase\recup_dir.2\f9161832.jpg,.jpg,0.14,OK,
C:\Users\User\OneDrive\Documents\Uni\Dissertation\MScProject\SSD Files\PNY CS900\Secure Erase\recup_dir.2\f9162112.jpg,.jpg,0.01,OK,
C:\Users\User\OneDrive\Documents\Uni\Dissertation\MScProject\SSD Files\PNY CS900\Secure Erase\recup_dir.2\f9162136.jpg,.jpg,0.03,OK,
C:\Users\User\OneDrive\Documents\Uni\Dissertation\MScProject\SSD Files\PNY CS900\Secure Erase\recup_dir.2\f9162208.jpg,.jpg,0.01,OK,
C:\Users\User\OneDrive\Documents\Uni\Dissertation\MScProject\SSD Files\PNY CS900\Secure Erase\recup_dir.2\f9162240.jpg,.jpg,0,OK,
C:\Users\User\OneDrive\Documents\Uni\Dissertation\MScProject\SSD Files\PNY CS900\Secure Erase\recup_dir.2\f9162256.jpg,.jpg,0.02,OK,
C:\Users\User\OneDrive\Documents\Uni\Dissertation\MScProject\SSD Files\PNY CS900\Secure Erase\recup_dir.2\f9162296.jpg,.jpg,0.01,OK,
C:\Users\User\OneDrive\Documents\Uni\Dissertation\MScProject\SSD Files\PNY CS900\Secure Erase\recup_dir.2\f9162328.jpg,.jpg,0,OK,
C:\Users\User\OneDrive\Documents\Uni\Dissertation\MScProject\SSD Files\PNY CS900\Secure Erase\recup_dir.2\f9162344.jpg,.jpg,0.1,OK,
C:\Users\User\OneDrive\Documents\Uni\Dissertation\MScProject\SSD Files\PNY CS900\Secure Erase\recup_dir.2\f9162544.jpg,.jpg,0.04,OK,
C:\Users\User\OneDrive\Documents\Uni\Dissertation\MScProject\SSD Files\PNY CS900\Secure Erase\recup_dir.2\f9162632.jpg,.jpg,0.05,OK,
C:\Users\User\OneDrive\Documents\Uni\Dissertation\MScProject\SSD Files\PNY CS900\Secure Erase\recup_dir.2\f9162744.jpg,.jpg,0.18,OK,
C:\Users\User\OneDrive\Documents\Uni\Dissertation\MScProject\SSD Files\PNY CS900\Secure Erase\recup_dir.2\f9163120.jpg,.jpg,0.04,OK,
C:\Users\User\OneDrive\Documents\Uni\Dissertation\MScProject\SSD Files\PNY CS900\Secure Erase\recup_dir.2\f9163208.jpg,.jpg,0.04,OK,
C:\Users\User\OneDrive\Documents\Uni\Dissertation\MScProject\SSD Files\PNY CS900\Secure Erase\recup_dir.2\f9163288.jpg,.jpg,0.02,OK,
C:\Users\User\OneDrive\Documents\Uni\Dissertation\MScProject\SSD Files\PNY CS900\Secure Erase\recup_dir.2\f9163344.jpg,.jpg,0.03,OK,
C:\Users\User\OneDrive\Documents\Uni\Dissertation\MScProject\SSD Files\PNY CS900\Secure Erase\recup_dir.2\f9163400.jpg,.jpg,0.03,OK,
C:\Users\User\OneDrive\Documents\Uni\Dissertation\MScProject\SSD Files\PNY CS900\Secure Erase\recup_dir.2\f9163472.jpg,.jpg,0.03,OK,
C:\Users\User\OneDrive\Documents\Uni\Dissertation\MScProject\SSD Files\PNY CS900\Secure Erase\recup_dir.2\f9163528.jpg,.jpg,0.03,OK,
C:\Users\User\OneDrive\Documents\Uni\Dissertation\MScProject\SSD Files\PNY CS900\Secure Erase\recup_dir.2\f9163592.jpg,.jpg,0.03,OK,
C:\Users\User\OneDrive\Documents\Uni\Dissertation\MScProject\SSD Files\PNY CS900\Secure Erase\recup_dir.2\f9163648.jpg,.jpg,0.03,OK,
C:\Users\User\OneDrive\Documents\Uni\Dissertation\MScProject\SSD Files\PNY CS900\Secure Erase\recup_dir.2\f9163720.jpg,.jpg,0.03,OK,
C:\Users\User\OneDrive\Documents\Uni\Dissertation\MScProject\SSD Files\PNY CS900\Secure Erase\recup_dir.2\f9163776.jpg,.jpg,0.03,OK,
C:\Users\User\OneDrive\Documents\Uni\Dissertation\MScProject\SSD Files\PNY CS900\Secure Erase\recup_dir.2\f9163848.jpg,.jpg,0.03,OK,
C:\Users\User\OneDrive\Documents\Uni\Dissertation\MScProject\SSD Files\PNY CS900\Secure Erase\recup_dir.2\f9163912.jpg,.jpg,0.03,OK,
C:\Users\User\OneDrive\Documents\Uni\Dissertation\MScProject\SSD Files\PNY CS900\Secure Erase\recup_dir.2\f9163976.jpg,.jpg,0.03,OK,
C:\Users\User\OneDrive\Documents\Uni\Dissertation\MScProject\SSD Files\PNY CS900\Secure Erase\recup_dir.2\f9164032.jpg,.jpg,0.03,OK,
C:\Users\User\OneDrive\Documents\Uni\Dissertation\MScProject\SSD Files\PNY CS900\Secure Erase\recup_dir.2\f9164096.jpg,.jpg,0.03,OK,
C:\Users\User\OneDrive\Documents\Uni\Dissertation\MScProject\SSD Files\PNY CS900\Secure Erase\recup_dir.2\f9164152.jpg,.jpg,0.04,OK,
C:\Users\User\OneDrive\Documents\Uni\Dissertation\MScProject\SSD Files\PNY CS900\Secure Erase\recup_dir.2\f9164232.jpg,.jpg,0.03,OK,
C:\Users\User\OneDrive\Documents\Uni\Dissertation\MScProject\SSD Files\PNY CS900\Secure Erase\recup_dir.2\f9164288.jpg,.jpg,0.03,OK,
C:\Users\User\OneDrive\Documents\Uni\Dissertation\MScProject\SSD Files\PNY CS900\Secure Erase\recup_dir.2\f9164344.jpg,.jpg,0.03,OK,
C:\Users\User\OneDrive\Documents\Uni\Dissertation\MScProject\SSD Files\PNY CS900\Secure Erase\recup_dir.2\f9164400.jpg,.jpg,0.04,OK,
C:\Users\User\OneDrive\Documents\Uni\Dissertation\MScProject\SSD Files\PNY CS900\Secure Erase\recup_dir.2\f9164488.jpg,.jpg,0.04,OK,
C:\Users\User\OneDrive\Documents\Uni\Dissertation\MScProject\SSD Files\PNY CS900\Secure Erase\recup_dir.2\f9164576.jpg,.jpg,0.03,OK,
C:\Users\User\OneDrive\Documents\Uni\Dissertation\MScProject\SSD Files\PNY CS900\Secure Erase\recup_dir.2\f9164648.jpg,.jpg,0.03,OK,
C:\Users\User\OneDrive\Documents\Uni\Dissertation\MScProject\SSD Files\PNY CS900\Secure Erase\recup_dir.2\f9164720.jpg,.jpg,0.03,OK,
C:\Users\User\OneDrive\Documents\Uni\Dissertation\MScProject\SSD Files\PNY CS900\Secure Erase\recup_dir.2\f9164776.jpg,.jpg,0.03,OK,
C:\Users\User\OneDrive\Documents\Uni\Dissertation\MScProject\SSD Files\PNY CS900\Secure Erase\recup_dir.2\f9164832.jpg,.jpg,0.02,OK,
C:\Users\User\OneDrive\Documents\Uni\Dissertation\MScProject\SSD Files\PNY CS900\Secure Erase\recup_dir.2\f9164888.jpg,.jpg,0.03,OK,
C:\Users\User\OneDrive\Documents\Uni\Dissertation\MScProject\SSD Files\PNY CS900\Secure Erase\recup_dir.2\f9164952.jpg,.jpg,0.03,OK,
C:\Users\User\OneDrive\Documents\Uni\Dissertation\MScProject\SSD Files\PNY CS900\Secure Erase\recup_dir.2\f9165008.jpg,.jpg,0.03,OK,
C:\Users\User\OneDrive\Documents\Uni\Dissertation\MScProject\SSD Files\PNY CS900\Secure Erase\recup_dir.2\f9165064.jpg,.jpg,0.03,OK,
C:\Users\User\OneDrive\Documents\Uni\Dissertation\MScProject\SSD Files\PNY CS900\Secure Erase\recup_dir.2\f9165128.jpg,.jpg,0.02,OK,
C:\Users\User\OneDrive\Documents\Uni\Dissertation\MScProject\SSD Files\PNY CS900\Secure Erase\recup_dir.2\f9165184.jpg,.jpg,0.08,OK,
C:\Users\User\OneDrive\Documents\Uni\Dissertation\MScProject\SSD Files\PNY CS900\Secure Erase\recup_dir.2\f9165344.jpg,.jpg,0.04,OK,
C:\Users\User\OneDrive\Documents\Uni\Dissertation\MScProject\SSD Files\PNY CS900\Secure Erase\recup_dir.2\f9165432.jpg,.jpg,0.04,OK,
C:\Users\User\OneDrive\Documents\Uni\Dissertation\MScProject\SSD Files\PNY CS900\Secure Erase\recup_dir.2\f9165520.jpg,.jpg,0.05,OK,
C:\Users\User\OneDrive\Documents\Uni\Dissertation\MScProject\SSD Files\PNY CS900\Secure Erase\recup_dir.2\f9165624.jpg,.jpg,0.03,OK,
C:\Users\User\OneDrive\Documents\Uni\Dissertation\MScProject\SSD Files\PNY CS900\Secure Erase\recup_dir.2\f9165696.jpg,.jpg,0.01,OK,
C:\Users\User\OneDrive\Documents\Uni\Dissertation\MScProject\SSD Files\PNY CS900\Secure Erase\recup_dir.2\f9165712.jpg,.jpg,0.12,OK,
C:\Users\User\OneDrive\Documents\Uni\Dissertation\MScProject\SSD Files\PNY CS900\Secure Erase\recup_dir.2\f9165960.jpg,.jpg,0.08,OK,
C:\Users\User\OneDrive\Documents\Uni\Dissertation\MScProject\SSD Files\PNY CS900\Secure Erase\recup_dir.2\f9166136.jpg,.jpg,0.19,OK,
C:\Users\User\OneDrive\Documents\Uni\Dissertation\MScProject\SSD Files\PNY CS900\Secure Erase\recup_dir.2\f9166528.jpg,.jpg,0.03,OK,
C:\Users\User\OneDrive\Documents\Uni\Dissertation\MScProject\SSD Files\PNY CS900\Secure Erase\recup_dir.2\f9166592.jpg,.jpg,0.11,OK,
C:\Users\User\OneDrive\Documents\Uni\Dissertation\MScProject\SSD Files\PNY CS900\Secure Erase\recup_dir.2\f9166816.jpg,.jpg,0.06,OK,
C:\Users\User\OneDrive\Documents\Uni\Dissertation\MScProject\SSD Files\PNY CS900\Secure Erase\recup_dir.2\f9166952.jpg,.jpg,0.07,OK,
C:\Users\User\OneDrive\Documents\Uni\Dissertation\MScProject\SSD Files\PNY CS900\Secure Erase\recup_dir.2\f9167096.jpg,.jpg,0.02,OK,
C:\Users\User\OneDrive\Documents\Uni\Dissertation\MScProject\SSD Files\PNY CS900\Secure Erase\recup_dir.2\f9167136.jpg,.jpg,0.03,OK,
C:\Users\User\OneDrive\Documents\Uni\Dissertation\MScProject\SSD Files\PNY CS900\Secure Erase\recup_dir.2\f9167200.jpg,.jpg,0.08,OK,
C:\Users\User\OneDrive\Documents\Uni\Dissertation\MScProject\SSD Files\PNY CS900\Secure Erase\recup_dir.2\f9167360.jpg,.jpg,0.04,OK,
C:\Users\User\OneDrive\Documents\Uni\Dissertation\MScProject\SSD Files\PNY CS900\Secure Erase\recup_dir.2\f9167440.jpg,.jpg,0.03,OK,
C:\Users\User\OneDrive\Documents\Uni\Dissertation\MScProject\SSD Files\PNY CS900\Secure Erase\recup_dir.2\f9167504.jpg,.jpg,0.02,OK,
C:\Users\User\OneDrive\Documents\Uni\Dissertation\MScProject\SSD Files\PNY CS900\Secure Erase\recup_dir.2\f9167552.jpg,.jpg,0.51,OK,
C:\Users\User\OneDrive\Documents\Uni\Dissertation\MScProject\SSD Files\PNY CS900\Secure Erase\recup_dir.2\f9168608.jpg,.jpg,0.28,OK,
C:\Users\User\OneDrive\Documents\Uni\Dissertation\MScProject\SSD Files\PNY CS900\Secure Erase\recup_dir.2\f9169192.jpg,.jpg,0.1,OK,
C:\Users\User\OneDrive\Documents\Uni\Dissertation\MScProject\SSD Files\PNY CS900\Secure Erase\recup_dir.2\f9169392.jpg,.jpg,0.65,OK,
C:\Users\User\OneDrive\Documents\Uni\Dissertation\MScProject\SSD Files\PNY CS900\Secure Erase\recup_dir.2\f9170728.jpg,.jpg,0.03,OK,
C:\Users\User\OneDrive\Documents\Uni\Dissertation\MScProject\SSD Files\PNY CS900\Secure Erase\recup_dir.2\f9170784.jpg,.jpg,0.07,OK,
C:\Users\User\OneDrive\Documents\Uni\Dissertation\MScProject\SSD Files\PNY CS900\Secure Erase\recup_dir.2\f9170928.jpg,.jpg,0.27,OK,
C:\Users\User\OneDrive\Documents\Uni\Dissertation\MScProject\SSD Files\PNY CS900\Secure Erase\recup_dir.2\f9171480.jpg,.jpg,0.02,OK,
C:\Users\User\OneDrive\Documents\Uni\Dissertation\MScProject\SSD Files\PNY CS900\Secure Erase\recup_dir.2\f9171528.jpg,.jpg,0.01,OK,
C:\Users\User\OneDrive\Documents\Uni\Dissertation\MScProject\SSD Files\PNY CS900\Secure Erase\recup_dir.2\f9171544.jpg,.jpg,0.33,OK,
C:\Users\User\OneDrive\Documents\Uni\Dissertation\MScProject\SSD Files\PNY CS900\Secure Erase\recup_dir.2\f9172224.jpg,.jpg,0.17,OK,
C:\Users\User\OneDrive\Documents\Uni\Dissertation\MScProject\SSD Files\PNY CS900\Secure Erase\recup_dir.2\f9172576.jpg,.jpg,0.06,OK,
C:\Users\User\OneDrive\Documents\Uni\Dissertation\MScProject\SSD Files\PNY CS900\Secure Erase\recup_dir.2\f9172704.jpg,.jpg,0.24,OK,
C:\Users\User\OneDrive\Documents\Uni\Dissertation\MScProject\SSD Files\PNY CS900\Secure Erase\recup_dir.2\f9173208.jpg,.jpg,0.06,OK,
C:\Users\User\OneDrive\Documents\Uni\Dissertation\MScProject\SSD Files\PNY CS900\Secure Erase\recup_dir.2\f9173328.jpg,.jpg,0.01,OK,
C:\Users\User\OneDrive\Documents\Uni\Dissertation\MScProject\SSD Files\PNY CS900\Secure Erase\recup_dir.2\f9173352.jpg,.jpg,0.05,OK,
C:\Users\User\OneDrive\Documents\Uni\Dissertation\MScProject\SSD Files\PNY CS900\Secure Erase\recup_dir.2\f9173448.jpg,.jpg,0.04,OK,
C:\Users\User\OneDrive\Documents\Uni\Dissertation\MScProject\SSD Files\PNY CS900\Secure Erase\recup_dir.2\f9173536.jpg,.jpg,0.05,OK,
C:\Users\User\OneDrive\Documents\Uni\Dissertation\MScProject\SSD Files\PNY CS900\Secure Erase\recup_dir.2\f9173632.jpg,.jpg,1.1,OK,
C:\Users\User\OneDrive\Documents\Uni\Dissertation\MScProject\SSD Files\PNY CS900\Secure Erase\recup_dir.2\f9175896.jpg,.jpg,0.04,OK,
C:\Users\User\OneDrive\Documents\Uni\Dissertation\MScProject\SSD Files\PNY CS900\Secure Erase\recup_dir.2\f9175984.jpg,.jpg,0.04,OK,
C:\Users\User\OneDrive\Documents\Uni\Dissertation\MScProject\SSD Files\PNY CS900\Secure Erase\recup_dir.2\f9176080.jpg,.jpg,0.04,OK,
C:\Users\User\OneDrive\Documents\Uni\Dissertation\MScProject\SSD Files\PNY CS900\Secure Erase\recup_dir.2\f9176160.jpg,.jpg,0.5,OK,
C:\Users\User\OneDrive\Documents\Uni\Dissertation\MScProject\SSD Files\PNY CS900\Secure Erase\recup_dir.2\f9177184.jpg,.jpg,0.4,OK,
C:\Users\User\OneDrive\Documents\Uni\Dissertation\MScProject\SSD Files\PNY CS900\Secure Erase\recup_dir.2\f9178008.jpg,.jpg,0.55,OK,
C:\Users\User\OneDrive\Documents\Uni\Dissertation\MScProject\SSD Files\PNY CS900\Secure Erase\recup_dir.2\f9179136.jpg,.jpg,0.39,OK,
C:\Users\User\OneDrive\Documents\Uni\Dissertation\MScProject\SSD Files\PNY CS900\Secure Erase\recup_dir.2\f9179944.jpg,.jpg,0.03,OK,
C:\Users\User\OneDrive\Documents\Uni\Dissertation\MScProject\SSD Files\PNY CS900\Secure Erase\recup_dir.2\f9180000.jpg,.jpg,0.03,OK,
C:\Users\User\OneDrive\Documents\Uni\Dissertation\MScProject\SSD Files\PNY CS900\Secure Erase\recup_dir.2\f9180056.jpg,.jpg,0.34,OK,
C:\Users\User\OneDrive\Documents\Uni\Dissertation\MScProject\SSD Files\PNY CS900\Secure Erase\recup_dir.2\f9180760.jpg,.jpg,0.05,OK,
C:\Users\User\OneDrive\Documents\Uni\Dissertation\MScProject\SSD Files\PNY CS900\Secure Erase\recup_dir.2\f9180856.jpg,.jpg,0.53,OK,
C:\Users\User\OneDrive\Documents\Uni\Dissertation\MScProject\SSD Files\PNY CS900\Secure Erase\recup_dir.2\f9181936.jpg,.jpg,0.09,OK,
C:\Users\User\OneDrive\Documents\Uni\Dissertation\MScProject\SSD Files\PNY CS900\Secure Erase\recup_dir.2\f9182120.jpg,.jpg,0.06,OK,
C:\Users\User\OneDrive\Documents\Uni\Dissertation\MScProject\SSD Files\PNY CS900\Secure Erase\recup_dir.2\f9182256.jpg,.jpg,0.01,OK,
C:\Users\User\OneDrive\Documents\Uni\Dissertation\MScProject\SSD Files\PNY CS900\Secure Erase\recup_dir.2\f9182280.jpg,.jpg,0.01,OK,
C:\Users\User\OneDrive\Documents\Uni\Dissertation\MScProject\SSD Files\PNY CS900\Secure Erase\recup_dir.2\f9182312.jpg,.jpg,0.03,OK,
C:\Users\User\OneDrive\Documents\Uni\Dissertation\MScProject\SSD Files\PNY CS900\Secure Erase\recup_dir.2\f9182368.jpg,.jpg,0.01,OK,
C:\Users\User\OneDrive\Documents\Uni\Dissertation\MScProject\SSD Files\PNY CS900\Secure Erase\recup_dir.2\f9182400.jpg,.jpg,0.11,OK,
C:\Users\User\OneDrive\Documents\Uni\Dissertation\MScProject\SSD Files\PNY CS900\Secure Erase\recup_dir.2\f9182624.jpg,.jpg,0.04,OK,
C:\Users\User\OneDrive\Documents\Uni\Dissertation\MScProject\SSD Files\PNY CS900\Secure Erase\recup_dir.2\f9182712.jpg,.jpg,0.03,OK,
C:\Users\User\OneDrive\Documents\Uni\Dissertation\MScProject\SSD Files\PNY CS900\Secure Erase\recup_dir.2\f9182768.jpg,.jpg,0.03,OK,
C:\Users\User\OneDrive\Documents\Uni\Dissertation\MScProject\SSD Files\PNY CS900\Secure Erase\recup_dir.2\f9182824.jpg,.jpg,0.02,OK,
C:\Users\User\OneDrive\Documents\Uni\Dissertation\MScProject\SSD Files\PNY CS900\Secure Erase\recup_dir.2\f9182872.jpg,.jpg,0.01,OK,
C:\Users\User\OneDrive\Documents\Uni\Dissertation\MScProject\SSD Files\PNY CS900\Secure Erase\recup_dir.2\f9182888.jpg,.jpg,0.04,OK,
C:\Users\User\OneDrive\Documents\Uni\Dissertation\MScProject\SSD Files\PNY CS900\Secure Erase\recup_dir.2\f9182968.jpg,.jpg,0.83,OK,
C:\Users\User\OneDrive\Documents\Uni\Dissertation\MScProject\SSD Files\PNY CS900\Secure Erase\recup_dir.2\f9184680.jpg,.jpg,0.12,OK,
C:\Users\User\OneDrive\Documents\Uni\Dissertation\MScProject\SSD Files\PNY CS900\Secure Erase\recup_dir.2\f9184936.jpg,.jpg,0.04,OK,
C:\Users\User\OneDrive\Documents\Uni\Dissertation\MScProject\SSD Files\PNY CS900\Secure Erase\recup_dir.2\f9185024.jpg,.jpg,0.17,OK,
C:\Users\User\OneDrive\Documents\Uni\Dissertation\MScProject\SSD Files\PNY CS900\Secure Erase\recup_dir.2\f9185376.jpg,.jpg,0.09,OK,
C:\Users\User\OneDrive\Documents\Uni\Dissertation\MScProject\SSD Files\PNY CS900\Secure Erase\recup_dir.2\f9185560.jpg,.jpg,0.03,OK,
C:\Users\User\OneDrive\Documents\Uni\Dissertation\MScProject\SSD Files\PNY CS900\Secure Erase\recup_dir.2\f9185616.jpg,.jpg,0.04,OK,
C:\Users\User\OneDrive\Documents\Uni\Dissertation\MScProject\SSD Files\PNY CS900\Secure Erase\recup_dir.2\f9185712.jpg,.jpg,0.02,OK,
C:\Users\User\OneDrive\Documents\Uni\Dissertation\MScProject\SSD Files\PNY CS900\Secure Erase\recup_dir.2\f9185752.jpg,.jpg,0.02,OK,
C:\Users\User\OneDrive\Documents\Uni\Dissertation\MScProject\SSD Files\PNY CS900\Secure Erase\recup_dir.2\f9185792.jpg,.jpg,0.07,OK,
C:\Users\User\OneDrive\Documents\Uni\Dissertation\MScProject\SSD Files\PNY CS900\Secure Erase\recup_dir.2\f9185944.jpg,.jpg,0.03,OK,
C:\Users\User\OneDrive\Documents\Uni\Dissertation\MScProject\SSD Files\PNY CS900\Secure Erase\recup_dir.2\f9186008.jpg,.jpg,0.03,OK,
C:\Users\User\OneDrive\Documents\Uni\Dissertation\MScProject\SSD Files\PNY CS900\Secure Erase\recup_dir.2\f9186080.jpg,.jpg,0.23,OK,
C:\Users\User\OneDrive\Documents\Uni\Dissertation\MScProject\SSD Files\PNY CS900\Secure Erase\recup_dir.2\f9186544.jpg,.jpg,0.17,OK,
C:\Users\User\OneDrive\Documents\Uni\Dissertation\MScProject\SSD Files\PNY CS900\Secure Erase\recup_dir.2\f9186888.jpg,.jpg,0.02,OK,
C:\Users\User\OneDrive\Documents\Uni\Dissertation\MScProject\SSD Files\PNY CS900\Secure Erase\recup_dir.2\f9186936.jpg,.jpg,0.22,OK,
C:\Users\User\OneDrive\Documents\Uni\Dissertation\MScProject\SSD Files\PNY CS900\Secure Erase\recup_dir.2\f9187400.jpg,.jpg,0.05,OK,
C:\Users\User\OneDrive\Documents\Uni\Dissertation\MScProject\SSD Files\PNY CS900\Secure Erase\recup_dir.2\f9187520.jpg,.jpg,0.06,OK,
C:\Users\User\OneDrive\Documents\Uni\Dissertation\MScProject\SSD Files\PNY CS900\Secure Erase\recup_dir.2\f9187640.jpg,.jpg,0.15,OK,
C:\Users\User\OneDrive\Documents\Uni\Dissertation\MScProject\SSD Files\PNY CS900\Secure Erase\recup_dir.2\f9187952.jpg,.jpg,0.03,OK,
C:\Users\User\OneDrive\Documents\Uni\Dissertation\MScProject\SSD Files\PNY CS900\Secure Erase\recup_dir.2\f9188008.jpg,.jpg,0.07,OK,
C:\Users\User\OneDrive\Documents\Uni\Dissertation\MScProject\SSD Files\PNY CS900\Secure Erase\recup_dir.2\f9188152.jpg,.jpg,0.11,OK,
C:\Users\User\OneDrive\Documents\Uni\Dissertation\MScProject\SSD Files\PNY CS900\Secure Erase\recup_dir.2\f9188376.jpg,.jpg,0.04,OK,
C:\Users\User\OneDrive\Documents\Uni\Dissertation\MScProject\SSD Files\PNY CS900\Secure Erase\recup_dir.2\f9188456.jpg,.jpg,0.27,OK,
C:\Users\User\OneDrive\Documents\Uni\Dissertation\MScProject\SSD Files\PNY CS900\Secure Erase\recup_dir.2\f9189000.jpg,.jpg,0.02,OK,
C:\Users\User\OneDrive\Documents\Uni\Dissertation\MScProject\SSD Files\PNY CS900\Secure Erase\recup_dir.2\f9189048.jpg,.jpg,0.01,OK,
C:\Users\User\OneDrive\Documents\Uni\Dissertation\MScProject\SSD Files\PNY CS900\Secure Erase\recup_dir.2\f9189072.jpg,.jpg,0.01,OK,
C:\Users\User\OneDrive\Documents\Uni\Dissertation\MScProject\SSD Files\PNY CS900\Secure Erase\recup_dir.2\f9189104.jpg,.jpg,0.06,OK,
C:\Users\User\OneDrive\Documents\Uni\Dissertation\MScProject\SSD Files\PNY CS900\Secure Erase\recup_dir.2\f9189224.jpg,.jpg,0.01,OK,
C:\Users\User\OneDrive\Documents\Uni\Dissertation\MScProject\SSD Files\PNY CS900\Secure Erase\recup_dir.2\f9189256.jpg,.jpg,0.02,OK,
C:\Users\User\OneDrive\Documents\Uni\Dissertation\MScProject\SSD Files\PNY CS900\Secure Erase\recup_dir.2\f9189304.jpg,.jpg,0.28,OK,
C:\Users\User\OneDrive\Documents\Uni\Dissertation\MScProject\SSD Files\PNY CS900\Secure Erase\recup_dir.2\f9189888.jpg,.jpg,0.01,OK,
C:\Users\User\OneDrive\Documents\Uni\Dissertation\MScProject\SSD Files\PNY CS900\Secure Erase\recup_dir.2\f9189912.jpg,.jpg,0.02,OK,
C:\Users\User\OneDrive\Documents\Uni\Dissertation\MScProject\SSD Files\PNY CS900\Secure Erase\recup_dir.2\f9189952.jpg,.jpg,0.03,OK,
C:\Users\User\OneDrive\Documents\Uni\Dissertation\MScProject\SSD Files\PNY CS900\Secure Erase\recup_dir.2\f9190008.jpg,.jpg,0.06,OK,
C:\Users\User\OneDrive\Documents\Uni\Dissertation\MScProject\SSD Files\PNY CS900\Secure Erase\recup_dir.2\f9190144.jpg,.jpg,0,OK,
C:\Users\User\OneDrive\Documents\Uni\Dissertation\MScProject\SSD Files\PNY CS900\Secure Erase\recup_dir.2\f9190160.jpg,.jpg,0.01,OK,
C:\Users\User\OneDrive\Documents\Uni\Dissertation\MScProject\SSD Files\PNY CS900\Secure Erase\recup_dir.2\f9190176.jpg,.jpg,0.01,OK,
C:\Users\User\OneDrive\Documents\Uni\Dissertation\MScProject\SSD Files\PNY CS900\Secure Erase\recup_dir.2\f9190208.jpg,.jpg,0,OK,
C:\Users\User\OneDrive\Documents\Uni\Dissertation\MScProject\SSD Files\PNY CS900\Secure Erase\recup_dir.2\f9190216.jpg,.jpg,0.24,OK,
C:\Users\User\OneDrive\Documents\Uni\Dissertation\MScProject\SSD Files\PNY CS900\Secure Erase\recup_dir.2\f9190712.jpg,.jpg,0.04,OK,
C:\Users\User\OneDrive\Documents\Uni\Dissertation\MScProject\SSD Files\PNY CS900\Secure Erase\recup_dir.2\f9190792.jpg,.jpg,0.22,OK,
C:\Users\User\OneDrive\Documents\Uni\Dissertation\MScProject\SSD Files\PNY CS900\Secure Erase\recup_dir.2\f9191248.jpg,.jpg,0.16,OK,
C:\Users\User\OneDrive\Documents\Uni\Dissertation\MScProject\SSD Files\PNY CS900\Secure Erase\recup_dir.2\f9191584.jpg,.jpg,0.09,OK,
C:\Users\User\OneDrive\Documents\Uni\Dissertation\MScProject\SSD Files\PNY CS900\Secure Erase\recup_dir.2\f9191776.jpg,.jpg,0.02,OK,
C:\Users\User\OneDrive\Documents\Uni\Dissertation\MScProject\SSD Files\PNY CS900\Secure Erase\recup_dir.2\f9191816.jpg,.jpg,0.03,OK,
C:\Users\User\OneDrive\Documents\Uni\Dissertation\MScProject\SSD Files\PNY CS900\Secure Erase\recup_dir.2\f9191880.jpg,.jpg,0.04,OK,
C:\Users\User\OneDrive\Documents\Uni\Dissertation\MScProject\SSD Files\PNY CS900\Secure Erase\recup_dir.2\f9191960.jpg,.jpg,0.1,OK,
C:\Users\User\OneDrive\Documents\Uni\Dissertation\MScProject\SSD Files\PNY CS900\Secure Erase\recup_dir.2\f9192176.jpg,.jpg,0.09,OK,
C:\Users\User\OneDrive\Documents\Uni\Dissertation\MScProject\SSD Files\PNY CS900\Secure Erase\recup_dir.2\f9192360.jpg,.jpg,0.04,OK,
C:\Users\User\OneDrive\Documents\Uni\Dissertation\MScProject\SSD Files\PNY CS900\Secure Erase\recup_dir.2\f9192448.jpg,.jpg,0.03,OK,
C:\Users\User\OneDrive\Documents\Uni\Dissertation\MScProject\SSD Files\PNY CS900\Secure Erase\recup_dir.2\f9192512.jpg,.jpg,0.02,OK,
C:\Users\User\OneDrive\Documents\Uni\Dissertation\MScProject\SSD Files\PNY CS900\Secure Erase\recup_dir.2\f9192568.jpg,.jpg,0.01,OK,
C:\Users\User\OneDrive\Documents\Uni\Dissertation\MScProject\SSD Files\PNY CS900\Secure Erase\recup_dir.2\f9192600.jpg,.jpg,0.01,OK,
C:\Users\User\OneDrive\Documents\Uni\Dissertation\MScProject\SSD Files\PNY CS900\Secure Erase\recup_dir.2\f9192632.jpg,.jpg,0.03,OK,
C:\Users\User\OneDrive\Documents\Uni\Dissertation\MScProject\SSD Files\PNY CS900\Secure Erase\recup_dir.2\f9192696.jpg,.jpg,0.01,OK,
C:\Users\User\OneDrive\Documents\Uni\Dissertation\MScProject\SSD Files\PNY CS900\Secure Erase\recup_dir.2\f9192720.jpg,.jpg,0.02,OK,
C:\Users\User\OneDrive\Documents\Uni\Dissertation\MScProject\SSD Files\PNY CS900\Secure Erase\recup_dir.2\f9192776.jpg,.jpg,0.02,OK,
C:\Users\User\OneDrive\Documents\Uni\Dissertation\MScProject\SSD Files\PNY CS900\Secure Erase\recup_dir.2\f9192824.jpg,.jpg,0.58,OK,
C:\Users\User\OneDrive\Documents\Uni\Dissertation\MScProject\SSD Files\PNY CS900\Secure Erase\recup_dir.2\f9194008.jpg,.jpg,0.01,OK,
C:\Users\User\OneDrive\Documents\Uni\Dissertation\MScProject\SSD Files\PNY CS900\Secure Erase\recup_dir.2\f9194040.jpg,.jpg,0.01,OK,
C:\Users\User\OneDrive\Documents\Uni\Dissertation\MScProject\SSD Files\PNY CS900\Secure Erase\recup_dir.2\f9194056.jpg,.jpg,0.49,OK,
C:\Users\User\OneDrive\Documents\Uni\Dissertation\MScProject\SSD Files\PNY CS900\Secure Erase\recup_dir.2\f9195064.jpg,.jpg,0.18,OK,
C:\Users\User\OneDrive\Documents\Uni\Dissertation\MScProject\SSD Files\PNY CS900\Secure Erase\recup_dir.2\f9195432.jpg,.jpg,0.04,OK,
C:\Users\User\OneDrive\Documents\Uni\Dissertation\MScProject\SSD Files\PNY CS900\Secure Erase\recup_dir.2\f9195528.jpg,.jpg,0.01,OK,
C:\Users\User\OneDrive\Documents\Uni\Dissertation\MScProject\SSD Files\PNY CS900\Secure Erase\recup_dir.2\f9195544.jpg,.jpg,0,OK,
C:\Users\User\OneDrive\Documents\Uni\Dissertation\MScProject\SSD Files\PNY CS900\Secure Erase\recup_dir.2\f9195560.jpg,.jpg,0.04,OK,
C:\Users\User\OneDrive\Documents\Uni\Dissertation\MScProject\SSD Files\PNY CS900\Secure Erase\recup_dir.2\f9195648.jpg,.jpg,0.03,OK,
C:\Users\User\OneDrive\Documents\Uni\Dissertation\MScProject\SSD Files\PNY CS900\Secure Erase\recup_dir.2\f9196016.jpg,.jpg,0.05,OK,
C:\Users\User\OneDrive\Documents\Uni\Dissertation\MScProject\SSD Files\PNY CS900\Secure Erase\recup_dir.2\f9196120.jpg,.jpg,0.05,OK,
C:\Users\User\OneDrive\Documents\Uni\Dissertation\MScProject\SSD Files\PNY CS900\Secure Erase\recup_dir.2\f9196488.jpg,.jpg,0.04,OK,
C:\Users\User\OneDrive\Documents\Uni\Dissertation\MScProject\SSD Files\PNY CS900\Secure Erase\recup_dir.2\f9196568.jpg,.jpg,0.01,OK,
C:\Users\User\OneDrive\Documents\Uni\Dissertation\MScProject\SSD Files\PNY CS900\Secure Erase\recup_dir.2\f9196592.jpg,.jpg,0.03,OK,
C:\Users\User\OneDrive\Documents\Uni\Dissertation\MScProject\SSD Files\PNY CS900\Secure Erase\recup_dir.2\f9196648.jpg,.jpg,0.01,OK,
C:\Users\User\OneDrive\Documents\Uni\Dissertation\MScProject\SSD Files\PNY CS900\Secure Erase\recup_dir.2\f9196680.jpg,.jpg,0.01,OK,
C:\Users\User\OneDrive\Documents\Uni\Dissertation\MScProject\SSD Files\PNY CS900\Secure Erase\recup_dir.2\f9196704.jpg,.jpg,0.08,OK,
C:\Users\User\OneDrive\Documents\Uni\Dissertation\MScProject\SSD Files\PNY CS900\Secure Erase\recup_dir.2\f9196872.jpg,.jpg,0.07,OK,
C:\Users\User\OneDrive\Documents\Uni\Dissertation\MScProject\SSD Files\PNY CS900\Secure Erase\recup_dir.2\f9197032.jpg,.jpg,0.04,OK,
C:\Users\User\OneDrive\Documents\Uni\Dissertation\MScProject\SSD Files\PNY CS900\Secure Erase\recup_dir.2\f9197112.jpg,.jpg,1.25,OK,
C:\Users\User\OneDrive\Documents\Uni\Dissertation\MScProject\SSD Files\PNY CS900\Secure Erase\recup_dir.2\f9199680.jpg,.jpg,0.03,OK,
C:\Users\User\OneDrive\Documents\Uni\Dissertation\MScProject\SSD Files\PNY CS900\Secure Erase\recup_dir.2\f9199752.jpg,.jpg,0.02,OK,
C:\Users\User\OneDrive\Documents\Uni\Dissertation\MScProject\SSD Files\PNY CS900\Secure Erase\recup_dir.2\f9199800.jpg,.jpg,0.08,OK,
C:\Users\User\OneDrive\Documents\Uni\Dissertation\MScProject\SSD Files\PNY CS900\Secure Erase\recup_dir.2\f9199968.jpg,.jpg,0.04,OK,
C:\Users\User\OneDrive\Documents\Uni\Dissertation\MScProject\SSD Files\PNY CS900\Secure Erase\recup_dir.2\f9200056.jpg,.jpg,0.33,OK,
C:\Users\User\OneDrive\Documents\Uni\Dissertation\MScProject\SSD Files\PNY CS900\Secure Erase\recup_dir.2\f9200744.jpg,.jpg,0.05,OK,
C:\Users\User\OneDrive\Documents\Uni\Dissertation\MScProject\SSD Files\PNY CS900\Secure Erase\recup_dir.2\f9200848.jpg,.jpg,0.01,OK,
C:\Users\User\OneDrive\Documents\Uni\Dissertation\MScProject\SSD Files\PNY CS900\Secure Erase\recup_dir.2\f9200880.jpg,.jpg,0.08,OK,
C:\Users\User\OneDrive\Documents\Uni\Dissertation\MScProject\SSD Files\PNY CS900\Secure Erase\recup_dir.2\f9201040.jpg,.jpg,0.05,OK,
C:\Users\User\OneDrive\Documents\Uni\Dissertation\MScProject\SSD Files\PNY CS900\Secure Erase\recup_dir.2\f9201152.jpg,.jpg,0,OK,
C:\Users\User\OneDrive\Documents\Uni\Dissertation\MScProject\SSD Files\PNY CS900\Secure Erase\recup_dir.2\f9201160.jpg,.jpg,0.05,OK,
C:\Users\User\OneDrive\Documents\Uni\Dissertation\MScProject\SSD Files\PNY CS900\Secure Erase\recup_dir.2\f9201272.jpg,.jpg,0.04,OK,
C:\Users\User\OneDrive\Documents\Uni\Dissertation\MScProject\SSD Files\PNY CS900\Secure Erase\recup_dir.2\f9201352.jpg,.jpg,0.11,OK,
C:\Users\User\OneDrive\Documents\Uni\Dissertation\MScProject\SSD Files\PNY CS900\Secure Erase\recup_dir.2\f9201576.jpg,.jpg,0.04,OK,
C:\Users\User\OneDrive\Documents\Uni\Dissertation\MScProject\SSD Files\PNY CS900\Secure Erase\recup_dir.2\f9201664.jpg,.jpg,2.05,OK,
C:\Users\User\OneDrive\Documents\Uni\Dissertation\MScProject\SSD Files\PNY CS900\Secure Erase\recup_dir.2\f9205856.jpg,.jpg,0.05,OK,
C:\Users\User\OneDrive\Documents\Uni\Dissertation\MScProject\SSD Files\PNY CS900\Secure Erase\recup_dir.2\f9205952.jpg,.jpg,0.01,OK,
C:\Users\User\OneDrive\Documents\Uni\Dissertation\MScProject\SSD Files\PNY CS900\Secure Erase\recup_dir.2\f9205984.jpg,.jpg,0.01,OK,
C:\Users\User\OneDrive\Documents\Uni\Dissertation\MScProject\SSD Files\PNY CS900\Secure Erase\recup_dir.2\f9206008.jpg,.jpg,0.06,OK,
C:\Users\User\OneDrive\Documents\Uni\Dissertation\MScProject\SSD Files\PNY CS900\Secure Erase\recup_dir.2\f9206128.jpg,.jpg,0.02,OK,
C:\Users\User\OneDrive\Documents\Uni\Dissertation\MScProject\SSD Files\PNY CS900\Secure Erase\recup_dir.2\f9206168.jpg,.jpg,0.03,OK,
C:\Users\User\OneDrive\Documents\Uni\Dissertation\MScProject\SSD Files\PNY CS900\Secure Erase\recup_dir.2\f9206224.jpg,.jpg,0.01,OK,
C:\Users\User\OneDrive\Documents\Uni\Dissertation\MScProject\SSD Files\PNY CS900\Secure Erase\recup_dir.2\f9206248.jpg,.jpg,0.04,OK,
C:\Users\User\OneDrive\Documents\Uni\Dissertation\MScProject\SSD Files\PNY CS900\Secure Erase\recup_dir.2\f9206344.jpg,.jpg,0.03,OK,
C:\Users\User\OneDrive\Documents\Uni\Dissertation\MScProject\SSD Files\PNY CS900\Secure Erase\recup_dir.2\f9206400.jpg,.jpg,0.04,OK,
C:\Users\User\OneDrive\Documents\Uni\Dissertation\MScProject\SSD Files\PNY CS900\Secure Erase\recup_dir.2\f9206488.jpg,.jpg,0.06,OK,
C:\Users\User\OneDrive\Documents\Uni\Dissertation\MScProject\SSD Files\PNY CS900\Secure Erase\recup_dir.2\f9206616.jpg,.jpg,0.01,OK,
C:\Users\User\OneDrive\Documents\Uni\Dissertation\MScProject\SSD Files\PNY CS900\Secure Erase\recup_dir.2\f9206648.jpg,.jpg,0.13,OK,
C:\Users\User\OneDrive\Documents\Uni\Dissertation\MScProject\SSD Files\PNY CS900\Secure Erase\recup_dir.2\f9206920.jpg,.jpg,0.09,OK,
C:\Users\User\OneDrive\Documents\Uni\Dissertation\MScProject\SSD Files\PNY CS900\Secure Erase\recup_dir.2\f9207112.jpg,.jpg,0.02,OK,
C:\Users\User\OneDrive\Documents\Uni\Dissertation\MScProject\SSD Files\PNY CS900\Secure Erase\recup_dir.2\f9207152.jpg,.jpg,0.01,OK,
C:\Users\User\OneDrive\Documents\Uni\Dissertation\MScProject\SSD Files\PNY CS900\Secure Erase\recup_dir.2\f9207184.jpg,.jpg,0.15,OK,
C:\Users\User\OneDrive\Documents\Uni\Dissertation\MScProject\SSD Files\PNY CS900\Secure Erase\recup_dir.2\f9207488.jpg,.jpg,0.02,OK,
C:\Users\User\OneDrive\Documents\Uni\Dissertation\MScProject\SSD Files\PNY CS900\Secure Erase\recup_dir.2\f9207544.jpg,.jpg,0.01,OK,
C:\Users\User\OneDrive\Documents\Uni\Dissertation\MScProject\SSD Files\PNY CS900\Secure Erase\recup_dir.2\f9207560.jpg,.jpg,0.08,OK,
C:\Users\User\OneDrive\Documents\Uni\Dissertation\MScProject\SSD Files\PNY CS900\Secure Erase\recup_dir.2\f9207728.jpg,.jpg,0.02,OK,
C:\Users\User\OneDrive\Documents\Uni\Dissertation\MScProject\SSD Files\PNY CS900\Secure Erase\recup_dir.2\f9207768.jpg,.jpg,0.01,OK,
C:\Users\User\OneDrive\Documents\Uni\Dissertation\MScProject\SSD Files\PNY CS900\Secure Erase\recup_dir.2\f9207784.jpg,.jpg,0.01,OK,
C:\Users\User\OneDrive\Documents\Uni\Dissertation\MScProject\SSD Files\PNY CS900\Secure Erase\recup_dir.2\f9207808.jpg,.jpg,0.06,OK,
C:\Users\User\OneDrive\Documents\Uni\Dissertation\MScProject\SSD Files\PNY CS900\Secure Erase\recup_dir.2\f9207928.jpg,.jpg,0.14,OK,
C:\Users\User\OneDrive\Documents\Uni\Dissertation\MScProject\SSD Files\PNY CS900\Secure Erase\recup_dir.2\f9208208.jpg,.jpg,0.13,OK,
C:\Users\User\OneDrive\Documents\Uni\Dissertation\MScProject\SSD Files\PNY CS900\Secure Erase\recup_dir.2\f9208488.jpg,.jpg,0.07,OK,
C:\Users\User\OneDrive\Documents\Uni\Dissertation\MScProject\SSD Files\PNY CS900\Secure Erase\recup_dir.2\f9208640.jpg,.jpg,0.05,OK,
C:\Users\User\OneDrive\Documents\Uni\Dissertation\MScProject\SSD Files\PNY CS900\Secure Erase\recup_dir.2\f9208752.jpg,.jpg,0.05,OK,
C:\Users\User\OneDrive\Documents\Uni\Dissertation\MScProject\SSD Files\PNY CS900\Secure Erase\recup_dir.2\f9208864.jpg,.jpg,0.05,OK,
C:\Users\User\OneDrive\Documents\Uni\Dissertation\MScProject\SSD Files\PNY CS900\Secure Erase\recup_dir.2\f9208976.jpg,.jpg,0.06,OK,
C:\Users\User\OneDrive\Documents\Uni\Dissertation\MScProject\SSD Files\PNY CS900\Secure Erase\recup_dir.2\f9209104.jpg,.jpg,0.04,OK,
C:\Users\User\OneDrive\Documents\Uni\Dissertation\MScProject\SSD Files\PNY CS900\Secure Erase\recup_dir.2\f9209192.jpg,.jpg,0.05,OK,
C:\Users\User\OneDrive\Documents\Uni\Dissertation\MScProject\SSD Files\PNY CS900\Secure Erase\recup_dir.2\f9209304.jpg,.jpg,0.05,OK,
C:\Users\User\OneDrive\Documents\Uni\Dissertation\MScProject\SSD Files\PNY CS900\Secure Erase\recup_dir.2\f9209408.jpg,.jpg,0.02,OK,
C:\Users\User\OneDrive\Documents\Uni\Dissertation\MScProject\SSD Files\PNY CS900\Secure Erase\recup_dir.2\f9209448.jpg,.jpg,0.01,OK,
C:\Users\User\OneDrive\Documents\Uni\Dissertation\MScProject\SSD Files\PNY CS900\Secure Erase\recup_dir.2\f9209472.jpg,.jpg,0,OK,
C:\Users\User\OneDrive\Documents\Uni\Dissertation\MScProject\SSD Files\PNY CS900\Secure Erase\recup_dir.2\f9209488.jpg,.jpg,0.11,OK,
C:\Users\User\OneDrive\Documents\Uni\Dissertation\MScProject\SSD Files\PNY CS900\Secure Erase\recup_dir.2\f9209704.jpg,.jpg,0.13,OK,
C:\Users\User\OneDrive\Documents\Uni\Dissertation\MScProject\SSD Files\PNY CS900\Secure Erase\recup_dir.2\f9209984.jpg,.jpg,0.03,OK,
C:\Users\User\OneDrive\Documents\Uni\Dissertation\MScProject\SSD Files\PNY CS900\Secure Erase\recup_dir.2\f9210048.jpg,.jpg,0.03,OK,
C:\Users\User\OneDrive\Documents\Uni\Dissertation\MScProject\SSD Files\PNY CS900\Secure Erase\recup_dir.2\f9210104.jpg,.jpg,0.03,OK,
C:\Users\User\OneDrive\Documents\Uni\Dissertation\MScProject\SSD Files\PNY CS900\Secure Erase\recup_dir.2\f9210176.jpg,.jpg,0.04,OK,
C:\Users\User\OneDrive\Documents\Uni\Dissertation\MScProject\SSD Files\PNY CS900\Secure Erase\recup_dir.2\f9210264.jpg,.jpg,0.03,OK,
C:\Users\User\OneDrive\Documents\Uni\Dissertation\MScProject\SSD Files\PNY CS900\Secure Erase\recup_dir.2\f9210336.jpg,.jpg,0.03,OK,
C:\Users\User\OneDrive\Documents\Uni\Dissertation\MScProject\SSD Files\PNY CS900\Secure Erase\recup_dir.2\f9210392.jpg,.jpg,0.04,OK,
C:\Users\User\OneDrive\Documents\Uni\Dissertation\MScProject\SSD Files\PNY CS900\Secure Erase\recup_dir.2\f9210480.jpg,.jpg,0.04,OK,
C:\Users\User\OneDrive\Documents\Uni\Dissertation\MScProject\SSD Files\PNY CS900\Secure Erase\recup_dir.2\f9210560.jpg,.jpg,0.03,OK,
C:\Users\User\OneDrive\Documents\Uni\Dissertation\MScProject\SSD Files\PNY CS900\Secure Erase\recup_dir.2\f9210632.jpg,.jpg,0.01,OK,
C:\Users\User\OneDrive\Documents\Uni\Dissertation\MScProject\SSD Files\PNY CS900\Secure Erase\recup_dir.2\f9210664.jpg,.jpg,0.05,OK,
C:\Users\User\OneDrive\Documents\Uni\Dissertation\MScProject\SSD Files\PNY CS900\Secure Erase\recup_dir.2\f9210768.jpg,.jpg,0.01,OK,
C:\Users\User\OneDrive\Documents\Uni\Dissertation\MScProject\SSD Files\PNY CS900\Secure Erase\recup_dir.2\f9210800.jpg,.jpg,0.01,OK,
C:\Users\User\OneDrive\Documents\Uni\Dissertation\MScProject\SSD Files\PNY CS900\Secure Erase\recup_dir.2\f9210832.jpg,.jpg,0.03,OK,
C:\Users\User\OneDrive\Documents\Uni\Dissertation\MScProject\SSD Files\PNY CS900\Secure Erase\recup_dir.2\f9210888.jpg,.jpg,0.04,OK,
C:\Users\User\OneDrive\Documents\Uni\Dissertation\MScProject\SSD Files\PNY CS900\Secure Erase\recup_dir.2\f9210976.jpg,.jpg,0.03,OK,
C:\Users\User\OneDrive\Documents\Uni\Dissertation\MScProject\SSD Files\PNY CS900\Secure Erase\recup_dir.2\f9211032.jpg,.jpg,0.03,OK,
C:\Users\User\OneDrive\Documents\Uni\Dissertation\MScProject\SSD Files\PNY CS900\Secure Erase\recup_dir.2\f9211104.jpg,.jpg,0.04,OK,
C:\Users\User\OneDrive\Documents\Uni\Dissertation\MScProject\SSD Files\PNY CS900\Secure Erase\recup_dir.2\f9211200.jpg,.jpg,0.03,OK,
C:\Users\User\OneDrive\Documents\Uni\Dissertation\MScProject\SSD Files\PNY CS900\Secure Erase\recup_dir.2\f9211256.jpg,.jpg,0.03,OK,
C:\Users\User\OneDrive\Documents\Uni\Dissertation\MScProject\SSD Files\PNY CS900\Secure Erase\recup_dir.2\f9211312.jpg,.jpg,0.05,OK,
C:\Users\User\OneDrive\Documents\Uni\Dissertation\MScProject\SSD Files\PNY CS900\Secure Erase\recup_dir.2\f9211408.jpg,.jpg,0.04,OK,
C:\Users\User\OneDrive\Documents\Uni\Dissertation\MScProject\SSD Files\PNY CS900\Secure Erase\recup_dir.2\f9211504.jpg,.jpg,0.04,OK,
C:\Users\User\OneDrive\Documents\Uni\Dissertation\MScProject\SSD Files\PNY CS900\Secure Erase\recup_dir.2\f9211600.jpg,.jpg,0.03,OK,
C:\Users\User\OneDrive\Documents\Uni\Dissertation\MScProject\SSD Files\PNY CS900\Secure Erase\recup_dir.2\f9211656.jpg,.jpg,0.03,OK,
C:\Users\User\OneDrive\Documents\Uni\Dissertation\MScProject\SSD Files\PNY CS900\Secure Erase\recup_dir.2\f9211712.jpg,.jpg,0.07,OK,
C:\Users\User\OneDrive\Documents\Uni\Dissertation\MScProject\SSD Files\PNY CS900\Secure Erase\recup_dir.2\f9211856.jpg,.jpg,0.11,OK,
C:\Users\User\OneDrive\Documents\Uni\Dissertation\MScProject\SSD Files\PNY CS900\Secure Erase\recup_dir.2\f9212080.jpg,.jpg,0.08,OK,
C:\Users\User\OneDrive\Documents\Uni\Dissertation\MScProject\SSD Files\PNY CS900\Secure Erase\recup_dir.2\f9212248.jpg,.jpg,0.06,OK,
C:\Users\User\OneDrive\Documents\Uni\Dissertation\MScProject\SSD Files\PNY CS900\Secure Erase\recup_dir.2\f9212368.jpg,.jpg,0.06,OK,
C:\Users\User\OneDrive\Documents\Uni\Dissertation\MScProject\SSD Files\PNY CS900\Secure Erase\recup_dir.2\f9212496.jpg,.jpg,0.05,OK,
C:\Users\User\OneDrive\Documents\Uni\Dissertation\MScProject\SSD Files\PNY CS900\Secure Erase\recup_dir.2\f9212608.jpg,.jpg,0.05,OK,
C:\Users\User\OneDrive\Documents\Uni\Dissertation\MScProject\SSD Files\PNY CS900\Secure Erase\recup_dir.2\f9212720.jpg,.jpg,0.06,OK,
C:\Users\User\OneDrive\Documents\Uni\Dissertation\MScProject\SSD Files\PNY CS900\Secure Erase\recup_dir.2\f9212840.jpg,.jpg,0.06,OK,
C:\Users\User\OneDrive\Documents\Uni\Dissertation\MScProject\SSD Files\PNY CS900\Secure Erase\recup_dir.2\f9212960.jpg,.jpg,0.05,OK,
C:\Users\User\OneDrive\Documents\Uni\Dissertation\MScProject\SSD Files\PNY CS900\Secure Erase\recup_dir.2\f9213072.jpg,.jpg,0.08,OK,
C:\Users\User\OneDrive\Documents\Uni\Dissertation\MScProject\SSD Files\PNY CS900\Secure Erase\recup_dir.2\f9213240.jpg,.jpg,0.08,OK,
C:\Users\User\OneDrive\Documents\Uni\Dissertation\MScProject\SSD Files\PNY CS900\Secure Erase\recup_dir.2\f9213408.jpg,.jpg,0.06,OK,
C:\Users\User\OneDrive\Documents\Uni\Dissertation\MScProject\SSD Files\PNY CS900\Secure Erase\recup_dir.2\f9213528.jpg,.jpg,0.04,OK,
C:\Users\User\OneDrive\Documents\Uni\Dissertation\MScProject\SSD Files\PNY CS900\Secure Erase\recup_dir.2\f9213616.jpg,.jpg,0.03,OK,
C:\Users\User\OneDrive\Documents\Uni\Dissertation\MScProject\SSD Files\PNY CS900\Secure Erase\recup_dir.2\f9213688.jpg,.jpg,0.04,OK,
C:\Users\User\OneDrive\Documents\Uni\Dissertation\MScProject\SSD Files\PNY CS900\Secure Erase\recup_dir.2\f9213768.jpg,.jpg,0.03,OK,
C:\Users\User\OneDrive\Documents\Uni\Dissertation\MScProject\SSD Files\PNY CS900\Secure Erase\recup_dir.2\f9213840.jpg,.jpg,0.03,OK,
C:\Users\User\OneDrive\Documents\Uni\Dissertation\MScProject\SSD Files\PNY CS900\Secure Erase\recup_dir.2\f9213912.jpg,.jpg,0.11,OK,
C:\Users\User\OneDrive\Documents\Uni\Dissertation\MScProject\SSD Files\PNY CS900\Secure Erase\recup_dir.2\f9214152.jpg,.jpg,0.04,OK,
C:\Users\User\OneDrive\Documents\Uni\Dissertation\MScProject\SSD Files\PNY CS900\Secure Erase\recup_dir.2\f9214232.jpg,.jpg,0.01,OK,
C:\Users\User\OneDrive\Documents\Uni\Dissertation\MScProject\SSD Files\PNY CS900\Secure Erase\recup_dir.2\f9214256.jpg,.jpg,0.02,OK,
C:\Users\User\OneDrive\Documents\Uni\Dissertation\MScProject\SSD Files\PNY CS900\Secure Erase\recup_dir.2\f9214296.jpg,.jpg,0.19,OK,
C:\Users\User\OneDrive\Documents\Uni\Dissertation\MScProject\SSD Files\PNY CS900\Secure Erase\recup_dir.2\f9214696.jpg,.jpg,0.27,OK,
C:\Users\User\OneDrive\Documents\Uni\Dissertation\MScProject\SSD Files\PNY CS900\Secure Erase\recup_dir.2\f9215248.jpg,.jpg,0.04,OK,
C:\Users\User\OneDrive\Documents\Uni\Dissertation\MScProject\SSD Files\PNY CS900\Secure Erase\recup_dir.2\f9215336.jpg,.jpg,0.05,OK,
C:\Users\User\OneDrive\Documents\Uni\Dissertation\MScProject\SSD Files\PNY CS900\Secure Erase\recup_dir.2\f9215432.jpg,.jpg,0.04,OK,
C:\Users\User\OneDrive\Documents\Uni\Dissertation\MScProject\SSD Files\PNY CS900\Secure Erase\recup_dir.2\f9215520.jpg,.jpg,0.05,OK,
C:\Users\User\OneDrive\Documents\Uni\Dissertation\MScProject\SSD Files\PNY CS900\Secure Erase\recup_dir.2\f9215616.jpg,.jpg,0.02,OK,
C:\Users\User\OneDrive\Documents\Uni\Dissertation\MScProject\SSD Files\PNY CS900\Secure Erase\recup_dir.2\f9215656.jpg,.jpg,0,OK,
C:\Users\User\OneDrive\Documents\Uni\Dissertation\MScProject\SSD Files\PNY CS900\Secure Erase\recup_dir.2\f9215664.jpg,.jpg,0.03,OK,
C:\Users\User\OneDrive\Documents\Uni\Dissertation\MScProject\SSD Files\PNY CS900\Secure Erase\recup_dir.2\f9215720.jpg,.jpg,0.03,OK,
C:\Users\User\OneDrive\Documents\Uni\Dissertation\MScProject\SSD Files\PNY CS900\Secure Erase\recup_dir.2\f9215792.jpg,.jpg,0.08,OK,
C:\Users\User\OneDrive\Documents\Uni\Dissertation\MScProject\SSD Files\PNY CS900\Secure Erase\recup_dir.2\f9215960.jpg,.jpg,0.04,OK,
C:\Users\User\OneDrive\Documents\Uni\Dissertation\MScProject\SSD Files\PNY CS900\Secure Erase\recup_dir.2\f9216048.jpg,.jpg,0.01,OK,
C:\Users\User\OneDrive\Documents\Uni\Dissertation\MScProject\SSD Files\PNY CS900\Secure Erase\recup_dir.2\f9216072.jpg,.jpg,0.01,OK,
C:\Users\User\OneDrive\Documents\Uni\Dissertation\MScProject\SSD Files\PNY CS900\Secure Erase\recup_dir.2\f9216096.jpg,.jpg,0.63,OK,
C:\Users\User\OneDrive\Documents\Uni\Dissertation\MScProject\SSD Files\PNY CS900\Secure Erase\recup_dir.2\f9217384.jpg,.jpg,0.01,OK,
C:\Users\User\OneDrive\Documents\Uni\Dissertation\MScProject\SSD Files\PNY CS900\Secure Erase\recup_dir.2\f9217400.jpg,.jpg,0.01,OK,
C:\Users\User\OneDrive\Documents\Uni\Dissertation\MScProject\SSD Files\PNY CS900\Secure Erase\recup_dir.2\f9217424.jpg,.jpg,0.01,OK,
C:\Users\User\OneDrive\Documents\Uni\Dissertation\MScProject\SSD Files\PNY CS900\Secure Erase\recup_dir.2\f9217456.jpg,.jpg,0.03,OK,
C:\Users\User\OneDrive\Documents\Uni\Dissertation\MScProject\SSD Files\PNY CS900\Secure Erase\recup_dir.2\f9217520.jpg,.jpg,0.04,OK,
C:\Users\User\OneDrive\Documents\Uni\Dissertation\MScProject\SSD Files\PNY CS900\Secure Erase\recup_dir.2\f9217608.jpg,.jpg,0.01,OK,
C:\Users\User\OneDrive\Documents\Uni\Dissertation\MScProject\SSD Files\PNY CS900\Secure Erase\recup_dir.2\f9217632.jpg,.jpg,0,OK,
C:\Users\User\OneDrive\Documents\Uni\Dissertation\MScProject\SSD Files\PNY CS900\Secure Erase\recup_dir.2\f9217648.jpg,.jpg,0.01,OK,
C:\Users\User\OneDrive\Documents\Uni\Dissertation\MScProject\SSD Files\PNY CS900\Secure Erase\recup_dir.2\f9217680.jpg,.jpg,0.04,OK,
C:\Users\User\OneDrive\Documents\Uni\Dissertation\MScProject\SSD Files\PNY CS900\Secure Erase\recup_dir.2\f9217768.jpg,.jpg,0.02,OK,
C:\Users\User\OneDrive\Documents\Uni\Dissertation\MScProject\SSD Files\PNY CS900\Secure Erase\recup_dir.2\f9217808.jpg,.jpg,0.04,OK,
C:\Users\User\OneDrive\Documents\Uni\Dissertation\MScProject\SSD Files\PNY CS900\Secure Erase\recup_dir.2\f9217896.jpg,.jpg,0.01,OK,
C:\Users\User\OneDrive\Documents\Uni\Dissertation\MScProject\SSD Files\PNY CS900\Secure Erase\recup_dir.2\f9217928.jpg,.jpg,0.08,OK,
C:\Users\User\OneDrive\Documents\Uni\Dissertation\MScProject\SSD Files\PNY CS900\Secure Erase\recup_dir.2\f9218088.jpg,.jpg,0.02,OK,
C:\Users\User\OneDrive\Documents\Uni\Dissertation\MScProject\SSD Files\PNY CS900\Secure Erase\recup_dir.2\f9218128.jpg,.jpg,0.03,OK,
C:\Users\User\OneDrive\Documents\Uni\Dissertation\MScProject\SSD Files\PNY CS900\Secure Erase\recup_dir.2\f9218184.jpg,.jpg,0.02,OK,
C:\Users\User\OneDrive\Documents\Uni\Dissertation\MScProject\SSD Files\PNY CS900\Secure Erase\recup_dir.2\f9218232.jpg,.jpg,1.02,OK,
C:\Users\User\OneDrive\Documents\Uni\Dissertation\MScProject\SSD Files\PNY CS900\Secure Erase\recup_dir.2\f9220328.jpg,.jpg,0.01,OK,
C:\Users\User\OneDrive\Documents\Uni\Dissertation\MScProject\SSD Files\PNY CS900\Secure Erase\recup_dir.2\f9220344.jpg,.jpg,0.01,OK,
C:\Users\User\OneDrive\Documents\Uni\Dissertation\MScProject\SSD Files\PNY CS900\Secure Erase\recup_dir.2\f9220368.jpg,.jpg,0,OK,
C:\Users\User\OneDrive\Documents\Uni\Dissertation\MScProject\SSD Files\PNY CS900\Secure Erase\recup_dir.2\f9220376.jpg,.jpg,0.01,OK,
C:\Users\User\OneDrive\Documents\Uni\Dissertation\MScProject\SSD Files\PNY CS900\Secure Erase\recup_dir.2\f9220400.jpg,.jpg,0,OK,
C:\Users\User\OneDrive\Documents\Uni\Dissertation\MScProject\SSD Files\PNY CS900\Secure Erase\recup_dir.2\f9220408.jpg,.jpg,0.07,OK,
C:\Users\User\OneDrive\Documents\Uni\Dissertation\MScProject\SSD Files\PNY CS900\Secure Erase\recup_dir.2\f9220552.jpg,.jpg,0.21,OK,
C:\Users\User\OneDrive\Documents\Uni\Dissertation\MScProject\SSD Files\PNY CS900\Secure Erase\recup_dir.2\f9220984.jpg,.jpg,0.06,OK,
C:\Users\User\OneDrive\Documents\Uni\Dissertation\MScProject\SSD Files\PNY CS900\Secure Erase\recup_dir.2\f9221104.jpg,.jpg,0.15,OK,
C:\Users\User\OneDrive\Documents\Uni\Dissertation\MScProject\SSD Files\PNY CS900\Secure Erase\recup_dir.2\f9221408.jpg,.jpg,0.04,OK,
C:\Users\User\OneDrive\Documents\Uni\Dissertation\MScProject\SSD Files\PNY CS900\Secure Erase\recup_dir.2\f9221488.jpg,.jpg,0.04,OK,
C:\Users\User\OneDrive\Documents\Uni\Dissertation\MScProject\SSD Files\PNY CS900\Secure Erase\recup_dir.2\f9221568.jpg,.jpg,0.11,OK,
C:\Users\User\OneDrive\Documents\Uni\Dissertation\MScProject\SSD Files\PNY CS900\Secure Erase\recup_dir.2\f9221792.jpg,.jpg,0.01,OK,
C:\Users\User\OneDrive\Documents\Uni\Dissertation\MScProject\SSD Files\PNY CS900\Secure Erase\recup_dir.2\f9221808.jpg,.jpg,0.14,OK,
C:\Users\User\OneDrive\Documents\Uni\Dissertation\MScProject\SSD Files\PNY CS900\Secure Erase\recup_dir.2\f9222112.jpg,.jpg,0.04,OK,
C:\Users\User\OneDrive\Documents\Uni\Dissertation\MScProject\SSD Files\PNY CS900\Secure Erase\recup_dir.2\f9222200.jpg,.jpg,0.01,OK,
C:\Users\User\OneDrive\Documents\Uni\Dissertation\MScProject\SSD Files\PNY CS900\Secure Erase\recup_dir.2\f9222216.jpg,.jpg,0.32,OK,
C:\Users\User\OneDrive\Documents\Uni\Dissertation\MScProject\SSD Files\PNY CS900\Secure Erase\recup_dir.2\f9222872.jpg,.jpg,0.02,OK,
C:\Users\User\OneDrive\Documents\Uni\Dissertation\MScProject\SSD Files\PNY CS900\Secure Erase\recup_dir.2\f9222920.jpg,.jpg,0.02,OK,
C:\Users\User\OneDrive\Documents\Uni\Dissertation\MScProject\SSD Files\PNY CS900\Secure Erase\recup_dir.2\f9222976.jpg,.jpg,0.03,OK,
C:\Users\User\OneDrive\Documents\Uni\Dissertation\MScProject\SSD Files\PNY CS900\Secure Erase\recup_dir.2\f9223040.jpg,.jpg,0.03,OK,
C:\Users\User\OneDrive\Documents\Uni\Dissertation\MScProject\SSD Files\PNY CS900\Secure Erase\recup_dir.2\f9223104.jpg,.jpg,0.04,OK,
C:\Users\User\OneDrive\Documents\Uni\Dissertation\MScProject\SSD Files\PNY CS900\Secure Erase\recup_dir.2\f9223184.jpg,.jpg,0.06,OK,
C:\Users\User\OneDrive\Documents\Uni\Dissertation\MScProject\SSD Files\PNY CS900\Secure Erase\recup_dir.2\f9223320.jpg,.jpg,0.04,OK,
C:\Users\User\OneDrive\Documents\Uni\Dissertation\MScProject\SSD Files\PNY CS900\Secure Erase\recup_dir.2\f9223408.jpg,.jpg,0.1,OK,
C:\Users\User\OneDrive\Documents\Uni\Dissertation\MScProject\SSD Files\PNY CS900\Secure Erase\recup_dir.2\f9223608.jpg,.jpg,0.03,OK,
C:\Users\User\OneDrive\Documents\Uni\Dissertation\MScProject\SSD Files\PNY CS900\Secure Erase\recup_dir.2\f9223672.jpg,.jpg,0.01,OK,
C:\Users\User\OneDrive\Documents\Uni\Dissertation\MScProject\SSD Files\PNY CS900\Secure Erase\recup_dir.2\f9223704.jpg,.jpg,0.02,OK,
C:\Users\User\OneDrive\Documents\Uni\Dissertation\MScProject\SSD Files\PNY CS900\Secure Erase\recup_dir.2\f9223752.jpg,.jpg,0.01,OK,
C:\Users\User\OneDrive\Documents\Uni\Dissertation\MScProject\SSD Files\PNY CS900\Secure Erase\recup_dir.2\f9223776.jpg,.jpg,0.05,OK,
C:\Users\User\OneDrive\Documents\Uni\Dissertation\MScProject\SSD Files\PNY CS900\Secure Erase\recup_dir.2\f9223880.jpg,.jpg,0.03,OK,
C:\Users\User\OneDrive\Documents\Uni\Dissertation\MScProject\SSD Files\PNY CS900\Secure Erase\recup_dir.2\f9223944.jpg,.jpg,0.03,OK,
C:\Users\User\OneDrive\Documents\Uni\Dissertation\MScProject\SSD Files\PNY CS900\Secure Erase\recup_dir.2\f9224008.jpg,.jpg,0.04,OK,
C:\Users\User\OneDrive\Documents\Uni\Dissertation\MScProject\SSD Files\PNY CS900\Secure Erase\recup_dir.2\f9224088.jpg,.jpg,0.02,OK,
C:\Users\User\OneDrive\Documents\Uni\Dissertation\MScProject\SSD Files\PNY CS900\Secure Erase\recup_dir.2\f9224136.jpg,.jpg,0.01,OK,
C:\Users\User\OneDrive\Documents\Uni\Dissertation\MScProject\SSD Files\PNY CS900\Secure Erase\recup_dir.2\f9224160.jpg,.jpg,0.01,OK,
C:\Users\User\OneDrive\Documents\Uni\Dissertation\MScProject\SSD Files\PNY CS900\Secure Erase\recup_dir.2\f9224176.jpg,.jpg,0.04,OK,
C:\Users\User\OneDrive\Documents\Uni\Dissertation\MScProject\SSD Files\PNY CS900\Secure Erase\recup_dir.2\f9224256.jpg,.jpg,0.01,OK,
C:\Users\User\OneDrive\Documents\Uni\Dissertation\MScProject\SSD Files\PNY CS900\Secure Erase\recup_dir.2\f9224272.jpg,.jpg,0.03,OK,
C:\Users\User\OneDrive\Documents\Uni\Dissertation\MScProject\SSD Files\PNY CS900\Secure Erase\recup_dir.2\f9224328.jpg,.jpg,0.01,OK,
C:\Users\User\OneDrive\Documents\Uni\Dissertation\MScProject\SSD Files\PNY CS900\Secure Erase\recup_dir.2\f9224360.jpg,.jpg,0.03,OK,
C:\Users\User\OneDrive\Documents\Uni\Dissertation\MScProject\SSD Files\PNY CS900\Secure Erase\recup_dir.2\f9224432.jpg,.jpg,0.02,OK,
C:\Users\User\OneDrive\Documents\Uni\Dissertation\MScProject\SSD Files\PNY CS900\Secure Erase\recup_dir.2\f9224488.jpg,.jpg,0.02,OK,
C:\Users\User\OneDrive\Documents\Uni\Dissertation\MScProject\SSD Files\PNY CS900\Secure Erase\recup_dir.2\f9224520.jpg,.jpg,0.01,OK,
C:\Users\User\OneDrive\Documents\Uni\Dissertation\MScProject\SSD Files\PNY CS900\Secure Erase\recup_dir.2\f9224536.jpg,.jpg,0.01,OK,
C:\Users\User\OneDrive\Documents\Uni\Dissertation\MScProject\SSD Files\PNY CS900\Secure Erase\recup_dir.2\f9224552.jpg,.jpg,0.04,OK,
C:\Users\User\OneDrive\Documents\Uni\Dissertation\MScProject\SSD Files\PNY CS900\Secure Erase\recup_dir.2\f9224632.jpg,.jpg,0.03,OK,
C:\Users\User\OneDrive\Documents\Uni\Dissertation\MScProject\SSD Files\PNY CS900\Secure Erase\recup_dir.2\f9224696.jpg,.jpg,0.02,OK,
C:\Users\User\OneDrive\Documents\Uni\Dissertation\MScProject\SSD Files\PNY CS900\Secure Erase\recup_dir.2\f9224736.jpg,.jpg,0.07,OK,
C:\Users\User\OneDrive\Documents\Uni\Dissertation\MScProject\SSD Files\PNY CS900\Secure Erase\recup_dir.2\f9224888.jpg,.jpg,0.22,OK,
C:\Users\User\OneDrive\Documents\Uni\Dissertation\MScProject\SSD Files\PNY CS900\Secure Erase\recup_dir.2\f9225336.jpg,.jpg,0.03,OK,
C:\Users\User\OneDrive\Documents\Uni\Dissertation\MScProject\SSD Files\PNY CS900\Secure Erase\recup_dir.2\f9225408.jpg,.jpg,0.01,OK,
C:\Users\User\OneDrive\Documents\Uni\Dissertation\MScProject\SSD Files\PNY CS900\Secure Erase\recup_dir.2\f9225424.jpg,.jpg,0.07,OK,
C:\Users\User\OneDrive\Documents\Uni\Dissertation\MScProject\SSD Files\PNY CS900\Secure Erase\recup_dir.2\f9225568.jpg,.jpg,0.01,OK,
C:\Users\User\OneDrive\Documents\Uni\Dissertation\MScProject\SSD Files\PNY CS900\Secure Erase\recup_dir.2\f9225600.jpg,.jpg,0.02,OK,
C:\Users\User\OneDrive\Documents\Uni\Dissertation\MScProject\SSD Files\PNY CS900\Secure Erase\recup_dir.2\f9225640.jpg,.jpg,0.02,OK,
C:\Users\User\OneDrive\Documents\Uni\Dissertation\MScProject\SSD Files\PNY CS900\Secure Erase\recup_dir.2\f9225680.jpg,.jpg,0.66,OK,
C:\Users\User\OneDrive\Documents\Uni\Dissertation\MScProject\SSD Files\PNY CS900\Secure Erase\recup_dir.2\f9227040.jpg,.jpg,0.03,OK,
C:\Users\User\OneDrive\Documents\Uni\Dissertation\MScProject\SSD Files\PNY CS900\Secure Erase\recup_dir.2\f9227096.jpg,.jpg,0.01,OK,
C:\Users\User\OneDrive\Documents\Uni\Dissertation\MScProject\SSD Files\PNY CS900\Secure Erase\recup_dir.2\f9227128.jpg,.jpg,0.01,OK,
C:\Users\User\OneDrive\Documents\Uni\Dissertation\MScProject\SSD Files\PNY CS900\Secure Erase\recup_dir.2\f9227144.jpg,.jpg,0.03,OK,
C:\Users\User\OneDrive\Documents\Uni\Dissertation\MScProject\SSD Files\PNY CS900\Secure Erase\recup_dir.2\f9227216.jpg,.jpg,0.02,OK,
C:\Users\User\OneDrive\Documents\Uni\Dissertation\MScProject\SSD Files\PNY CS900\Secure Erase\recup_dir.2\f9227264.jpg,.jpg,0.02,OK,
C:\Users\User\OneDrive\Documents\Uni\Dissertation\MScProject\SSD Files\PNY CS900\Secure Erase\recup_dir.2\f9227304.jpg,.jpg,0.08,OK,
C:\Users\User\OneDrive\Documents\Uni\Dissertation\MScProject\SSD Files\PNY CS900\Secure Erase\recup_dir.2\f9227472.jpg,.jpg,0.07,OK,
C:\Users\User\OneDrive\Documents\Uni\Dissertation\MScProject\SSD Files\PNY CS900\Secure Erase\recup_dir.2\f9227616.jpg,.jpg,0.03,OK,
C:\Users\User\OneDrive\Documents\Uni\Dissertation\MScProject\SSD Files\PNY CS900\Secure Erase\recup_dir.2\f9227680.jpg,.jpg,0.01,OK,
C:\Users\User\OneDrive\Documents\Uni\Dissertation\MScProject\SSD Files\PNY CS900\Secure Erase\recup_dir.2\f9227704.jpg,.jpg,0.01,OK,
C:\Users\User\OneDrive\Documents\Uni\Dissertation\MScProject\SSD Files\PNY CS900\Secure Erase\recup_dir.2\f9227728.jpg,.jpg,0.03,OK,
C:\Users\User\OneDrive\Documents\Uni\Dissertation\MScProject\SSD Files\PNY CS900\Secure Erase\recup_dir.2\f9227800.jpg,.jpg,0.04,OK,
C:\Users\User\OneDrive\Documents\Uni\Dissertation\MScProject\SSD Files\PNY CS900\Secure Erase\recup_dir.2\f9227880.jpg,.jpg,0.01,OK,
C:\Users\User\OneDrive\Documents\Uni\Dissertation\MScProject\SSD Files\PNY CS900\Secure Erase\recup_dir.2\f9227896.jpg,.jpg,0.04,OK,
C:\Users\User\OneDrive\Documents\Uni\Dissertation\MScProject\SSD Files\PNY CS900\Secure Erase\recup_dir.2\f9227984.jpg,.jpg,0.01,OK,
C:\Users\User\OneDrive\Documents\Uni\Dissertation\MScProject\SSD Files\PNY CS900\Secure Erase\recup_dir.2\f9228008.jpg,.jpg,0.01,OK,
C:\Users\User\OneDrive\Documents\Uni\Dissertation\MScProject\SSD Files\PNY CS900\Secure Erase\recup_dir.2\f9228032.jpg,.jpg,0.01,OK,
C:\Users\User\OneDrive\Documents\Uni\Dissertation\MScProject\SSD Files\PNY CS900\Secure Erase\recup_dir.2\f9228056.jpg,.jpg,0.01,OK,
C:\Users\User\OneDrive\Documents\Uni\Dissertation\MScProject\SSD Files\PNY CS900\Secure Erase\recup_dir.2\f9228088.jpg,.jpg,1.11,OK,
C:\Users\User\OneDrive\Documents\Uni\Dissertation\MScProject\SSD Files\PNY CS900\Secure Erase\recup_dir.2\f9230368.jpg,.jpg,0.03,OK,
C:\Users\User\OneDrive\Documents\Uni\Dissertation\MScProject\SSD Files\PNY CS900\Secure Erase\recup_dir.2\f9230440.jpg,.jpg,0,OK,
C:\Users\User\OneDrive\Documents\Uni\Dissertation\MScProject\SSD Files\PNY CS900\Secure Erase\recup_dir.2\f9230448.jpg,.jpg,0.05,OK,
C:\Users\User\OneDrive\Documents\Uni\Dissertation\MScProject\SSD Files\PNY CS900\Secure Erase\recup_dir.2\f9230552.jpg,.jpg,0.05,OK,
C:\Users\User\OneDrive\Documents\Uni\Dissertation\MScProject\SSD Files\PNY CS900\Secure Erase\recup_dir.2\f9230656.jpg,.jpg,0.05,OK,
C:\Users\User\OneDrive\Documents\Uni\Dissertation\MScProject\SSD Files\PNY CS900\Secure Erase\recup_dir.2\f9230752.jpg,.jpg,0.03,OK,
C:\Users\User\OneDrive\Documents\Uni\Dissertation\MScProject\SSD Files\PNY CS900\Secure Erase\recup_dir.2\f9230816.jpg,.jpg,0.43,OK,
C:\Users\User\OneDrive\Documents\Uni\Dissertation\MScProject\SSD Files\PNY CS900\Secure Erase\recup_dir.2\f9231704.jpg,.jpg,0.04,OK,
C:\Users\User\OneDrive\Documents\Uni\Dissertation\MScProject\SSD Files\PNY CS900\Secure Erase\recup_dir.2\f9231784.jpg,.jpg,0.04,OK,
C:\Users\User\OneDrive\Documents\Uni\Dissertation\MScProject\SSD Files\PNY CS900\Secure Erase\recup_dir.2\f9231872.jpg,.jpg,0.42,OK,
C:\Users\User\OneDrive\Documents\Uni\Dissertation\MScProject\SSD Files\PNY CS900\Secure Erase\recup_dir.2\f9232744.jpg,.jpg,0.05,OK,
C:\Users\User\OneDrive\Documents\Uni\Dissertation\MScProject\SSD Files\PNY CS900\Secure Erase\recup_dir.2\f9232848.jpg,.jpg,0.05,OK,
C:\Users\User\OneDrive\Documents\Uni\Dissertation\MScProject\SSD Files\PNY CS900\Secure Erase\recup_dir.2\f9232952.jpg,.jpg,0.18,OK,
C:\Users\User\OneDrive\Documents\Uni\Dissertation\MScProject\SSD Files\PNY CS900\Secure Erase\recup_dir.2\f9233320.jpg,.jpg,0.06,OK,
C:\Users\User\OneDrive\Documents\Uni\Dissertation\MScProject\SSD Files\PNY CS900\Secure Erase\recup_dir.2\f9233448.jpg,.jpg,0.84,OK,
C:\Users\User\OneDrive\Documents\Uni\Dissertation\MScProject\SSD Files\PNY CS900\Secure Erase\recup_dir.2\f9235184.jpg,.jpg,0.02,OK,
C:\Users\User\OneDrive\Documents\Uni\Dissertation\MScProject\SSD Files\PNY CS900\Secure Erase\recup_dir.2\f9235224.jpg,.jpg,0.05,OK,
C:\Users\User\OneDrive\Documents\Uni\Dissertation\MScProject\SSD Files\PNY CS900\Secure Erase\recup_dir.2\f9235328.jpg,.jpg,0.01,OK,
C:\Users\User\OneDrive\Documents\Uni\Dissertation\MScProject\SSD Files\PNY CS900\Secure Erase\recup_dir.2\f9235360.jpg,.jpg,0.01,OK,
C:\Users\User\OneDrive\Documents\Uni\Dissertation\MScProject\SSD Files\PNY CS900\Secure Erase\recup_dir.2\f9235392.jpg,.jpg,0.04,OK,
C:\Users\User\OneDrive\Documents\Uni\Dissertation\MScProject\SSD Files\PNY CS900\Secure Erase\recup_dir.2\f9235472.jpg,.jpg,0,OK,
C:\Users\User\OneDrive\Documents\Uni\Dissertation\MScProject\SSD Files\PNY CS900\Secure Erase\recup_dir.2\f9235488.jpg,.jpg,0.04,OK,
C:\Users\User\OneDrive\Documents\Uni\Dissertation\MScProject\SSD Files\PNY CS900\Secure Erase\recup_dir.2\f9235568.jpg,.jpg,0.02,OK,
C:\Users\User\OneDrive\Documents\Uni\Dissertation\MScProject\SSD Files\PNY CS900\Secure Erase\recup_dir.2\f9235600.jpg,.jpg,0.09,OK,
C:\Users\User\OneDrive\Documents\Uni\Dissertation\MScProject\SSD Files\PNY CS900\Secure Erase\recup_dir.2\f9235784.jpg,.jpg,0.01,OK,
C:\Users\User\OneDrive\Documents\Uni\Dissertation\MScProject\SSD Files\PNY CS900\Secure Erase\recup_dir.2\f9235800.jpg,.jpg,0.05,OK,
C:\Users\User\OneDrive\Documents\Uni\Dissertation\MScProject\SSD Files\PNY CS900\Secure Erase\recup_dir.2\f9235912.jpg,.jpg,0.06,OK,
C:\Users\User\OneDrive\Documents\Uni\Dissertation\MScProject\SSD Files\PNY CS900\Secure Erase\recup_dir.2\f9236040.jpg,.jpg,0.01,OK,
C:\Users\User\OneDrive\Documents\Uni\Dissertation\MScProject\SSD Files\PNY CS900\Secure Erase\recup_dir.2\f9236064.jpg,.jpg,0.08,OK,
C:\Users\User\OneDrive\Documents\Uni\Dissertation\MScProject\SSD Files\PNY CS900\Secure Erase\recup_dir.2\f9236240.jpg,.jpg,0.15,OK,
C:\Users\User\OneDrive\Documents\Uni\Dissertation\MScProject\SSD Files\PNY CS900\Secure Erase\recup_dir.2\f9236544.jpg,.jpg,0.09,OK,
C:\Users\User\OneDrive\Documents\Uni\Dissertation\MScProject\SSD Files\PNY CS900\Secure Erase\recup_dir.2\f9236744.jpg,.jpg,0.02,OK,
C:\Users\User\OneDrive\Documents\Uni\Dissertation\MScProject\SSD Files\PNY CS900\Secure Erase\recup_dir.2\f9236792.jpg,.jpg,0.09,OK,
C:\Users\User\OneDrive\Documents\Uni\Dissertation\MScProject\SSD Files\PNY CS900\Secure Erase\recup_dir.2\f9236976.jpg,.jpg,0.09,OK,
C:\Users\User\OneDrive\Documents\Uni\Dissertation\MScProject\SSD Files\PNY CS900\Secure Erase\recup_dir.2\f9237160.jpg,.jpg,0.02,OK,
C:\Users\User\OneDrive\Documents\Uni\Dissertation\MScProject\SSD Files\PNY CS900\Secure Erase\recup_dir.2\f9237208.jpg,.jpg,0.03,OK,
C:\Users\User\OneDrive\Documents\Uni\Dissertation\MScProject\SSD Files\PNY CS900\Secure Erase\recup_dir.2\f9237280.jpg,.jpg,0.07,OK,
C:\Users\User\OneDrive\Documents\Uni\Dissertation\MScProject\SSD Files\PNY CS900\Secure Erase\recup_dir.2\f9237424.jpg,.jpg,0.1,OK,
C:\Users\User\OneDrive\Documents\Uni\Dissertation\MScProject\SSD Files\PNY CS900\Secure Erase\recup_dir.2\f9237624.jpg,.jpg,0.08,OK,
C:\Users\User\OneDrive\Documents\Uni\Dissertation\MScProject\SSD Files\PNY CS900\Secure Erase\recup_dir.2\f9237800.jpg,.jpg,0.02,OK,
C:\Users\User\OneDrive\Documents\Uni\Dissertation\MScProject\SSD Files\PNY CS900\Secure Erase\recup_dir.2\f9237848.jpg,.jpg,0.01,OK,
C:\Users\User\OneDrive\Documents\Uni\Dissertation\MScProject\SSD Files\PNY CS900\Secure Erase\recup_dir.2\f9237872.jpg,.jpg,0.11,OK,
C:\Users\User\OneDrive\Documents\Uni\Dissertation\MScProject\SSD Files\PNY CS900\Secure Erase\recup_dir.2\f9238112.jpg,.jpg,0.01,OK,
C:\Users\User\OneDrive\Documents\Uni\Dissertation\MScProject\SSD Files\PNY CS900\Secure Erase\recup_dir.2\f9238136.jpg,.jpg,0.02,OK,
C:\Users\User\OneDrive\Documents\Uni\Dissertation\MScProject\SSD Files\PNY CS900\Secure Erase\recup_dir.2\f9238184.jpg,.jpg,0.02,OK,
C:\Users\User\OneDrive\Documents\Uni\Dissertation\MScProject\SSD Files\PNY CS900\Secure Erase\recup_dir.2\f9238232.jpg,.jpg,0.01,OK,
C:\Users\User\OneDrive\Documents\Uni\Dissertation\MScProject\SSD Files\PNY CS900\Secure Erase\recup_dir.2\f9238264.jpg,.jpg,0.01,OK,
C:\Users\User\OneDrive\Documents\Uni\Dissertation\MScProject\SSD Files\PNY CS900\Secure Erase\recup_dir.2\f9238296.jpg,.jpg,0.03,OK,
C:\Users\User\OneDrive\Documents\Uni\Dissertation\MScProject\SSD Files\PNY CS900\Secure Erase\recup_dir.2\f9238360.jpg,.jpg,0.07,OK,
C:\Users\User\OneDrive\Documents\Uni\Dissertation\MScProject\SSD Files\PNY CS900\Secure Erase\recup_dir.2\f9238504.jpg,.jpg,0.07,OK,
C:\Users\User\OneDrive\Documents\Uni\Dissertation\MScProject\SSD Files\PNY CS900\Secure Erase\recup_dir.2\f9238656.jpg,.jpg,0.08,OK,
C:\Users\User\OneDrive\Documents\Uni\Dissertation\MScProject\SSD Files\PNY CS900\Secure Erase\recup_dir.2\f9238824.jpg,.jpg,0.04,OK,
C:\Users\User\OneDrive\Documents\Uni\Dissertation\MScProject\SSD Files\PNY CS900\Secure Erase\recup_dir.2\f9238904.jpg,.jpg,0,OK,
C:\Users\User\OneDrive\Documents\Uni\Dissertation\MScProject\SSD Files\PNY CS900\Secure Erase\recup_dir.2\f9238912.jpg,.jpg,0.01,OK,
C:\Users\User\OneDrive\Documents\Uni\Dissertation\MScProject\SSD Files\PNY CS900\Secure Erase\recup_dir.2\f9238936.jpg,.jpg,0.03,OK,
C:\Users\User\OneDrive\Documents\Uni\Dissertation\MScProject\SSD Files\PNY CS900\Secure Erase\recup_dir.2\f9239008.jpg,.jpg,0.01,OK,
C:\Users\User\OneDrive\Documents\Uni\Dissertation\MScProject\SSD Files\PNY CS900\Secure Erase\recup_dir.2\f9239032.jpg,.jpg,0.22,OK,
C:\Users\User\OneDrive\Documents\Uni\Dissertation\MScProject\SSD Files\PNY CS900\Secure Erase\recup_dir.2\f9239496.jpg,.jpg,0.01,OK,
C:\Users\User\OneDrive\Documents\Uni\Dissertation\MScProject\SSD Files\PNY CS900\Secure Erase\recup_dir.2\f9239512.jpg,.jpg,0.03,OK,
C:\Users\User\OneDrive\Documents\Uni\Dissertation\MScProject\SSD Files\PNY CS900\Secure Erase\recup_dir.2\f9239568.jpg,.jpg,0.02,OK,
C:\Users\User\OneDrive\Documents\Uni\Dissertation\MScProject\SSD Files\PNY CS900\Secure Erase\recup_dir.2\f9239608.jpg,.jpg,0.1,OK,
C:\Users\User\OneDrive\Documents\Uni\Dissertation\MScProject\SSD Files\PNY CS900\Secure Erase\recup_dir.2\f9239824.jpg,.jpg,0.07,OK,
C:\Users\User\OneDrive\Documents\Uni\Dissertation\MScProject\SSD Files\PNY CS900\Secure Erase\recup_dir.2\f9239968.jpg,.jpg,0.03,OK,
C:\Users\User\OneDrive\Documents\Uni\Dissertation\MScProject\SSD Files\PNY CS900\Secure Erase\recup_dir.2\f9240040.jpg,.jpg,0.06,OK,
C:\Users\User\OneDrive\Documents\Uni\Dissertation\MScProject\SSD Files\PNY CS900\Secure Erase\recup_dir.2\f9240160.jpg,.jpg,0.01,OK,
C:\Users\User\OneDrive\Documents\Uni\Dissertation\MScProject\SSD Files\PNY CS900\Secure Erase\recup_dir.2\f9240176.jpg,.jpg,0.07,OK,
C:\Users\User\OneDrive\Documents\Uni\Dissertation\MScProject\SSD Files\PNY CS900\Secure Erase\recup_dir.2\f9240312.jpg,.jpg,0.1,OK,
C:\Users\User\OneDrive\Documents\Uni\Dissertation\MScProject\SSD Files\PNY CS900\Secure Erase\recup_dir.2\f9240512.jpg,.jpg,0.02,OK,
C:\Users\User\OneDrive\Documents\Uni\Dissertation\MScProject\SSD Files\PNY CS900\Secure Erase\recup_dir.2\f9240552.jpg,.jpg,0.02,OK,
C:\Users\User\OneDrive\Documents\Uni\Dissertation\MScProject\SSD Files\PNY CS900\Secure Erase\recup_dir.2\f9240592.jpg,.jpg,0.01,OK,
C:\Users\User\OneDrive\Documents\Uni\Dissertation\MScProject\SSD Files\PNY CS900\Secure Erase\recup_dir.2\f9240616.jpg,.jpg,0.08,OK,
C:\Users\User\OneDrive\Documents\Uni\Dissertation\MScProject\SSD Files\PNY CS900\Secure Erase\recup_dir.2\f9240784.jpg,.jpg,0.05,OK,
C:\Users\User\OneDrive\Documents\Uni\Dissertation\MScProject\SSD Files\PNY CS900\Secure Erase\recup_dir.2\f9240888.jpg,.jpg,0.08,OK,
C:\Users\User\OneDrive\Documents\Uni\Dissertation\MScProject\SSD Files\PNY CS900\Secure Erase\recup_dir.2\f9241048.jpg,.jpg,0.03,OK,
C:\Users\User\OneDrive\Documents\Uni\Dissertation\MScProject\SSD Files\PNY CS900\Secure Erase\recup_dir.2\f9241104.jpg,.jpg,0.02,OK,
C:\Users\User\OneDrive\Documents\Uni\Dissertation\MScProject\SSD Files\PNY CS900\Secure Erase\recup_dir.2\f9241144.jpg,.jpg,0.03,OK,
C:\Users\User\OneDrive\Documents\Uni\Dissertation\MScProject\SSD Files\PNY CS900\Secure Erase\recup_dir.2\f9241200.jpg,.jpg,0.03,OK,
C:\Users\User\OneDrive\Documents\Uni\Dissertation\MScProject\SSD Files\PNY CS900\Secure Erase\recup_dir.2\f9241264.jpg,.jpg,0.05,OK,
C:\Users\User\OneDrive\Documents\Uni\Dissertation\MScProject\SSD Files\PNY CS900\Secure Erase\recup_dir.2\f9241376.jpg,.jpg,0.02,OK,
C:\Users\User\OneDrive\Documents\Uni\Dissertation\MScProject\SSD Files\PNY CS900\Secure Erase\recup_dir.2\f9241408.jpg,.jpg,0.05,OK,
C:\Users\User\OneDrive\Documents\Uni\Dissertation\MScProject\SSD Files\PNY CS900\Secure Erase\recup_dir.2\f9241520.jpg,.jpg,0.01,OK,
C:\Users\User\OneDrive\Documents\Uni\Dissertation\MScProject\SSD Files\PNY CS900\Secure Erase\recup_dir.2\f9241544.jpg,.jpg,0.06,OK,
C:\Users\User\OneDrive\Documents\Uni\Dissertation\MScProject\SSD Files\PNY CS900\Secure Erase\recup_dir.2\f9241664.jpg,.jpg,0.08,OK,
C:\Users\User\OneDrive\Documents\Uni\Dissertation\MScProject\SSD Files\PNY CS900\Secure Erase\recup_dir.2\f9241832.jpg,.jpg,0.09,OK,
C:\Users\User\OneDrive\Documents\Uni\Dissertation\MScProject\SSD Files\PNY CS900\Secure Erase\recup_dir.2\f9242024.jpg,.jpg,0.07,OK,
C:\Users\User\OneDrive\Documents\Uni\Dissertation\MScProject\SSD Files\PNY CS900\Secure Erase\recup_dir.2\f9242184.jpg,.jpg,0.08,OK,
C:\Users\User\OneDrive\Documents\Uni\Dissertation\MScProject\SSD Files\PNY CS900\Secure Erase\recup_dir.2\f9242352.jpg,.jpg,0.01,OK,
C:\Users\User\OneDrive\Documents\Uni\Dissertation\MScProject\SSD Files\PNY CS900\Secure Erase\recup_dir.2\f9242368.jpg,.jpg,0.07,OK,
C:\Users\User\OneDrive\Documents\Uni\Dissertation\MScProject\SSD Files\PNY CS900\Secure Erase\recup_dir.2\f9242512.jpg,.jpg,0.01,OK,
C:\Users\User\OneDrive\Documents\Uni\Dissertation\MScProject\SSD Files\PNY CS900\Secure Erase\recup_dir.2\f9242544.jpg,.jpg,0.04,OK,
C:\Users\User\OneDrive\Documents\Uni\Dissertation\MScProject\SSD Files\PNY CS900\Secure Erase\recup_dir.2\f9242624.jpg,.jpg,0.03,OK,
C:\Users\User\OneDrive\Documents\Uni\Dissertation\MScProject\SSD Files\PNY CS900\Secure Erase\recup_dir.2\f9242696.jpg,.jpg,0.03,OK,
C:\Users\User\OneDrive\Documents\Uni\Dissertation\MScProject\SSD Files\PNY CS900\Secure Erase\recup_dir.2\f9242760.jpg,.jpg,0.09,OK,
C:\Users\User\OneDrive\Documents\Uni\Dissertation\MScProject\SSD Files\PNY CS900\Secure Erase\recup_dir.2\f9242952.jpg,.jpg,0.03,OK,
C:\Users\User\OneDrive\Documents\Uni\Dissertation\MScProject\SSD Files\PNY CS900\Secure Erase\recup_dir.2\f9243016.jpg,.jpg,0.05,OK,
C:\Users\User\OneDrive\Documents\Uni\Dissertation\MScProject\SSD Files\PNY CS900\Secure Erase\recup_dir.2\f9243120.jpg,.jpg,0.01,OK,
C:\Users\User\OneDrive\Documents\Uni\Dissertation\MScProject\SSD Files\PNY CS900\Secure Erase\recup_dir.2\f9243144.jpg,.jpg,0.04,OK,
C:\Users\User\OneDrive\Documents\Uni\Dissertation\MScProject\SSD Files\PNY CS900\Secure Erase\recup_dir.2\f9243240.jpg,.jpg,0.01,OK,
C:\Users\User\OneDrive\Documents\Uni\Dissertation\MScProject\SSD Files\PNY CS900\Secure Erase\recup_dir.2\f9243272.jpg,.jpg,0.01,OK,
C:\Users\User\OneDrive\Documents\Uni\Dissertation\MScProject\SSD Files\PNY CS900\Secure Erase\recup_dir.2\f9243304.jpg,.jpg,0.04,OK,
C:\Users\User\OneDrive\Documents\Uni\Dissertation\MScProject\SSD Files\PNY CS900\Secure Erase\recup_dir.2\f9243392.jpg,.jpg,0.07,OK,
C:\Users\User\OneDrive\Documents\Uni\Dissertation\MScProject\SSD Files\PNY CS900\Secure Erase\recup_dir.2\f9243536.jpg,.jpg,0.22,OK,
C:\Users\User\OneDrive\Documents\Uni\Dissertation\MScProject\SSD Files\PNY CS900\Secure Erase\recup_dir.2\f9243984.jpg,.jpg,0.07,OK,
C:\Users\User\OneDrive\Documents\Uni\Dissertation\MScProject\SSD Files\PNY CS900\Secure Erase\recup_dir.2\f9244128.jpg,.jpg,0.02,OK,
C:\Users\User\OneDrive\Documents\Uni\Dissertation\MScProject\SSD Files\PNY CS900\Secure Erase\recup_dir.2\f9244168.jpg,.jpg,0.01,OK,
C:\Users\User\OneDrive\Documents\Uni\Dissertation\MScProject\SSD Files\PNY CS900\Secure Erase\recup_dir.2\f9244192.jpg,.jpg,0.01,OK,
C:\Users\User\OneDrive\Documents\Uni\Dissertation\MScProject\SSD Files\PNY CS900\Secure Erase\recup_dir.2\f9244216.jpg,.jpg,0.01,OK,
C:\Users\User\OneDrive\Documents\Uni\Dissertation\MScProject\SSD Files\PNY CS900\Secure Erase\recup_dir.2\f9244240.jpg,.jpg,0.04,OK,
C:\Users\User\OneDrive\Documents\Uni\Dissertation\MScProject\SSD Files\PNY CS900\Secure Erase\recup_dir.2\f9244328.jpg,.jpg,0.01,OK,
C:\Users\User\OneDrive\Documents\Uni\Dissertation\MScProject\SSD Files\PNY CS900\Secure Erase\recup_dir.2\f9244344.jpg,.jpg,0.02,OK,
C:\Users\User\OneDrive\Documents\Uni\Dissertation\MScProject\SSD Files\PNY CS900\Secure Erase\recup_dir.2\f9244392.jpg,.jpg,0.02,OK,
C:\Users\User\OneDrive\Documents\Uni\Dissertation\MScProject\SSD Files\PNY CS900\Secure Erase\recup_dir.2\f9244440.jpg,.jpg,0.01,OK,
C:\Users\User\OneDrive\Documents\Uni\Dissertation\MScProject\SSD Files\PNY CS900\Secure Erase\recup_dir.2\f9244456.jpg,.jpg,0.01,OK,
C:\Users\User\OneDrive\Documents\Uni\Dissertation\MScProject\SSD Files\PNY CS900\Secure Erase\recup_dir.2\f9244472.jpg,.jpg,0.03,OK,
C:\Users\User\OneDrive\Documents\Uni\Dissertation\MScProject\SSD Files\PNY CS900\Secure Erase\recup_dir.2\f9244528.jpg,.jpg,0.01,OK,
C:\Users\User\OneDrive\Documents\Uni\Dissertation\MScProject\SSD Files\PNY CS900\Secure Erase\recup_dir.2\f9244544.jpg,.jpg,0.04,OK,
C:\Users\User\OneDrive\Documents\Uni\Dissertation\MScProject\SSD Files\PNY CS900\Secure Erase\recup_dir.2\f9244632.jpg,.jpg,0.04,OK,
C:\Users\User\OneDrive\Documents\Uni\Dissertation\MScProject\SSD Files\PNY CS900\Secure Erase\recup_dir.2\f9244728.jpg,.jpg,0,OK,
C:\Users\User\OneDrive\Documents\Uni\Dissertation\MScProject\SSD Files\PNY CS900\Secure Erase\recup_dir.2\f9244736.jpg,.jpg,0.01,OK,
C:\Users\User\OneDrive\Documents\Uni\Dissertation\MScProject\SSD Files\PNY CS900\Secure Erase\recup_dir.2\f9244768.jpg,.jpg,0.06,OK,
C:\Users\User\OneDrive\Documents\Uni\Dissertation\MScProject\SSD Files\PNY CS900\Secure Erase\recup_dir.2\f9244904.jpg,.jpg,0,OK,
C:\Users\User\OneDrive\Documents\Uni\Dissertation\MScProject\SSD Files\PNY CS900\Secure Erase\recup_dir.2\f9244920.jpg,.jpg,0.13,OK,
C:\Users\User\OneDrive\Documents\Uni\Dissertation\MScProject\SSD Files\PNY CS900\Secure Erase\recup_dir.2\f9245200.jpg,.jpg,0.05,OK,
C:\Users\User\OneDrive\Documents\Uni\Dissertation\MScProject\SSD Files\PNY CS900\Secure Erase\recup_dir.2\f9245304.jpg,.jpg,6.6,OK,
C:\Users\User\OneDrive\Documents\Uni\Dissertation\MScProject\SSD Files\PNY CS900\Secure Erase\recup_dir.2\f9258824.jpg,.jpg,3.89,OK,
C:\Users\User\OneDrive\Documents\Uni\Dissertation\MScProject\SSD Files\PNY CS900\Secure Erase\recup_dir.2\f9266800.jpg,.jpg,0.18,OK,
C:\Users\User\OneDrive\Documents\Uni\Dissertation\MScProject\SSD Files\PNY CS900\Secure Erase\recup_dir.2\f9267176.jpg,.jpg,0.06,OK,
C:\Users\User\OneDrive\Documents\Uni\Dissertation\MScProject\SSD Files\PNY CS900\Secure Erase\recup_dir.2\f9267296.jpg,.jpg,0.04,OK,
C:\Users\User\OneDrive\Documents\Uni\Dissertation\MScProject\SSD Files\PNY CS900\Secure Erase\recup_dir.2\f9267376.jpg,.jpg,0.04,OK,
C:\Users\User\OneDrive\Documents\Uni\Dissertation\MScProject\SSD Files\PNY CS900\Secure Erase\recup_dir.2\f9267472.jpg,.jpg,0.03,OK,
C:\Users\User\OneDrive\Documents\Uni\Dissertation\MScProject\SSD Files\PNY CS900\Secure Erase\recup_dir.2\f9267528.jpg,.jpg,0.06,OK,
C:\Users\User\OneDrive\Documents\Uni\Dissertation\MScProject\SSD Files\PNY CS900\Secure Erase\recup_dir.2\f9267648.jpg,.jpg,0.02,OK,
C:\Users\User\OneDrive\Documents\Uni\Dissertation\MScProject\SSD Files\PNY CS900\Secure Erase\recup_dir.2\f9267704.jpg,.jpg,0.05,OK,
C:\Users\User\OneDrive\Documents\Uni\Dissertation\MScProject\SSD Files\PNY CS900\Secure Erase\recup_dir.2\f9267800.jpg,.jpg,0.02,OK,
C:\Users\User\OneDrive\Documents\Uni\Dissertation\MScProject\SSD Files\PNY CS900\Secure Erase\recup_dir.2\f9267840.jpg,.jpg,0,OK,
C:\Users\User\OneDrive\Documents\Uni\Dissertation\MScProject\SSD Files\PNY CS900\Secure Erase\recup_dir.2\f9267856.jpg,.jpg,0.02,OK,
C:\Users\User\OneDrive\Documents\Uni\Dissertation\MScProject\SSD Files\PNY CS900\Secure Erase\recup_dir.2\f9267904.jpg,.jpg,0.14,OK,
C:\Users\User\OneDrive\Documents\Uni\Dissertation\MScProject\SSD Files\PNY CS900\Secure Erase\recup_dir.2\f9268200.jpg,.jpg,0.08,OK,
C:\Users\User\OneDrive\Documents\Uni\Dissertation\MScProject\SSD Files\PNY CS900\Secure Erase\recup_dir.2\f9268376.jpg,.jpg,0.09,OK,
C:\Users\User\OneDrive\Documents\Uni\Dissertation\MScProject\SSD Files\PNY CS900\Secure Erase\recup_dir.2\f9268568.jpg,.jpg,0.06,OK,
C:\Users\User\OneDrive\Documents\Uni\Dissertation\MScProject\SSD Files\PNY CS900\Secure Erase\recup_dir.2\f9268688.jpg,.jpg,0.02,OK,
C:\Users\User\OneDrive\Documents\Uni\Dissertation\MScProject\SSD Files\PNY CS900\Secure Erase\recup_dir.2\f9268736.jpg,.jpg,0.02,OK,
C:\Users\User\OneDrive\Documents\Uni\Dissertation\MScProject\SSD Files\PNY CS900\Secure Erase\recup_dir.2\f9268776.jpg,.jpg,0.07,OK,
C:\Users\User\OneDrive\Documents\Uni\Dissertation\MScProject\SSD Files\PNY CS900\Secure Erase\recup_dir.2\f9268920.jpg,.jpg,0.01,OK,
C:\Users\User\OneDrive\Documents\Uni\Dissertation\MScProject\SSD Files\PNY CS900\Secure Erase\recup_dir.2\f9268944.jpg,.jpg,0.01,OK,
C:\Users\User\OneDrive\Documents\Uni\Dissertation\MScProject\SSD Files\PNY CS900\Secure Erase\recup_dir.2\f9268960.jpg,.jpg,0.01,OK,
C:\Users\User\OneDrive\Documents\Uni\Dissertation\MScProject\SSD Files\PNY CS900\Secure Erase\recup_dir.2\f9268992.jpg,.jpg,0.01,OK,
C:\Users\User\OneDrive\Documents\Uni\Dissertation\MScProject\SSD Files\PNY CS900\Secure Erase\recup_dir.2\f9269016.jpg,.jpg,0.01,OK,
C:\Users\User\OneDrive\Documents\Uni\Dissertation\MScProject\SSD Files\PNY CS900\Secure Erase\recup_dir.2\f9269040.jpg,.jpg,0.01,OK,
C:\Users\User\OneDrive\Documents\Uni\Dissertation\MScProject\SSD Files\PNY CS900\Secure Erase\recup_dir.2\f9269064.jpg,.jpg,0.05,OK,
C:\Users\User\OneDrive\Documents\Uni\Dissertation\MScProject\SSD Files\PNY CS900\Secure Erase\recup_dir.2\f9269168.jpg,.jpg,0.05,OK,
C:\Users\User\OneDrive\Documents\Uni\Dissertation\MScProject\SSD Files\PNY CS900\Secure Erase\recup_dir.2\f9269264.jpg,.jpg,0.15,OK,
C:\Users\User\OneDrive\Documents\Uni\Dissertation\MScProject\SSD Files\PNY CS900\Secure Erase\recup_dir.2\f9269576.jpg,.jpg,0.03,OK,
C:\Users\User\OneDrive\Documents\Uni\Dissertation\MScProject\SSD Files\PNY CS900\Secure Erase\recup_dir.2\f9269632.jpg,.jpg,0.86,OK,
C:\Users\User\OneDrive\Documents\Uni\Dissertation\MScProject\SSD Files\PNY CS900\Secure Erase\recup_dir.2\f9271392.jpg,.jpg,0.02,OK,
C:\Users\User\OneDrive\Documents\Uni\Dissertation\MScProject\SSD Files\PNY CS900\Secure Erase\recup_dir.2\f9271424.jpg,.jpg,0.02,OK,
C:\Users\User\OneDrive\Documents\Uni\Dissertation\MScProject\SSD Files\PNY CS900\Secure Erase\recup_dir.2\f9271472.jpg,.jpg,0.08,OK,
C:\Users\User\OneDrive\Documents\Uni\Dissertation\MScProject\SSD Files\PNY CS900\Secure Erase\recup_dir.2\f9271632.jpg,.jpg,0.04,OK,
C:\Users\User\OneDrive\Documents\Uni\Dissertation\MScProject\SSD Files\PNY CS900\Secure Erase\recup_dir.2\f9271712.jpg,.jpg,0.03,OK,
C:\Users\User\OneDrive\Documents\Uni\Dissertation\MScProject\SSD Files\PNY CS900\Secure Erase\recup_dir.2\f9271784.jpg,.jpg,0.02,OK,
C:\Users\User\OneDrive\Documents\Uni\Dissertation\MScProject\SSD Files\PNY CS900\Secure Erase\recup_dir.2\f9271832.jpg,.jpg,0.01,OK,
C:\Users\User\OneDrive\Documents\Uni\Dissertation\MScProject\SSD Files\PNY CS900\Secure Erase\recup_dir.2\f9271848.jpg,.jpg,1.38,OK,
C:\Users\User\OneDrive\Documents\Uni\Dissertation\MScProject\SSD Files\PNY CS900\Secure Erase\recup_dir.2\f9274688.jpg,.jpg,0.05,OK,
C:\Users\User\OneDrive\Documents\Uni\Dissertation\MScProject\SSD Files\PNY CS900\Secure Erase\recup_dir.2\f9274784.jpg,.jpg,0.12,OK,
C:\Users\User\OneDrive\Documents\Uni\Dissertation\MScProject\SSD Files\PNY CS900\Secure Erase\recup_dir.2\f9275040.jpg,.jpg,0.01,OK,
C:\Users\User\OneDrive\Documents\Uni\Dissertation\MScProject\SSD Files\PNY CS900\Secure Erase\recup_dir.2\f9275064.jpg,.jpg,0.03,OK,
C:\Users\User\OneDrive\Documents\Uni\Dissertation\MScProject\SSD Files\PNY CS900\Secure Erase\recup_dir.2\f9275128.jpg,.jpg,0.01,OK,
C:\Users\User\OneDrive\Documents\Uni\Dissertation\MScProject\SSD Files\PNY CS900\Secure Erase\recup_dir.2\f9275160.jpg,.jpg,0.02,OK,
C:\Users\User\OneDrive\Documents\Uni\Dissertation\MScProject\SSD Files\PNY CS900\Secure Erase\recup_dir.2\f9275208.jpg,.jpg,0.09,OK,
C:\Users\User\OneDrive\Documents\Uni\Dissertation\MScProject\SSD Files\PNY CS900\Secure Erase\recup_dir.2\f9275392.jpg,.jpg,0.03,OK,
C:\Users\User\OneDrive\Documents\Uni\Dissertation\MScProject\SSD Files\PNY CS900\Secure Erase\recup_dir.2\f9275456.jpg,.jpg,0.03,OK,
C:\Users\User\OneDrive\Documents\Uni\Dissertation\MScProject\SSD Files\PNY CS900\Secure Erase\recup_dir.2\f9275520.jpg,.jpg,0.42,OK,
C:\Users\User\OneDrive\Documents\Uni\Dissertation\MScProject\SSD Files\PNY CS900\Secure Erase\recup_dir.2\f9276384.jpg,.jpg,0.03,OK,
C:\Users\User\OneDrive\Documents\Uni\Dissertation\MScProject\SSD Files\PNY CS900\Secure Erase\recup_dir.2\f9276440.jpg,.jpg,0.01,OK,
C:\Users\User\OneDrive\Documents\Uni\Dissertation\MScProject\SSD Files\PNY CS900\Secure Erase\recup_dir.2\f9276472.jpg,.jpg,0.03,OK,
C:\Users\User\OneDrive\Documents\Uni\Dissertation\MScProject\SSD Files\PNY CS900\Secure Erase\recup_dir.2\f9276544.jpg,.jpg,0.01,OK,
C:\Users\User\OneDrive\Documents\Uni\Dissertation\MScProject\SSD Files\PNY CS900\Secure Erase\recup_dir.2\f9276560.jpg,.jpg,0.92,OK,
C:\Users\User\OneDrive\Documents\Uni\Dissertation\MScProject\SSD Files\PNY CS900\Secure Erase\recup_dir.2\f9278456.jpg,.jpg,0.81,OK,
C:\Users\User\OneDrive\Documents\Uni\Dissertation\MScProject\SSD Files\PNY CS900\Secure Erase\recup_dir.2\f9280128.jpg,.jpg,0.7,OK,
C:\Users\User\OneDrive\Documents\Uni\Dissertation\MScProject\SSD Files\PNY CS900\Secure Erase\recup_dir.2\f9281560.jpg,.jpg,0.01,OK,
C:\Users\User\OneDrive\Documents\Uni\Dissertation\MScProject\SSD Files\PNY CS900\Secure Erase\recup_dir.2\f9281592.jpg,.jpg,0.03,OK,
C:\Users\User\OneDrive\Documents\Uni\Dissertation\MScProject\SSD Files\PNY CS900\Secure Erase\recup_dir.2\f9281656.jpg,.jpg,0.01,OK,
C:\Users\User\OneDrive\Documents\Uni\Dissertation\MScProject\SSD Files\PNY CS900\Secure Erase\recup_dir.2\f9281672.jpg,.jpg,0.03,OK,
C:\Users\User\OneDrive\Documents\Uni\Dissertation\MScProject\SSD Files\PNY CS900\Secure Erase\recup_dir.2\f9281736.jpg,.jpg,0.01,OK,
C:\Users\User\OneDrive\Documents\Uni\Dissertation\MScProject\SSD Files\PNY CS900\Secure Erase\recup_dir.2\f9281760.jpg,.jpg,0,OK,
C:\Users\User\OneDrive\Documents\Uni\Dissertation\MScProject\SSD Files\PNY CS900\Secure Erase\recup_dir.2\f9281776.jpg,.jpg,0.05,OK,
C:\Users\User\OneDrive\Documents\Uni\Dissertation\MScProject\SSD Files\PNY CS900\Secure Erase\recup_dir.2\f9281896.jpg,.jpg,0.03,OK,
C:\Users\User\OneDrive\Documents\Uni\Dissertation\MScProject\SSD Files\PNY CS900\Secure Erase\recup_dir.2\f9281960.jpg,.jpg,0.03,OK,
C:\Users\User\OneDrive\Documents\Uni\Dissertation\MScProject\SSD Files\PNY CS900\Secure Erase\recup_dir.2\f9282024.jpg,.jpg,0.05,OK,
C:\Users\User\OneDrive\Documents\Uni\Dissertation\MScProject\SSD Files\PNY CS900\Secure Erase\recup_dir.2\f9282136.jpg,.jpg,0,OK,
C:\Users\User\OneDrive\Documents\Uni\Dissertation\MScProject\SSD Files\PNY CS900\Secure Erase\recup_dir.2\f9282144.jpg,.jpg,0.04,OK,
C:\Users\User\OneDrive\Documents\Uni\Dissertation\MScProject\SSD Files\PNY CS900\Secure Erase\recup_dir.2\f9282232.jpg,.jpg,0.03,OK,
C:\Users\User\OneDrive\Documents\Uni\Dissertation\MScProject\SSD Files\PNY CS900\Secure Erase\recup_dir.2\f9282304.jpg,.jpg,0.01,OK,
C:\Users\User\OneDrive\Documents\Uni\Dissertation\MScProject\SSD Files\PNY CS900\Secure Erase\recup_dir.2\f9282336.jpg,.jpg,0.06,OK,
C:\Users\User\OneDrive\Documents\Uni\Dissertation\MScProject\SSD Files\PNY CS900\Secure Erase\recup_dir.2\f9282464.jpg,.jpg,0.09,OK,
C:\Users\User\OneDrive\Documents\Uni\Dissertation\MScProject\SSD Files\PNY CS900\Secure Erase\recup_dir.2\f9282656.jpg,.jpg,0.09,OK,
C:\Users\User\OneDrive\Documents\Uni\Dissertation\MScProject\SSD Files\PNY CS900\Secure Erase\recup_dir.2\f9282848.jpg,.jpg,0.02,OK,
C:\Users\User\OneDrive\Documents\Uni\Dissertation\MScProject\SSD Files\PNY CS900\Secure Erase\recup_dir.2\f9282896.jpg,.jpg,0.04,OK,
C:\Users\User\OneDrive\Documents\Uni\Dissertation\MScProject\SSD Files\PNY CS900\Secure Erase\recup_dir.2\f9282976.jpg,.jpg,0.03,OK,
C:\Users\User\OneDrive\Documents\Uni\Dissertation\MScProject\SSD Files\PNY CS900\Secure Erase\recup_dir.2\f9283120.jpg,.jpg,0.02,OK,
C:\Users\User\OneDrive\Documents\Uni\Dissertation\MScProject\SSD Files\PNY CS900\Secure Erase\recup_dir.2\f9283168.jpg,.jpg,0.11,OK,
C:\Users\User\OneDrive\Documents\Uni\Dissertation\MScProject\SSD Files\PNY CS900\Secure Erase\recup_dir.2\f9283392.jpg,.jpg,0.03,OK,
C:\Users\User\OneDrive\Documents\Uni\Dissertation\MScProject\SSD Files\PNY CS900\Secure Erase\recup_dir.2\f9283456.jpg,.jpg,0.17,OK,
C:\Users\User\OneDrive\Documents\Uni\Dissertation\MScProject\SSD Files\PNY CS900\Secure Erase\recup_dir.2\f9283808.jpg,.jpg,0.03,OK,
C:\Users\User\OneDrive\Documents\Uni\Dissertation\MScProject\SSD Files\PNY CS900\Secure Erase\recup_dir.2\f9283864.jpg,.jpg,0.02,OK,
C:\Users\User\OneDrive\Documents\Uni\Dissertation\MScProject\SSD Files\PNY CS900\Secure Erase\recup_dir.2\f9283896.jpg,.jpg,0.01,OK,
C:\Users\User\OneDrive\Documents\Uni\Dissertation\MScProject\SSD Files\PNY CS900\Secure Erase\recup_dir.2\f9283912.jpg,.jpg,0.05,OK,
C:\Users\User\OneDrive\Documents\Uni\Dissertation\MScProject\SSD Files\PNY CS900\Secure Erase\recup_dir.2\f9284008.jpg,.jpg,0.03,OK,
C:\Users\User\OneDrive\Documents\Uni\Dissertation\MScProject\SSD Files\PNY CS900\Secure Erase\recup_dir.2\f9284080.jpg,.jpg,0.05,OK,
C:\Users\User\OneDrive\Documents\Uni\Dissertation\MScProject\SSD Files\PNY CS900\Secure Erase\recup_dir.2\f9284176.jpg,.jpg,0.04,OK,
C:\Users\User\OneDrive\Documents\Uni\Dissertation\MScProject\SSD Files\PNY CS900\Secure Erase\recup_dir.2\f9284264.jpg,.jpg,0.06,OK,
C:\Users\User\OneDrive\Documents\Uni\Dissertation\MScProject\SSD Files\PNY CS900\Secure Erase\recup_dir.2\f9284392.jpg,.jpg,0.05,OK,
C:\Users\User\OneDrive\Documents\Uni\Dissertation\MScProject\SSD Files\PNY CS900\Secure Erase\recup_dir.2\f9284496.jpg,.jpg,0.02,OK,
C:\Users\User\OneDrive\Documents\Uni\Dissertation\MScProject\SSD Files\PNY CS900\Secure Erase\recup_dir.2\f9284536.jpg,.jpg,0.02,OK,
C:\Users\User\OneDrive\Documents\Uni\Dissertation\MScProject\SSD Files\PNY CS900\Secure Erase\recup_dir.2\f9284584.jpg,.jpg,0.03,OK,
C:\Users\User\OneDrive\Documents\Uni\Dissertation\MScProject\SSD Files\PNY CS900\Secure Erase\recup_dir.2\f9284656.jpg,.jpg,0.06,OK,
C:\Users\User\OneDrive\Documents\Uni\Dissertation\MScProject\SSD Files\PNY CS900\Secure Erase\recup_dir.2\f9284776.jpg,.jpg,0.03,OK,
C:\Users\User\OneDrive\Documents\Uni\Dissertation\MScProject\SSD Files\PNY CS900\Secure Erase\recup_dir.2\f9284832.jpg,.jpg,0.02,OK,
C:\Users\User\OneDrive\Documents\Uni\Dissertation\MScProject\SSD Files\PNY CS900\Secure Erase\recup_dir.2\f9284872.jpg,.jpg,0.04,OK,
C:\Users\User\OneDrive\Documents\Uni\Dissertation\MScProject\SSD Files\PNY CS900\Secure Erase\recup_dir.2\f9285472.jpg,.jpg,0.01,OK,
C:\Users\User\OneDrive\Documents\Uni\Dissertation\MScProject\SSD Files\PNY CS900\Secure Erase\recup_dir.2\f9285496.jpg,.jpg,0.01,OK,
C:\Users\User\OneDrive\Documents\Uni\Dissertation\MScProject\SSD Files\PNY CS900\Secure Erase\recup_dir.2\f9285520.jpg,.jpg,5.97,OK,
C:\Users\User\OneDrive\Documents\Uni\Dissertation\MScProject\SSD Files\PNY CS900\Secure Erase\recup_dir.2\f9297752.jpg,.jpg,0.2,OK,
C:\Users\User\OneDrive\Documents\Uni\Dissertation\MScProject\SSD Files\PNY CS900\Secure Erase\recup_dir.2\f9298168.jpg,.jpg,0.15,OK,
C:\Users\User\OneDrive\Documents\Uni\Dissertation\MScProject\SSD Files\PNY CS900\Secure Erase\recup_dir.2\f9298480.jpg,.jpg,0.02,OK,
C:\Users\User\OneDrive\Documents\Uni\Dissertation\MScProject\SSD Files\PNY CS900\Secure Erase\recup_dir.2\f9298528.jpg,.jpg,0,OK,
C:\Users\User\OneDrive\Documents\Uni\Dissertation\MScProject\SSD Files\PNY CS900\Secure Erase\recup_dir.2\f9298536.jpg,.jpg,0.02,OK,
C:\Users\User\OneDrive\Documents\Uni\Dissertation\MScProject\SSD Files\PNY CS900\Secure Erase\recup_dir.2\f9298584.jpg,.jpg,0.02,OK,
C:\Users\User\OneDrive\Documents\Uni\Dissertation\MScProject\SSD Files\PNY CS900\Secure Erase\recup_dir.2\f9298632.jpg,.jpg,0,OK,
C:\Users\User\OneDrive\Documents\Uni\Dissertation\MScProject\SSD Files\PNY CS900\Secure Erase\recup_dir.2\f9298640.jpg,.jpg,1.38,OK,
C:\Users\User\OneDrive\Documents\Uni\Dissertation\MScProject\SSD Files\PNY CS900\Secure Erase\recup_dir.2\f9301472.jpg,.jpg,2.01,OK,
C:\Users\User\OneDrive\Documents\Uni\Dissertation\MScProject\SSD Files\PNY CS900\Secure Erase\recup_dir.2\f9305600.jpg,.jpg,0.17,OK,
C:\Users\User\OneDrive\Documents\Uni\Dissertation\MScProject\SSD Files\PNY CS900\Secure Erase\recup_dir.2\f9305952.jpg,.jpg,2.44,OK,
C:\Users\User\OneDrive\Documents\Uni\Dissertation\MScProject\SSD Files\PNY CS900\Secure Erase\recup_dir.2\f9310960.jpg,.jpg,0.35,OK,
C:\Users\User\OneDrive\Documents\Uni\Dissertation\MScProject\SSD Files\PNY CS900\Secure Erase\recup_dir.2\f9311672.jpg,.jpg,0.07,OK,
C:\Users\User\OneDrive\Documents\Uni\Dissertation\MScProject\SSD Files\PNY CS900\Secure Erase\recup_dir.2\f9311816.jpg,.jpg,0.18,OK,
C:\Users\User\OneDrive\Documents\Uni\Dissertation\MScProject\SSD Files\PNY CS900\Secure Erase\recup_dir.2\f9312192.jpg,.jpg,0.03,OK,
C:\Users\User\OneDrive\Documents\Uni\Dissertation\MScProject\SSD Files\PNY CS900\Secure Erase\recup_dir.2\f9312256.jpg,.jpg,0.03,OK,
C:\Users\User\OneDrive\Documents\Uni\Dissertation\MScProject\SSD Files\PNY CS900\Secure Erase\recup_dir.2\f9312328.jpg,.jpg,0.02,OK,
C:\Users\User\OneDrive\Documents\Uni\Dissertation\MScProject\SSD Files\PNY CS900\Secure Erase\recup_dir.2\f9312368.jpg,.jpg,0.02,OK,
C:\Users\User\OneDrive\Documents\Uni\Dissertation\MScProject\SSD Files\PNY CS900\Secure Erase\recup_dir.2\f9312408.jpg,.jpg,0.06,OK,
C:\Users\User\OneDrive\Documents\Uni\Dissertation\MScProject\SSD Files\PNY CS900\Secure Erase\recup_dir.2\f9312536.jpg,.jpg,0.02,OK,
C:\Users\User\OneDrive\Documents\Uni\Dissertation\MScProject\SSD Files\PNY CS900\Secure Erase\recup_dir.2\f9312584.jpg,.jpg,0.01,OK,
C:\Users\User\OneDrive\Documents\Uni\Dissertation\MScProject\SSD Files\PNY CS900\Secure Erase\recup_dir.2\f9312608.jpg,.jpg,0.01,OK,
C:\Users\User\OneDrive\Documents\Uni\Dissertation\MScProject\SSD Files\PNY CS900\Secure Erase\recup_dir.2\f9312624.jpg,.jpg,0,OK,
C:\Users\User\OneDrive\Documents\Uni\Dissertation\MScProject\SSD Files\PNY CS900\Secure Erase\recup_dir.2\f9312632.jpg,.jpg,0.13,OK,
C:\Users\User\OneDrive\Documents\Uni\Dissertation\MScProject\SSD Files\PNY CS900\Secure Erase\recup_dir.2\f9312904.jpg,.jpg,0.02,OK,
C:\Users\User\OneDrive\Documents\Uni\Dissertation\MScProject\SSD Files\PNY CS900\Secure Erase\recup_dir.2\f9312952.jpg,.jpg,0.01,OK,
C:\Users\User\OneDrive\Documents\Uni\Dissertation\MScProject\SSD Files\PNY CS900\Secure Erase\recup_dir.2\f9312984.jpg,.jpg,0.02,OK,
C:\Users\User\OneDrive\Documents\Uni\Dissertation\MScProject\SSD Files\PNY CS900\Secure Erase\recup_dir.2\f9313024.jpg,.jpg,0.01,OK,
C:\Users\User\OneDrive\Documents\Uni\Dissertation\MScProject\SSD Files\PNY CS900\Secure Erase\recup_dir.2\f9313056.jpg,.jpg,0.05,OK,
C:\Users\User\OneDrive\Documents\Uni\Dissertation\MScProject\SSD Files\PNY CS900\Secure Erase\recup_dir.2\f9313160.jpg,.jpg,0.11,OK,
C:\Users\User\OneDrive\Documents\Uni\Dissertation\MScProject\SSD Files\PNY CS900\Secure Erase\recup_dir.2\f9313384.jpg,.jpg,0.31,OK,
C:\Users\User\OneDrive\Documents\Uni\Dissertation\MScProject\SSD Files\PNY CS900\Secure Erase\recup_dir.2\f9314024.jpg,.jpg,0.1,OK,
C:\Users\User\OneDrive\Documents\Uni\Dissertation\MScProject\SSD Files\PNY CS900\Secure Erase\recup_dir.2\f9314224.jpg,.jpg,0.03,OK,
C:\Users\User\OneDrive\Documents\Uni\Dissertation\MScProject\SSD Files\PNY CS900\Secure Erase\recup_dir.2\f9314288.jpg,.jpg,0.04,OK,
C:\Users\User\OneDrive\Documents\Uni\Dissertation\MScProject\SSD Files\PNY CS900\Secure Erase\recup_dir.2\f9314384.jpg,.jpg,0.05,OK,
C:\Users\User\OneDrive\Documents\Uni\Dissertation\MScProject\SSD Files\PNY CS900\Secure Erase\recup_dir.2\f9314496.jpg,.jpg,0.02,OK,
C:\Users\User\OneDrive\Documents\Uni\Dissertation\MScProject\SSD Files\PNY CS900\Secure Erase\recup_dir.2\f9314544.jpg,.jpg,0.01,OK,
C:\Users\User\OneDrive\Documents\Uni\Dissertation\MScProject\SSD Files\PNY CS900\Secure Erase\recup_dir.2\f9314568.jpg,.jpg,0.04,OK,
C:\Users\User\OneDrive\Documents\Uni\Dissertation\MScProject\SSD Files\PNY CS900\Secure Erase\recup_dir.2\f9314648.jpg,.jpg,0.04,OK,
C:\Users\User\OneDrive\Documents\Uni\Dissertation\MScProject\SSD Files\PNY CS900\Secure Erase\recup_dir.2\f9314736.jpg,.jpg,0.08,OK,
C:\Users\User\OneDrive\Documents\Uni\Dissertation\MScProject\SSD Files\PNY CS900\Secure Erase\recup_dir.2\f9314904.jpg,.jpg,0.09,OK,
C:\Users\User\OneDrive\Documents\Uni\Dissertation\MScProject\SSD Files\PNY CS900\Secure Erase\recup_dir.2\f9315104.jpg,.jpg,0.09,OK,
C:\Users\User\OneDrive\Documents\Uni\Dissertation\MScProject\SSD Files\PNY CS900\Secure Erase\recup_dir.2\f9315296.jpg,.jpg,0.06,OK,
C:\Users\User\OneDrive\Documents\Uni\Dissertation\MScProject\SSD Files\PNY CS900\Secure Erase\recup_dir.2\f9315416.jpg,.jpg,0.06,OK,
C:\Users\User\OneDrive\Documents\Uni\Dissertation\MScProject\SSD Files\PNY CS900\Secure Erase\recup_dir.2\f9315536.jpg,.jpg,0.04,OK,
C:\Users\User\OneDrive\Documents\Uni\Dissertation\MScProject\SSD Files\PNY CS900\Secure Erase\recup_dir.2\f9315624.jpg,.jpg,0.04,OK,
C:\Users\User\OneDrive\Documents\Uni\Dissertation\MScProject\SSD Files\PNY CS900\Secure Erase\recup_dir.2\f9315712.jpg,.jpg,0.05,OK,
C:\Users\User\OneDrive\Documents\Uni\Dissertation\MScProject\SSD Files\PNY CS900\Secure Erase\recup_dir.2\f9315824.jpg,.jpg,0.06,OK,
C:\Users\User\OneDrive\Documents\Uni\Dissertation\MScProject\SSD Files\PNY CS900\Secure Erase\recup_dir.2\f9315952.jpg,.jpg,0.04,OK,
C:\Users\User\OneDrive\Documents\Uni\Dissertation\MScProject\SSD Files\PNY CS900\Secure Erase\recup_dir.2\f9316032.jpg,.jpg,0.02,OK,
C:\Users\User\OneDrive\Documents\Uni\Dissertation\MScProject\SSD Files\PNY CS900\Secure Erase\recup_dir.2\f9316072.jpg,.jpg,0.02,OK,
C:\Users\User\OneDrive\Documents\Uni\Dissertation\MScProject\SSD Files\PNY CS900\Secure Erase\recup_dir.2\f9316112.jpg,.jpg,0.05,OK,
C:\Users\User\OneDrive\Documents\Uni\Dissertation\MScProject\SSD Files\PNY CS900\Secure Erase\recup_dir.2\f9316232.jpg,.jpg,0.02,OK,
C:\Users\User\OneDrive\Documents\Uni\Dissertation\MScProject\SSD Files\PNY CS900\Secure Erase\recup_dir.2\f9316280.jpg,.jpg,0.01,OK,
C:\Users\User\OneDrive\Documents\Uni\Dissertation\MScProject\SSD Files\PNY CS900\Secure Erase\recup_dir.2\f9316312.jpg,.jpg,0.02,OK,
C:\Users\User\OneDrive\Documents\Uni\Dissertation\MScProject\SSD Files\PNY CS900\Secure Erase\recup_dir.2\f9316352.jpg,.jpg,0.01,OK,
C:\Users\User\OneDrive\Documents\Uni\Dissertation\MScProject\SSD Files\PNY CS900\Secure Erase\recup_dir.2\f9316368.jpg,.jpg,0.01,OK,
C:\Users\User\OneDrive\Documents\Uni\Dissertation\MScProject\SSD Files\PNY CS900\Secure Erase\recup_dir.2\f9316400.jpg,.jpg,0.01,OK,
C:\Users\User\OneDrive\Documents\Uni\Dissertation\MScProject\SSD Files\PNY CS900\Secure Erase\recup_dir.2\f9316432.jpg,.jpg,0.01,OK,
C:\Users\User\OneDrive\Documents\Uni\Dissertation\MScProject\SSD Files\PNY CS900\Secure Erase\recup_dir.2\f9316448.jpg,.jpg,0.01,OK,
C:\Users\User\OneDrive\Documents\Uni\Dissertation\MScProject\SSD Files\PNY CS900\Secure Erase\recup_dir.2\f9316472.jpg,.jpg,0.03,OK,
C:\Users\User\OneDrive\Documents\Uni\Dissertation\MScProject\SSD Files\PNY CS900\Secure Erase\recup_dir.2\f9316536.jpg,.jpg,0.02,OK,
C:\Users\User\OneDrive\Documents\Uni\Dissertation\MScProject\SSD Files\PNY CS900\Secure Erase\recup_dir.2\f9316576.jpg,.jpg,0.03,OK,
C:\Users\User\OneDrive\Documents\Uni\Dissertation\MScProject\SSD Files\PNY CS900\Secure Erase\recup_dir.2\f9316632.jpg,.jpg,0.02,OK,
C:\Users\User\OneDrive\Documents\Uni\Dissertation\MScProject\SSD Files\PNY CS900\Secure Erase\recup_dir.2\f9316688.jpg,.jpg,0.02,OK,
C:\Users\User\OneDrive\Documents\Uni\Dissertation\MScProject\SSD Files\PNY CS900\Secure Erase\recup_dir.2\f9316736.jpg,.jpg,0.32,OK,
C:\Users\User\OneDrive\Documents\Uni\Dissertation\MScProject\SSD Files\PNY CS900\Secure Erase\recup_dir.2\f9317400.jpg,.jpg,0.01,OK,
C:\Users\User\OneDrive\Documents\Uni\Dissertation\MScProject\SSD Files\PNY CS900\Secure Erase\recup_dir.2\f9317416.jpg,.jpg,0.05,OK,
C:\Users\User\OneDrive\Documents\Uni\Dissertation\MScProject\SSD Files\PNY CS900\Secure Erase\recup_dir.2\f9317528.jpg,.jpg,0.36,OK,
C:\Users\User\OneDrive\Documents\Uni\Dissertation\MScProject\SSD Files\PNY CS900\Secure Erase\recup_dir.2\f9318264.jpg,.jpg,0.04,OK,
C:\Users\User\OneDrive\Documents\Uni\Dissertation\MScProject\SSD Files\PNY CS900\Secure Erase\recup_dir.2\f9318344.jpg,.jpg,0.07,OK,
C:\Users\User\OneDrive\Documents\Uni\Dissertation\MScProject\SSD Files\PNY CS900\Secure Erase\recup_dir.2\f9318488.jpg,.jpg,0.01,OK,
C:\Users\User\OneDrive\Documents\Uni\Dissertation\MScProject\SSD Files\PNY CS900\Secure Erase\recup_dir.2\f9318512.jpg,.jpg,0.01,OK,
C:\Users\User\OneDrive\Documents\Uni\Dissertation\MScProject\SSD Files\PNY CS900\Secure Erase\recup_dir.2\f9318536.jpg,.jpg,0.04,OK,
C:\Users\User\OneDrive\Documents\Uni\Dissertation\MScProject\SSD Files\PNY CS900\Secure Erase\recup_dir.2\f9318616.jpg,.jpg,0.04,OK,
C:\Users\User\OneDrive\Documents\Uni\Dissertation\MScProject\SSD Files\PNY CS900\Secure Erase\recup_dir.2\f9318696.jpg,.jpg,0.12,OK,
C:\Users\User\OneDrive\Documents\Uni\Dissertation\MScProject\SSD Files\PNY CS900\Secure Erase\recup_dir.2\f9318936.jpg,.jpg,0.09,OK,
C:\Users\User\OneDrive\Documents\Uni\Dissertation\MScProject\SSD Files\PNY CS900\Secure Erase\recup_dir.2\f9319120.jpg,.jpg,0.09,OK,
C:\Users\User\OneDrive\Documents\Uni\Dissertation\MScProject\SSD Files\PNY CS900\Secure Erase\recup_dir.2\f9319304.jpg,.jpg,0.06,OK,
C:\Users\User\OneDrive\Documents\Uni\Dissertation\MScProject\SSD Files\PNY CS900\Secure Erase\recup_dir.2\f9319432.jpg,.jpg,0.08,OK,
C:\Users\User\OneDrive\Documents\Uni\Dissertation\MScProject\SSD Files\PNY CS900\Secure Erase\recup_dir.2\f9319592.jpg,.jpg,6.32,OK,
C:\Users\User\OneDrive\Documents\Uni\Dissertation\MScProject\SSD Files\PNY CS900\Secure Erase\recup_dir.2\f9332544.jpg,.jpg,0.04,OK,
C:\Users\User\OneDrive\Documents\Uni\Dissertation\MScProject\SSD Files\PNY CS900\Secure Erase\recup_dir.2\f9332632.jpg,.jpg,0.06,OK,
C:\Users\User\OneDrive\Documents\Uni\Dissertation\MScProject\SSD Files\PNY CS900\Secure Erase\recup_dir.2\f9332768.jpg,.jpg,0.07,OK,
C:\Users\User\OneDrive\Documents\Uni\Dissertation\MScProject\SSD Files\PNY CS900\Secure Erase\recup_dir.2\f9332912.jpg,.jpg,0.05,OK,
C:\Users\User\OneDrive\Documents\Uni\Dissertation\MScProject\SSD Files\PNY CS900\Secure Erase\recup_dir.2\f9333016.jpg,.jpg,0.01,OK,
C:\Users\User\OneDrive\Documents\Uni\Dissertation\MScProject\SSD Files\PNY CS900\Secure Erase\recup_dir.2\f9333040.jpg,.jpg,0.34,OK,
C:\Users\User\OneDrive\Documents\Uni\Dissertation\MScProject\SSD Files\PNY CS900\Secure Erase\recup_dir.2\f9333744.jpg,.jpg,0.07,OK,
C:\Users\User\OneDrive\Documents\Uni\Dissertation\MScProject\SSD Files\PNY CS900\Secure Erase\recup_dir.2\f9333880.jpg,.jpg,0.29,OK,
C:\Users\User\OneDrive\Documents\Uni\Dissertation\MScProject\SSD Files\PNY CS900\Secure Erase\recup_dir.2\f9334472.jpg,.jpg,0.28,OK,
C:\Users\User\OneDrive\Documents\Uni\Dissertation\MScProject\SSD Files\PNY CS900\Secure Erase\recup_dir.2\f9335048.jpg,.jpg,0.05,OK,
C:\Users\User\OneDrive\Documents\Uni\Dissertation\MScProject\SSD Files\PNY CS900\Secure Erase\recup_dir.2\f9335160.jpg,.jpg,0.25,OK,
C:\Users\User\OneDrive\Documents\Uni\Dissertation\MScProject\SSD Files\PNY CS900\Secure Erase\recup_dir.2\f9335680.jpg,.jpg,0.03,OK,
C:\Users\User\OneDrive\Documents\Uni\Dissertation\MScProject\SSD Files\PNY CS900\Secure Erase\recup_dir.2\f9335856.jpg,.jpg,0.26,OK,
C:\Users\User\OneDrive\Documents\Uni\Dissertation\MScProject\SSD Files\PNY CS900\Secure Erase\recup_dir.2\f9336392.jpg,.jpg,0.26,OK,
C:\Users\User\OneDrive\Documents\Uni\Dissertation\MScProject\SSD Files\PNY CS900\Secure Erase\recup_dir.2\f9336928.jpg,.jpg,0.33,OK,
C:\Users\User\OneDrive\Documents\Uni\Dissertation\MScProject\SSD Files\PNY CS900\Secure Erase\recup_dir.2\f9337600.jpg,.jpg,0.25,OK,
C:\Users\User\OneDrive\Documents\Uni\Dissertation\MScProject\SSD Files\PNY CS900\Secure Erase\recup_dir.2\f9338104.jpg,.jpg,0.02,OK,
C:\Users\User\OneDrive\Documents\Uni\Dissertation\MScProject\SSD Files\PNY CS900\Secure Erase\recup_dir.2\f9338160.jpg,.jpg,0.02,OK,
C:\Users\User\OneDrive\Documents\Uni\Dissertation\MScProject\SSD Files\PNY CS900\Secure Erase\recup_dir.2\f9338200.jpg,.jpg,0.01,OK,
C:\Users\User\OneDrive\Documents\Uni\Dissertation\MScProject\SSD Files\PNY CS900\Secure Erase\recup_dir.2\f9338232.jpg,.jpg,0.01,OK,
C:\Users\User\OneDrive\Documents\Uni\Dissertation\MScProject\SSD Files\PNY CS900\Secure Erase\recup_dir.2\f9338264.jpg,.jpg,0.05,OK,
C:\Users\User\OneDrive\Documents\Uni\Dissertation\MScProject\SSD Files\PNY CS900\Secure Erase\recup_dir.2\f9338376.jpg,.jpg,0.22,OK,
C:\Users\User\OneDrive\Documents\Uni\Dissertation\MScProject\SSD Files\PNY CS900\Secure Erase\recup_dir.2\f9338832.jpg,.jpg,0.01,OK,
C:\Users\User\OneDrive\Documents\Uni\Dissertation\MScProject\SSD Files\PNY CS900\Secure Erase\recup_dir.2\f9338864.jpg,.jpg,0.63,OK,
C:\Users\User\OneDrive\Documents\Uni\Dissertation\MScProject\SSD Files\PNY CS900\Secure Erase\recup_dir.2\f9340168.jpg,.jpg,0.02,OK,
C:\Users\User\OneDrive\Documents\Uni\Dissertation\MScProject\SSD Files\PNY CS900\Secure Erase\recup_dir.2\t9075880.jpg,.jpg,0.01,OK,
C:\Users\User\OneDrive\Documents\Uni\Dissertation\MScProject\SSD Files\PNY CS900\Secure Erase\recup_dir.2\t9075944.jpg,.jpg,0.01,OK,
C:\Users\User\OneDrive\Documents\Uni\Dissertation\MScProject\SSD Files\PNY CS900\Secure Erase\recup_dir.2\t9076176.jpg,.jpg,0,OK,
C:\Users\User\OneDrive\Documents\Uni\Dissertation\MScProject\SSD Files\PNY CS900\Secure Erase\recup_dir.2\t9076256.jpg,.jpg,0,OK,
C:\Users\User\OneDrive\Documents\Uni\Dissertation\MScProject\SSD Files\PNY CS900\Secure Erase\recup_dir.2\t9076304.jpg,.jpg,0,OK,
C:\Users\User\OneDrive\Documents\Uni\Dissertation\MScProject\SSD Files\PNY CS900\Secure Erase\recup_dir.2\t9078064.jpg,.jpg,0.01,OK,
C:\Users\User\OneDrive\Documents\Uni\Dissertation\MScProject\SSD Files\PNY CS900\Secure Erase\recup_dir.2\t9078936.jpg,.jpg,0.01,OK,
C:\Users\User\OneDrive\Documents\Uni\Dissertation\MScProject\SSD Files\PNY CS900\Secure Erase\recup_dir.2\t9080424.jpg,.jpg,0.01,OK,
C:\Users\User\OneDrive\Documents\Uni\Dissertation\MScProject\SSD Files\PNY CS900\Secure Erase\recup_dir.2\t9081608.jpg,.jpg,0,OK,
C:\Users\User\OneDrive\Documents\Uni\Dissertation\MScProject\SSD Files\PNY CS900\Secure Erase\recup_dir.2\t9083472.jpg,.jpg,0.01,OK,
C:\Users\User\OneDrive\Documents\Uni\Dissertation\MScProject\SSD Files\PNY CS900\Secure Erase\recup_dir.2\t9098264.jpg,.jpg,0,OK,
C:\Users\User\OneDrive\Documents\Uni\Dissertation\MScProject\SSD Files\PNY CS900\Secure Erase\recup_dir.2\t9098320.jpg,.jpg,0.01,OK,
C:\Users\User\OneDrive\Documents\Uni\Dissertation\MScProject\SSD Files\PNY CS900\Secure Erase\recup_dir.2\t9105912.jpg,.jpg,0,OK,
C:\Users\User\OneDrive\Documents\Uni\Dissertation\MScProject\SSD Files\PNY CS900\Secure Erase\recup_dir.2\t9109192.jpg,.jpg,0.01,OK,
C:\Users\User\OneDrive\Documents\Uni\Dissertation\MScProject\SSD Files\PNY CS900\Secure Erase\recup_dir.2\t9119992.jpg,.jpg,0,OK,
C:\Users\User\OneDrive\Documents\Uni\Dissertation\MScProject\SSD Files\PNY CS900\Secure Erase\recup_dir.2\t9124496.jpg,.jpg,0.01,OK,
C:\Users\User\OneDrive\Documents\Uni\Dissertation\MScProject\SSD Files\PNY CS900\Secure Erase\recup_dir.2\t9132416.jpg,.jpg,0,OK,
C:\Users\User\OneDrive\Documents\Uni\Dissertation\MScProject\SSD Files\PNY CS900\Secure Erase\recup_dir.2\t9136392.jpg,.jpg,0.01,OK,
C:\Users\User\OneDrive\Documents\Uni\Dissertation\MScProject\SSD Files\PNY CS900\Secure Erase\recup_dir.2\t9141640.jpg,.jpg,0,OK,
C:\Users\User\OneDrive\Documents\Uni\Dissertation\MScProject\SSD Files\PNY CS900\Secure Erase\recup_dir.2\t9147848.jpg,.jpg,0.01,OK,
C:\Users\User\OneDrive\Documents\Uni\Dissertation\MScProject\SSD Files\PNY CS900\Secure Erase\recup_dir.2\t9147944.jpg,.jpg,0.01,OK,
C:\Users\User\OneDrive\Documents\Uni\Dissertation\MScProject\SSD Files\PNY CS900\Secure Erase\recup_dir.2\t9149024.jpg,.jpg,0,OK,
C:\Users\User\OneDrive\Documents\Uni\Dissertation\MScProject\SSD Files\PNY CS900\Secure Erase\recup_dir.2\t9149160.jpg,.jpg,0.01,OK,
C:\Users\User\OneDrive\Documents\Uni\Dissertation\MScProject\SSD Files\PNY CS900\Secure Erase\recup_dir.2\t9151168.jpg,.jpg,0.01,OK,
C:\Users\User\OneDrive\Documents\Uni\Dissertation\MScProject\SSD Files\PNY CS900\Secure Erase\recup_dir.2\t9151600.jpg,.jpg,0,OK,
C:\Users\User\OneDrive\Documents\Uni\Dissertation\MScProject\SSD Files\PNY CS900\Secure Erase\recup_dir.2\t9159560.jpg,.jpg,0.01,OK,
C:\Users\User\OneDrive\Documents\Uni\Dissertation\MScProject\SSD Files\PNY CS900\Secure Erase\recup_dir.2\t9159976.jpg,.jpg,0.01,OK,
C:\Users\User\OneDrive\Documents\Uni\Dissertation\MScProject\SSD Files\PNY CS900\Secure Erase\recup_dir.2\t9160272.jpg,.jpg,0.01,OK,
C:\Users\User\OneDrive\Documents\Uni\Dissertation\MScProject\SSD Files\PNY CS900\Secure Erase\recup_dir.2\t9161592.jpg,.jpg,0,OK,
C:\Users\User\OneDrive\Documents\Uni\Dissertation\MScProject\SSD Files\PNY CS900\Secure Erase\recup_dir.2\t9162344.jpg,.jpg,0,OK,
C:\Users\User\OneDrive\Documents\Uni\Dissertation\MScProject\SSD Files\PNY CS900\Secure Erase\recup_dir.2\t9162744.jpg,.jpg,0,OK,
C:\Users\User\OneDrive\Documents\Uni\Dissertation\MScProject\SSD Files\PNY CS900\Secure Erase\recup_dir.2\t9167360.jpg,.jpg,0,OK,
C:\Users\User\OneDrive\Documents\Uni\Dissertation\MScProject\SSD Files\PNY CS900\Secure Erase\recup_dir.2\t9167552.jpg,.jpg,0,OK,
C:\Users\User\OneDrive\Documents\Uni\Dissertation\MScProject\SSD Files\PNY CS900\Secure Erase\recup_dir.2\t9168608.jpg,.jpg,0,OK,
C:\Users\User\OneDrive\Documents\Uni\Dissertation\MScProject\SSD Files\PNY CS900\Secure Erase\recup_dir.2\t9169392.jpg,.jpg,0,OK,
C:\Users\User\OneDrive\Documents\Uni\Dissertation\MScProject\SSD Files\PNY CS900\Secure Erase\recup_dir.2\t9170728.jpg,.jpg,0.01,OK,
C:\Users\User\OneDrive\Documents\Uni\Dissertation\MScProject\SSD Files\PNY CS900\Secure Erase\recup_dir.2\t9170784.jpg,.jpg,0.01,OK,
C:\Users\User\OneDrive\Documents\Uni\Dissertation\MScProject\SSD Files\PNY CS900\Secure Erase\recup_dir.2\t9172224.jpg,.jpg,0.01,OK,
C:\Users\User\OneDrive\Documents\Uni\Dissertation\MScProject\SSD Files\PNY CS900\Secure Erase\recup_dir.2\t9173448.jpg,.jpg,0.01,OK,
C:\Users\User\OneDrive\Documents\Uni\Dissertation\MScProject\SSD Files\PNY CS900\Secure Erase\recup_dir.2\t9173632.jpg,.jpg,0.01,OK,
C:\Users\User\OneDrive\Documents\Uni\Dissertation\MScProject\SSD Files\PNY CS900\Secure Erase\recup_dir.2\t9176160.jpg,.jpg,0.01,OK,
C:\Users\User\OneDrive\Documents\Uni\Dissertation\MScProject\SSD Files\PNY CS900\Secure Erase\recup_dir.2\t9178008.jpg,.jpg,0.01,OK,
C:\Users\User\OneDrive\Documents\Uni\Dissertation\MScProject\SSD Files\PNY CS900\Secure Erase\recup_dir.2\t9180856.jpg,.jpg,0,OK,
C:\Users\User\OneDrive\Documents\Uni\Dissertation\MScProject\SSD Files\PNY CS900\Secure Erase\recup_dir.2\t9182312.jpg,.jpg,0,OK,
C:\Users\User\OneDrive\Documents\Uni\Dissertation\MScProject\SSD Files\PNY CS900\Secure Erase\recup_dir.2\t9184680.jpg,.jpg,0,OK,
C:\Users\User\OneDrive\Documents\Uni\Dissertation\MScProject\SSD Files\PNY CS900\Secure Erase\recup_dir.2\t9185376.jpg,.jpg,0.01,OK,
C:\Users\User\OneDrive\Documents\Uni\Dissertation\MScProject\SSD Files\PNY CS900\Secure Erase\recup_dir.2\t9186544.jpg,.jpg,0.01,OK,
C:\Users\User\OneDrive\Documents\Uni\Dissertation\MScProject\SSD Files\PNY CS900\Secure Erase\recup_dir.2\t9188152.jpg,.jpg,0.01,OK,
C:\Users\User\OneDrive\Documents\Uni\Dissertation\MScProject\SSD Files\PNY CS900\Secure Erase\recup_dir.2\t9189104.jpg,.jpg,0.01,OK,
C:\Users\User\OneDrive\Documents\Uni\Dissertation\MScProject\SSD Files\PNY CS900\Secure Erase\recup_dir.2\t9189952.jpg,.jpg,0,OK,
C:\Users\User\OneDrive\Documents\Uni\Dissertation\MScProject\SSD Files\PNY CS900\Secure Erase\recup_dir.2\t9190008.jpg,.jpg,0.01,OK,
C:\Users\User\OneDrive\Documents\Uni\Dissertation\MScProject\SSD Files\PNY CS900\Secure Erase\recup_dir.2\t9199800.jpg,.jpg,0.01,OK,
C:\Users\User\OneDrive\Documents\Uni\Dissertation\MScProject\SSD Files\PNY CS900\Secure Erase\recup_dir.2\t9199968.jpg,.jpg,0,OK,
C:\Users\User\OneDrive\Documents\Uni\Dissertation\MScProject\SSD Files\PNY CS900\Secure Erase\recup_dir.2\t9201272.jpg,.jpg,0,OK,
C:\Users\User\OneDrive\Documents\Uni\Dissertation\MScProject\SSD Files\PNY CS900\Secure Erase\recup_dir.2\t9201576.jpg,.jpg,0,OK,
C:\Users\User\OneDrive\Documents\Uni\Dissertation\MScProject\SSD Files\PNY CS900\Secure Erase\recup_dir.2\t9201664.jpg,.jpg,0,OK,
C:\Users\User\OneDrive\Documents\Uni\Dissertation\MScProject\SSD Files\PNY CS900\Secure Erase\recup_dir.2\t9205856.jpg,.jpg,0.01,OK,
C:\Users\User\OneDrive\Documents\Uni\Dissertation\MScProject\SSD Files\PNY CS900\Secure Erase\recup_dir.2\t9206008.jpg,.jpg,0.01,OK,
C:\Users\User\OneDrive\Documents\Uni\Dissertation\MScProject\SSD Files\PNY CS900\Secure Erase\recup_dir.2\t9206248.jpg,.jpg,0.01,OK,
C:\Users\User\OneDrive\Documents\Uni\Dissertation\MScProject\SSD Files\PNY CS900\Secure Erase\recup_dir.2\t9206400.jpg,.jpg,0.01,OK,
C:\Users\User\OneDrive\Documents\Uni\Dissertation\MScProject\SSD Files\PNY CS900\Secure Erase\recup_dir.2\t9206488.jpg,.jpg,0,OK,
C:\Users\User\OneDrive\Documents\Uni\Dissertation\MScProject\SSD Files\PNY CS900\Secure Erase\recup_dir.2\t9206648.jpg,.jpg,0,OK,
C:\Users\User\OneDrive\Documents\Uni\Dissertation\MScProject\SSD Files\PNY CS900\Secure Erase\recup_dir.2\t9213912.jpg,.jpg,0.01,OK,
C:\Users\User\OneDrive\Documents\Uni\Dissertation\MScProject\SSD Files\PNY CS900\Secure Erase\recup_dir.2\t9215720.jpg,.jpg,0.01,OK,
C:\Users\User\OneDrive\Documents\Uni\Dissertation\MScProject\SSD Files\PNY CS900\Secure Erase\recup_dir.2\t9217928.jpg,.jpg,0.01,OK,
C:\Users\User\OneDrive\Documents\Uni\Dissertation\MScProject\SSD Files\PNY CS900\Secure Erase\recup_dir.2\t9218232.jpg,.jpg,0.01,OK,
C:\Users\User\OneDrive\Documents\Uni\Dissertation\MScProject\SSD Files\PNY CS900\Secure Erase\recup_dir.2\t9220552.jpg,.jpg,0.01,OK,
C:\Users\User\OneDrive\Documents\Uni\Dissertation\MScProject\SSD Files\PNY CS900\Secure Erase\recup_dir.2\t9221104.jpg,.jpg,0.01,OK,
C:\Users\User\OneDrive\Documents\Uni\Dissertation\MScProject\SSD Files\PNY CS900\Secure Erase\recup_dir.2\t9221408.jpg,.jpg,0.01,OK,
C:\Users\User\OneDrive\Documents\Uni\Dissertation\MScProject\SSD Files\PNY CS900\Secure Erase\recup_dir.2\t9221568.jpg,.jpg,0,OK,
C:\Users\User\OneDrive\Documents\Uni\Dissertation\MScProject\SSD Files\PNY CS900\Secure Erase\recup_dir.2\t9221808.jpg,.jpg,0.01,OK,
C:\Users\User\OneDrive\Documents\Uni\Dissertation\MScProject\SSD Files\PNY CS900\Secure Erase\recup_dir.2\t9222920.jpg,.jpg,0,OK,
C:\Users\User\OneDrive\Documents\Uni\Dissertation\MScProject\SSD Files\PNY CS900\Secure Erase\recup_dir.2\t9223408.jpg,.jpg,0.01,OK,
C:\Users\User\OneDrive\Documents\Uni\Dissertation\MScProject\SSD Files\PNY CS900\Secure Erase\recup_dir.2\t9225336.jpg,.jpg,0,OK,
C:\Users\User\OneDrive\Documents\Uni\Dissertation\MScProject\SSD Files\PNY CS900\Secure Erase\recup_dir.2\t9225424.jpg,.jpg,0,OK,
C:\Users\User\OneDrive\Documents\Uni\Dissertation\MScProject\SSD Files\PNY CS900\Secure Erase\recup_dir.2\t9225680.jpg,.jpg,0.01,OK,
C:\Users\User\OneDrive\Documents\Uni\Dissertation\MScProject\SSD Files\PNY CS900\Secure Erase\recup_dir.2\t9227728.jpg,.jpg,0,OK,
C:\Users\User\OneDrive\Documents\Uni\Dissertation\MScProject\SSD Files\PNY CS900\Secure Erase\recup_dir.2\t9230656.jpg,.jpg,0.01,OK,
C:\Users\User\OneDrive\Documents\Uni\Dissertation\MScProject\SSD Files\PNY CS900\Secure Erase\recup_dir.2\t9231784.jpg,.jpg,0.01,OK,
C:\Users\User\OneDrive\Documents\Uni\Dissertation\MScProject\SSD Files\PNY CS900\Secure Erase\recup_dir.2\t9232848.jpg,.jpg,0.01,OK,
C:\Users\User\OneDrive\Documents\Uni\Dissertation\MScProject\SSD Files\PNY CS900\Secure Erase\recup_dir.2\t9233320.jpg,.jpg,0.01,OK,
C:\Users\User\OneDrive\Documents\Uni\Dissertation\MScProject\SSD Files\PNY CS900\Secure Erase\recup_dir.2\t9235392.jpg,.jpg,0,OK,
C:\Users\User\OneDrive\Documents\Uni\Dissertation\MScProject\SSD Files\PNY CS900\Secure Erase\recup_dir.2\t9235488.jpg,.jpg,0,OK,
C:\Users\User\OneDrive\Documents\Uni\Dissertation\MScProject\SSD Files\PNY CS900\Secure Erase\recup_dir.2\t9235800.jpg,.jpg,0.01,OK,
C:\Users\User\OneDrive\Documents\Uni\Dissertation\MScProject\SSD Files\PNY CS900\Secure Erase\recup_dir.2\t9236064.jpg,.jpg,0.01,OK,
C:\Users\User\OneDrive\Documents\Uni\Dissertation\MScProject\SSD Files\PNY CS900\Secure Erase\recup_dir.2\t9236240.jpg,.jpg,0,OK,
C:\Users\User\OneDrive\Documents\Uni\Dissertation\MScProject\SSD Files\PNY CS900\Secure Erase\recup_dir.2\t9237208.jpg,.jpg,0.01,OK,
C:\Users\User\OneDrive\Documents\Uni\Dissertation\MScProject\SSD Files\PNY CS900\Secure Erase\recup_dir.2\t9239032.jpg,.jpg,0,OK,
C:\Users\User\OneDrive\Documents\Uni\Dissertation\MScProject\SSD Files\PNY CS900\Secure Erase\recup_dir.2\t9239512.jpg,.jpg,0,OK,
C:\Users\User\OneDrive\Documents\Uni\Dissertation\MScProject\SSD Files\PNY CS900\Secure Erase\recup_dir.2\t9240784.jpg,.jpg,0.01,OK,
C:\Users\User\OneDrive\Documents\Uni\Dissertation\MScProject\SSD Files\PNY CS900\Secure Erase\recup_dir.2\t9241664.jpg,.jpg,0.01,OK,
C:\Users\User\OneDrive\Documents\Uni\Dissertation\MScProject\SSD Files\PNY CS900\Secure Erase\recup_dir.2\t9242184.jpg,.jpg,0,OK,
C:\Users\User\OneDrive\Documents\Uni\Dissertation\MScProject\SSD Files\PNY CS900\Secure Erase\recup_dir.2\t9242544.jpg,.jpg,0.01,OK,
C:\Users\User\OneDrive\Documents\Uni\Dissertation\MScProject\SSD Files\PNY CS900\Secure Erase\recup_dir.2\t9242696.jpg,.jpg,0,OK,
C:\Users\User\OneDrive\Documents\Uni\Dissertation\MScProject\SSD Files\PNY CS900\Secure Erase\recup_dir.2\t9243392.jpg,.jpg,0.01,OK,
C:\Users\User\OneDrive\Documents\Uni\Dissertation\MScProject\SSD Files\PNY CS900\Secure Erase\recup_dir.2\t9244240.jpg,.jpg,0.01,OK,
C:\Users\User\OneDrive\Documents\Uni\Dissertation\MScProject\SSD Files\PNY CS900\Secure Erase\recup_dir.2\t9244392.jpg,.jpg,0,OK,
C:\Users\User\OneDrive\Documents\Uni\Dissertation\MScProject\SSD Files\PNY CS900\Secure Erase\recup_dir.2\t9244472.jpg,.jpg,0,OK,
C:\Users\User\OneDrive\Documents\Uni\Dissertation\MScProject\SSD Files\PNY CS900\Secure Erase\recup_dir.2\t9244632.jpg,.jpg,0,OK,
C:\Users\User\OneDrive\Documents\Uni\Dissertation\MScProject\SSD Files\PNY CS900\Secure Erase\recup_dir.2\t9244768.jpg,.jpg,0,OK,
C:\Users\User\OneDrive\Documents\Uni\Dissertation\MScProject\SSD Files\PNY CS900\Secure Erase\recup_dir.2\t9245304.jpg,.jpg,0.01,OK,
C:\Users\User\OneDrive\Documents\Uni\Dissertation\MScProject\SSD Files\PNY CS900\Secure Erase\recup_dir.2\t9258824.jpg,.jpg,0.01,OK,
C:\Users\User\OneDrive\Documents\Uni\Dissertation\MScProject\SSD Files\PNY CS900\Secure Erase\recup_dir.2\t9267904.jpg,.jpg,0,OK,
C:\Users\User\OneDrive\Documents\Uni\Dissertation\MScProject\SSD Files\PNY CS900\Secure Erase\recup_dir.2\t9268200.jpg,.jpg,0,OK,
C:\Users\User\OneDrive\Documents\Uni\Dissertation\MScProject\SSD Files\PNY CS900\Secure Erase\recup_dir.2\t9268776.jpg,.jpg,0.01,OK,
C:\Users\User\OneDrive\Documents\Uni\Dissertation\MScProject\SSD Files\PNY CS900\Secure Erase\recup_dir.2\t9271472.jpg,.jpg,0,OK,
C:\Users\User\OneDrive\Documents\Uni\Dissertation\MScProject\SSD Files\PNY CS900\Secure Erase\recup_dir.2\t9275456.jpg,.jpg,0,OK,
C:\Users\User\OneDrive\Documents\Uni\Dissertation\MScProject\SSD Files\PNY CS900\Secure Erase\recup_dir.2\t9275520.jpg,.jpg,0,OK,
C:\Users\User\OneDrive\Documents\Uni\Dissertation\MScProject\SSD Files\PNY CS900\Secure Erase\recup_dir.2\t9276440.jpg,.jpg,0,OK,
C:\Users\User\OneDrive\Documents\Uni\Dissertation\MScProject\SSD Files\PNY CS900\Secure Erase\recup_dir.2\t9276560.jpg,.jpg,0,OK,
C:\Users\User\OneDrive\Documents\Uni\Dissertation\MScProject\SSD Files\PNY CS900\Secure Erase\recup_dir.2\t9281672.jpg,.jpg,0,OK,
C:\Users\User\OneDrive\Documents\Uni\Dissertation\MScProject\SSD Files\PNY CS900\Secure Erase\recup_dir.2\t9281896.jpg,.jpg,0,OK,
C:\Users\User\OneDrive\Documents\Uni\Dissertation\MScProject\SSD Files\PNY CS900\Secure Erase\recup_dir.2\t9281960.jpg,.jpg,0,OK,
C:\Users\User\OneDrive\Documents\Uni\Dissertation\MScProject\SSD Files\PNY CS900\Secure Erase\recup_dir.2\t9282464.jpg,.jpg,0,OK,
C:\Users\User\OneDrive\Documents\Uni\Dissertation\MScProject\SSD Files\PNY CS900\Secure Erase\recup_dir.2\t9282656.jpg,.jpg,0,OK,
C:\Users\User\OneDrive\Documents\Uni\Dissertation\MScProject\SSD Files\PNY CS900\Secure Erase\recup_dir.2\t9283808.jpg,.jpg,0,OK,
C:\Users\User\OneDrive\Documents\Uni\Dissertation\MScProject\SSD Files\PNY CS900\Secure Erase\recup_dir.2\t9284176.jpg,.jpg,0,OK,
C:\Users\User\OneDrive\Documents\Uni\Dissertation\MScProject\SSD Files\PNY CS900\Secure Erase\recup_dir.2\t9284656.jpg,.jpg,0,OK,
C:\Users\User\OneDrive\Documents\Uni\Dissertation\MScProject\SSD Files\PNY CS900\Secure Erase\recup_dir.2\t9285520.jpg,.jpg,0.01,OK,
C:\Users\User\OneDrive\Documents\Uni\Dissertation\MScProject\SSD Files\PNY CS900\Secure Erase\recup_dir.2\t9297752.jpg,.jpg,0.01,OK,
C:\Users\User\OneDrive\Documents\Uni\Dissertation\MScProject\SSD Files\PNY CS900\Secure Erase\recup_dir.2\t9298168.jpg,.jpg,0,OK,
C:\Users\User\OneDrive\Documents\Uni\Dissertation\MScProject\SSD Files\PNY CS900\Secure Erase\recup_dir.2\t9310960.jpg,.jpg,0,OK,
C:\Users\User\OneDrive\Documents\Uni\Dissertation\MScProject\SSD Files\PNY CS900\Secure Erase\recup_dir.2\t9311672.jpg,.jpg,0.01,OK,
C:\Users\User\OneDrive\Documents\Uni\Dissertation\MScProject\SSD Files\PNY CS900\Secure Erase\recup_dir.2\t9313056.jpg,.jpg,0,OK,
C:\Users\User\OneDrive\Documents\Uni\Dissertation\MScProject\SSD Files\PNY CS900\Secure Erase\recup_dir.2\t9314568.jpg,.jpg,0,OK,
C:\Users\User\OneDrive\Documents\Uni\Dissertation\MScProject\SSD Files\PNY CS900\Secure Erase\recup_dir.2\t9333040.jpg,.jpg,0.01,OK,
C:\Users\User\OneDrive\Documents\Uni\Dissertation\MScProject\SSD Files\PNY CS900\Secure Erase\recup_dir.2\t9333880.jpg,.jpg,0.01,OK,
C:\Users\User\OneDrive\Documents\Uni\Dissertation\MScProject\SSD Files\PNY CS900\Secure Erase\recup_dir.2\t9334472.jpg,.jpg,0.01,OK,
C:\Users\User\OneDrive\Documents\Uni\Dissertation\MScProject\SSD Files\PNY CS900\Secure Erase\recup_dir.2\t9335160.jpg,.jpg,0.01,OK,
C:\Users\User\OneDrive\Documents\Uni\Dissertation\MScProject\SSD Files\PNY CS900\Secure Erase\recup_dir.2\t9335856.jpg,.jpg,0,OK,
C:\Users\User\OneDrive\Documents\Uni\Dissertation\MScProject\SSD Files\PNY CS900\Secure Erase\recup_dir.2\t9336392.jpg,.jpg,0.02,OK,
C:\Users\User\OneDrive\Documents\Uni\Dissertation\MScProject\SSD Files\PNY CS900\Secure Erase\recup_dir.2\t9336928.jpg,.jpg,0.01,OK,
C:\Users\User\OneDrive\Documents\Uni\Dissertation\MScProject\SSD Files\PNY CS900\Secure Erase\recup_dir.2\t9337600.jpg,.jpg,0,OK,
C:\Users\User\OneDrive\Documents\Uni\Dissertation\MScProject\SSD Files\PNY CS900\Secure Erase\recup_dir.2\t9338376.jpg,.jpg,0.01,OK,
