"Algorithm","Hash","Path"
"SHA256","3BA68569FF0B2B0F0E806A578F9C9C3A7ADDEF3CED808954A3564ACAF312503F","C:\Users\User\OneDrive\Documents\Uni\Dissertation\MScProject\SSD Files\PNY CS900\Secure Erase\recup_dir.2\f9075744.jpg"
"SHA256","8464F565A41EEDCA362D1FE89B6F035B8AD4701E4C35B2090CA600CA9C7A0D65","C:\Users\User\OneDrive\Documents\Uni\Dissertation\MScProject\SSD Files\PNY CS900\Secure Erase\recup_dir.2\f9075880.jpg"
"SHA256","75231AA242A97C244E152C942BAD7DB061FCD3987CF3A6BF76DA8D6A57EF235F","C:\Users\User\OneDrive\Documents\Uni\Dissertation\MScProject\SSD Files\PNY CS900\Secure Erase\recup_dir.2\f9075944.jpg"
"SHA256","1D94860A06D16250707327862C791234498F1D7357AC2225EE779CD01DD18CB2","C:\Users\User\OneDrive\Documents\Uni\Dissertation\MScProject\SSD Files\PNY CS900\Secure Erase\recup_dir.2\f9075976.jpg"
"SHA256","3B296A48F23147CDFC8B37F9F6D113D6D7CF5E06313337EBB0F65711854C6C4C","C:\Users\User\OneDrive\Documents\Uni\Dissertation\MScProject\SSD Files\PNY CS900\Secure Erase\recup_dir.2\f9076024.jpg"
"SHA256","2F90BD6A6F18843CA58033A98D4D14EFD75793B4AD1CFF7EA0F095E38417DFB4","C:\Users\User\OneDrive\Documents\Uni\Dissertation\MScProject\SSD Files\PNY CS900\Secure Erase\recup_dir.2\f9076176.jpg"
"SHA256","D8A2AAE1005E692362DE18D54ED76F834DA032F68A906A5E76CF5D035B8AE843","C:\Users\User\OneDrive\Documents\Uni\Dissertation\MScProject\SSD Files\PNY CS900\Secure Erase\recup_dir.2\f9076200.jpg"
"SHA256","F6AA0F879C8FC1FE60FE91B9ACBF00474F69B9B728B35EF8BB1B6ADE6B650F9A","C:\Users\User\OneDrive\Documents\Uni\Dissertation\MScProject\SSD Files\PNY CS900\Secure Erase\recup_dir.2\f9076216.jpg"
"SHA256","13A257043C1A99145F06E93E020CD60920826EABAF4C25BE413575F8F616AB3B","C:\Users\User\OneDrive\Documents\Uni\Dissertation\MScProject\SSD Files\PNY CS900\Secure Erase\recup_dir.2\f9076224.jpg"
"SHA256","118AA6353F6A41119C116B5B844CB495F0F3C210C179DA0BAD83E8DA4AE29B12","C:\Users\User\OneDrive\Documents\Uni\Dissertation\MScProject\SSD Files\PNY CS900\Secure Erase\recup_dir.2\f9076240.jpg"
"SHA256","5276F5771DE6A016F981E337E01CAE95D04BBBC4A105536C919D0CC08F2C0AFD","C:\Users\User\OneDrive\Documents\Uni\Dissertation\MScProject\SSD Files\PNY CS900\Secure Erase\recup_dir.2\f9076248.jpg"
"SHA256","DB784DF94A11C1C21B6714FFE130C11A2856B2A392633CB0D98F1BB8862CCCE1","C:\Users\User\OneDrive\Documents\Uni\Dissertation\MScProject\SSD Files\PNY CS900\Secure Erase\recup_dir.2\f9076256.jpg"
"SHA256","6E1FAED7272508D4B0B3AF624C3F7BCD40A035E8CC807E8065612E79A4A68C02","C:\Users\User\OneDrive\Documents\Uni\Dissertation\MScProject\SSD Files\PNY CS900\Secure Erase\recup_dir.2\f9076280.jpg"
"SHA256","0B4B73AF3A5BF52D061AAF9CE33C8657B5D4BA2E9DFBFD710EDD938D409C9893","C:\Users\User\OneDrive\Documents\Uni\Dissertation\MScProject\SSD Files\PNY CS900\Secure Erase\recup_dir.2\f9076288.jpg"
"SHA256","C268A6CFDDFBBA6374F986F4E028BFEC1C20FB00456A5D21C1F38699361B3F43","C:\Users\User\OneDrive\Documents\Uni\Dissertation\MScProject\SSD Files\PNY CS900\Secure Erase\recup_dir.2\f9076296.jpg"
"SHA256","9363B41CD8216DA323828ACEB38961D7904D5AF8C6CAB54EFE565413BB6E83B0","C:\Users\User\OneDrive\Documents\Uni\Dissertation\MScProject\SSD Files\PNY CS900\Secure Erase\recup_dir.2\f9076304.jpg"
"SHA256","CAE1599CA84C0D3CBB1769EF34AC88F734CE7EF755CF020C02232BC7DFDE83F4","C:\Users\User\OneDrive\Documents\Uni\Dissertation\MScProject\SSD Files\PNY CS900\Secure Erase\recup_dir.2\f9076632.jpg"
"SHA256","0434758CE2BCCF4C412F165FDE96AE359C286CC3DA8A87E2A7421D3E5790736F","C:\Users\User\OneDrive\Documents\Uni\Dissertation\MScProject\SSD Files\PNY CS900\Secure Erase\recup_dir.2\f9076680.jpg"
"SHA256","960E77D83118FCF0727226E96E060A1F60DE81D4609BF76C8F1BAD34593CE473","C:\Users\User\OneDrive\Documents\Uni\Dissertation\MScProject\SSD Files\PNY CS900\Secure Erase\recup_dir.2\f9076768.jpg"
"SHA256","677BE3D0EB770412AA970F0CC2FBE7FCCDAABE8BAA1335D2B3DBA4525D368978","C:\Users\User\OneDrive\Documents\Uni\Dissertation\MScProject\SSD Files\PNY CS900\Secure Erase\recup_dir.2\f9076904.jpg"
"SHA256","D6E61FB220B142E2C41DC43C647626513CD8D2519E6C8D309F4E31BA15325887","C:\Users\User\OneDrive\Documents\Uni\Dissertation\MScProject\SSD Files\PNY CS900\Secure Erase\recup_dir.2\f9076952.jpg"
"SHA256","212197380608452FDED49F9BB649B377B3B86A36E5CD4416E677ACB2F22A4800","C:\Users\User\OneDrive\Documents\Uni\Dissertation\MScProject\SSD Files\PNY CS900\Secure Erase\recup_dir.2\f9077112.jpg"
"SHA256","86584C919DD83554CECD8E29BB04AA50215CF7A4E72DB59EDC588D33A909ACA7","C:\Users\User\OneDrive\Documents\Uni\Dissertation\MScProject\SSD Files\PNY CS900\Secure Erase\recup_dir.2\f9077224.jpg"
"SHA256","D7DC26B59D26C544C6EAFF8E619731E7B2E54848A40D723B062580C92FABC097","C:\Users\User\OneDrive\Documents\Uni\Dissertation\MScProject\SSD Files\PNY CS900\Secure Erase\recup_dir.2\f9077320.jpg"
"SHA256","A2B69B97634AF9E3E187134EF04B2029440A25ADABBED48760E59C832F2ADF41","C:\Users\User\OneDrive\Documents\Uni\Dissertation\MScProject\SSD Files\PNY CS900\Secure Erase\recup_dir.2\f9077336.jpg"
"SHA256","D9B5418FECE8167382BFF6F4D4C315BCFDFC67E142A9C2C8D9ACB479672B1A62","C:\Users\User\OneDrive\Documents\Uni\Dissertation\MScProject\SSD Files\PNY CS900\Secure Erase\recup_dir.2\f9077360.jpg"
"SHA256","EBFB9B9EFBE911440FB440A61EA07699F4F07BE3D969189FD8BED93A0CE93EEC","C:\Users\User\OneDrive\Documents\Uni\Dissertation\MScProject\SSD Files\PNY CS900\Secure Erase\recup_dir.2\f9077384.jpg"
"SHA256","28F9EE19AD0826303DCAAB0B6C3C427C7425DCF50467C136A078F35EA51DE2F2","C:\Users\User\OneDrive\Documents\Uni\Dissertation\MScProject\SSD Files\PNY CS900\Secure Erase\recup_dir.2\f9077416.jpg"
"SHA256","8F62629EE72990EDC9FE47384F57F66636B5D6629DF5194C00AE025FEA1B26AC","C:\Users\User\OneDrive\Documents\Uni\Dissertation\MScProject\SSD Files\PNY CS900\Secure Erase\recup_dir.2\f9077456.jpg"
"SHA256","EF0C72544030FF6072A4B13D5FD9120C97CDA54E3AF18637E52E371BF09D9B1E","C:\Users\User\OneDrive\Documents\Uni\Dissertation\MScProject\SSD Files\PNY CS900\Secure Erase\recup_dir.2\f9077512.jpg"
"SHA256","547B029EB677E409245F8748B4DFA25C2797459DEA6BB428BC54BE2C45481E5E","C:\Users\User\OneDrive\Documents\Uni\Dissertation\MScProject\SSD Files\PNY CS900\Secure Erase\recup_dir.2\f9077576.jpg"
"SHA256","47248815BCA11463F79FB8518497B26353AE77F750BE14DC816AA284A3DDC548","C:\Users\User\OneDrive\Documents\Uni\Dissertation\MScProject\SSD Files\PNY CS900\Secure Erase\recup_dir.2\f9077592.jpg"
"SHA256","4413EF9752C0443F55FDE55461D2E0290A274BD7387AB9ADE49865A8FEEC2476","C:\Users\User\OneDrive\Documents\Uni\Dissertation\MScProject\SSD Files\PNY CS900\Secure Erase\recup_dir.2\f9077632.jpg"
"SHA256","29EF7C34B300002F7CA706F84FD2C7713C2CFF858687A6964ACAEEF1114E6006","C:\Users\User\OneDrive\Documents\Uni\Dissertation\MScProject\SSD Files\PNY CS900\Secure Erase\recup_dir.2\f9077688.jpg"
"SHA256","6E0CBC1068FDDE74BEA04BC4DB135930778BAEA19AB1A0A3EA4AFE9AAC21ABE8","C:\Users\User\OneDrive\Documents\Uni\Dissertation\MScProject\SSD Files\PNY CS900\Secure Erase\recup_dir.2\f9077760.jpg"
"SHA256","D7B195D99FB2A0E592D7C31E239868D1EEB34D4F54979A01BD085B1120DF8B8D","C:\Users\User\OneDrive\Documents\Uni\Dissertation\MScProject\SSD Files\PNY CS900\Secure Erase\recup_dir.2\f9077824.jpg"
"SHA256","1F5F5591B5C33331F24DF0E5AC6D3119C1ACD057EDDD92075E1A5BFB46841F12","C:\Users\User\OneDrive\Documents\Uni\Dissertation\MScProject\SSD Files\PNY CS900\Secure Erase\recup_dir.2\f9077840.jpg"
"SHA256","299899C2290BA209CDCBEC4861C505DF5D3FFA92FA45D3E34BD410FACA1D1A2B","C:\Users\User\OneDrive\Documents\Uni\Dissertation\MScProject\SSD Files\PNY CS900\Secure Erase\recup_dir.2\f9077880.jpg"
"SHA256","27FA0F28F16B358D60BBD2BA58A588BF483E5B3845BD4661D3386B8F5F3BAB84","C:\Users\User\OneDrive\Documents\Uni\Dissertation\MScProject\SSD Files\PNY CS900\Secure Erase\recup_dir.2\f9077896.jpg"
"SHA256","0DAB5F6B31FBCDDD168020AFF4B7D5A474CFA1EF35B6B46FCE87F39083DCDC74","C:\Users\User\OneDrive\Documents\Uni\Dissertation\MScProject\SSD Files\PNY CS900\Secure Erase\recup_dir.2\f9077928.jpg"
"SHA256","5F014CF5EC0FB6951B1C36AC02617CB233A4E70599D56728140F75DB4019E9DF","C:\Users\User\OneDrive\Documents\Uni\Dissertation\MScProject\SSD Files\PNY CS900\Secure Erase\recup_dir.2\f9078000.jpg"
"SHA256","7FF3B4DAAA39CA3099A3F5E8DCB1D97B2505C0D9A671C558F55C88EE95D8A2BA","C:\Users\User\OneDrive\Documents\Uni\Dissertation\MScProject\SSD Files\PNY CS900\Secure Erase\recup_dir.2\f9078064.jpg"
"SHA256","E7EFBB1B140A1F9E03CFA8AB8401E91155B1537EC7E2DEA9798606B75F1B0618","C:\Users\User\OneDrive\Documents\Uni\Dissertation\MScProject\SSD Files\PNY CS900\Secure Erase\recup_dir.2\f9078144.jpg"
"SHA256","5867B8FE9A41D07E39A66811319ED1BCBD673359F64C59F9465C0B00D650B437","C:\Users\User\OneDrive\Documents\Uni\Dissertation\MScProject\SSD Files\PNY CS900\Secure Erase\recup_dir.2\f9078216.jpg"
"SHA256","8709FAB01A8895508A8508ABEAD11F8A730F8F848DB17C05B80BB19D56D6F95D","C:\Users\User\OneDrive\Documents\Uni\Dissertation\MScProject\SSD Files\PNY CS900\Secure Erase\recup_dir.2\f9078264.jpg"
"SHA256","27258DCAA4E7B43E0E227820BDE318428E6535CACFE4D0A9CB27A09F5D1C5AE1","C:\Users\User\OneDrive\Documents\Uni\Dissertation\MScProject\SSD Files\PNY CS900\Secure Erase\recup_dir.2\f9078352.jpg"
"SHA256","6DF4746AE924747C17078445015934ECDB4EB3B06380635AAFC82771FB27C9F8","C:\Users\User\OneDrive\Documents\Uni\Dissertation\MScProject\SSD Files\PNY CS900\Secure Erase\recup_dir.2\f9078424.jpg"
"SHA256","4DA8599452A67817F1E7B2A5BAEC0071ED05A2988B8611EDC35E7CD1F07430AC","C:\Users\User\OneDrive\Documents\Uni\Dissertation\MScProject\SSD Files\PNY CS900\Secure Erase\recup_dir.2\f9078496.jpg"
"SHA256","E84666EC287F008613E97265FC3E9C262645AB848A2C17F07E956189F6F94D25","C:\Users\User\OneDrive\Documents\Uni\Dissertation\MScProject\SSD Files\PNY CS900\Secure Erase\recup_dir.2\f9078568.jpg"
"SHA256","2F6E6D206654679AF32BA27D4E8313242A5D1D90DDBB301662AFE271F6F6B907","C:\Users\User\OneDrive\Documents\Uni\Dissertation\MScProject\SSD Files\PNY CS900\Secure Erase\recup_dir.2\f9078608.jpg"
"SHA256","0795F66183ADFE9C28A33F482303473388ACED8A8D568F2C21736231D16548F3","C:\Users\User\OneDrive\Documents\Uni\Dissertation\MScProject\SSD Files\PNY CS900\Secure Erase\recup_dir.2\f9078664.jpg"
"SHA256","272AAF0F09C6B3D56C533DDC275E7CC1F0943FC4D6A1C82CA351EF6384172DA1","C:\Users\User\OneDrive\Documents\Uni\Dissertation\MScProject\SSD Files\PNY CS900\Secure Erase\recup_dir.2\f9078728.jpg"
"SHA256","D7E9B1348B939120362CA0C97379DA571F95695CDC463C1453E52669FD4DEC37","C:\Users\User\OneDrive\Documents\Uni\Dissertation\MScProject\SSD Files\PNY CS900\Secure Erase\recup_dir.2\f9078800.jpg"
"SHA256","EEF58CB5492EF70C6056740B5633C029D8F1C25EF520DFE017C6B01D20447AA2","C:\Users\User\OneDrive\Documents\Uni\Dissertation\MScProject\SSD Files\PNY CS900\Secure Erase\recup_dir.2\f9078912.jpg"
"SHA256","91967A55967EC556702F075624AD3DB53380028726E240AE8656FE649229E8AB","C:\Users\User\OneDrive\Documents\Uni\Dissertation\MScProject\SSD Files\PNY CS900\Secure Erase\recup_dir.2\f9078936.jpg"
"SHA256","5EFE8A45AA383E4E5F13998DFF2406820F089673DC7B8D10F94F7C5E1A4C1A5F","C:\Users\User\OneDrive\Documents\Uni\Dissertation\MScProject\SSD Files\PNY CS900\Secure Erase\recup_dir.2\f9079016.jpg"
"SHA256","973E8BC97A4A4B2F508FF68E19ECC5D6827FB4912E6F4CEB68BFB6D35AA86E37","C:\Users\User\OneDrive\Documents\Uni\Dissertation\MScProject\SSD Files\PNY CS900\Secure Erase\recup_dir.2\f9079432.jpg"
"SHA256","2BD47C65FC845008144D4337695AB0F4606F76F68035E0055E10EDDF9CB123F3","C:\Users\User\OneDrive\Documents\Uni\Dissertation\MScProject\SSD Files\PNY CS900\Secure Erase\recup_dir.2\f9079552.jpg"
"SHA256","BE59B7BB50D9119E864D528648F2F28659B75F5F14A71B56A82EA671E2051D01","C:\Users\User\OneDrive\Documents\Uni\Dissertation\MScProject\SSD Files\PNY CS900\Secure Erase\recup_dir.2\f9079568.jpg"
"SHA256","F149DCFC8246972798645D9AE0D0A7056B2C5658EA95CF34F5728B1E68B82B2D","C:\Users\User\OneDrive\Documents\Uni\Dissertation\MScProject\SSD Files\PNY CS900\Secure Erase\recup_dir.2\f9079624.jpg"
"SHA256","30D9A50276BB28F5632273F855E10C99EECE8B2E31CBB03DCEB0991A87ED33A2","C:\Users\User\OneDrive\Documents\Uni\Dissertation\MScProject\SSD Files\PNY CS900\Secure Erase\recup_dir.2\f9079664.jpg"
"SHA256","199A09BB2482B6D4F09D572EE20FC94C2A8DA5BB807E7F4D0D02B7EBD68878F5","C:\Users\User\OneDrive\Documents\Uni\Dissertation\MScProject\SSD Files\PNY CS900\Secure Erase\recup_dir.2\f9079864.jpg"
"SHA256","807F7001D3204C11802A17A3E2CD1BF51952DEE0578A60A5A99B434A38E35879","C:\Users\User\OneDrive\Documents\Uni\Dissertation\MScProject\SSD Files\PNY CS900\Secure Erase\recup_dir.2\f9080000.jpg"
"SHA256","CFE911BAD6D898C00296F7F9FBF92CAD92DE9A80EE95FEB94F2753ED800729E5","C:\Users\User\OneDrive\Documents\Uni\Dissertation\MScProject\SSD Files\PNY CS900\Secure Erase\recup_dir.2\f9080040.jpg"
"SHA256","B37B2C102DA0B782070C6A52DCEF37B9073150043F13E02BD3D75F4222D79BFB","C:\Users\User\OneDrive\Documents\Uni\Dissertation\MScProject\SSD Files\PNY CS900\Secure Erase\recup_dir.2\f9080072.jpg"
"SHA256","8D4CDCE6587D912CCC87A8618B9B3D4E2078039985C7690753CD76280229CC6A","C:\Users\User\OneDrive\Documents\Uni\Dissertation\MScProject\SSD Files\PNY CS900\Secure Erase\recup_dir.2\f9080344.jpg"
"SHA256","567F7DF19964DBBEE52E66431407600854C12E361CA0B0414C2629AA63285B69","C:\Users\User\OneDrive\Documents\Uni\Dissertation\MScProject\SSD Files\PNY CS900\Secure Erase\recup_dir.2\f9080424.jpg"
"SHA256","78C4413DB5349ACBCA879ECA8EA00E7409348B6C30384B2170F96DA0E34EC8FA","C:\Users\User\OneDrive\Documents\Uni\Dissertation\MScProject\SSD Files\PNY CS900\Secure Erase\recup_dir.2\f9080512.jpg"
"SHA256","ECE426368F9583A0F1A962A21C42386D51342422028C1BC691402126E993864F","C:\Users\User\OneDrive\Documents\Uni\Dissertation\MScProject\SSD Files\PNY CS900\Secure Erase\recup_dir.2\f9080680.jpg"
"SHA256","253CE9457185D3C2009E54E0070FF1F1DB2F2EB1BC9540EB5649AF1D85758371","C:\Users\User\OneDrive\Documents\Uni\Dissertation\MScProject\SSD Files\PNY CS900\Secure Erase\recup_dir.2\f9080720.jpg"
"SHA256","95AFD3B7D73FE7ED42611A0E9899B784B5FD5D2CF1B03F96D2D05D24B31F0ACE","C:\Users\User\OneDrive\Documents\Uni\Dissertation\MScProject\SSD Files\PNY CS900\Secure Erase\recup_dir.2\f9080752.jpg"
"SHA256","1B74340EAD628154F7E2EE75424B0419980B0A7663D0DF87F8FC205683BC3CB2","C:\Users\User\OneDrive\Documents\Uni\Dissertation\MScProject\SSD Files\PNY CS900\Secure Erase\recup_dir.2\f9080784.jpg"
"SHA256","811CD33B32BD06E3D329D03693C01196AFF3E5A0976F8EB01C9AD6A2660D80A2","C:\Users\User\OneDrive\Documents\Uni\Dissertation\MScProject\SSD Files\PNY CS900\Secure Erase\recup_dir.2\f9081496.jpg"
"SHA256","A65E05C134737351389E25F164DA8F161813CA576BF6B80DDA49C22E03D61095","C:\Users\User\OneDrive\Documents\Uni\Dissertation\MScProject\SSD Files\PNY CS900\Secure Erase\recup_dir.2\f9081608.jpg"
"SHA256","C2AB6255B3B0C235FE1246D0842A6D3DC3FC61B750EA745EC64A7D2B67A3ADC6","C:\Users\User\OneDrive\Documents\Uni\Dissertation\MScProject\SSD Files\PNY CS900\Secure Erase\recup_dir.2\f9081664.jpg"
"SHA256","F878538267616C90B332675545D9CB86F16CFCA016E5D2BD4E9441258A85EAB0","C:\Users\User\OneDrive\Documents\Uni\Dissertation\MScProject\SSD Files\PNY CS900\Secure Erase\recup_dir.2\f9081728.jpg"
"SHA256","29A7E2A92169CC6BC5A43DE15FEC6A02C4EC65D9120B7937A9F1A2DDA8081F8F","C:\Users\User\OneDrive\Documents\Uni\Dissertation\MScProject\SSD Files\PNY CS900\Secure Erase\recup_dir.2\f9081752.jpg"
"SHA256","B14A61788584A488798E60E470726D30A226C3F60B86DB5EBC97E9FD2CB2D95E","C:\Users\User\OneDrive\Documents\Uni\Dissertation\MScProject\SSD Files\PNY CS900\Secure Erase\recup_dir.2\f9081816.jpg"
"SHA256","CF1C35D51748AEA3470B04328315FEE47330C36862D24CB3EC5B547CB4339A2A","C:\Users\User\OneDrive\Documents\Uni\Dissertation\MScProject\SSD Files\PNY CS900\Secure Erase\recup_dir.2\f9081848.jpg"
"SHA256","E2495911E84550938E3E8C8331E4EBCD4FD7C87AFFAD11C27E4E721950F260E7","C:\Users\User\OneDrive\Documents\Uni\Dissertation\MScProject\SSD Files\PNY CS900\Secure Erase\recup_dir.2\f9081872.jpg"
"SHA256","AF3A6D489D8688B06A100620D43E6FF5C7FEB0218CA1F0156E4AB37F93B27F31","C:\Users\User\OneDrive\Documents\Uni\Dissertation\MScProject\SSD Files\PNY CS900\Secure Erase\recup_dir.2\f9081896.jpg"
"SHA256","A01A8686262097112530D1411EF1F67DBBE48475FF4DC2B867FE41E7EEB671CE","C:\Users\User\OneDrive\Documents\Uni\Dissertation\MScProject\SSD Files\PNY CS900\Secure Erase\recup_dir.2\f9081952.jpg"
"SHA256","AB854F29E0384141BAAA9E21B35A6FF5C9E2A7BDA8E7F14E94E9D39EF6322C9B","C:\Users\User\OneDrive\Documents\Uni\Dissertation\MScProject\SSD Files\PNY CS900\Secure Erase\recup_dir.2\f9082032.jpg"
"SHA256","A6A17DCCAE1347165C80FF90EF05B5515EBB7422B77121F1994D5353F9F92439","C:\Users\User\OneDrive\Documents\Uni\Dissertation\MScProject\SSD Files\PNY CS900\Secure Erase\recup_dir.2\f9082104.jpg"
"SHA256","D8830781DD320ACAF32ACF1E294D8E537BE8C52E931671030697901E3E6457D1","C:\Users\User\OneDrive\Documents\Uni\Dissertation\MScProject\SSD Files\PNY CS900\Secure Erase\recup_dir.2\f9082160.jpg"
"SHA256","D910624F61B15F6A2C2EBF941A0BDF0647D54E775EA1062CC04F2D268E59254D","C:\Users\User\OneDrive\Documents\Uni\Dissertation\MScProject\SSD Files\PNY CS900\Secure Erase\recup_dir.2\f9082240.jpg"
"SHA256","63015F83140B90E5BFB6043BE8D588B9A1CC4D85F44F5F82BA413A2220DBCC9B","C:\Users\User\OneDrive\Documents\Uni\Dissertation\MScProject\SSD Files\PNY CS900\Secure Erase\recup_dir.2\f9082488.jpg"
"SHA256","1DA5D43F1B643C2D42BB7D00FB27AD91B26317F25F08DCE79BA3F3C4642A36D1","C:\Users\User\OneDrive\Documents\Uni\Dissertation\MScProject\SSD Files\PNY CS900\Secure Erase\recup_dir.2\f9082552.jpg"
"SHA256","5E008E20DB75E629DA2CC3647118752650C2A37F128072D9E5F9F45F57690312","C:\Users\User\OneDrive\Documents\Uni\Dissertation\MScProject\SSD Files\PNY CS900\Secure Erase\recup_dir.2\f9082648.jpg"
"SHA256","F9442D80A995E6581D7F7416085B41B0A51BC3E9D1EF496EC92DCA1A9EBBE143","C:\Users\User\OneDrive\Documents\Uni\Dissertation\MScProject\SSD Files\PNY CS900\Secure Erase\recup_dir.2\f9082744.jpg"
"SHA256","0A00F20094B414628BF009D754E791B536CD8F6092F75C0AB537254F1200EB15","C:\Users\User\OneDrive\Documents\Uni\Dissertation\MScProject\SSD Files\PNY CS900\Secure Erase\recup_dir.2\f9082832.jpg"
"SHA256","128FCA5707A31841D5C269C731301F61A808C005106F061E5BB90C1B1CD4BA59","C:\Users\User\OneDrive\Documents\Uni\Dissertation\MScProject\SSD Files\PNY CS900\Secure Erase\recup_dir.2\f9082848.jpg"
"SHA256","769243FB87EE3E39F5CC02E6926F81204B3D800C8399364C0D3099C3012E1D0C","C:\Users\User\OneDrive\Documents\Uni\Dissertation\MScProject\SSD Files\PNY CS900\Secure Erase\recup_dir.2\f9082968.jpg"
"SHA256","B1427BF8D6E1531A4C1560353BED0B6DE424449851267324EB93BA5DB0714588","C:\Users\User\OneDrive\Documents\Uni\Dissertation\MScProject\SSD Files\PNY CS900\Secure Erase\recup_dir.2\f9082984.jpg"
"SHA256","9B625FC42F82AEAFD776F20883AD0EE621F09EA64F9D621336F08D341556CFA6","C:\Users\User\OneDrive\Documents\Uni\Dissertation\MScProject\SSD Files\PNY CS900\Secure Erase\recup_dir.2\f9083000.jpg"
"SHA256","651F1EFF448DB7BB7856AC602CEF16D78E3B22B839302B6A875628C6339B4031","C:\Users\User\OneDrive\Documents\Uni\Dissertation\MScProject\SSD Files\PNY CS900\Secure Erase\recup_dir.2\f9083016.jpg"
"SHA256","0C443F71A566B2DE00B972E332024AA1C3F9A0D4886528596669EB8EFECFA207","C:\Users\User\OneDrive\Documents\Uni\Dissertation\MScProject\SSD Files\PNY CS900\Secure Erase\recup_dir.2\f9083136.jpg"
"SHA256","46A1E02D719E398A786CF760DF9111610496F2E7BD23D65D4B12DCB70380B10B","C:\Users\User\OneDrive\Documents\Uni\Dissertation\MScProject\SSD Files\PNY CS900\Secure Erase\recup_dir.2\f9083160.jpg"
"SHA256","E3BFBF6256F492EBD613FA8D7120C61FF70C1ED1344A84E875E32C9A6623A217","C:\Users\User\OneDrive\Documents\Uni\Dissertation\MScProject\SSD Files\PNY CS900\Secure Erase\recup_dir.2\f9083320.jpg"
"SHA256","BA8B55288FBF9DA838C6D0E2C7F1A81E45F28A05920B830010D7537D5B39B877","C:\Users\User\OneDrive\Documents\Uni\Dissertation\MScProject\SSD Files\PNY CS900\Secure Erase\recup_dir.2\f9083360.jpg"
"SHA256","4B782B64AC08DE0FCDE28B3B3D0FAD3A1CD76F8DD48B4A23FB4275521DD083C5","C:\Users\User\OneDrive\Documents\Uni\Dissertation\MScProject\SSD Files\PNY CS900\Secure Erase\recup_dir.2\f9083472.jpg"
"SHA256","063C7D852A64390C5BD8ECC001C9345838C5E7AB3195E44CF3B4DD0DEA096245","C:\Users\User\OneDrive\Documents\Uni\Dissertation\MScProject\SSD Files\PNY CS900\Secure Erase\recup_dir.2\f9083552.jpg"
"SHA256","0B6F4137170AD08B5CF87482E5B12D40DB23E1688269147F7FABA1FC168A4CDF","C:\Users\User\OneDrive\Documents\Uni\Dissertation\MScProject\SSD Files\PNY CS900\Secure Erase\recup_dir.2\f9083600.jpg"
"SHA256","CE6C75345857B5875BAD4DE78B2F708A0E86D3080C6E512D9D0FD1B9133B44E1","C:\Users\User\OneDrive\Documents\Uni\Dissertation\MScProject\SSD Files\PNY CS900\Secure Erase\recup_dir.2\f9087416.jpg"
"SHA256","CFBF0324FA6358B7BEB41F7AA0F76FB025E93F0C7C59B33E05728445A965DCA3","C:\Users\User\OneDrive\Documents\Uni\Dissertation\MScProject\SSD Files\PNY CS900\Secure Erase\recup_dir.2\f9087440.jpg"
"SHA256","86EF03DFCC952634C63483ED7BD6EAE9DAE96B3D5831E50CE9CDE9445731ABA8","C:\Users\User\OneDrive\Documents\Uni\Dissertation\MScProject\SSD Files\PNY CS900\Secure Erase\recup_dir.2\f9091616.jpg"
"SHA256","BC3638F06C5C5DD684AA9BDCB9BEFE5CCAEF1A40E2429785DB649169C332603E","C:\Users\User\OneDrive\Documents\Uni\Dissertation\MScProject\SSD Files\PNY CS900\Secure Erase\recup_dir.2\f9094928.jpg"
"SHA256","98D01841E60374DCFBE2076890968E692EDB430395AFFD6A6A15CD6D5AC987A9","C:\Users\User\OneDrive\Documents\Uni\Dissertation\MScProject\SSD Files\PNY CS900\Secure Erase\recup_dir.2\f9094992.jpg"
"SHA256","D4BE5AF95A5CE95F6C55A86615FAA69F9EA0EFD490E32AED4FD7EA92D6D526B2","C:\Users\User\OneDrive\Documents\Uni\Dissertation\MScProject\SSD Files\PNY CS900\Secure Erase\recup_dir.2\f9095112.jpg"
"SHA256","DC625EFAFA0512704E929595C148D9325A579110D1626D4F82B3F12835DA0E77","C:\Users\User\OneDrive\Documents\Uni\Dissertation\MScProject\SSD Files\PNY CS900\Secure Erase\recup_dir.2\f9095152.jpg"
"SHA256","DCDF358F62D5D3805DA66EC6E3DC9091FD81C3D0A4241FD26F8F6749CB1A2CF9","C:\Users\User\OneDrive\Documents\Uni\Dissertation\MScProject\SSD Files\PNY CS900\Secure Erase\recup_dir.2\f9095312.jpg"
"SHA256","C8B6485CAF89128AFDDCC9027C02A349EE57C7CA49D457D23E72E288AC5F8F5F","C:\Users\User\OneDrive\Documents\Uni\Dissertation\MScProject\SSD Files\PNY CS900\Secure Erase\recup_dir.2\f9095432.jpg"
"SHA256","66ED05D701E9138575A8B487D14FDD63CA72F48C2F1D9216E8CA86B4B47794C0","C:\Users\User\OneDrive\Documents\Uni\Dissertation\MScProject\SSD Files\PNY CS900\Secure Erase\recup_dir.2\f9095672.jpg"
"SHA256","A03C94FF1516067EFB237852B66324893F054861F3D3077F8C49E5BA385E6BAD","C:\Users\User\OneDrive\Documents\Uni\Dissertation\MScProject\SSD Files\PNY CS900\Secure Erase\recup_dir.2\f9095848.jpg"
"SHA256","172098EE2A10ED6EB3E91C9006BF88CDC21D4AE14C4534DE2AD47A5BB07ED735","C:\Users\User\OneDrive\Documents\Uni\Dissertation\MScProject\SSD Files\PNY CS900\Secure Erase\recup_dir.2\f9095864.jpg"
"SHA256","AC8CE65D8AA159FA10FE87262D08E7D4B76FABD3B8EC7B8C76C03E8BFDB0F7BC","C:\Users\User\OneDrive\Documents\Uni\Dissertation\MScProject\SSD Files\PNY CS900\Secure Erase\recup_dir.2\f9096040.jpg"
"SHA256","28F5BB1F772FDBE1F7BD7739BF8D9F342C5DA77EEAA7F64E91F858E7AAF42DF3","C:\Users\User\OneDrive\Documents\Uni\Dissertation\MScProject\SSD Files\PNY CS900\Secure Erase\recup_dir.2\f9096480.jpg"
"SHA256","9B44E1616DAA0528ABD2DDD9DEB72D7DF8C56C2D895C3697CC6C4F260CFE7181","C:\Users\User\OneDrive\Documents\Uni\Dissertation\MScProject\SSD Files\PNY CS900\Secure Erase\recup_dir.2\f9096728.jpg"
"SHA256","334349329B207A1A27937606FB619C6D5C55D7C5706365CDB6BFB792801EB383","C:\Users\User\OneDrive\Documents\Uni\Dissertation\MScProject\SSD Files\PNY CS900\Secure Erase\recup_dir.2\f9096776.jpg"
"SHA256","0898754BAAF28681EAEFF0BA887BA308A33012C43BE73A8F2DB55E7144FBF519","C:\Users\User\OneDrive\Documents\Uni\Dissertation\MScProject\SSD Files\PNY CS900\Secure Erase\recup_dir.2\f9098264.jpg"
"SHA256","1C709E6078769F49DD615DEBB7553B7C6BAB0244CCFB22417A839EF5EBC0592A","C:\Users\User\OneDrive\Documents\Uni\Dissertation\MScProject\SSD Files\PNY CS900\Secure Erase\recup_dir.2\f9098320.jpg"
"SHA256","CEC24BBDE5F57A01FEED7217B13AA6B3B05943FEAE9E16E0E4161B91AA32C4DB","C:\Users\User\OneDrive\Documents\Uni\Dissertation\MScProject\SSD Files\PNY CS900\Secure Erase\recup_dir.2\f9101264.jpg"
"SHA256","CD3265F374D75128741792AF79B80204C9BC8FE61BFE3415FFF94DD15B49F8C0","C:\Users\User\OneDrive\Documents\Uni\Dissertation\MScProject\SSD Files\PNY CS900\Secure Erase\recup_dir.2\f9101272.jpg"
"SHA256","4166D178DA3C7603D856108D359D72BDCC01B7853832A18D47A62EB0DFD95FE4","C:\Users\User\OneDrive\Documents\Uni\Dissertation\MScProject\SSD Files\PNY CS900\Secure Erase\recup_dir.2\f9101488.jpg"
"SHA256","282FD16B421EF9FE3C4F5B1733D5D55F39C548D294DCB7D1FA29C9E056B04F31","C:\Users\User\OneDrive\Documents\Uni\Dissertation\MScProject\SSD Files\PNY CS900\Secure Erase\recup_dir.2\f9101520.jpg"
"SHA256","FA34BC912875FA05EC1C119D99EADD74C5AC5CE64D66D2651394DEC3CE0D893D","C:\Users\User\OneDrive\Documents\Uni\Dissertation\MScProject\SSD Files\PNY CS900\Secure Erase\recup_dir.2\f9101912.jpg"
"SHA256","7C5C175A32D07ADBE2ADCE2213FBC2AD47E73003B4F3A3236178FA4EA6531A1D","C:\Users\User\OneDrive\Documents\Uni\Dissertation\MScProject\SSD Files\PNY CS900\Secure Erase\recup_dir.2\f9101928.jpg"
"SHA256","28A77A266CBBB9256842432D2881B369ECE94FD45DCA34A91FB31831846B1485","C:\Users\User\OneDrive\Documents\Uni\Dissertation\MScProject\SSD Files\PNY CS900\Secure Erase\recup_dir.2\f9102112.jpg"
"SHA256","52206DB20028DE296B278EE474AD84FD271E9071BC1FAFCBA0E81BC9752C19E9","C:\Users\User\OneDrive\Documents\Uni\Dissertation\MScProject\SSD Files\PNY CS900\Secure Erase\recup_dir.2\f9102360.jpg"
"SHA256","7CFF9101AF56CEE51FF0D601BFB020DD73F0D367091FD5A60DCD63E75EB99A55","C:\Users\User\OneDrive\Documents\Uni\Dissertation\MScProject\SSD Files\PNY CS900\Secure Erase\recup_dir.2\f9102520.jpg"
"SHA256","BEB75BF194CC578D3464CE60F47D9B234E09819D62D131C0187076272AC644D4","C:\Users\User\OneDrive\Documents\Uni\Dissertation\MScProject\SSD Files\PNY CS900\Secure Erase\recup_dir.2\f9102688.jpg"
"SHA256","43128A3B91B8C534506777503BBE683C17B8536662363C9964941CF2A42FB887","C:\Users\User\OneDrive\Documents\Uni\Dissertation\MScProject\SSD Files\PNY CS900\Secure Erase\recup_dir.2\f9102744.jpg"
"SHA256","6EA8517E92C92657E3EE63B04835637716789B5AA0216D7ABE888B00435499D6","C:\Users\User\OneDrive\Documents\Uni\Dissertation\MScProject\SSD Files\PNY CS900\Secure Erase\recup_dir.2\f9102752.jpg"
"SHA256","ABE914CD65FF793C0DD43681CD8423ABD977C8B642B723EE28F9B154C19AC474","C:\Users\User\OneDrive\Documents\Uni\Dissertation\MScProject\SSD Files\PNY CS900\Secure Erase\recup_dir.2\f9102784.jpg"
"SHA256","66560DDD55D9450389538865B8034E8F7A555D8E792019EC096621489C0764EF","C:\Users\User\OneDrive\Documents\Uni\Dissertation\MScProject\SSD Files\PNY CS900\Secure Erase\recup_dir.2\f9102816.jpg"
"SHA256","1AEF5A49A46108352F8832E7613EA224028E757138D86DAE3D3E73A78C147C7F","C:\Users\User\OneDrive\Documents\Uni\Dissertation\MScProject\SSD Files\PNY CS900\Secure Erase\recup_dir.2\f9103008.jpg"
"SHA256","400863DA73FEE72E1443DDBD7D682BAA6047A4B3226AEAC3E0630A8024D4D14E","C:\Users\User\OneDrive\Documents\Uni\Dissertation\MScProject\SSD Files\PNY CS900\Secure Erase\recup_dir.2\f9103184.jpg"
"SHA256","C42B35B3C00C41DC9EEA716BF5A95D34447F826708E54231EEBFFEBFBF3091C1","C:\Users\User\OneDrive\Documents\Uni\Dissertation\MScProject\SSD Files\PNY CS900\Secure Erase\recup_dir.2\f9103320.jpg"
"SHA256","DFC93EE8EB4306806D9D9F645B06FE15C0C4E8D6CBCBA3FAC93D55FFCC478B9C","C:\Users\User\OneDrive\Documents\Uni\Dissertation\MScProject\SSD Files\PNY CS900\Secure Erase\recup_dir.2\f9103336.jpg"
"SHA256","63597391121E897752A4CECABDDDDA4956C0EAE3B02B1F32D1FC8E73BAC1F06F","C:\Users\User\OneDrive\Documents\Uni\Dissertation\MScProject\SSD Files\PNY CS900\Secure Erase\recup_dir.2\f9103552.jpg"
"SHA256","0E0D2BEE56236EC642F54E37D944071361A177675D77B414B432BCA762C167FE","C:\Users\User\OneDrive\Documents\Uni\Dissertation\MScProject\SSD Files\PNY CS900\Secure Erase\recup_dir.2\f9103592.jpg"
"SHA256","82CABF18B76A5DE615042568B68C4FE14246B572F2BDE53704FDA75AF49F35C3","C:\Users\User\OneDrive\Documents\Uni\Dissertation\MScProject\SSD Files\PNY CS900\Secure Erase\recup_dir.2\f9103632.jpg"
"SHA256","87E7E9A61B9B93F3AB14937FDBF514EBD3DD966183CC9B5786D262B0A7B1EA08","C:\Users\User\OneDrive\Documents\Uni\Dissertation\MScProject\SSD Files\PNY CS900\Secure Erase\recup_dir.2\f9103696.jpg"
"SHA256","E0D3782725A9553661BDCF84C0961852D4F3682760B7E76CF0DAD1D4DE761AEB","C:\Users\User\OneDrive\Documents\Uni\Dissertation\MScProject\SSD Files\PNY CS900\Secure Erase\recup_dir.2\f9103920.jpg"
"SHA256","701E062345D7659F2E010B4073601F743708EEAA264275CEC393840115F93A60","C:\Users\User\OneDrive\Documents\Uni\Dissertation\MScProject\SSD Files\PNY CS900\Secure Erase\recup_dir.2\f9105392.jpg"
"SHA256","5BBAFAE91F2ED6D91C34800BEA1BECCDBCD01304AECA4ABABAC8773246683952","C:\Users\User\OneDrive\Documents\Uni\Dissertation\MScProject\SSD Files\PNY CS900\Secure Erase\recup_dir.2\f9105456.jpg"
"SHA256","F4EF0F86D953C377F5031E94793554B0F0A6CFE11CAB9EE59056FFAF9765D89F","C:\Users\User\OneDrive\Documents\Uni\Dissertation\MScProject\SSD Files\PNY CS900\Secure Erase\recup_dir.2\f9105488.jpg"
"SHA256","4700CB21088D15735CB59DAE869544FBD1105C803FE8F0A431F71ADC7BA7A465","C:\Users\User\OneDrive\Documents\Uni\Dissertation\MScProject\SSD Files\PNY CS900\Secure Erase\recup_dir.2\f9105816.jpg"
"SHA256","3B9E07F7D284AE3787CB1D22DE2BD4132AA5E8C3CEADF639B7D9440B74163145","C:\Users\User\OneDrive\Documents\Uni\Dissertation\MScProject\SSD Files\PNY CS900\Secure Erase\recup_dir.2\f9105856.jpg"
"SHA256","41907622AD46812BACB2A13E8F520C64CF7F56105264DE2060AFCC0184AA9A2A","C:\Users\User\OneDrive\Documents\Uni\Dissertation\MScProject\SSD Files\PNY CS900\Secure Erase\recup_dir.2\f9105888.jpg"
"SHA256","D8B7B89CC87C963CF3AC92AA10AE143A6681D277A8C20E6B152673E2B0603349","C:\Users\User\OneDrive\Documents\Uni\Dissertation\MScProject\SSD Files\PNY CS900\Secure Erase\recup_dir.2\f9105912.jpg"
"SHA256","8B7BEE175E39E21B525AA41AC18C63A3F8B3338CE00C5B5C1417EC7BCA463755","C:\Users\User\OneDrive\Documents\Uni\Dissertation\MScProject\SSD Files\PNY CS900\Secure Erase\recup_dir.2\f9106392.jpg"
"SHA256","A2C5D349F6719AAF438DC6BB8E488F221880744A96C12F9520AAC5F8F1AAFB6E","C:\Users\User\OneDrive\Documents\Uni\Dissertation\MScProject\SSD Files\PNY CS900\Secure Erase\recup_dir.2\f9106496.jpg"
"SHA256","89A17AB09EE010410A965C08A3BEA6DCD7F03D05EEB0F17600ED4383AED9ED3D","C:\Users\User\OneDrive\Documents\Uni\Dissertation\MScProject\SSD Files\PNY CS900\Secure Erase\recup_dir.2\f9106728.jpg"
"SHA256","7FAA37E1D4A34E9E87895DCA2FC6AD8E23FE31FC72D43591602B77B6BAC7485B","C:\Users\User\OneDrive\Documents\Uni\Dissertation\MScProject\SSD Files\PNY CS900\Secure Erase\recup_dir.2\f9107368.jpg"
"SHA256","E53DAA0E21C3D8F08BAACF70264A2D3372A54FD43B44D0AC1B87B7B971A4354C","C:\Users\User\OneDrive\Documents\Uni\Dissertation\MScProject\SSD Files\PNY CS900\Secure Erase\recup_dir.2\f9109192.jpg"
"SHA256","F470A0794C0CD5A3CAF31FFDF5ABF244974FA13D8FD9CC3B7644467D7FE27F0E","C:\Users\User\OneDrive\Documents\Uni\Dissertation\MScProject\SSD Files\PNY CS900\Secure Erase\recup_dir.2\f9115624.jpg"
"SHA256","AC966C57A7771FED9FF02914D92E191988123F2D59BF74B63CA0400345A82C60","C:\Users\User\OneDrive\Documents\Uni\Dissertation\MScProject\SSD Files\PNY CS900\Secure Erase\recup_dir.2\f9115736.jpg"
"SHA256","878479151AD28B3A4A2F28D7D3D9A0C1B11023FEA8C057674D005592A51A3AFF","C:\Users\User\OneDrive\Documents\Uni\Dissertation\MScProject\SSD Files\PNY CS900\Secure Erase\recup_dir.2\f9117008.jpg"
"SHA256","481F4D6862ACEB966B62B9B9B2553A9CC4FDF71F2A5A6A983B17A586155F866E","C:\Users\User\OneDrive\Documents\Uni\Dissertation\MScProject\SSD Files\PNY CS900\Secure Erase\recup_dir.2\f9117344.jpg"
"SHA256","29E66E86F2271B90CC486D46E72499AD8CC6F0A5F57F6062E3687A9630EE180E","C:\Users\User\OneDrive\Documents\Uni\Dissertation\MScProject\SSD Files\PNY CS900\Secure Erase\recup_dir.2\f9117728.jpg"
"SHA256","42DF91CB1BA7F623644AB8C47EEBC23998F843B741D450E74F47045EEF9D7F0D","C:\Users\User\OneDrive\Documents\Uni\Dissertation\MScProject\SSD Files\PNY CS900\Secure Erase\recup_dir.2\f9119992.jpg"
"SHA256","D341338CA4014E782245294F8DD21392DC8454A5ACE4DB276B3834EEA16A8409","C:\Users\User\OneDrive\Documents\Uni\Dissertation\MScProject\SSD Files\PNY CS900\Secure Erase\recup_dir.2\f9120288.jpg"
"SHA256","46A73DDD5645AA3FB2BE8B05E452F086ED5823C42676CEDED84B94EF200A247E","C:\Users\User\OneDrive\Documents\Uni\Dissertation\MScProject\SSD Files\PNY CS900\Secure Erase\recup_dir.2\f9121416.jpg"
"SHA256","35D947811EAA2986A0F65ABE823143206E4755E0D3A4A6FF831930FB6302C376","C:\Users\User\OneDrive\Documents\Uni\Dissertation\MScProject\SSD Files\PNY CS900\Secure Erase\recup_dir.2\f9121432.jpg"
"SHA256","01B2D89FAFE7F871D4F276B33DB8F23C951BD750AA8F7A31F1A6F15B5A3B5A23","C:\Users\User\OneDrive\Documents\Uni\Dissertation\MScProject\SSD Files\PNY CS900\Secure Erase\recup_dir.2\f9121768.jpg"
"SHA256","6C45A16B10A468B3BD54DFB551DB5AA7A97F93246FA5F172A529B8C19344D0F5","C:\Users\User\OneDrive\Documents\Uni\Dissertation\MScProject\SSD Files\PNY CS900\Secure Erase\recup_dir.2\f9124496.jpg"
"SHA256","53CABB82904A1564B44B4D2106F02BF9DC9BE05BCAE374DF1C262E6F675ECDCE","C:\Users\User\OneDrive\Documents\Uni\Dissertation\MScProject\SSD Files\PNY CS900\Secure Erase\recup_dir.2\f9124816.jpg"
"SHA256","ECF41BA454E0DFD1777C7783992A0FA646DC1A3CFBB5180E969700BF2590CF64","C:\Users\User\OneDrive\Documents\Uni\Dissertation\MScProject\SSD Files\PNY CS900\Secure Erase\recup_dir.2\f9126760.jpg"
"SHA256","53794E5FA5081C287A4203CD4D6A4BDC5DAD3312D9497911FA385DCE87F08BE0","C:\Users\User\OneDrive\Documents\Uni\Dissertation\MScProject\SSD Files\PNY CS900\Secure Erase\recup_dir.2\f9131816.jpg"
"SHA256","02694E9A62AA561B9B002C3452E859088B4543AD967E7C9FD334DFD558204C81","C:\Users\User\OneDrive\Documents\Uni\Dissertation\MScProject\SSD Files\PNY CS900\Secure Erase\recup_dir.2\f9132416.jpg"
"SHA256","AAAD1421D84D0F79E88C39144750B0F6F698A3DA5285EA93DC962278D97ABDA6","C:\Users\User\OneDrive\Documents\Uni\Dissertation\MScProject\SSD Files\PNY CS900\Secure Erase\recup_dir.2\f9136392.jpg"
"SHA256","6109CCED8883E0A1A60BDE8EBF372B3D4C15A0BDCCE44DEAF930B144A3B4E434","C:\Users\User\OneDrive\Documents\Uni\Dissertation\MScProject\SSD Files\PNY CS900\Secure Erase\recup_dir.2\f9138216.jpg"
"SHA256","7A7D716B30FE78E4553397B8F75CFC921BD649C7C3CF0A7945829BD4B4528ED9","C:\Users\User\OneDrive\Documents\Uni\Dissertation\MScProject\SSD Files\PNY CS900\Secure Erase\recup_dir.2\f9141424.jpg"
"SHA256","986BB792A5F0396023EFFFE9D716BD8E648E1ABF37158062A4828A3E099E48DD","C:\Users\User\OneDrive\Documents\Uni\Dissertation\MScProject\SSD Files\PNY CS900\Secure Erase\recup_dir.2\f9141584.jpg"
"SHA256","52484778946D6F43C88DDC25351D3309CA2A6C34729B92E2233FCD8023464D00","C:\Users\User\OneDrive\Documents\Uni\Dissertation\MScProject\SSD Files\PNY CS900\Secure Erase\recup_dir.2\f9141640.jpg"
"SHA256","F8D6F88DB2B049F61E7A8FBE96F0017FF7847AF21F46536DC647DA6757AE2241","C:\Users\User\OneDrive\Documents\Uni\Dissertation\MScProject\SSD Files\PNY CS900\Secure Erase\recup_dir.2\f9142432.jpg"
"SHA256","8862B46942CD488391DF0D8B16377AA37BDDCFF212F2E6E68FAD26B1C49599A6","C:\Users\User\OneDrive\Documents\Uni\Dissertation\MScProject\SSD Files\PNY CS900\Secure Erase\recup_dir.2\f9142568.jpg"
"SHA256","140DD18A57101DF990B1E776BEDB8BFB1AA1755732559933550B517CF04CBC22","C:\Users\User\OneDrive\Documents\Uni\Dissertation\MScProject\SSD Files\PNY CS900\Secure Erase\recup_dir.2\f9142696.jpg"
"SHA256","C0470A9E573E209D1159FB8C20BAA7AE723CDE5862239E3FD77E2D9C43A377CD","C:\Users\User\OneDrive\Documents\Uni\Dissertation\MScProject\SSD Files\PNY CS900\Secure Erase\recup_dir.2\f9142728.jpg"
"SHA256","3C417E77A210E6386D41BCE2369D3D41DA39EEE0989F8ED12EEAE9E2CDBBC7EA","C:\Users\User\OneDrive\Documents\Uni\Dissertation\MScProject\SSD Files\PNY CS900\Secure Erase\recup_dir.2\f9142784.jpg"
"SHA256","F4ADB0EBDAAD78ADE4AD1BE7D52F8342223227672854914DE6932E36CE77443F","C:\Users\User\OneDrive\Documents\Uni\Dissertation\MScProject\SSD Files\PNY CS900\Secure Erase\recup_dir.2\f9142832.jpg"
"SHA256","7117AD768585CE1A344F38F101915D42952197C9DC18EB57EA6A8D6825F22320","C:\Users\User\OneDrive\Documents\Uni\Dissertation\MScProject\SSD Files\PNY CS900\Secure Erase\recup_dir.2\f9142856.jpg"
"SHA256","D34351E972DDA3271A660D3D659684B9D8A6158F4DDE40EE3E7F7103E4735E1C","C:\Users\User\OneDrive\Documents\Uni\Dissertation\MScProject\SSD Files\PNY CS900\Secure Erase\recup_dir.2\f9142872.jpg"
"SHA256","098EEAD54391DDFEDA95E09F8F4D3780C29B0CB5E3D0CC881DB50A01896FD88F","C:\Users\User\OneDrive\Documents\Uni\Dissertation\MScProject\SSD Files\PNY CS900\Secure Erase\recup_dir.2\f9143264.jpg"
"SHA256","DC284E1C148E26DA7C0F578F4AC30EC2E2FC91A2BAD3F70F0F2FF8B9B109E365","C:\Users\User\OneDrive\Documents\Uni\Dissertation\MScProject\SSD Files\PNY CS900\Secure Erase\recup_dir.2\f9143416.jpg"
"SHA256","E038392511DA6A4D7631DC67C709716D9523B66881AC9DD53885D8164CAF1EAE","C:\Users\User\OneDrive\Documents\Uni\Dissertation\MScProject\SSD Files\PNY CS900\Secure Erase\recup_dir.2\f9143608.jpg"
"SHA256","105B9832BAD4775687B933AE0EC0812B7D34EF834EBC9FACE1264B529DEEC697","C:\Users\User\OneDrive\Documents\Uni\Dissertation\MScProject\SSD Files\PNY CS900\Secure Erase\recup_dir.2\f9143736.jpg"
"SHA256","003084B59A0C7D7F42710CD075D7D0F299038BD23BB49411AF32320A707F05BF","C:\Users\User\OneDrive\Documents\Uni\Dissertation\MScProject\SSD Files\PNY CS900\Secure Erase\recup_dir.2\f9143816.jpg"
"SHA256","94BDC0558D656E9638183CA045B55CA0E97CF4743F34893C48D2AC42122D03D9","C:\Users\User\OneDrive\Documents\Uni\Dissertation\MScProject\SSD Files\PNY CS900\Secure Erase\recup_dir.2\f9143888.jpg"
"SHA256","22BC7E396ADC0943B0B95F46BDF938D2FD6EEB96C16891B6CFE37B9BA2FE4BF3","C:\Users\User\OneDrive\Documents\Uni\Dissertation\MScProject\SSD Files\PNY CS900\Secure Erase\recup_dir.2\f9143904.jpg"
"SHA256","8410709A32E2FA81DF6033DD017E06FEEA2534CCE58441775FCD49206FCE1F39","C:\Users\User\OneDrive\Documents\Uni\Dissertation\MScProject\SSD Files\PNY CS900\Secure Erase\recup_dir.2\f9144632.jpg"
"SHA256","A95580DF0EFE4166B21226D2B94C37983F8667DCB0CFDC96AAE28B29759A7DA9","C:\Users\User\OneDrive\Documents\Uni\Dissertation\MScProject\SSD Files\PNY CS900\Secure Erase\recup_dir.2\f9144736.jpg"
"SHA256","7AFE021F89885F9AA393D5E6985B9CE5DB290B4824AAA60389CEA55945A52B18","C:\Users\User\OneDrive\Documents\Uni\Dissertation\MScProject\SSD Files\PNY CS900\Secure Erase\recup_dir.2\f9144960.jpg"
"SHA256","A526B50F4ABA129A29FDE9128DF20241E73672D5F6141D6E56BE4DA6A3FDDA34","C:\Users\User\OneDrive\Documents\Uni\Dissertation\MScProject\SSD Files\PNY CS900\Secure Erase\recup_dir.2\f9145432.jpg"
"SHA256","37D4C66A6B6675336E14D1488F0D03942E521C953409B93635733A25A11320EC","C:\Users\User\OneDrive\Documents\Uni\Dissertation\MScProject\SSD Files\PNY CS900\Secure Erase\recup_dir.2\f9145944.jpg"
"SHA256","62320FDC56FA61CFDA5B5F77ACF88EB4875982A443348600B031BC7E6C06E55A","C:\Users\User\OneDrive\Documents\Uni\Dissertation\MScProject\SSD Files\PNY CS900\Secure Erase\recup_dir.2\f9146336.jpg"
"SHA256","F7027ECB7EBCA9B5156BE60C639D1F46B34D10677C210085F22FAEEFE2073FCD","C:\Users\User\OneDrive\Documents\Uni\Dissertation\MScProject\SSD Files\PNY CS900\Secure Erase\recup_dir.2\f9146736.jpg"
"SHA256","59E96604B49FB69EE019F8FC3A5119FCA5448F871217AAFBAEFE6A14054210D5","C:\Users\User\OneDrive\Documents\Uni\Dissertation\MScProject\SSD Files\PNY CS900\Secure Erase\recup_dir.2\f9147136.jpg"
"SHA256","FB4B0F3F73F5EC08E569EC3919B2CA7F7954F192A1437580AB07166C1DD63D03","C:\Users\User\OneDrive\Documents\Uni\Dissertation\MScProject\SSD Files\PNY CS900\Secure Erase\recup_dir.2\f9147168.jpg"
"SHA256","3CB0ECE42BA322488F8835D5FAA3E5DC80601E6FFCE3F9FA9B2FCA29120EB47E","C:\Users\User\OneDrive\Documents\Uni\Dissertation\MScProject\SSD Files\PNY CS900\Secure Erase\recup_dir.2\f9147176.jpg"
"SHA256","6C79739E8B6D1134CE964209F398717D746B0551C76F4A6038C83FDDBAB7429C","C:\Users\User\OneDrive\Documents\Uni\Dissertation\MScProject\SSD Files\PNY CS900\Secure Erase\recup_dir.2\f9147224.jpg"
"SHA256","B2F19B952609D5292CA445DFFFF60F31EF6721ECC0BADAC33DFD91C620D7E117","C:\Users\User\OneDrive\Documents\Uni\Dissertation\MScProject\SSD Files\PNY CS900\Secure Erase\recup_dir.2\f9147256.jpg"
"SHA256","E2F22956B21423611FCCD33EB88A929FDBD3A50591B75B218295F1630DA06176","C:\Users\User\OneDrive\Documents\Uni\Dissertation\MScProject\SSD Files\PNY CS900\Secure Erase\recup_dir.2\f9147296.jpg"
"SHA256","98BA358A36C245E8165F8DA8C3B38397D8AF7F432107B0837845B695518DD4E7","C:\Users\User\OneDrive\Documents\Uni\Dissertation\MScProject\SSD Files\PNY CS900\Secure Erase\recup_dir.2\f9147344.jpg"
"SHA256","61F3DE068A88AE251E64153275ED48041802EA4A2F78356DCD024CE454D6B4F5","C:\Users\User\OneDrive\Documents\Uni\Dissertation\MScProject\SSD Files\PNY CS900\Secure Erase\recup_dir.2\f9147376.jpg"
"SHA256","E0EA0D9F3F52B969D7A40BB9A978E0B1544EE1323582A9492EE4E73C84E518D7","C:\Users\User\OneDrive\Documents\Uni\Dissertation\MScProject\SSD Files\PNY CS900\Secure Erase\recup_dir.2\f9147664.jpg"
"SHA256","D20D6E777534E4349FECF33E8950D0C5BE09DCC2F409F2AFED9F95F77C8EB8CC","C:\Users\User\OneDrive\Documents\Uni\Dissertation\MScProject\SSD Files\PNY CS900\Secure Erase\recup_dir.2\f9147712.jpg"
"SHA256","BAF0758E3AAF06A620F3AA20418D527B0D202C041E17808ED851CB22DAA80E67","C:\Users\User\OneDrive\Documents\Uni\Dissertation\MScProject\SSD Files\PNY CS900\Secure Erase\recup_dir.2\f9147792.jpg"
"SHA256","BDD91BE853F38F7554C907E878CDE963F42EC6A78B411E1C6C5D365D673EBA18","C:\Users\User\OneDrive\Documents\Uni\Dissertation\MScProject\SSD Files\PNY CS900\Secure Erase\recup_dir.2\f9147848.jpg"
"SHA256","B95AD85311DB1D96CAC495BC4347F675CF2C0EF9123C91608FDFE0A39A154F48","C:\Users\User\OneDrive\Documents\Uni\Dissertation\MScProject\SSD Files\PNY CS900\Secure Erase\recup_dir.2\f9147944.jpg"
"SHA256","79437E505B4321C866AD121B9293C6BAF193157A4E66AB5C80CB889DCD17E4EB","C:\Users\User\OneDrive\Documents\Uni\Dissertation\MScProject\SSD Files\PNY CS900\Secure Erase\recup_dir.2\f9148048.jpg"
"SHA256","B58EA31ACB11BC058FFFDD312780F0654AE9F945085EE8C38D6110ADC9C41011","C:\Users\User\OneDrive\Documents\Uni\Dissertation\MScProject\SSD Files\PNY CS900\Secure Erase\recup_dir.2\f9148072.jpg"
"SHA256","CC48A91AA4786018B1833922D6079F7A006059814A0BEC2D6B41EC9638935216","C:\Users\User\OneDrive\Documents\Uni\Dissertation\MScProject\SSD Files\PNY CS900\Secure Erase\recup_dir.2\f9148184.jpg"
"SHA256","05206A3A19C0AD502BD4F22FF39B3DF99E7E2992B93F44CC6B0CAAA3ECCDF317","C:\Users\User\OneDrive\Documents\Uni\Dissertation\MScProject\SSD Files\PNY CS900\Secure Erase\recup_dir.2\f9148328.jpg"
"SHA256","67D2B7D6D8F740A20C868AC8278EA6AD801A4DAA82BF0BD56DC28683D6ABFFAF","C:\Users\User\OneDrive\Documents\Uni\Dissertation\MScProject\SSD Files\PNY CS900\Secure Erase\recup_dir.2\f9148608.jpg"
"SHA256","39E802DF5EB59404D5EF71BD76D800BB858169AB3748ACAC00D470A5ADBF91F9","C:\Users\User\OneDrive\Documents\Uni\Dissertation\MScProject\SSD Files\PNY CS900\Secure Erase\recup_dir.2\f9148728.jpg"
"SHA256","33A7118BD34FA0BF0E3B1B42151EE27D9C45647E22482466C39FA74B7D8EB909","C:\Users\User\OneDrive\Documents\Uni\Dissertation\MScProject\SSD Files\PNY CS900\Secure Erase\recup_dir.2\f9148936.jpg"
"SHA256","19596BB845CBD1C1BDE1A9C0D4615E95CE91B74E5A7CE597A87D46062EDBA4B2","C:\Users\User\OneDrive\Documents\Uni\Dissertation\MScProject\SSD Files\PNY CS900\Secure Erase\recup_dir.2\f9149024.jpg"
"SHA256","F9E3AF74350BB4132738CD28002B6B215D9F1451D51BF687BAE4342DB88FC059","C:\Users\User\OneDrive\Documents\Uni\Dissertation\MScProject\SSD Files\PNY CS900\Secure Erase\recup_dir.2\f9149160.jpg"
"SHA256","000151034A707C5FA4F56BF279B1DC3AF2F1289DEA5DCF3F7B4D9B1D50A5A856","C:\Users\User\OneDrive\Documents\Uni\Dissertation\MScProject\SSD Files\PNY CS900\Secure Erase\recup_dir.2\f9150088.jpg"
"SHA256","340D9A7D96D7EAF03780A883573F1E052E2E025F7E442FE6726620D878F54DEA","C:\Users\User\OneDrive\Documents\Uni\Dissertation\MScProject\SSD Files\PNY CS900\Secure Erase\recup_dir.2\f9150168.jpg"
"SHA256","B7529F166C2E2EAF40045C93683EA0924FE7F8A69BF5FA32366D1A120F316A15","C:\Users\User\OneDrive\Documents\Uni\Dissertation\MScProject\SSD Files\PNY CS900\Secure Erase\recup_dir.2\f9150328.jpg"
"SHA256","3630072A7FBBD7CB39170D22D277729F66FEAD6FFC0CF1EF7F3FB436B6243FF2","C:\Users\User\OneDrive\Documents\Uni\Dissertation\MScProject\SSD Files\PNY CS900\Secure Erase\recup_dir.2\f9150480.jpg"
"SHA256","335BD81A11681E72014161BA2354A38836C50EC70EBEE24166742D4D28E05D7C","C:\Users\User\OneDrive\Documents\Uni\Dissertation\MScProject\SSD Files\PNY CS900\Secure Erase\recup_dir.2\f9150768.jpg"
"SHA256","094381CD690412B35629F76EE4C16DADF1CCDDC9E2DAF51E1635323E79F82837","C:\Users\User\OneDrive\Documents\Uni\Dissertation\MScProject\SSD Files\PNY CS900\Secure Erase\recup_dir.2\f9150776.jpg"
"SHA256","B19C7E6458500B83A3580A7A1A6FF171A53889846DB3139CD6945FCEC5A7A2F3","C:\Users\User\OneDrive\Documents\Uni\Dissertation\MScProject\SSD Files\PNY CS900\Secure Erase\recup_dir.2\f9150784.jpg"
"SHA256","7EB04E884D804E832C6C0E6651760868ECBEE088158E4987BCD9A892CDA69A4D","C:\Users\User\OneDrive\Documents\Uni\Dissertation\MScProject\SSD Files\PNY CS900\Secure Erase\recup_dir.2\f9150864.jpg"
"SHA256","0390D8321215186B1482DEF1D5154CB20F329AD025ECD0AC1C44A219286A3C8F","C:\Users\User\OneDrive\Documents\Uni\Dissertation\MScProject\SSD Files\PNY CS900\Secure Erase\recup_dir.2\f9150880.jpg"
"SHA256","4B70663380F42D4246BC3F344FDD830990C9514340606EB3FFD6138211474FE4","C:\Users\User\OneDrive\Documents\Uni\Dissertation\MScProject\SSD Files\PNY CS900\Secure Erase\recup_dir.2\f9150896.jpg"
"SHA256","B6FEE0CA70C95E7AA6C8EB425ACDD700C386B81B58452FA8C684409D36584103","C:\Users\User\OneDrive\Documents\Uni\Dissertation\MScProject\SSD Files\PNY CS900\Secure Erase\recup_dir.2\f9150960.jpg"
"SHA256","6CFE32BBACF6DC3E2B6FF6CCE6AB7807ECBA0E72A1F9868D7FBFC800655F32E4","C:\Users\User\OneDrive\Documents\Uni\Dissertation\MScProject\SSD Files\PNY CS900\Secure Erase\recup_dir.2\f9150984.jpg"
"SHA256","2D3624BAC5A99A2E74526341685DEBA782E3230DBD8BD126F9C0851CBDA5F866","C:\Users\User\OneDrive\Documents\Uni\Dissertation\MScProject\SSD Files\PNY CS900\Secure Erase\recup_dir.2\f9151048.jpg"
"SHA256","C9A146AB0F30B09B00633770BDD523EA16EA7660F5F1C870078539B97457D552","C:\Users\User\OneDrive\Documents\Uni\Dissertation\MScProject\SSD Files\PNY CS900\Secure Erase\recup_dir.2\f9151112.jpg"
"SHA256","20A9E15669E8D093679A8924A69E1D3F4C481CCFEE8E819E0CF24ED15F0673BC","C:\Users\User\OneDrive\Documents\Uni\Dissertation\MScProject\SSD Files\PNY CS900\Secure Erase\recup_dir.2\f9151168.jpg"
"SHA256","9F04386794A9FB0B3B528CCCFC4C0C85D1F4C7B99D8D8E9674534B031C1B3B91","C:\Users\User\OneDrive\Documents\Uni\Dissertation\MScProject\SSD Files\PNY CS900\Secure Erase\recup_dir.2\f9151552.jpg"
"SHA256","E8366718CCA1FB7F28C2CDE69A4CD2541990E4CB195F5DB3132D2D05B6082BA6","C:\Users\User\OneDrive\Documents\Uni\Dissertation\MScProject\SSD Files\PNY CS900\Secure Erase\recup_dir.2\f9151600.jpg"
"SHA256","2F22803064D65DD0213ABF9A11C720E03B211B55696AD222AB3FC9DFE25A5C5B","C:\Users\User\OneDrive\Documents\Uni\Dissertation\MScProject\SSD Files\PNY CS900\Secure Erase\recup_dir.2\f9159528.jpg"
"SHA256","A4E039A721206921E4138A52C92547E96BFA085FE1BA934DEF72A8A1396176A3","C:\Users\User\OneDrive\Documents\Uni\Dissertation\MScProject\SSD Files\PNY CS900\Secure Erase\recup_dir.2\f9159560.jpg"
"SHA256","457DB51B43ED8B12928B7F5FB6F7BED8B8CCECA0C3D8E55D625EF2D28656BEA2","C:\Users\User\OneDrive\Documents\Uni\Dissertation\MScProject\SSD Files\PNY CS900\Secure Erase\recup_dir.2\f9159976.jpg"
"SHA256","96B25737B726B8DC7AC8D8085D0FEF646EC0500D56C2F517C0F13D95A4F30D50","C:\Users\User\OneDrive\Documents\Uni\Dissertation\MScProject\SSD Files\PNY CS900\Secure Erase\recup_dir.2\f9160264.jpg"
"SHA256","C164E4C34EF9F26A96EB7DE498E208D255620294C696F26F5A03327B0F93B7E9","C:\Users\User\OneDrive\Documents\Uni\Dissertation\MScProject\SSD Files\PNY CS900\Secure Erase\recup_dir.2\f9160272.jpg"
"SHA256","6987107DFE4964406C27FDA9064412D2D58A7B35B36BC19897C0F01CFAED5A43","C:\Users\User\OneDrive\Documents\Uni\Dissertation\MScProject\SSD Files\PNY CS900\Secure Erase\recup_dir.2\f9160352.jpg"
"SHA256","683445F4144142B24CA3BECB2ED87F588B867CA0B00898F7ABFC976DAD0E49AF","C:\Users\User\OneDrive\Documents\Uni\Dissertation\MScProject\SSD Files\PNY CS900\Secure Erase\recup_dir.2\f9160392.jpg"
"SHA256","AC566EAEB5407820422525E0F3DFF4E0C4D9F144BF3F915909DEB15178A7DFFE","C:\Users\User\OneDrive\Documents\Uni\Dissertation\MScProject\SSD Files\PNY CS900\Secure Erase\recup_dir.2\f9160784.jpg"
"SHA256","3D0BE3568989F735692A444C2BD966DC3CCA232041F3247C998BDB38E244D58A","C:\Users\User\OneDrive\Documents\Uni\Dissertation\MScProject\SSD Files\PNY CS900\Secure Erase\recup_dir.2\f9160792.jpg"
"SHA256","5FAFD39D1EA2F197A8ED75659D240CFF85B1C5E9709A544C132F29FC6A4A6FA0","C:\Users\User\OneDrive\Documents\Uni\Dissertation\MScProject\SSD Files\PNY CS900\Secure Erase\recup_dir.2\f9160800.jpg"
"SHA256","524CA942AB7011CB26581633024D830E90CD1AEC67BAF47CF9549D88CAD993BE","C:\Users\User\OneDrive\Documents\Uni\Dissertation\MScProject\SSD Files\PNY CS900\Secure Erase\recup_dir.2\f9161296.jpg"
"SHA256","51977C1FA43FBE69C9BFECB9699A24FD31C48C0C70CE809847B659C4B790486E","C:\Users\User\OneDrive\Documents\Uni\Dissertation\MScProject\SSD Files\PNY CS900\Secure Erase\recup_dir.2\f9161496.jpg"
"SHA256","D4AE2B58C64DC037851C82E05CC68AB45AFF0C5AEA14243E561FFD66E72A1E8A","C:\Users\User\OneDrive\Documents\Uni\Dissertation\MScProject\SSD Files\PNY CS900\Secure Erase\recup_dir.2\f9161552.jpg"
"SHA256","AA21F740A53919C90CC20C4A0DF024073BF78D5DD7530E7D23AF2FE4C0A3B172","C:\Users\User\OneDrive\Documents\Uni\Dissertation\MScProject\SSD Files\PNY CS900\Secure Erase\recup_dir.2\f9161568.jpg"
"SHA256","9453F9EFE4B38E5855A784C74D5217FA4C2B6A6CD57B7022BB002B3EE8F492A3","C:\Users\User\OneDrive\Documents\Uni\Dissertation\MScProject\SSD Files\PNY CS900\Secure Erase\recup_dir.2\f9161592.jpg"
"SHA256","B50F7A81DB50FB388B815F7C509E94F96885907A46E72566FBB4CC257FA6BEE6","C:\Users\User\OneDrive\Documents\Uni\Dissertation\MScProject\SSD Files\PNY CS900\Secure Erase\recup_dir.2\f9161624.jpg"
"SHA256","78E851D9AEEEAF7738948525B597CC30C20B06FBD132FB3571632F13D58E903C","C:\Users\User\OneDrive\Documents\Uni\Dissertation\MScProject\SSD Files\PNY CS900\Secure Erase\recup_dir.2\f9161648.jpg"
"SHA256","437D538D50DB79A366F5E6ABA13EE1E54E69B146C8E26BD25C7DA7B960361866","C:\Users\User\OneDrive\Documents\Uni\Dissertation\MScProject\SSD Files\PNY CS900\Secure Erase\recup_dir.2\f9161672.jpg"
"SHA256","106D4834A5FD4BA79C5013FB42CE2E5219AC637AB1EF681CC06FACD4D7CD0C67","C:\Users\User\OneDrive\Documents\Uni\Dissertation\MScProject\SSD Files\PNY CS900\Secure Erase\recup_dir.2\f9161688.jpg"
"SHA256","90C37A238077C3FD7740F7B8B0AA390E0D9FB4882DCBF7A839BE0C5DBDC400A0","C:\Users\User\OneDrive\Documents\Uni\Dissertation\MScProject\SSD Files\PNY CS900\Secure Erase\recup_dir.2\f9161712.jpg"
"SHA256","AA17B6CB76A3297B6ECE29508927A228D361F5A168BAAB9EDE8BEE70B9FBEC8B","C:\Users\User\OneDrive\Documents\Uni\Dissertation\MScProject\SSD Files\PNY CS900\Secure Erase\recup_dir.2\f9161784.jpg"
"SHA256","D2CF45BE127733A865A5249BC1606106E8A21C4E02AF3CB769A1DF9E4159F8B7","C:\Users\User\OneDrive\Documents\Uni\Dissertation\MScProject\SSD Files\PNY CS900\Secure Erase\recup_dir.2\f9161800.jpg"
"SHA256","99B88B16E8AFBF88CA016E5F44011F56C33860047D7B4BE8A3466735F126A93D","C:\Users\User\OneDrive\Documents\Uni\Dissertation\MScProject\SSD Files\PNY CS900\Secure Erase\recup_dir.2\f9161816.jpg"
"SHA256","0C5C7333561D50C29EF397488E9A0825D990C57F1B3BF7C05F672E0D0B2DFF03","C:\Users\User\OneDrive\Documents\Uni\Dissertation\MScProject\SSD Files\PNY CS900\Secure Erase\recup_dir.2\f9161832.jpg"
"SHA256","E3F94F09AFD76A8BB8DD69C0947BBBF77860FC697BA9E91625791630AE1BBA5C","C:\Users\User\OneDrive\Documents\Uni\Dissertation\MScProject\SSD Files\PNY CS900\Secure Erase\recup_dir.2\f9162112.jpg"
"SHA256","D5EC3402AB51F6A4A69F4FC1BECF45CF43CFCB2BF5605073EB23346C7BFD0140","C:\Users\User\OneDrive\Documents\Uni\Dissertation\MScProject\SSD Files\PNY CS900\Secure Erase\recup_dir.2\f9162136.jpg"
"SHA256","CF23C133D08BE0C7DD3E25C48846AC3A1984E12CA26451F62EA7F56359C42D36","C:\Users\User\OneDrive\Documents\Uni\Dissertation\MScProject\SSD Files\PNY CS900\Secure Erase\recup_dir.2\f9162208.jpg"
"SHA256","E3178EFCFB2D1A0505FAA3ADC4883CE09E9708CCE9908E700C5BE6A5CB158493","C:\Users\User\OneDrive\Documents\Uni\Dissertation\MScProject\SSD Files\PNY CS900\Secure Erase\recup_dir.2\f9162240.jpg"
"SHA256","AA744C2DD7553AEDA3B42CF0FA2610E10BD650878814B8F2321984E375456BAD","C:\Users\User\OneDrive\Documents\Uni\Dissertation\MScProject\SSD Files\PNY CS900\Secure Erase\recup_dir.2\f9162256.jpg"
"SHA256","CB49CCB52387E190F30CC6EBA916253A68E2098A2D257FE71621CFC98C0ED933","C:\Users\User\OneDrive\Documents\Uni\Dissertation\MScProject\SSD Files\PNY CS900\Secure Erase\recup_dir.2\f9162296.jpg"
"SHA256","A2CC0D407F3C6D3BBCB391CE44478FE86BC31AC4EFF17970FFF49AE13C483068","C:\Users\User\OneDrive\Documents\Uni\Dissertation\MScProject\SSD Files\PNY CS900\Secure Erase\recup_dir.2\f9162328.jpg"
"SHA256","0AF186AF1A62D3916CD5947493E19B5E26913731EAEFC6C848F698119155B57F","C:\Users\User\OneDrive\Documents\Uni\Dissertation\MScProject\SSD Files\PNY CS900\Secure Erase\recup_dir.2\f9162344.jpg"
"SHA256","C8591F8C9CCAC8967BC287DEBCF7C89B98FC2CA29BD1D50C2384F1211CB5A284","C:\Users\User\OneDrive\Documents\Uni\Dissertation\MScProject\SSD Files\PNY CS900\Secure Erase\recup_dir.2\f9162544.jpg"
"SHA256","DA87B9F78470E22CB7A20B97E313C3A16C77C8A173D44A114C5388DB05C16B74","C:\Users\User\OneDrive\Documents\Uni\Dissertation\MScProject\SSD Files\PNY CS900\Secure Erase\recup_dir.2\f9162632.jpg"
"SHA256","1AB0364BC395203F7CAC6EF3658444B7687BD22F786E4C5758092D4BBFE73254","C:\Users\User\OneDrive\Documents\Uni\Dissertation\MScProject\SSD Files\PNY CS900\Secure Erase\recup_dir.2\f9162744.jpg"
"SHA256","38AA8CA31DBA670F4AE0F30A734FE59B1126E0D7107A1FC63CCEA99604903653","C:\Users\User\OneDrive\Documents\Uni\Dissertation\MScProject\SSD Files\PNY CS900\Secure Erase\recup_dir.2\f9163120.jpg"
"SHA256","7943D48D683A603748068B9E993C4864C01EEFC341EADC56D83D1A179DE38260","C:\Users\User\OneDrive\Documents\Uni\Dissertation\MScProject\SSD Files\PNY CS900\Secure Erase\recup_dir.2\f9163208.jpg"
"SHA256","CA47D9A1861F23452DDC14E60F5BB0280786DAE74B4C1AFFD1B9FF8D7A23A16E","C:\Users\User\OneDrive\Documents\Uni\Dissertation\MScProject\SSD Files\PNY CS900\Secure Erase\recup_dir.2\f9163288.jpg"
"SHA256","B18D35E2540BD8E58BBE79D1E4619E43BAC84A1CE4D38EEAB470770B64CC321B","C:\Users\User\OneDrive\Documents\Uni\Dissertation\MScProject\SSD Files\PNY CS900\Secure Erase\recup_dir.2\f9163344.jpg"
"SHA256","62A2B68A5839EA3F9CCD3F7D504026871E347F28C55D60D39093307D7446CFD6","C:\Users\User\OneDrive\Documents\Uni\Dissertation\MScProject\SSD Files\PNY CS900\Secure Erase\recup_dir.2\f9163400.jpg"
"SHA256","3B826F3BEE913B599E7BEB22C54121A1538A348B18CF5662311DAD27D5B4B5EE","C:\Users\User\OneDrive\Documents\Uni\Dissertation\MScProject\SSD Files\PNY CS900\Secure Erase\recup_dir.2\f9163472.jpg"
"SHA256","72EF850C71C557450CA3FBAFAFC9569F5074F31C22B00928E4A676AFE8776167","C:\Users\User\OneDrive\Documents\Uni\Dissertation\MScProject\SSD Files\PNY CS900\Secure Erase\recup_dir.2\f9163528.jpg"
"SHA256","7E586E1212D3199AE6F5641CC0C8083AE69AF2420A4E9A169A6E938F17926FBB","C:\Users\User\OneDrive\Documents\Uni\Dissertation\MScProject\SSD Files\PNY CS900\Secure Erase\recup_dir.2\f9163592.jpg"
"SHA256","B118F2ECEEBE905EA76D0F5CA728FECD0F3DADA957B7C16865A55C86A88D472D","C:\Users\User\OneDrive\Documents\Uni\Dissertation\MScProject\SSD Files\PNY CS900\Secure Erase\recup_dir.2\f9163648.jpg"
"SHA256","C27B2AFB36A8E51371B56823B40A3450402CA2F729C306699238189C9398552B","C:\Users\User\OneDrive\Documents\Uni\Dissertation\MScProject\SSD Files\PNY CS900\Secure Erase\recup_dir.2\f9163720.jpg"
"SHA256","34CA42A60ED17B93AB46496D31BFFDC81515E7B7A1E3B2BE2C5F81EDF822668B","C:\Users\User\OneDrive\Documents\Uni\Dissertation\MScProject\SSD Files\PNY CS900\Secure Erase\recup_dir.2\f9163776.jpg"
"SHA256","13324F75763D50EF8C3F03C963F87A27225F7CFB0714FDC3C86BF49C0B95E1F1","C:\Users\User\OneDrive\Documents\Uni\Dissertation\MScProject\SSD Files\PNY CS900\Secure Erase\recup_dir.2\f9163848.jpg"
"SHA256","25875B59402CB6590ED91AACB676DEC0DC028BA6AAEE96B1E79208B017F83B14","C:\Users\User\OneDrive\Documents\Uni\Dissertation\MScProject\SSD Files\PNY CS900\Secure Erase\recup_dir.2\f9163912.jpg"
"SHA256","DF753C1B622076655BBADBEBB965E9BD081B2EDEBBBD2E787B79AED5B2E68553","C:\Users\User\OneDrive\Documents\Uni\Dissertation\MScProject\SSD Files\PNY CS900\Secure Erase\recup_dir.2\f9163976.jpg"
"SHA256","64993488AFD0F2873187456EA7BAA7200C45739A6DF75B107CC17F0AC4D56B64","C:\Users\User\OneDrive\Documents\Uni\Dissertation\MScProject\SSD Files\PNY CS900\Secure Erase\recup_dir.2\f9164032.jpg"
"SHA256","33976D8C72BC40A675C2BE699368B76D338B1B4A3080D5B1DB46DEF72B0483BF","C:\Users\User\OneDrive\Documents\Uni\Dissertation\MScProject\SSD Files\PNY CS900\Secure Erase\recup_dir.2\f9164096.jpg"
"SHA256","20E051AC6A3091873BE0348AA6DDFE89528BF1722BF3FCB077D771DE487EEDD9","C:\Users\User\OneDrive\Documents\Uni\Dissertation\MScProject\SSD Files\PNY CS900\Secure Erase\recup_dir.2\f9164152.jpg"
"SHA256","A1F1B833A91BBD971485497FD5A443DAF28FB7051A63BADC6FE0C7B425E6470B","C:\Users\User\OneDrive\Documents\Uni\Dissertation\MScProject\SSD Files\PNY CS900\Secure Erase\recup_dir.2\f9164232.jpg"
"SHA256","73AA18ADA0ECEE684FA8A043666D58AECD03677228FC367B5A04405A2E2FE664","C:\Users\User\OneDrive\Documents\Uni\Dissertation\MScProject\SSD Files\PNY CS900\Secure Erase\recup_dir.2\f9164288.jpg"
"SHA256","54694C922777EB028A4940384932AAF1EFD8E971D5E6D0D37FB48CD54AA50F66","C:\Users\User\OneDrive\Documents\Uni\Dissertation\MScProject\SSD Files\PNY CS900\Secure Erase\recup_dir.2\f9164344.jpg"
"SHA256","7DB30B1730685B2D5F093AA1AE7A4C7DC2777CAC1A298EA1828F70F2A694C43A","C:\Users\User\OneDrive\Documents\Uni\Dissertation\MScProject\SSD Files\PNY CS900\Secure Erase\recup_dir.2\f9164400.jpg"
"SHA256","AE6EAB11EC1EBF0A12CBC97432FD6218BF74DB05084F5160FAB907C16F5299E9","C:\Users\User\OneDrive\Documents\Uni\Dissertation\MScProject\SSD Files\PNY CS900\Secure Erase\recup_dir.2\f9164488.jpg"
"SHA256","6D1D828FE8CE75B8592CDDDE9BE76D8295A1ACC6AB28CF8B142D968DD612D2E2","C:\Users\User\OneDrive\Documents\Uni\Dissertation\MScProject\SSD Files\PNY CS900\Secure Erase\recup_dir.2\f9164576.jpg"
"SHA256","B543B39A88695AA3E2978AE450534BDD390838E8AFE8686B09776D5B906A5859","C:\Users\User\OneDrive\Documents\Uni\Dissertation\MScProject\SSD Files\PNY CS900\Secure Erase\recup_dir.2\f9164648.jpg"
"SHA256","A3DFBE18916A47EDD6C2C04532B1E40242571AA934B020D0E08CBF0983359AE1","C:\Users\User\OneDrive\Documents\Uni\Dissertation\MScProject\SSD Files\PNY CS900\Secure Erase\recup_dir.2\f9164720.jpg"
"SHA256","A791B6980F43ECF375C0936C067BBE180844E9C211D19B59E829CCC4B929E235","C:\Users\User\OneDrive\Documents\Uni\Dissertation\MScProject\SSD Files\PNY CS900\Secure Erase\recup_dir.2\f9164776.jpg"
"SHA256","8BDB5D34D2E5AF708CD37E57FC4995D4236855CB4FF1E57332EB41BF18D9248F","C:\Users\User\OneDrive\Documents\Uni\Dissertation\MScProject\SSD Files\PNY CS900\Secure Erase\recup_dir.2\f9164832.jpg"
"SHA256","6375CB0E0CF7EA595C90963193F6410E8BAF459F34214D16CD5E5EC716D05D5B","C:\Users\User\OneDrive\Documents\Uni\Dissertation\MScProject\SSD Files\PNY CS900\Secure Erase\recup_dir.2\f9164888.jpg"
"SHA256","42A7FD278B099F4212F573E46F382594B15E2DEEFFF71EC11BD6E62AB45124E1","C:\Users\User\OneDrive\Documents\Uni\Dissertation\MScProject\SSD Files\PNY CS900\Secure Erase\recup_dir.2\f9164952.jpg"
"SHA256","19635FE55A7F624BFE9E5FC24945188F8E07FC69296065542E78E1F98E7034BD","C:\Users\User\OneDrive\Documents\Uni\Dissertation\MScProject\SSD Files\PNY CS900\Secure Erase\recup_dir.2\f9165008.jpg"
"SHA256","147CC0F1FBF79E07DE72741F9989AB1D3BB2C3B519A5F5201BAF81BE7EF6C8F5","C:\Users\User\OneDrive\Documents\Uni\Dissertation\MScProject\SSD Files\PNY CS900\Secure Erase\recup_dir.2\f9165064.jpg"
"SHA256","6193D89ACCDEA067FEB71923F977E3A51591512C3D3A790D14F3B194567274F7","C:\Users\User\OneDrive\Documents\Uni\Dissertation\MScProject\SSD Files\PNY CS900\Secure Erase\recup_dir.2\f9165128.jpg"
"SHA256","792010C1D58393DCC64413742546A2014AFA410546D39B5F59985C478CD004A4","C:\Users\User\OneDrive\Documents\Uni\Dissertation\MScProject\SSD Files\PNY CS900\Secure Erase\recup_dir.2\f9165184.jpg"
"SHA256","01A466391DD9BC8626842466B94AA76A89216CD0BDDF0FC72376F02FA95FC98F","C:\Users\User\OneDrive\Documents\Uni\Dissertation\MScProject\SSD Files\PNY CS900\Secure Erase\recup_dir.2\f9165344.jpg"
"SHA256","9EC1BBC718440A99B2D08809C0B844619FA9419A9E19CA7767B93B2038EE9C46","C:\Users\User\OneDrive\Documents\Uni\Dissertation\MScProject\SSD Files\PNY CS900\Secure Erase\recup_dir.2\f9165432.jpg"
"SHA256","FF35EB24AA8699FC9FBB2525B68BFB8C395547F0A72286BD6A2DF27AA9503567","C:\Users\User\OneDrive\Documents\Uni\Dissertation\MScProject\SSD Files\PNY CS900\Secure Erase\recup_dir.2\f9165520.jpg"
"SHA256","7F963A15BE04C6BADC1B8BDA3F58555B73A307508D0CDAEA181CE855A8726A9F","C:\Users\User\OneDrive\Documents\Uni\Dissertation\MScProject\SSD Files\PNY CS900\Secure Erase\recup_dir.2\f9165624.jpg"
"SHA256","7C29CF1BF01903332B067E2CA895262AB66DCC86DC8B412F9D3F40D98DDD6D4D","C:\Users\User\OneDrive\Documents\Uni\Dissertation\MScProject\SSD Files\PNY CS900\Secure Erase\recup_dir.2\f9165696.jpg"
"SHA256","3B7EF7145CF3C3C4216A662C6B5A443090C104D2C3D08448F0AA89FA3AB66D56","C:\Users\User\OneDrive\Documents\Uni\Dissertation\MScProject\SSD Files\PNY CS900\Secure Erase\recup_dir.2\f9165712.jpg"
"SHA256","2402A374B5E72FFBF165E8705EC04396E9D54AB4362F3D75686D650DEF849ED9","C:\Users\User\OneDrive\Documents\Uni\Dissertation\MScProject\SSD Files\PNY CS900\Secure Erase\recup_dir.2\f9165960.jpg"
"SHA256","C170232DED180B2E6C3E76BC220C06FA684B1DF999C5841B1463766FDBD13C26","C:\Users\User\OneDrive\Documents\Uni\Dissertation\MScProject\SSD Files\PNY CS900\Secure Erase\recup_dir.2\f9166136.jpg"
"SHA256","571EAED6A0FCD4A4AF16FBC680AA50D829B89390717334C3B6E0C64EBF49EA7F","C:\Users\User\OneDrive\Documents\Uni\Dissertation\MScProject\SSD Files\PNY CS900\Secure Erase\recup_dir.2\f9166528.jpg"
"SHA256","1E65418AD313352A3BF447C24172B4400CC7368C16CE316AC37D6316293B977A","C:\Users\User\OneDrive\Documents\Uni\Dissertation\MScProject\SSD Files\PNY CS900\Secure Erase\recup_dir.2\f9166592.jpg"
"SHA256","D2A8E25CEBB755386928F3D91D7BB4EDBA8D1F7B2982E24D05469536B4508FEA","C:\Users\User\OneDrive\Documents\Uni\Dissertation\MScProject\SSD Files\PNY CS900\Secure Erase\recup_dir.2\f9166816.jpg"
"SHA256","770E359672748CE2C0C99C6E76F2E4C6CC9B7C1E2323AF4DECE8B5042CC35A52","C:\Users\User\OneDrive\Documents\Uni\Dissertation\MScProject\SSD Files\PNY CS900\Secure Erase\recup_dir.2\f9166952.jpg"
"SHA256","C8887BF77C17361A6EE3C6F4AF527E065DF7013A5A485C90C233A4DCBDA55B48","C:\Users\User\OneDrive\Documents\Uni\Dissertation\MScProject\SSD Files\PNY CS900\Secure Erase\recup_dir.2\f9167096.jpg"
"SHA256","E1FB4E9B98913740550059DAF61F6E33BFFE0C3D2CA100FA62C77AA3464A9B56","C:\Users\User\OneDrive\Documents\Uni\Dissertation\MScProject\SSD Files\PNY CS900\Secure Erase\recup_dir.2\f9167136.jpg"
"SHA256","3E33A2FD0BAF1E904AC20E12F82FDA1929FB774A31BC24753F31B19EE4B32B8A","C:\Users\User\OneDrive\Documents\Uni\Dissertation\MScProject\SSD Files\PNY CS900\Secure Erase\recup_dir.2\f9167200.jpg"
"SHA256","CF23546D87F155C0D0DB0F202073977949C69021ABCDA39B184571408342ED5F","C:\Users\User\OneDrive\Documents\Uni\Dissertation\MScProject\SSD Files\PNY CS900\Secure Erase\recup_dir.2\f9167360.jpg"
"SHA256","5278CDF8E556D556E8F33CAA3F09F779DBE2F6D085F3A341A82DF644B51E8F1F","C:\Users\User\OneDrive\Documents\Uni\Dissertation\MScProject\SSD Files\PNY CS900\Secure Erase\recup_dir.2\f9167440.jpg"
"SHA256","E4F57F5F77EBBAAC9D7BFCE8147B78A485D9EDC9050385EBE7EA25D9A43502FE","C:\Users\User\OneDrive\Documents\Uni\Dissertation\MScProject\SSD Files\PNY CS900\Secure Erase\recup_dir.2\f9167504.jpg"
"SHA256","5F003D7CA3D1B0BD5A23F69671506F11CB044078280485960C578FF0907713FD","C:\Users\User\OneDrive\Documents\Uni\Dissertation\MScProject\SSD Files\PNY CS900\Secure Erase\recup_dir.2\f9167552.jpg"
"SHA256","0212EBF2E5B50A59FD781B47BBE5506D209B4DEFDD724C894BF914A72E31032E","C:\Users\User\OneDrive\Documents\Uni\Dissertation\MScProject\SSD Files\PNY CS900\Secure Erase\recup_dir.2\f9168608.jpg"
"SHA256","399D55FF633A9F47AD2D0463366D5FE8F6680D305ED4DAB1F56B58C2ABAF2E9B","C:\Users\User\OneDrive\Documents\Uni\Dissertation\MScProject\SSD Files\PNY CS900\Secure Erase\recup_dir.2\f9169192.jpg"
"SHA256","1F62252B1DFF07E55A6EE4C79689390A8C862E08D13AE9E55A4EF7756BAC7B20","C:\Users\User\OneDrive\Documents\Uni\Dissertation\MScProject\SSD Files\PNY CS900\Secure Erase\recup_dir.2\f9169392.jpg"
"SHA256","89FF36E1262B8F04371C3DA1FE9FD055B4CE03142EBA373329627EED9EF5C44A","C:\Users\User\OneDrive\Documents\Uni\Dissertation\MScProject\SSD Files\PNY CS900\Secure Erase\recup_dir.2\f9170728.jpg"
"SHA256","49021DDF96547D0996035861DBC9554950CDB4884B6E47F1BB21DE70CFCA09C2","C:\Users\User\OneDrive\Documents\Uni\Dissertation\MScProject\SSD Files\PNY CS900\Secure Erase\recup_dir.2\f9170784.jpg"
"SHA256","6FFDEBD47A85804B0F7DE0400F4BD2F34DBD5DDB619B9F2BA8CC777ECE848356","C:\Users\User\OneDrive\Documents\Uni\Dissertation\MScProject\SSD Files\PNY CS900\Secure Erase\recup_dir.2\f9170928.jpg"
"SHA256","2D22B07920E46879018D17EAD1CAF1DAB21429F13E4C8B9DB8A7AADEB85E61BF","C:\Users\User\OneDrive\Documents\Uni\Dissertation\MScProject\SSD Files\PNY CS900\Secure Erase\recup_dir.2\f9171480.jpg"
"SHA256","F14D6EDB9C5C1091D45A43EB28C665CA802F480C88D3FEF64A944AAF2528A8AC","C:\Users\User\OneDrive\Documents\Uni\Dissertation\MScProject\SSD Files\PNY CS900\Secure Erase\recup_dir.2\f9171528.jpg"
"SHA256","9CB90EFC3D575BB67FC4AD8D4BF090057ECD3BE8733D60F51417D1CDBF9E15B1","C:\Users\User\OneDrive\Documents\Uni\Dissertation\MScProject\SSD Files\PNY CS900\Secure Erase\recup_dir.2\f9171544.jpg"
"SHA256","9FA261FBE076735B25F1985C35CB93296E0DCBD65A4C4FA6A10EE644F81CFFF5","C:\Users\User\OneDrive\Documents\Uni\Dissertation\MScProject\SSD Files\PNY CS900\Secure Erase\recup_dir.2\f9172224.jpg"
"SHA256","6DDCD81B536C7A909553BE145F498A73433A160058867B0DCF90A2E949AC014D","C:\Users\User\OneDrive\Documents\Uni\Dissertation\MScProject\SSD Files\PNY CS900\Secure Erase\recup_dir.2\f9172576.jpg"
"SHA256","8A9CF8CBF9972601B3F4679B61B047596393C4866A3CCB95D58B30003A408CB5","C:\Users\User\OneDrive\Documents\Uni\Dissertation\MScProject\SSD Files\PNY CS900\Secure Erase\recup_dir.2\f9172704.jpg"
"SHA256","97EAC7BCB209C347546F5B4334A0AE53BB38C50828F0FD375BE4D9D281B1E3F4","C:\Users\User\OneDrive\Documents\Uni\Dissertation\MScProject\SSD Files\PNY CS900\Secure Erase\recup_dir.2\f9173208.jpg"
"SHA256","5252C024FDB8ED827D87C73BBF2C1ED966DFC19819D4A4CD9661267C03654EE5","C:\Users\User\OneDrive\Documents\Uni\Dissertation\MScProject\SSD Files\PNY CS900\Secure Erase\recup_dir.2\f9173328.jpg"
"SHA256","2829FB456B63FCFE155634AE9DB176F76404A828F89D69AA371AD3D495C3B6CB","C:\Users\User\OneDrive\Documents\Uni\Dissertation\MScProject\SSD Files\PNY CS900\Secure Erase\recup_dir.2\f9173352.jpg"
"SHA256","0BCCBAC784C7D4056882740A5FA0A1CA2363DE172DD4617938943FDA9DA94DA3","C:\Users\User\OneDrive\Documents\Uni\Dissertation\MScProject\SSD Files\PNY CS900\Secure Erase\recup_dir.2\f9173448.jpg"
"SHA256","E435BEA5106678596CE2BE0713AC05CA70EB8D0C3E28712CF3C2240D5282F1A9","C:\Users\User\OneDrive\Documents\Uni\Dissertation\MScProject\SSD Files\PNY CS900\Secure Erase\recup_dir.2\f9173536.jpg"
"SHA256","10D88D8BFEB84BEF7DFDA0DAE8775900B32C89AE12BD894D090DB2B81D668814","C:\Users\User\OneDrive\Documents\Uni\Dissertation\MScProject\SSD Files\PNY CS900\Secure Erase\recup_dir.2\f9173632.jpg"
"SHA256","F76C18C1860CB64798379C1F7146570BFBC5FCD2BE13060191D4986295AE7A32","C:\Users\User\OneDrive\Documents\Uni\Dissertation\MScProject\SSD Files\PNY CS900\Secure Erase\recup_dir.2\f9175896.jpg"
"SHA256","AB57C9C31F6A439B66EF552090F8C25719455E5F978A8F4D2259446F32536458","C:\Users\User\OneDrive\Documents\Uni\Dissertation\MScProject\SSD Files\PNY CS900\Secure Erase\recup_dir.2\f9175984.jpg"
"SHA256","DAA18712C9EE89E3C4DF0C0107EF8F09BE57C333131CCA375E3AA692C115BF8D","C:\Users\User\OneDrive\Documents\Uni\Dissertation\MScProject\SSD Files\PNY CS900\Secure Erase\recup_dir.2\f9176080.jpg"
"SHA256","F3D474DA12D132BC9806A8C5FFBEC236F82CE5E7109BC2DFCA5E1C434FF5216D","C:\Users\User\OneDrive\Documents\Uni\Dissertation\MScProject\SSD Files\PNY CS900\Secure Erase\recup_dir.2\f9176160.jpg"
"SHA256","303676D3CE43801F6DB36175B2B269E469CF8B26E41A17836CFE8440ABF6060A","C:\Users\User\OneDrive\Documents\Uni\Dissertation\MScProject\SSD Files\PNY CS900\Secure Erase\recup_dir.2\f9177184.jpg"
"SHA256","F09EBDE88B07FDDB32698D7CEF85243F746FFB6367767D2E1BAAD69D69632BED","C:\Users\User\OneDrive\Documents\Uni\Dissertation\MScProject\SSD Files\PNY CS900\Secure Erase\recup_dir.2\f9178008.jpg"
"SHA256","7EAD8210702A57CEE3D93498002446E0A3B269A21A3ABA017D56FFA78F5E4158","C:\Users\User\OneDrive\Documents\Uni\Dissertation\MScProject\SSD Files\PNY CS900\Secure Erase\recup_dir.2\f9179136.jpg"
"SHA256","1DFF150403A9420692A1492954F0D7A65573A30EC032532DE54201EE0CE57984","C:\Users\User\OneDrive\Documents\Uni\Dissertation\MScProject\SSD Files\PNY CS900\Secure Erase\recup_dir.2\f9179944.jpg"
"SHA256","C29072291519135D20DA84DA607A9B910D6E7CC27B04BDFB5CD2B78CB4BC4690","C:\Users\User\OneDrive\Documents\Uni\Dissertation\MScProject\SSD Files\PNY CS900\Secure Erase\recup_dir.2\f9180000.jpg"
"SHA256","5B973B2BE343429DBAFC98774C193EC9208F53B748CF1163E2D2DA6E58BA7D99","C:\Users\User\OneDrive\Documents\Uni\Dissertation\MScProject\SSD Files\PNY CS900\Secure Erase\recup_dir.2\f9180056.jpg"
"SHA256","446B7F6203B664B29CB579A062290A481592D36FB136BDB82FBEE143203319AA","C:\Users\User\OneDrive\Documents\Uni\Dissertation\MScProject\SSD Files\PNY CS900\Secure Erase\recup_dir.2\f9180760.jpg"
"SHA256","F4E0AB1F6CF06A89A33A232A7ED9AE70C0AB9B2795347E137169FAEECBB844A4","C:\Users\User\OneDrive\Documents\Uni\Dissertation\MScProject\SSD Files\PNY CS900\Secure Erase\recup_dir.2\f9180856.jpg"
"SHA256","88569EF686222B9D17CA962D9433825136594FDA9C58B8617DB55AFACD3BFF57","C:\Users\User\OneDrive\Documents\Uni\Dissertation\MScProject\SSD Files\PNY CS900\Secure Erase\recup_dir.2\f9181936.jpg"
"SHA256","A08762D8184A922DCD7B74C242AC86B4209F17523BE65B9762F904A4BAF781BB","C:\Users\User\OneDrive\Documents\Uni\Dissertation\MScProject\SSD Files\PNY CS900\Secure Erase\recup_dir.2\f9182120.jpg"
"SHA256","0188C1EF9FAF2461E4B62EA15A8F217B42230A134DB2603C2658A83CB754A5DB","C:\Users\User\OneDrive\Documents\Uni\Dissertation\MScProject\SSD Files\PNY CS900\Secure Erase\recup_dir.2\f9182256.jpg"
"SHA256","0047A956B8D58A6EE34E652F9543CD2A4BF5C8506BECA488D17D87F924902410","C:\Users\User\OneDrive\Documents\Uni\Dissertation\MScProject\SSD Files\PNY CS900\Secure Erase\recup_dir.2\f9182280.jpg"
"SHA256","5736CB46B726328F467DF6EBB8497B8860D0EDBB9AD61953A098744BE4FD70F0","C:\Users\User\OneDrive\Documents\Uni\Dissertation\MScProject\SSD Files\PNY CS900\Secure Erase\recup_dir.2\f9182312.jpg"
"SHA256","6CA11582055AF01D858FD1098D51477F88F25DB4598D1A060CFC8CE417540FE3","C:\Users\User\OneDrive\Documents\Uni\Dissertation\MScProject\SSD Files\PNY CS900\Secure Erase\recup_dir.2\f9182368.jpg"
"SHA256","D3990A94A3BBE52C0D78B1990C0483622C74333588F814926490EE59A9B93B9F","C:\Users\User\OneDrive\Documents\Uni\Dissertation\MScProject\SSD Files\PNY CS900\Secure Erase\recup_dir.2\f9182400.jpg"
"SHA256","28E8C3001798E73680346167614C0234DB514682C08FE8B3D657810AC81F46D6","C:\Users\User\OneDrive\Documents\Uni\Dissertation\MScProject\SSD Files\PNY CS900\Secure Erase\recup_dir.2\f9182624.jpg"
"SHA256","BCB9B67304278083B87C7DBEC70AFC973431494D5238F5EC8BF4BC68B5F44CE2","C:\Users\User\OneDrive\Documents\Uni\Dissertation\MScProject\SSD Files\PNY CS900\Secure Erase\recup_dir.2\f9182712.jpg"
"SHA256","D622D748956668999ED2575A1D7BE0DE9D06C8F3ED26794C279F6F5A5461F8A4","C:\Users\User\OneDrive\Documents\Uni\Dissertation\MScProject\SSD Files\PNY CS900\Secure Erase\recup_dir.2\f9182768.jpg"
"SHA256","5E2C5FACA6E4794020423DF9F7BA6C33F57F1E610F78F1E62DE1A06100BBBBA0","C:\Users\User\OneDrive\Documents\Uni\Dissertation\MScProject\SSD Files\PNY CS900\Secure Erase\recup_dir.2\f9182824.jpg"
"SHA256","C821FF02FB86A5EBA5B35AA71D46DBEF2FB223F07E0F5BD72741C88C8A8DA42C","C:\Users\User\OneDrive\Documents\Uni\Dissertation\MScProject\SSD Files\PNY CS900\Secure Erase\recup_dir.2\f9182872.jpg"
"SHA256","52AF15A5E6AF29C29D8E38962AE73779F1608FB14504977F80A40415B0291C34","C:\Users\User\OneDrive\Documents\Uni\Dissertation\MScProject\SSD Files\PNY CS900\Secure Erase\recup_dir.2\f9182888.jpg"
"SHA256","CD607321188B2CD9B5E2DE818FF221770B0DD1E7F835128B7EBBB5D51940835B","C:\Users\User\OneDrive\Documents\Uni\Dissertation\MScProject\SSD Files\PNY CS900\Secure Erase\recup_dir.2\f9182968.jpg"
"SHA256","25665F2E140EA68823469ACDD830E327D2EF816D1B9180B51EEFB81EAF30AB5C","C:\Users\User\OneDrive\Documents\Uni\Dissertation\MScProject\SSD Files\PNY CS900\Secure Erase\recup_dir.2\f9184680.jpg"
"SHA256","BD186E09C1E5447FC9532AD7D036328C34B5C619C17DBC554BBCB2CA0D51F488","C:\Users\User\OneDrive\Documents\Uni\Dissertation\MScProject\SSD Files\PNY CS900\Secure Erase\recup_dir.2\f9184936.jpg"
"SHA256","CED66CF1708C65D62C845E25740A2A0D34F75608F1C4DC117F8FBE0C766BD8EF","C:\Users\User\OneDrive\Documents\Uni\Dissertation\MScProject\SSD Files\PNY CS900\Secure Erase\recup_dir.2\f9185024.jpg"
"SHA256","EBD1E1548F71CB5BBB20E2CAEE68E2889FE2F0AB7A27442B5BB2723C05B26211","C:\Users\User\OneDrive\Documents\Uni\Dissertation\MScProject\SSD Files\PNY CS900\Secure Erase\recup_dir.2\f9185376.jpg"
"SHA256","4B0586C0CCFBAB9FB1D3A56A546A86DB5DD0EDA4820A3791B3C64EF402072ACA","C:\Users\User\OneDrive\Documents\Uni\Dissertation\MScProject\SSD Files\PNY CS900\Secure Erase\recup_dir.2\f9185560.jpg"
"SHA256","203F0592FA22FF75300A07BB5F3D52A4EA57245E7C52BA1698F9FF74A4D80519","C:\Users\User\OneDrive\Documents\Uni\Dissertation\MScProject\SSD Files\PNY CS900\Secure Erase\recup_dir.2\f9185616.jpg"
"SHA256","C35350110775C2159B0762BA273AD40BA686C0B79082C89EC9D41820A2A120D6","C:\Users\User\OneDrive\Documents\Uni\Dissertation\MScProject\SSD Files\PNY CS900\Secure Erase\recup_dir.2\f9185712.jpg"
"SHA256","A3F3BCED35C900BD0716F0A0EE1BA19B1A296D20BD5FB3C1CB25D42055FF87F0","C:\Users\User\OneDrive\Documents\Uni\Dissertation\MScProject\SSD Files\PNY CS900\Secure Erase\recup_dir.2\f9185752.jpg"
"SHA256","9C371C73E776C888F284C5BC529E01CB09B6E2D907997F479AE9CB41606B6AE5","C:\Users\User\OneDrive\Documents\Uni\Dissertation\MScProject\SSD Files\PNY CS900\Secure Erase\recup_dir.2\f9185792.jpg"
"SHA256","191ED4F19585074D5423FF83CD426161AFA7F6D89D8A5E9CFBF3790A201EFAC7","C:\Users\User\OneDrive\Documents\Uni\Dissertation\MScProject\SSD Files\PNY CS900\Secure Erase\recup_dir.2\f9185944.jpg"
"SHA256","3979EC4E69E6B7292A65250B050B83E06A717305107B1FBC94A23432482FEE3F","C:\Users\User\OneDrive\Documents\Uni\Dissertation\MScProject\SSD Files\PNY CS900\Secure Erase\recup_dir.2\f9186008.jpg"
"SHA256","3BD676C8652928DA4CA97F5AAAF01D11D14BFAE7493B4AA13C9017AF7A4C7E36","C:\Users\User\OneDrive\Documents\Uni\Dissertation\MScProject\SSD Files\PNY CS900\Secure Erase\recup_dir.2\f9186080.jpg"
"SHA256","F531E3C2429C8CE38EAF64D796B6F8460CCD9D674B277853646F5C96E9A41CEB","C:\Users\User\OneDrive\Documents\Uni\Dissertation\MScProject\SSD Files\PNY CS900\Secure Erase\recup_dir.2\f9186544.jpg"
"SHA256","B00601A1A0BA59F8F490D3A73050945DE49341E9A11EC2FDECA97891C6E7425F","C:\Users\User\OneDrive\Documents\Uni\Dissertation\MScProject\SSD Files\PNY CS900\Secure Erase\recup_dir.2\f9186888.jpg"
"SHA256","3D39D16A3E0C854B01D249BA0C4C88000791D5EC17168429BDEA7295E83CDF1E","C:\Users\User\OneDrive\Documents\Uni\Dissertation\MScProject\SSD Files\PNY CS900\Secure Erase\recup_dir.2\f9186936.jpg"
"SHA256","A8A7364CF92F285B2FEDCCD0619F11FA0ECC5E8EF8A10DB83C9F3009F60F1C51","C:\Users\User\OneDrive\Documents\Uni\Dissertation\MScProject\SSD Files\PNY CS900\Secure Erase\recup_dir.2\f9187400.jpg"
"SHA256","8C277A822BCF1F4A2AF2B9F2D70B1F75DFA82483DA76B51DED270EEDAE8D9B2A","C:\Users\User\OneDrive\Documents\Uni\Dissertation\MScProject\SSD Files\PNY CS900\Secure Erase\recup_dir.2\f9187520.jpg"
"SHA256","2DDC7E7D9EF7072D84BB745111288BAFD3204CB009DFE0F7A80FD8BD9F6FA059","C:\Users\User\OneDrive\Documents\Uni\Dissertation\MScProject\SSD Files\PNY CS900\Secure Erase\recup_dir.2\f9187640.jpg"
"SHA256","BB3196D592F7D9372CD041289E962E0F4D616DF1EEC47A1610D2B52858840D46","C:\Users\User\OneDrive\Documents\Uni\Dissertation\MScProject\SSD Files\PNY CS900\Secure Erase\recup_dir.2\f9187952.jpg"
"SHA256","272588D53F7D7042D8A5CAC86E763F3CACADE151888D56586816F2960ADF080D","C:\Users\User\OneDrive\Documents\Uni\Dissertation\MScProject\SSD Files\PNY CS900\Secure Erase\recup_dir.2\f9188008.jpg"
"SHA256","32174E6D800F7F7E04291E972E21BBC8FE7DBC003760FD87C3BD57597E03D72F","C:\Users\User\OneDrive\Documents\Uni\Dissertation\MScProject\SSD Files\PNY CS900\Secure Erase\recup_dir.2\f9188152.jpg"
"SHA256","E972F86D8FD9DDE6F0A689CE480513F0EC36C478B10E296D00FDC35021FB49CC","C:\Users\User\OneDrive\Documents\Uni\Dissertation\MScProject\SSD Files\PNY CS900\Secure Erase\recup_dir.2\f9188376.jpg"
"SHA256","E752C4981187FF33976B6D4A13400B64476B14BA2A301A55FF4BB8D080A860AB","C:\Users\User\OneDrive\Documents\Uni\Dissertation\MScProject\SSD Files\PNY CS900\Secure Erase\recup_dir.2\f9188456.jpg"
"SHA256","134FD80B7345D90E2F222F6F48341ACD87BC1C2F71DD15CADC7243113921CC8D","C:\Users\User\OneDrive\Documents\Uni\Dissertation\MScProject\SSD Files\PNY CS900\Secure Erase\recup_dir.2\f9189000.jpg"
"SHA256","1565E29A5EF4E13C5A27A676F7F7F45063A19F4822AD080137733AE10128BADE","C:\Users\User\OneDrive\Documents\Uni\Dissertation\MScProject\SSD Files\PNY CS900\Secure Erase\recup_dir.2\f9189048.jpg"
"SHA256","DEEFEFD9801E49BA15397482BAF90415B3DBB1E80DE1F2948AC619865D6D2A98","C:\Users\User\OneDrive\Documents\Uni\Dissertation\MScProject\SSD Files\PNY CS900\Secure Erase\recup_dir.2\f9189072.jpg"
"SHA256","4C6FC505EDF41BB37B416FCF167880E456206E3A848EC4B92856ED44567162EA","C:\Users\User\OneDrive\Documents\Uni\Dissertation\MScProject\SSD Files\PNY CS900\Secure Erase\recup_dir.2\f9189104.jpg"
"SHA256","8610F711182D99629B55C46D8E1BA9B27D8A18FC8E848E228370FD577CE0DCAC","C:\Users\User\OneDrive\Documents\Uni\Dissertation\MScProject\SSD Files\PNY CS900\Secure Erase\recup_dir.2\f9189224.jpg"
"SHA256","24992142A2D98F430E5F2D56A57BEC6C92F7FD95BD36AD64BDC933F1C6064FF4","C:\Users\User\OneDrive\Documents\Uni\Dissertation\MScProject\SSD Files\PNY CS900\Secure Erase\recup_dir.2\f9189256.jpg"
"SHA256","90464F554C8E28617E5B7EBE488341EEBDAA5CE90F841DC30C89FD1DB8D4FF09","C:\Users\User\OneDrive\Documents\Uni\Dissertation\MScProject\SSD Files\PNY CS900\Secure Erase\recup_dir.2\f9189304.jpg"
"SHA256","E7C6AE965FBC7C5D28B1C4058A48F38A838A43E306FE90532C32BA15DD696EB0","C:\Users\User\OneDrive\Documents\Uni\Dissertation\MScProject\SSD Files\PNY CS900\Secure Erase\recup_dir.2\f9189888.jpg"
"SHA256","4E5D1798DC32693E04A08CE2222B9CD774DA013F546E810BA70A73A765AAAA87","C:\Users\User\OneDrive\Documents\Uni\Dissertation\MScProject\SSD Files\PNY CS900\Secure Erase\recup_dir.2\f9189912.jpg"
"SHA256","292DEB974886C4A115A9E6B0DB55A9FA5ADED460375B648DA4DB88A1B64FB0DF","C:\Users\User\OneDrive\Documents\Uni\Dissertation\MScProject\SSD Files\PNY CS900\Secure Erase\recup_dir.2\f9189952.jpg"
"SHA256","93977B450C82D1BE123BD8E5516F52C33C4B5F05EBE07745E16FF78E80C3A216","C:\Users\User\OneDrive\Documents\Uni\Dissertation\MScProject\SSD Files\PNY CS900\Secure Erase\recup_dir.2\f9190008.jpg"
"SHA256","302F76C41797C34D664D41F0A8B32AE844CA10BDDF101527141B9C77E0F7B791","C:\Users\User\OneDrive\Documents\Uni\Dissertation\MScProject\SSD Files\PNY CS900\Secure Erase\recup_dir.2\f9190144.jpg"
"SHA256","78EA93A85AB5A8E91089CA052C5755B5D2453449E4572CC8AC41C604B2FB493A","C:\Users\User\OneDrive\Documents\Uni\Dissertation\MScProject\SSD Files\PNY CS900\Secure Erase\recup_dir.2\f9190160.jpg"
"SHA256","8F86D90227197EB00F09EE94E19CEC557BDE6B86871D6B30D3D92462F09241BD","C:\Users\User\OneDrive\Documents\Uni\Dissertation\MScProject\SSD Files\PNY CS900\Secure Erase\recup_dir.2\f9190176.jpg"
"SHA256","AF8C39762309C45D973230D20EAF5BF852FFC6D883A58D2C7E97BBC3088F7B5D","C:\Users\User\OneDrive\Documents\Uni\Dissertation\MScProject\SSD Files\PNY CS900\Secure Erase\recup_dir.2\f9190208.jpg"
"SHA256","8E034A847ED39E77ACCF2260D4E03701447BF68CF14B688ACAEFDE9279B93BD3","C:\Users\User\OneDrive\Documents\Uni\Dissertation\MScProject\SSD Files\PNY CS900\Secure Erase\recup_dir.2\f9190216.jpg"
"SHA256","7E55FF44763FDF659FF73851C45D9AF904FD8409F32C440698D3712E47A75FFA","C:\Users\User\OneDrive\Documents\Uni\Dissertation\MScProject\SSD Files\PNY CS900\Secure Erase\recup_dir.2\f9190712.jpg"
"SHA256","7A72DEFA4E61FB163564D6AFD675D5233E7CE9F4EA9C788683E7B830E61E033A","C:\Users\User\OneDrive\Documents\Uni\Dissertation\MScProject\SSD Files\PNY CS900\Secure Erase\recup_dir.2\f9190792.jpg"
"SHA256","B13BE1F7CE68D4BA8B2DFFCEFDFA4A7A09946C83B07B5CA1008E34794E055956","C:\Users\User\OneDrive\Documents\Uni\Dissertation\MScProject\SSD Files\PNY CS900\Secure Erase\recup_dir.2\f9191248.jpg"
"SHA256","7C476249C700DC53259C9DAD8A2F5C2527CD13B7231E79CE78882BA91A5E0D0F","C:\Users\User\OneDrive\Documents\Uni\Dissertation\MScProject\SSD Files\PNY CS900\Secure Erase\recup_dir.2\f9191584.jpg"
"SHA256","50B77FC75AF6FE2A10D264B8C95C3E09CA03844CED444FDF2E75265C47074445","C:\Users\User\OneDrive\Documents\Uni\Dissertation\MScProject\SSD Files\PNY CS900\Secure Erase\recup_dir.2\f9191776.jpg"
"SHA256","7836280D74BDB861C257CA4EA413E4C850E8475078448FBC689B9CD3287A9E84","C:\Users\User\OneDrive\Documents\Uni\Dissertation\MScProject\SSD Files\PNY CS900\Secure Erase\recup_dir.2\f9191816.jpg"
"SHA256","DF20C7ACF3B9CF18F21C28C4D3D4CA377348DD115B20C930B300386876A20AC3","C:\Users\User\OneDrive\Documents\Uni\Dissertation\MScProject\SSD Files\PNY CS900\Secure Erase\recup_dir.2\f9191880.jpg"
"SHA256","6C83B0B0219CBF2895E64333EED72DFF904B1EA1F372D7F430C40A84E302CB92","C:\Users\User\OneDrive\Documents\Uni\Dissertation\MScProject\SSD Files\PNY CS900\Secure Erase\recup_dir.2\f9191960.jpg"
"SHA256","6D24CC6C9F0D049C5B69C12E9EECCBBD6DBFBBE5358F32C4C7BE8A0A5AE0F849","C:\Users\User\OneDrive\Documents\Uni\Dissertation\MScProject\SSD Files\PNY CS900\Secure Erase\recup_dir.2\f9192176.jpg"
"SHA256","D731123B197EEC16C7D1492CBFA17C9332C2E7A196EFD1760A8BB4C8D53142B2","C:\Users\User\OneDrive\Documents\Uni\Dissertation\MScProject\SSD Files\PNY CS900\Secure Erase\recup_dir.2\f9192360.jpg"
"SHA256","3D2D661AC68C6C397D4AE528E21F37D6169925393945CAA50154CDCC9F94C872","C:\Users\User\OneDrive\Documents\Uni\Dissertation\MScProject\SSD Files\PNY CS900\Secure Erase\recup_dir.2\f9192448.jpg"
"SHA256","2CC9676F728A1804E5C2E25F4042402AB378F931E5F99289F2122DCEAA0329FD","C:\Users\User\OneDrive\Documents\Uni\Dissertation\MScProject\SSD Files\PNY CS900\Secure Erase\recup_dir.2\f9192512.jpg"
"SHA256","2EB46E85751E104CF5B0EA23D43CC94F1B800457E287F4EEC8B56F740F1C10A1","C:\Users\User\OneDrive\Documents\Uni\Dissertation\MScProject\SSD Files\PNY CS900\Secure Erase\recup_dir.2\f9192568.jpg"
"SHA256","E7518A06690B17B9694EC8FD5203A073A68FF33CD25C1F5000AEDFE9AD7551B0","C:\Users\User\OneDrive\Documents\Uni\Dissertation\MScProject\SSD Files\PNY CS900\Secure Erase\recup_dir.2\f9192600.jpg"
"SHA256","58896F2370627A7B467B5A1A7155C3B010BBB3B3AABA9CC7C08477A0DC39033F","C:\Users\User\OneDrive\Documents\Uni\Dissertation\MScProject\SSD Files\PNY CS900\Secure Erase\recup_dir.2\f9192632.jpg"
"SHA256","8AD5C13D522694C3950EB72B945357DCCC76D044355B71C70C85FD1FE0C45685","C:\Users\User\OneDrive\Documents\Uni\Dissertation\MScProject\SSD Files\PNY CS900\Secure Erase\recup_dir.2\f9192696.jpg"
"SHA256","7FB5277D4B74E8CC80A21F826F5A211298528789D1C5D810B09BA92CAA9FB5BD","C:\Users\User\OneDrive\Documents\Uni\Dissertation\MScProject\SSD Files\PNY CS900\Secure Erase\recup_dir.2\f9192720.jpg"
"SHA256","ABBECC881708ABB994937A5DF56494355BD6EC7E438F940852692F1EDE82003F","C:\Users\User\OneDrive\Documents\Uni\Dissertation\MScProject\SSD Files\PNY CS900\Secure Erase\recup_dir.2\f9192776.jpg"
"SHA256","A94E3E8ACEB7D8794F6E9E60AEF9C7BA5CD6D34B38140054C9BAD1451B1B3EAB","C:\Users\User\OneDrive\Documents\Uni\Dissertation\MScProject\SSD Files\PNY CS900\Secure Erase\recup_dir.2\f9192824.jpg"
"SHA256","9213CAC967D1A122295AF66FD9CD68A3FCA1BA420E246956E31A50E636E64130","C:\Users\User\OneDrive\Documents\Uni\Dissertation\MScProject\SSD Files\PNY CS900\Secure Erase\recup_dir.2\f9194008.jpg"
"SHA256","B849A24E236B2E1C47F4BEE7AF2F239020A6B770CEC8C1FDFE4801DC3A9628E1","C:\Users\User\OneDrive\Documents\Uni\Dissertation\MScProject\SSD Files\PNY CS900\Secure Erase\recup_dir.2\f9194040.jpg"
"SHA256","041D7E896DE965A0481B855C60BD2017A38F2763635EEBD87A2F18F746383772","C:\Users\User\OneDrive\Documents\Uni\Dissertation\MScProject\SSD Files\PNY CS900\Secure Erase\recup_dir.2\f9194056.jpg"
"SHA256","E98C29E6AC3E059D6CED44C0ABB925133265E5ADACC0D79F23FD18E46B195737","C:\Users\User\OneDrive\Documents\Uni\Dissertation\MScProject\SSD Files\PNY CS900\Secure Erase\recup_dir.2\f9195064.jpg"
"SHA256","EF835D4ADA71C569F43FF2BE8FF85347EB3FF373656E803533E6EE5F45A17787","C:\Users\User\OneDrive\Documents\Uni\Dissertation\MScProject\SSD Files\PNY CS900\Secure Erase\recup_dir.2\f9195432.jpg"
"SHA256","E6477B7CEA767A11EDC54E5B2E89BF9A010B75F9FE4E2CEE30F6C183E54B08B8","C:\Users\User\OneDrive\Documents\Uni\Dissertation\MScProject\SSD Files\PNY CS900\Secure Erase\recup_dir.2\f9195528.jpg"
"SHA256","30BC55EF3C8DD8CC547C0CDDDF5DB8FABE189E32968D43136B304FCDC2EF8849","C:\Users\User\OneDrive\Documents\Uni\Dissertation\MScProject\SSD Files\PNY CS900\Secure Erase\recup_dir.2\f9195544.jpg"
"SHA256","48C8747C35AD18BC10787C257996F46B7359EBE710C5DF1AAD8742121AA16FA5","C:\Users\User\OneDrive\Documents\Uni\Dissertation\MScProject\SSD Files\PNY CS900\Secure Erase\recup_dir.2\f9195560.jpg"
"SHA256","33C626C463ED9F299C2A63FEBBAE44A322432C562B55531E488151B8E2F201BA","C:\Users\User\OneDrive\Documents\Uni\Dissertation\MScProject\SSD Files\PNY CS900\Secure Erase\recup_dir.2\f9195648.jpg"
"SHA256","15E71DF3F6AAF71E82503331E8D7FC8B8DB963F6F2BF184482F8EEC232A5F4E1","C:\Users\User\OneDrive\Documents\Uni\Dissertation\MScProject\SSD Files\PNY CS900\Secure Erase\recup_dir.2\f9196016.jpg"
"SHA256","BD97A3A03781C118A185FAC23CB8FB62D9AB6E579EF943A526728AC2FC68BA6E","C:\Users\User\OneDrive\Documents\Uni\Dissertation\MScProject\SSD Files\PNY CS900\Secure Erase\recup_dir.2\f9196120.jpg"
"SHA256","D13C838543331A1DE3D33C13A037968DDB20D4F9C33C0AC350DC0F9FA7278116","C:\Users\User\OneDrive\Documents\Uni\Dissertation\MScProject\SSD Files\PNY CS900\Secure Erase\recup_dir.2\f9196488.jpg"
"SHA256","0BCA32C4338012AF6A32FA240749A1526E773549F855F0959BB6F9FF39A4007D","C:\Users\User\OneDrive\Documents\Uni\Dissertation\MScProject\SSD Files\PNY CS900\Secure Erase\recup_dir.2\f9196568.jpg"
"SHA256","95DED8B6372F1A45DF13C364553FACCE9E587EBE90C898010A1ED396A2CFDD3F","C:\Users\User\OneDrive\Documents\Uni\Dissertation\MScProject\SSD Files\PNY CS900\Secure Erase\recup_dir.2\f9196592.jpg"
"SHA256","75FF5D01BD49FDC3B3E947E0663445E6C5BB0CCED84A7D30702BE050CD48DB0B","C:\Users\User\OneDrive\Documents\Uni\Dissertation\MScProject\SSD Files\PNY CS900\Secure Erase\recup_dir.2\f9196648.jpg"
"SHA256","6035A612D95EC2FF2E24D6C542001C3453CDA20AAD53847104C8EC1A4374F73D","C:\Users\User\OneDrive\Documents\Uni\Dissertation\MScProject\SSD Files\PNY CS900\Secure Erase\recup_dir.2\f9196680.jpg"
"SHA256","9889202FBC49810289F80821052E37A39C848804FBD205FF356543FE73C0615B","C:\Users\User\OneDrive\Documents\Uni\Dissertation\MScProject\SSD Files\PNY CS900\Secure Erase\recup_dir.2\f9196704.jpg"
"SHA256","B8E521EC7473DC032F90982CC4FFD953B3BF1CBAD1ECF8394AE90E5AB98487EB","C:\Users\User\OneDrive\Documents\Uni\Dissertation\MScProject\SSD Files\PNY CS900\Secure Erase\recup_dir.2\f9196872.jpg"
"SHA256","0EDFC2DA8C32D02F8BA6355F0356F61FBB25C7F35E5E75F47C8A381356688B54","C:\Users\User\OneDrive\Documents\Uni\Dissertation\MScProject\SSD Files\PNY CS900\Secure Erase\recup_dir.2\f9197032.jpg"
"SHA256","2A20C09E07110D51634F88E728255C746FA70E174E36763B03752CBA56E74A3A","C:\Users\User\OneDrive\Documents\Uni\Dissertation\MScProject\SSD Files\PNY CS900\Secure Erase\recup_dir.2\f9197112.jpg"
"SHA256","AC8A721BF6219D84AFEC5602C8F7838748AB86C7A014AA87FB7A7426291C36F8","C:\Users\User\OneDrive\Documents\Uni\Dissertation\MScProject\SSD Files\PNY CS900\Secure Erase\recup_dir.2\f9199680.jpg"
"SHA256","8E378D94EE35AF8FB0129849F4C01304E09070AB28A8F662DDDC50D17878C2EB","C:\Users\User\OneDrive\Documents\Uni\Dissertation\MScProject\SSD Files\PNY CS900\Secure Erase\recup_dir.2\f9199752.jpg"
"SHA256","1FB357BF7E0CF6407B93E694D63C66AD6D6F8310725499481852A65EC5776981","C:\Users\User\OneDrive\Documents\Uni\Dissertation\MScProject\SSD Files\PNY CS900\Secure Erase\recup_dir.2\f9199800.jpg"
"SHA256","3314C9422EAD6AA70F9BF0116219BC3EBFC192886740A9B9FACA4A5D7161F31D","C:\Users\User\OneDrive\Documents\Uni\Dissertation\MScProject\SSD Files\PNY CS900\Secure Erase\recup_dir.2\f9199968.jpg"
"SHA256","D8BDD5987974E172AC278A0FDE559A9ABB25550641C3D337E92AD051CEEBE734","C:\Users\User\OneDrive\Documents\Uni\Dissertation\MScProject\SSD Files\PNY CS900\Secure Erase\recup_dir.2\f9200056.jpg"
"SHA256","5D9B41A82F5523F65C83D99FE6288E8E0D3A5FA5746D23B53EA617BFDF6CF1F4","C:\Users\User\OneDrive\Documents\Uni\Dissertation\MScProject\SSD Files\PNY CS900\Secure Erase\recup_dir.2\f9200744.jpg"
"SHA256","579FDC78738FE00514A4064199A468A1507CDD0EAF4ABE505422C6B5D0DD7325","C:\Users\User\OneDrive\Documents\Uni\Dissertation\MScProject\SSD Files\PNY CS900\Secure Erase\recup_dir.2\f9200848.jpg"
"SHA256","DA17575C1B0CE40A43BE88AEE8F33837E3F5CB8D4C8C5539F93548A0D46F823D","C:\Users\User\OneDrive\Documents\Uni\Dissertation\MScProject\SSD Files\PNY CS900\Secure Erase\recup_dir.2\f9200880.jpg"
"SHA256","B40134E1387CD76883257F512CCCDB0E576298123951230C40E740DADF8A4BDC","C:\Users\User\OneDrive\Documents\Uni\Dissertation\MScProject\SSD Files\PNY CS900\Secure Erase\recup_dir.2\f9201040.jpg"
"SHA256","72E10DADFB5DCFDA3DB339F4CEA70135C3AB4DB375DC444C662FB75B6F46DD9C","C:\Users\User\OneDrive\Documents\Uni\Dissertation\MScProject\SSD Files\PNY CS900\Secure Erase\recup_dir.2\f9201152.jpg"
"SHA256","124A457864408B40C89E16F4987CCEBDEC00ED2E796BFC904E09A8971A56B6CF","C:\Users\User\OneDrive\Documents\Uni\Dissertation\MScProject\SSD Files\PNY CS900\Secure Erase\recup_dir.2\f9201160.jpg"
"SHA256","C65766BCE29733F612AFF0B856D950B1BC10671EDD780544232B1E02026EC151","C:\Users\User\OneDrive\Documents\Uni\Dissertation\MScProject\SSD Files\PNY CS900\Secure Erase\recup_dir.2\f9201272.jpg"
"SHA256","8E3E6286F5372C70575ED83AFFFF16DF88A55988FEED195DFC337CEC9D14E0CA","C:\Users\User\OneDrive\Documents\Uni\Dissertation\MScProject\SSD Files\PNY CS900\Secure Erase\recup_dir.2\f9201352.jpg"
"SHA256","526BCD7FE2C47CDE3893E3CFC1090B713113788BF2AB34C87BF3F5FE7740F7AB","C:\Users\User\OneDrive\Documents\Uni\Dissertation\MScProject\SSD Files\PNY CS900\Secure Erase\recup_dir.2\f9201576.jpg"
"SHA256","86355C50152710FDA99D34B725E46F32C0933B07326C16B0392CC88390668205","C:\Users\User\OneDrive\Documents\Uni\Dissertation\MScProject\SSD Files\PNY CS900\Secure Erase\recup_dir.2\f9201664.jpg"
"SHA256","6E4B5C2A4989CDBB425904D68F3D3F6FFF7650819FD4148161F0C5E5D131970D","C:\Users\User\OneDrive\Documents\Uni\Dissertation\MScProject\SSD Files\PNY CS900\Secure Erase\recup_dir.2\f9205856.jpg"
"SHA256","B4BCAFF3734C60DE762FD44DADEB59EF7BE1725DB5197772B4F9C96A1313BCA0","C:\Users\User\OneDrive\Documents\Uni\Dissertation\MScProject\SSD Files\PNY CS900\Secure Erase\recup_dir.2\f9205952.jpg"
"SHA256","6C0D6222A0223DE286CA0921DFFE27DAAB436632492D993CCA6AD6671923FF84","C:\Users\User\OneDrive\Documents\Uni\Dissertation\MScProject\SSD Files\PNY CS900\Secure Erase\recup_dir.2\f9205984.jpg"
"SHA256","583D2C3FE1043ECE0CF8797C2B0C0016366E20F877E709CE88D48AE2A8F9D701","C:\Users\User\OneDrive\Documents\Uni\Dissertation\MScProject\SSD Files\PNY CS900\Secure Erase\recup_dir.2\f9206008.jpg"
"SHA256","976AE1C8842100DF3EBCE33ED432A3E90865000D8FACC3E7A0B98A220F845514","C:\Users\User\OneDrive\Documents\Uni\Dissertation\MScProject\SSD Files\PNY CS900\Secure Erase\recup_dir.2\f9206128.jpg"
"SHA256","4F74A4F85B2EDF7A79BACA672883B1B86B1E44CC23A8A4F0F80CE4A7FF925B22","C:\Users\User\OneDrive\Documents\Uni\Dissertation\MScProject\SSD Files\PNY CS900\Secure Erase\recup_dir.2\f9206168.jpg"
"SHA256","6E99DFAD40F396562F9D74A6FD7CFA98DCCC8B86DA921C8676625A19E4886E10","C:\Users\User\OneDrive\Documents\Uni\Dissertation\MScProject\SSD Files\PNY CS900\Secure Erase\recup_dir.2\f9206224.jpg"
"SHA256","DBFB09FA27D3188497876523EB27343CEEA23A8C3C6DCB10F72631D42EB5F9E2","C:\Users\User\OneDrive\Documents\Uni\Dissertation\MScProject\SSD Files\PNY CS900\Secure Erase\recup_dir.2\f9206248.jpg"
"SHA256","CB91C86EFE4B2423236A94BECB98DEC261A4740D4F727B62E6E4A9C50C07A498","C:\Users\User\OneDrive\Documents\Uni\Dissertation\MScProject\SSD Files\PNY CS900\Secure Erase\recup_dir.2\f9206344.jpg"
"SHA256","0A8F8AA4F6E3F292CC19E0121A2147C38AF63970439670D8E03DAB8898CA1698","C:\Users\User\OneDrive\Documents\Uni\Dissertation\MScProject\SSD Files\PNY CS900\Secure Erase\recup_dir.2\f9206400.jpg"
"SHA256","88B9A6C5B0B74C610F07880FFF6FDAE5072DBD86C58C9649C6AB7018344BD2BA","C:\Users\User\OneDrive\Documents\Uni\Dissertation\MScProject\SSD Files\PNY CS900\Secure Erase\recup_dir.2\f9206488.jpg"
"SHA256","8C9F9497585B9F186FB53E402F6FB5350ECFDFA0602122928EBA6494C6959422","C:\Users\User\OneDrive\Documents\Uni\Dissertation\MScProject\SSD Files\PNY CS900\Secure Erase\recup_dir.2\f9206616.jpg"
"SHA256","89DD4C031CC8007DA7C88A0935AF7CAF66D8E7938A8B9D41C2A74B68F36324D1","C:\Users\User\OneDrive\Documents\Uni\Dissertation\MScProject\SSD Files\PNY CS900\Secure Erase\recup_dir.2\f9206648.jpg"
"SHA256","4A96AB3D5C411482AA10C6C536412327F4FB97299E93C489299E295251E2EBFE","C:\Users\User\OneDrive\Documents\Uni\Dissertation\MScProject\SSD Files\PNY CS900\Secure Erase\recup_dir.2\f9206920.jpg"
"SHA256","D07B97900EA87AEAE5AF23EB8B8B4F71C97F98FD8E31D460799BC7A3543E896C","C:\Users\User\OneDrive\Documents\Uni\Dissertation\MScProject\SSD Files\PNY CS900\Secure Erase\recup_dir.2\f9207112.jpg"
"SHA256","185FDBCA694B0B76185E9D16EF8E0815C701DED667A0E986D9C49F23E3F7D2EF","C:\Users\User\OneDrive\Documents\Uni\Dissertation\MScProject\SSD Files\PNY CS900\Secure Erase\recup_dir.2\f9207152.jpg"
"SHA256","63B3867260F911F80C2B5C21F120D234A038A6AA2E350EF63410AFEA018B1906","C:\Users\User\OneDrive\Documents\Uni\Dissertation\MScProject\SSD Files\PNY CS900\Secure Erase\recup_dir.2\f9207184.jpg"
"SHA256","3685C5C60BECCE3DAEF1254806120AA6CE75BE012C64B32A48D91C60CF76AAF6","C:\Users\User\OneDrive\Documents\Uni\Dissertation\MScProject\SSD Files\PNY CS900\Secure Erase\recup_dir.2\f9207488.jpg"
"SHA256","6E193666C0A0301BF7EDC97F5E716507B3AB650645D6E2B840FABC28FBC30D25","C:\Users\User\OneDrive\Documents\Uni\Dissertation\MScProject\SSD Files\PNY CS900\Secure Erase\recup_dir.2\f9207544.jpg"
"SHA256","1EF8C2909E59DD7A84B18F463CAD0D2F6C65ACA86E122915DE352354057AC9FB","C:\Users\User\OneDrive\Documents\Uni\Dissertation\MScProject\SSD Files\PNY CS900\Secure Erase\recup_dir.2\f9207560.jpg"
"SHA256","12311B058F4057E658A062291F6556F8E9B46EA7146C502E24565EE197D84322","C:\Users\User\OneDrive\Documents\Uni\Dissertation\MScProject\SSD Files\PNY CS900\Secure Erase\recup_dir.2\f9207728.jpg"
"SHA256","C7B0F0053A9B728B250F4F995A67AEECFE57B02562DF57F74A632B87B00B9113","C:\Users\User\OneDrive\Documents\Uni\Dissertation\MScProject\SSD Files\PNY CS900\Secure Erase\recup_dir.2\f9207768.jpg"
"SHA256","50F37CC3F71B109FB8122B673E74985C0D79FA37C2EECF800A47F794B18279C8","C:\Users\User\OneDrive\Documents\Uni\Dissertation\MScProject\SSD Files\PNY CS900\Secure Erase\recup_dir.2\f9207784.jpg"
"SHA256","91735B4629A7050E53F1B5167D3545EC50039E9293E1A69F38FCD934046485A4","C:\Users\User\OneDrive\Documents\Uni\Dissertation\MScProject\SSD Files\PNY CS900\Secure Erase\recup_dir.2\f9207808.jpg"
"SHA256","483A3AD311D0F7A1430AB9963AEAF7422051E20D5A4FA6D53D9C76C55060A0AE","C:\Users\User\OneDrive\Documents\Uni\Dissertation\MScProject\SSD Files\PNY CS900\Secure Erase\recup_dir.2\f9207928.jpg"
"SHA256","B74BD12B3A1E3CC1EE7AE2B0EAC942E508AE95F626C8D109901A797891C412DC","C:\Users\User\OneDrive\Documents\Uni\Dissertation\MScProject\SSD Files\PNY CS900\Secure Erase\recup_dir.2\f9208208.jpg"
"SHA256","02AD9282C057DBE5786FF4D52A90A0D1492D9E7BCB4F9D04D3F9D09CA6F58CEB","C:\Users\User\OneDrive\Documents\Uni\Dissertation\MScProject\SSD Files\PNY CS900\Secure Erase\recup_dir.2\f9208488.jpg"
"SHA256","060A02AF033638C860B0F9C0E9E9ABA7227EA2B67E5C5692BE04B00B0ADE5B6C","C:\Users\User\OneDrive\Documents\Uni\Dissertation\MScProject\SSD Files\PNY CS900\Secure Erase\recup_dir.2\f9208640.jpg"
"SHA256","847765330C72CB24C8ABB76B09B60062DE2B3CF0BC8384290B57C076FAD41B1C","C:\Users\User\OneDrive\Documents\Uni\Dissertation\MScProject\SSD Files\PNY CS900\Secure Erase\recup_dir.2\f9208752.jpg"
"SHA256","D8F3AECBE01068E654AF35604B957A74E852B3F7B398871FF88FEB164C6A72C6","C:\Users\User\OneDrive\Documents\Uni\Dissertation\MScProject\SSD Files\PNY CS900\Secure Erase\recup_dir.2\f9208864.jpg"
"SHA256","6C962683736E9D771E4FF34F4859F9BC6DB2CD00AA6240AEF3DC556367FDE54E","C:\Users\User\OneDrive\Documents\Uni\Dissertation\MScProject\SSD Files\PNY CS900\Secure Erase\recup_dir.2\f9208976.jpg"
"SHA256","30240D235A9FE555173DAB625D71A70BAFAA1F2D8877030204CF4BE28C238981","C:\Users\User\OneDrive\Documents\Uni\Dissertation\MScProject\SSD Files\PNY CS900\Secure Erase\recup_dir.2\f9209104.jpg"
"SHA256","8EB77C82171DA5918C69703D8A9D38D70BDFEC9DE56B7FB924794D09CAAB8E5D","C:\Users\User\OneDrive\Documents\Uni\Dissertation\MScProject\SSD Files\PNY CS900\Secure Erase\recup_dir.2\f9209192.jpg"
"SHA256","96545BE5B9A72D052ABE42B65D11C673FF06BBC80EBA979A0791F4D7AE4A1A1C","C:\Users\User\OneDrive\Documents\Uni\Dissertation\MScProject\SSD Files\PNY CS900\Secure Erase\recup_dir.2\f9209304.jpg"
"SHA256","7A0B1C9719CD43B1D7870E9A4213BE4327E15F10C085AF43DEA759918F6334CA","C:\Users\User\OneDrive\Documents\Uni\Dissertation\MScProject\SSD Files\PNY CS900\Secure Erase\recup_dir.2\f9209408.jpg"
"SHA256","3D346BD2EFBB24D9F03CECC433E8F256DC89A0927391498119EE97984D5F8C33","C:\Users\User\OneDrive\Documents\Uni\Dissertation\MScProject\SSD Files\PNY CS900\Secure Erase\recup_dir.2\f9209448.jpg"
"SHA256","EA0075CCD3D5A689C0129516456475CFEED8EE2B47C1272AC4CA1A7D55C41F79","C:\Users\User\OneDrive\Documents\Uni\Dissertation\MScProject\SSD Files\PNY CS900\Secure Erase\recup_dir.2\f9209472.jpg"
"SHA256","3892B2AA732597455B6F0FCE44661F0551FF27B851E29B13E1B7CF438126EF50","C:\Users\User\OneDrive\Documents\Uni\Dissertation\MScProject\SSD Files\PNY CS900\Secure Erase\recup_dir.2\f9209488.jpg"
"SHA256","9FA7F7782618C197DAED69A1A2278CF2C17D86AF27D3B7A8D7563421C6EBC8C3","C:\Users\User\OneDrive\Documents\Uni\Dissertation\MScProject\SSD Files\PNY CS900\Secure Erase\recup_dir.2\f9209704.jpg"
"SHA256","5F994C03F72A45D888FDDCF3C1E07BE800D596DD77CFA0C4C7F4B0B082335750","C:\Users\User\OneDrive\Documents\Uni\Dissertation\MScProject\SSD Files\PNY CS900\Secure Erase\recup_dir.2\f9209984.jpg"
"SHA256","60630CABEE8FCF35DE68CB33F6B7A5816A0DEA78B56D1CB19044F5DD58920CF8","C:\Users\User\OneDrive\Documents\Uni\Dissertation\MScProject\SSD Files\PNY CS900\Secure Erase\recup_dir.2\f9210048.jpg"
"SHA256","703FE41D8F23C88054FEB4FA4B9E310195A9EFAC90D85036F348F8293F1B94DE","C:\Users\User\OneDrive\Documents\Uni\Dissertation\MScProject\SSD Files\PNY CS900\Secure Erase\recup_dir.2\f9210104.jpg"
"SHA256","13147A2A3FDCE868DCCC04EBE0949C618DFE7CCDC9C36B0A9EC94C8F25737440","C:\Users\User\OneDrive\Documents\Uni\Dissertation\MScProject\SSD Files\PNY CS900\Secure Erase\recup_dir.2\f9210176.jpg"
"SHA256","40ADCA52296AEAED665F6323D53F448768B06BE7F1D7D8CC9A93A8B1929DB594","C:\Users\User\OneDrive\Documents\Uni\Dissertation\MScProject\SSD Files\PNY CS900\Secure Erase\recup_dir.2\f9210264.jpg"
"SHA256","0D7608D3E16C62CADF7EA6D8CB1E52C255719F553213A59E4A40A915D5B661DD","C:\Users\User\OneDrive\Documents\Uni\Dissertation\MScProject\SSD Files\PNY CS900\Secure Erase\recup_dir.2\f9210336.jpg"
"SHA256","7AB71BC74A94E4883BBAE41F7CFBF99619CB8A82423B99C8AA3E1566938ECC44","C:\Users\User\OneDrive\Documents\Uni\Dissertation\MScProject\SSD Files\PNY CS900\Secure Erase\recup_dir.2\f9210392.jpg"
"SHA256","4349F4B0552C77CBA4BF6C02FC800622B91DD230E1AD06847BDCC7CCD3265EA7","C:\Users\User\OneDrive\Documents\Uni\Dissertation\MScProject\SSD Files\PNY CS900\Secure Erase\recup_dir.2\f9210480.jpg"
"SHA256","1BF2561359BD340C6A13B1D349A2DD0C4F722F5EEF40C74CA9B6FB0A6C5AA37D","C:\Users\User\OneDrive\Documents\Uni\Dissertation\MScProject\SSD Files\PNY CS900\Secure Erase\recup_dir.2\f9210560.jpg"
"SHA256","7C4EA0E538C0BABB59F5B78C89989526CF683B9ADDB1AEEE5D59CDE902EC05F7","C:\Users\User\OneDrive\Documents\Uni\Dissertation\MScProject\SSD Files\PNY CS900\Secure Erase\recup_dir.2\f9210632.jpg"
"SHA256","404DD6F08F6588AD96A54949DA7F86B8D8EE18E34EA9D5F99B0548CB72B51740","C:\Users\User\OneDrive\Documents\Uni\Dissertation\MScProject\SSD Files\PNY CS900\Secure Erase\recup_dir.2\f9210664.jpg"
"SHA256","E5388C17A7A44699796CE163395F5B5C70BFFD795ABE53A2C20E0DF8FAA33226","C:\Users\User\OneDrive\Documents\Uni\Dissertation\MScProject\SSD Files\PNY CS900\Secure Erase\recup_dir.2\f9210768.jpg"
"SHA256","2F1CDDFBDF92998CEA8B8766168B286DC5D682933EE9C2D996C833AA2F425A23","C:\Users\User\OneDrive\Documents\Uni\Dissertation\MScProject\SSD Files\PNY CS900\Secure Erase\recup_dir.2\f9210800.jpg"
"SHA256","631C9FAE389B5982C17D1AC0EBD29E0900E8C56F3BD6ED71256B76B9CA1E83B4","C:\Users\User\OneDrive\Documents\Uni\Dissertation\MScProject\SSD Files\PNY CS900\Secure Erase\recup_dir.2\f9210832.jpg"
"SHA256","7D31155E16D0767A1D1424EF9F5BE2DD86A6C87E493F9229D648CA2ABF0367D0","C:\Users\User\OneDrive\Documents\Uni\Dissertation\MScProject\SSD Files\PNY CS900\Secure Erase\recup_dir.2\f9210888.jpg"
"SHA256","B580B65C53C9DD19CFDFDF9B9430CBC41DCA8EFA28F28EB2EB7B0AA666F20DC7","C:\Users\User\OneDrive\Documents\Uni\Dissertation\MScProject\SSD Files\PNY CS900\Secure Erase\recup_dir.2\f9210976.jpg"
"SHA256","E89D8E03A6218C45CC79F515B02D982544A0B30A023B27442FCC0D06E7A236C0","C:\Users\User\OneDrive\Documents\Uni\Dissertation\MScProject\SSD Files\PNY CS900\Secure Erase\recup_dir.2\f9211032.jpg"
"SHA256","733BDE4621777F5230E83641482AD682AA53A2778F6DAC21D26A32FCC114D201","C:\Users\User\OneDrive\Documents\Uni\Dissertation\MScProject\SSD Files\PNY CS900\Secure Erase\recup_dir.2\f9211104.jpg"
"SHA256","5EC6C2B8FF29403C1A8CFCBD85914C08680F9B0EEF4B1E376F6537271A52CBD7","C:\Users\User\OneDrive\Documents\Uni\Dissertation\MScProject\SSD Files\PNY CS900\Secure Erase\recup_dir.2\f9211200.jpg"
"SHA256","FF08E790F4B8D32B7451F79F3EE482E75A4C4BBF0107CA94B8FAB49127D5432B","C:\Users\User\OneDrive\Documents\Uni\Dissertation\MScProject\SSD Files\PNY CS900\Secure Erase\recup_dir.2\f9211256.jpg"
"SHA256","85C196A7653141F3A349B0554BCC35CB0935A5C5AF214EE16743E42E13784ADB","C:\Users\User\OneDrive\Documents\Uni\Dissertation\MScProject\SSD Files\PNY CS900\Secure Erase\recup_dir.2\f9211312.jpg"
"SHA256","1DDCD8B72F2A770DC8BD5347BDB7DCD6B3ED814141187A82AEE1A853312E3315","C:\Users\User\OneDrive\Documents\Uni\Dissertation\MScProject\SSD Files\PNY CS900\Secure Erase\recup_dir.2\f9211408.jpg"
"SHA256","A15FC22C6FE98799A8A71A62C51CF63784E6D71ED4BCFA388210363C85AE6335","C:\Users\User\OneDrive\Documents\Uni\Dissertation\MScProject\SSD Files\PNY CS900\Secure Erase\recup_dir.2\f9211504.jpg"
"SHA256","F70AE643956AE2C4D3F6D0900B364285ED2BE83C49A3151F5FA4D68619E643CF","C:\Users\User\OneDrive\Documents\Uni\Dissertation\MScProject\SSD Files\PNY CS900\Secure Erase\recup_dir.2\f9211600.jpg"
"SHA256","515A2DEDA62351D5D6C33E9750EA7CF6887318CC8B5E869047CD3C0D84D3D4F2","C:\Users\User\OneDrive\Documents\Uni\Dissertation\MScProject\SSD Files\PNY CS900\Secure Erase\recup_dir.2\f9211656.jpg"
"SHA256","E8CD87C5B5ABA9F4AFA580FB40C8E33716567FB672E5F731C132A084115A974F","C:\Users\User\OneDrive\Documents\Uni\Dissertation\MScProject\SSD Files\PNY CS900\Secure Erase\recup_dir.2\f9211712.jpg"
"SHA256","2D5DD74E92241356FB193675F56C7DDEE84AA29E03C431667A40595549FC8028","C:\Users\User\OneDrive\Documents\Uni\Dissertation\MScProject\SSD Files\PNY CS900\Secure Erase\recup_dir.2\f9211856.jpg"
"SHA256","77FD89D12583BBDFF8CE36ECE870D3A2EE3C15DB474DB33EE6761ADE181E67AC","C:\Users\User\OneDrive\Documents\Uni\Dissertation\MScProject\SSD Files\PNY CS900\Secure Erase\recup_dir.2\f9212080.jpg"
"SHA256","B1F11FEAA0DB7042DB6D6C729B60274DB3869C5026C3F906B9EE7EC9D4CD6D7E","C:\Users\User\OneDrive\Documents\Uni\Dissertation\MScProject\SSD Files\PNY CS900\Secure Erase\recup_dir.2\f9212248.jpg"
"SHA256","7C6917B1EDDABE1475F466CA7C613B9BE9F999179FD86A1295B18E33415A620B","C:\Users\User\OneDrive\Documents\Uni\Dissertation\MScProject\SSD Files\PNY CS900\Secure Erase\recup_dir.2\f9212368.jpg"
"SHA256","0C446DF1DF7F4479F3639EDBB4B06C34B03EE9FB2E3B09CA0CC8104931B91419","C:\Users\User\OneDrive\Documents\Uni\Dissertation\MScProject\SSD Files\PNY CS900\Secure Erase\recup_dir.2\f9212496.jpg"
"SHA256","83DE77244E074A796C5920C08B64C62BD8F539AD47902A75C83B904AD752ED00","C:\Users\User\OneDrive\Documents\Uni\Dissertation\MScProject\SSD Files\PNY CS900\Secure Erase\recup_dir.2\f9212608.jpg"
"SHA256","C65C3E6CA0ADBE7BFFA9179ABE6025DC75988A8F31539BFA10D1770CE1DD0F2B","C:\Users\User\OneDrive\Documents\Uni\Dissertation\MScProject\SSD Files\PNY CS900\Secure Erase\recup_dir.2\f9212720.jpg"
"SHA256","1E7258AE402C5E86A5F49DCD7921679EF2F60C9CD7E0C17E05408960DAA94285","C:\Users\User\OneDrive\Documents\Uni\Dissertation\MScProject\SSD Files\PNY CS900\Secure Erase\recup_dir.2\f9212840.jpg"
"SHA256","6CEBE0C48DEC03042D0A075E273A6F2A41B6A43500DADFF83AB06A2BFF0DE217","C:\Users\User\OneDrive\Documents\Uni\Dissertation\MScProject\SSD Files\PNY CS900\Secure Erase\recup_dir.2\f9212960.jpg"
"SHA256","6E5785AAB30047534DDA7DE1EA974A254F07879037870218D64150C660C0D370","C:\Users\User\OneDrive\Documents\Uni\Dissertation\MScProject\SSD Files\PNY CS900\Secure Erase\recup_dir.2\f9213072.jpg"
"SHA256","1E439BC47305DFE766A10D3FDA13054423A80DF465E5E80423C93683ED2DEB2B","C:\Users\User\OneDrive\Documents\Uni\Dissertation\MScProject\SSD Files\PNY CS900\Secure Erase\recup_dir.2\f9213240.jpg"
"SHA256","A7AF40D65226C6AAAD4FB5E41988CFD03D3EFEB19F3E2187F4DE1E9F16A99E04","C:\Users\User\OneDrive\Documents\Uni\Dissertation\MScProject\SSD Files\PNY CS900\Secure Erase\recup_dir.2\f9213408.jpg"
"SHA256","2A6066AD5FA3AC19A49FAE42F03354B747C22AE88AD10B5FCC8DB4A7AED9B8BF","C:\Users\User\OneDrive\Documents\Uni\Dissertation\MScProject\SSD Files\PNY CS900\Secure Erase\recup_dir.2\f9213528.jpg"
"SHA256","B5D27A605AB9028E697B6F7276888239842FF464FBEC10E231374B1EDFD45E7A","C:\Users\User\OneDrive\Documents\Uni\Dissertation\MScProject\SSD Files\PNY CS900\Secure Erase\recup_dir.2\f9213616.jpg"
"SHA256","4873E1138EFCA0F53A57A810224EFB51C208444C600DA627D9C9F0A062648E11","C:\Users\User\OneDrive\Documents\Uni\Dissertation\MScProject\SSD Files\PNY CS900\Secure Erase\recup_dir.2\f9213688.jpg"
"SHA256","412243BBC32AEE32A441CEBC071AE79FE37BAE79D97B8A4508FB65B3DEA1DF76","C:\Users\User\OneDrive\Documents\Uni\Dissertation\MScProject\SSD Files\PNY CS900\Secure Erase\recup_dir.2\f9213768.jpg"
"SHA256","CD86F88D3CFB29B93C1DD6ADF24D3586CF753BF1201DDADE71706B0EB2D0E1A7","C:\Users\User\OneDrive\Documents\Uni\Dissertation\MScProject\SSD Files\PNY CS900\Secure Erase\recup_dir.2\f9213840.jpg"
"SHA256","3BEDF304A37E3FAAA096DE53AABC0320AC80A08FDD6D3CA05DE87A9F7A109711","C:\Users\User\OneDrive\Documents\Uni\Dissertation\MScProject\SSD Files\PNY CS900\Secure Erase\recup_dir.2\f9213912.jpg"
"SHA256","F5ABC05A21B69AD2987C8618A5726AF769F425E163D13977CD63648C401BEAF9","C:\Users\User\OneDrive\Documents\Uni\Dissertation\MScProject\SSD Files\PNY CS900\Secure Erase\recup_dir.2\f9214152.jpg"
"SHA256","58C3A0E2AAE61CC2FE178A0BB891989E9853F10A2015B403137FBE786B0A2E62","C:\Users\User\OneDrive\Documents\Uni\Dissertation\MScProject\SSD Files\PNY CS900\Secure Erase\recup_dir.2\f9214232.jpg"
"SHA256","E2056521844013CA01583810E33780984CE87EC540B8FF9A33E5896AB1A04401","C:\Users\User\OneDrive\Documents\Uni\Dissertation\MScProject\SSD Files\PNY CS900\Secure Erase\recup_dir.2\f9214256.jpg"
"SHA256","E4AFDEACA32991C72FCA31A56C58F65149CB0B514D6D670E1807264CD175E537","C:\Users\User\OneDrive\Documents\Uni\Dissertation\MScProject\SSD Files\PNY CS900\Secure Erase\recup_dir.2\f9214296.jpg"
"SHA256","DC17209CC39D11C8A19D15BF74EA490C70E57ADDF5CF9AB77A9C6948C9D2B5F6","C:\Users\User\OneDrive\Documents\Uni\Dissertation\MScProject\SSD Files\PNY CS900\Secure Erase\recup_dir.2\f9214696.jpg"
"SHA256","884032758ED4CC8EB7CBED6D55A1D08866A83B3B95DC009DEDBEF621631F8198","C:\Users\User\OneDrive\Documents\Uni\Dissertation\MScProject\SSD Files\PNY CS900\Secure Erase\recup_dir.2\f9215248.jpg"
"SHA256","A6BBC8FA79A680C0E108BD73BB1457DA67E442183AAD9B2E1473CE17BAF93BC8","C:\Users\User\OneDrive\Documents\Uni\Dissertation\MScProject\SSD Files\PNY CS900\Secure Erase\recup_dir.2\f9215336.jpg"
"SHA256","2BF34AD71D82E7AC91C4AAED948CDCF704E477FCCE97A8F9CB2E3FDFF3F24766","C:\Users\User\OneDrive\Documents\Uni\Dissertation\MScProject\SSD Files\PNY CS900\Secure Erase\recup_dir.2\f9215432.jpg"
"SHA256","F67572B0713702640F804C087096CDE091579046EDA8C875254BFC6FE4A3829A","C:\Users\User\OneDrive\Documents\Uni\Dissertation\MScProject\SSD Files\PNY CS900\Secure Erase\recup_dir.2\f9215520.jpg"
"SHA256","A041F101F6037D0BCDD4CAAFFEA37DD7534F22FB628EEE2DDEB9B5EA75333D00","C:\Users\User\OneDrive\Documents\Uni\Dissertation\MScProject\SSD Files\PNY CS900\Secure Erase\recup_dir.2\f9215616.jpg"
"SHA256","AA71B45224161149DCEA3731792227D6D4C5A82EB00273EC9881909378F5A572","C:\Users\User\OneDrive\Documents\Uni\Dissertation\MScProject\SSD Files\PNY CS900\Secure Erase\recup_dir.2\f9215656.jpg"
"SHA256","D8C3B92F3613E0A400642C2359C26C6E19030DAE73C72CDD4120A31943CFD39D","C:\Users\User\OneDrive\Documents\Uni\Dissertation\MScProject\SSD Files\PNY CS900\Secure Erase\recup_dir.2\f9215664.jpg"
"SHA256","50B97CE0E1D75338BCF598BA76E0D9E1A82697A9FB2C010FE8BAEF17796B3752","C:\Users\User\OneDrive\Documents\Uni\Dissertation\MScProject\SSD Files\PNY CS900\Secure Erase\recup_dir.2\f9215720.jpg"
"SHA256","C8C1B5050B99990E37934971BB759A0CCC4B8372798BFAC21FB5D4AE7FC7C9CA","C:\Users\User\OneDrive\Documents\Uni\Dissertation\MScProject\SSD Files\PNY CS900\Secure Erase\recup_dir.2\f9215792.jpg"
"SHA256","7918656C9B459DA4C9E64D61AC1BFBF41FE585F7CB11132A247487B2C5BFBDFA","C:\Users\User\OneDrive\Documents\Uni\Dissertation\MScProject\SSD Files\PNY CS900\Secure Erase\recup_dir.2\f9215960.jpg"
"SHA256","FE1B0E720F076B5A4CF4A241962F41C29B0DC4C4AA7027D1C4044C53BE7C19F8","C:\Users\User\OneDrive\Documents\Uni\Dissertation\MScProject\SSD Files\PNY CS900\Secure Erase\recup_dir.2\f9216048.jpg"
"SHA256","3DDF89E2CA03664B3A0F3821012CFBAD99970B8BE6E522B2E2AA83E9F0F7ADEE","C:\Users\User\OneDrive\Documents\Uni\Dissertation\MScProject\SSD Files\PNY CS900\Secure Erase\recup_dir.2\f9216072.jpg"
"SHA256","23B07C78D5650B9221C947B5099742455E3584E4F3F3C6CB6301A72F18EB4267","C:\Users\User\OneDrive\Documents\Uni\Dissertation\MScProject\SSD Files\PNY CS900\Secure Erase\recup_dir.2\f9216096.jpg"
"SHA256","DB4BA7E1ACB4BCD21375F4356899490A949933959C5CD7A4E56739359D840479","C:\Users\User\OneDrive\Documents\Uni\Dissertation\MScProject\SSD Files\PNY CS900\Secure Erase\recup_dir.2\f9217384.jpg"
"SHA256","E5723AB97442DE0C7D9BDA12733081C22F3F0DFD95CBEF4453FEB5B49A3C1D5F","C:\Users\User\OneDrive\Documents\Uni\Dissertation\MScProject\SSD Files\PNY CS900\Secure Erase\recup_dir.2\f9217400.jpg"
"SHA256","2B98C7CC5254C36CAEB711F9F80A4ADBEE7669810DFA784846968D238315A5FB","C:\Users\User\OneDrive\Documents\Uni\Dissertation\MScProject\SSD Files\PNY CS900\Secure Erase\recup_dir.2\f9217424.jpg"
"SHA256","793E187BF1C40BF704E5DC11B8303E9528F53D78ACEA7AA41E374BE76608FE98","C:\Users\User\OneDrive\Documents\Uni\Dissertation\MScProject\SSD Files\PNY CS900\Secure Erase\recup_dir.2\f9217456.jpg"
"SHA256","E1B2B4CDCBFE7E8F3846567E9D0D194F9C5C2F4FD67248DFE307B340DD1899C2","C:\Users\User\OneDrive\Documents\Uni\Dissertation\MScProject\SSD Files\PNY CS900\Secure Erase\recup_dir.2\f9217520.jpg"
"SHA256","69F14367EDD8D71E3CDB788181A43A2E347161AFF379B1E8C396C74211F68185","C:\Users\User\OneDrive\Documents\Uni\Dissertation\MScProject\SSD Files\PNY CS900\Secure Erase\recup_dir.2\f9217608.jpg"
"SHA256","91A17010AB0B92C9C6FEFAFFFEFD26CC6B368E332EA100DDC24881D2D811026A","C:\Users\User\OneDrive\Documents\Uni\Dissertation\MScProject\SSD Files\PNY CS900\Secure Erase\recup_dir.2\f9217632.jpg"
"SHA256","A66892926EE42CBD225B4FEC9756599D4BC77920384606B0129FCDF1DF408A23","C:\Users\User\OneDrive\Documents\Uni\Dissertation\MScProject\SSD Files\PNY CS900\Secure Erase\recup_dir.2\f9217648.jpg"
"SHA256","D737F6807D35A71E8D9E7D820FDB7CBEEBD61AC121FB170D515B48340F6EE9C9","C:\Users\User\OneDrive\Documents\Uni\Dissertation\MScProject\SSD Files\PNY CS900\Secure Erase\recup_dir.2\f9217680.jpg"
"SHA256","6FACDC497A4D18D1A7453F1262F8AB192C1D8747DCBA7E85099D6E8E2C87EC78","C:\Users\User\OneDrive\Documents\Uni\Dissertation\MScProject\SSD Files\PNY CS900\Secure Erase\recup_dir.2\f9217768.jpg"
"SHA256","225FFBA4A5E361D7D9B83E5840EBC6C23B77FDD484261B001E9085E3E56D1F0B","C:\Users\User\OneDrive\Documents\Uni\Dissertation\MScProject\SSD Files\PNY CS900\Secure Erase\recup_dir.2\f9217808.jpg"
"SHA256","5C41B26726434485D4A472650EACFBC1DEA64B4C96FFB9CB280D82D26A9BCE60","C:\Users\User\OneDrive\Documents\Uni\Dissertation\MScProject\SSD Files\PNY CS900\Secure Erase\recup_dir.2\f9217896.jpg"
"SHA256","BD856206AF615C0EE8EC103259240F745B0721A4D9E9B5AF6BA2A3E8897FB551","C:\Users\User\OneDrive\Documents\Uni\Dissertation\MScProject\SSD Files\PNY CS900\Secure Erase\recup_dir.2\f9217928.jpg"
"SHA256","ACD3127E8669B3898E42BDAB957269D1CF9AFE6C4CBFBED379166CC44B3D0064","C:\Users\User\OneDrive\Documents\Uni\Dissertation\MScProject\SSD Files\PNY CS900\Secure Erase\recup_dir.2\f9218088.jpg"
"SHA256","7E61DFAEC08E25F6B8A9E0FA2373C15C2799E0CA09AA28B1B9E0FD6A068A5654","C:\Users\User\OneDrive\Documents\Uni\Dissertation\MScProject\SSD Files\PNY CS900\Secure Erase\recup_dir.2\f9218128.jpg"
"SHA256","899CE7F07F9E4626566A34697CAEADFA5682CD7282C20D4991A153D895555877","C:\Users\User\OneDrive\Documents\Uni\Dissertation\MScProject\SSD Files\PNY CS900\Secure Erase\recup_dir.2\f9218184.jpg"
"SHA256","7A960C444D1F92980CD779F323B9608C0317A7B4B0341A78AD661F28D4F2118E","C:\Users\User\OneDrive\Documents\Uni\Dissertation\MScProject\SSD Files\PNY CS900\Secure Erase\recup_dir.2\f9218232.jpg"
"SHA256","DC57566C655839A78E71580B1D878DD99734B6CA451644DC224EB1B934A1A050","C:\Users\User\OneDrive\Documents\Uni\Dissertation\MScProject\SSD Files\PNY CS900\Secure Erase\recup_dir.2\f9220328.jpg"
"SHA256","D6EE1CBB1D67455A20462172CDB02C1D8A0FF2CFEC1FF4AC9E8D7E71A0890633","C:\Users\User\OneDrive\Documents\Uni\Dissertation\MScProject\SSD Files\PNY CS900\Secure Erase\recup_dir.2\f9220344.jpg"
"SHA256","375D74EA2B67AE540F82C3E602FA291F38C62E9336AF955EFF0E74440EB295D0","C:\Users\User\OneDrive\Documents\Uni\Dissertation\MScProject\SSD Files\PNY CS900\Secure Erase\recup_dir.2\f9220368.jpg"
"SHA256","022684887A74DF8F99DBFEA43256EDF6D5459DE5C404FA98C9703186D5D81FA8","C:\Users\User\OneDrive\Documents\Uni\Dissertation\MScProject\SSD Files\PNY CS900\Secure Erase\recup_dir.2\f9220376.jpg"
"SHA256","E29A825FF10A45031CA93F61122486C198A431444BCC474094A131E797B38ADB","C:\Users\User\OneDrive\Documents\Uni\Dissertation\MScProject\SSD Files\PNY CS900\Secure Erase\recup_dir.2\f9220400.jpg"
"SHA256","96BEC5C1327FCEB0CAD36BE0BFFB1851C7DCFFD72C7505A393911338C21DB422","C:\Users\User\OneDrive\Documents\Uni\Dissertation\MScProject\SSD Files\PNY CS900\Secure Erase\recup_dir.2\f9220408.jpg"
"SHA256","2392C990BD3B2F7D619CB7D7E89D7F506EFEBDA893D1204AD52275D2FBE412BF","C:\Users\User\OneDrive\Documents\Uni\Dissertation\MScProject\SSD Files\PNY CS900\Secure Erase\recup_dir.2\f9220552.jpg"
"SHA256","BC70AF9C164D743B294EEE43D7A5478238ECE546325726603E7509CB1580A727","C:\Users\User\OneDrive\Documents\Uni\Dissertation\MScProject\SSD Files\PNY CS900\Secure Erase\recup_dir.2\f9220984.jpg"
"SHA256","76E225F8D4BC952BDF391B7E42C2FE96EC37CA3A2D73816D033F7B3173925F87","C:\Users\User\OneDrive\Documents\Uni\Dissertation\MScProject\SSD Files\PNY CS900\Secure Erase\recup_dir.2\f9221104.jpg"
"SHA256","096A2F88F6C635BAFD329AC2F118E360A383940363B2680A7716C66FE4B73FE6","C:\Users\User\OneDrive\Documents\Uni\Dissertation\MScProject\SSD Files\PNY CS900\Secure Erase\recup_dir.2\f9221408.jpg"
"SHA256","56B88AD794E9B63A21200E45614DA45BDC723E6DDB3C5514BE903053C17B73C5","C:\Users\User\OneDrive\Documents\Uni\Dissertation\MScProject\SSD Files\PNY CS900\Secure Erase\recup_dir.2\f9221488.jpg"
"SHA256","BEEE67FE96ABBBE7136D4CDF8E210E47D03EDEC22F714C15A83F5AFC31E13C38","C:\Users\User\OneDrive\Documents\Uni\Dissertation\MScProject\SSD Files\PNY CS900\Secure Erase\recup_dir.2\f9221568.jpg"
"SHA256","569934815CF41DB091A91A2D4B5D066705316493A18D28AF952314D3EFA7EBB8","C:\Users\User\OneDrive\Documents\Uni\Dissertation\MScProject\SSD Files\PNY CS900\Secure Erase\recup_dir.2\f9221792.jpg"
"SHA256","17AADADFD2CCFD6DB93AE2B186CC36A7DFD76B389043C5AF75A3DE92281E8681","C:\Users\User\OneDrive\Documents\Uni\Dissertation\MScProject\SSD Files\PNY CS900\Secure Erase\recup_dir.2\f9221808.jpg"
"SHA256","E5D77A792E5FB262B741E53863DBE050AC346D6D3CBD2876288C6B8A001923A1","C:\Users\User\OneDrive\Documents\Uni\Dissertation\MScProject\SSD Files\PNY CS900\Secure Erase\recup_dir.2\f9222112.jpg"
"SHA256","AC6C0D15B7D7F62D52C6E5C3D083D0632D22A78934A80DDDDC13303419CD2C36","C:\Users\User\OneDrive\Documents\Uni\Dissertation\MScProject\SSD Files\PNY CS900\Secure Erase\recup_dir.2\f9222200.jpg"
"SHA256","89263F74B84CE68A38F31A6F41E83F60E2EAA8278419D81707A50313884552E2","C:\Users\User\OneDrive\Documents\Uni\Dissertation\MScProject\SSD Files\PNY CS900\Secure Erase\recup_dir.2\f9222216.jpg"
"SHA256","D88B61B9175B7D45ACE34437E5CEA82CFB0D33D6BAA27A66E64ABB2E197F2B42","C:\Users\User\OneDrive\Documents\Uni\Dissertation\MScProject\SSD Files\PNY CS900\Secure Erase\recup_dir.2\f9222872.jpg"
"SHA256","F3088BC341403CB6F8E200315EDC1332E01BD4D1B8D74FCE64F7F54DD5147D08","C:\Users\User\OneDrive\Documents\Uni\Dissertation\MScProject\SSD Files\PNY CS900\Secure Erase\recup_dir.2\f9222920.jpg"
"SHA256","62464CC66876609C9385308F361D327BAC403D8F71D0DEEB909D0C8C5EC980C9","C:\Users\User\OneDrive\Documents\Uni\Dissertation\MScProject\SSD Files\PNY CS900\Secure Erase\recup_dir.2\f9222976.jpg"
"SHA256","B9ABF8ED16E3671731B470907A33071675D2CFBDD2EB43DDACAC0DC6CD11B21F","C:\Users\User\OneDrive\Documents\Uni\Dissertation\MScProject\SSD Files\PNY CS900\Secure Erase\recup_dir.2\f9223040.jpg"
"SHA256","6586C648023D89EEF7E55B93CE5CE2FC2DA1344479D56FD8ECBBAB0DDB9F740D","C:\Users\User\OneDrive\Documents\Uni\Dissertation\MScProject\SSD Files\PNY CS900\Secure Erase\recup_dir.2\f9223104.jpg"
"SHA256","2CB9926DF2D6BCE9CB5931AA00A00644F18B0691B30D95832E0AE7C726607D2B","C:\Users\User\OneDrive\Documents\Uni\Dissertation\MScProject\SSD Files\PNY CS900\Secure Erase\recup_dir.2\f9223184.jpg"
"SHA256","4A03B722EEAE3F2ED97C94CB6B1A9327883C56ACC733B0E31F1763FD24B9D6E9","C:\Users\User\OneDrive\Documents\Uni\Dissertation\MScProject\SSD Files\PNY CS900\Secure Erase\recup_dir.2\f9223320.jpg"
"SHA256","B94CCC88A72752681D473DCF76063DC4539CF1BC9830A2E162D1C6C9B3302846","C:\Users\User\OneDrive\Documents\Uni\Dissertation\MScProject\SSD Files\PNY CS900\Secure Erase\recup_dir.2\f9223408.jpg"
"SHA256","DF1623B575076B720D6CF83B95741589C8234F43567B7A9A636D3CD7521EF4E3","C:\Users\User\OneDrive\Documents\Uni\Dissertation\MScProject\SSD Files\PNY CS900\Secure Erase\recup_dir.2\f9223608.jpg"
"SHA256","F7B687734F310A07C4D8C25C4E2597AE3A2B8C9AD5F0C0BB68B616F26BDF4271","C:\Users\User\OneDrive\Documents\Uni\Dissertation\MScProject\SSD Files\PNY CS900\Secure Erase\recup_dir.2\f9223672.jpg"
"SHA256","84C30782FAAE378D59CF092371FC5ADD19A02A6E64F753E0D68500ACA7167961","C:\Users\User\OneDrive\Documents\Uni\Dissertation\MScProject\SSD Files\PNY CS900\Secure Erase\recup_dir.2\f9223704.jpg"
"SHA256","86DE5C077A5A6EB4AEE13475C22F8C344E9271941A33859EF937BFD978BD80AB","C:\Users\User\OneDrive\Documents\Uni\Dissertation\MScProject\SSD Files\PNY CS900\Secure Erase\recup_dir.2\f9223752.jpg"
"SHA256","3296FDD0CEBD89A5DF89F88703417681C2F4D34C23DACC2B35132171785354B6","C:\Users\User\OneDrive\Documents\Uni\Dissertation\MScProject\SSD Files\PNY CS900\Secure Erase\recup_dir.2\f9223776.jpg"
"SHA256","CBD45B93BF242F524379B0A16DD95A18F4E181673FC4ECD42BCE04BE2DB41B8E","C:\Users\User\OneDrive\Documents\Uni\Dissertation\MScProject\SSD Files\PNY CS900\Secure Erase\recup_dir.2\f9223880.jpg"
"SHA256","F7D191D96E58F2BB9D2D06CDFE0B23B4DA9A2F31D5C098D467F1BE84C7E16A3A","C:\Users\User\OneDrive\Documents\Uni\Dissertation\MScProject\SSD Files\PNY CS900\Secure Erase\recup_dir.2\f9223944.jpg"
"SHA256","99E563A5BEA760CC84AAAB4AA5F95D870D70636AD810FC403988774E293911AB","C:\Users\User\OneDrive\Documents\Uni\Dissertation\MScProject\SSD Files\PNY CS900\Secure Erase\recup_dir.2\f9224008.jpg"
"SHA256","74BD0AC5A44265FED5B1E0F48C2D45779C9F8F8CD0E9EBDA88A1E0DD04D8164E","C:\Users\User\OneDrive\Documents\Uni\Dissertation\MScProject\SSD Files\PNY CS900\Secure Erase\recup_dir.2\f9224088.jpg"
"SHA256","7CCDF4790235723067B55512E98DF628348AF428F5715A373C99DFB67AD294EB","C:\Users\User\OneDrive\Documents\Uni\Dissertation\MScProject\SSD Files\PNY CS900\Secure Erase\recup_dir.2\f9224136.jpg"
"SHA256","02146E88469AC655D4B3563C1F50FBA463E33C3CCF71F384FBD4131A2C7512F2","C:\Users\User\OneDrive\Documents\Uni\Dissertation\MScProject\SSD Files\PNY CS900\Secure Erase\recup_dir.2\f9224160.jpg"
"SHA256","051CE705E8C16FB139E5E4CC14A988BB8F0BC6E4F4AD4E497B1ECDE44A780C9C","C:\Users\User\OneDrive\Documents\Uni\Dissertation\MScProject\SSD Files\PNY CS900\Secure Erase\recup_dir.2\f9224176.jpg"
"SHA256","654292CB434A594CD31E1ABDB7CF2B4AFEA6D03F62170A1C6E9B665581A946B2","C:\Users\User\OneDrive\Documents\Uni\Dissertation\MScProject\SSD Files\PNY CS900\Secure Erase\recup_dir.2\f9224256.jpg"
"SHA256","50A4AA22389834B831950815AA30E361446DD73121C4BD44DBB4FE926652D1E9","C:\Users\User\OneDrive\Documents\Uni\Dissertation\MScProject\SSD Files\PNY CS900\Secure Erase\recup_dir.2\f9224272.jpg"
"SHA256","446CF808F3F0C83EAAE4DEF1225B902E936BFB4F5F60C568AAE0FA6CDC3A0DF4","C:\Users\User\OneDrive\Documents\Uni\Dissertation\MScProject\SSD Files\PNY CS900\Secure Erase\recup_dir.2\f9224328.jpg"
"SHA256","5201DCC6DF333421A27198B356D323AA7F976A37CBA99592606FEE20468F07AF","C:\Users\User\OneDrive\Documents\Uni\Dissertation\MScProject\SSD Files\PNY CS900\Secure Erase\recup_dir.2\f9224360.jpg"
"SHA256","8D3C88B4D4B477C0A815C5367D2736F74FD0EF225211C126959AD928AC4AF74A","C:\Users\User\OneDrive\Documents\Uni\Dissertation\MScProject\SSD Files\PNY CS900\Secure Erase\recup_dir.2\f9224432.jpg"
"SHA256","9D1C7F28C0DB33BA3CB8B88FE3093A58C85074B0A86D050BFA6CACECA60288BE","C:\Users\User\OneDrive\Documents\Uni\Dissertation\MScProject\SSD Files\PNY CS900\Secure Erase\recup_dir.2\f9224488.jpg"
"SHA256","3B89D6A6EE665069C4849035F50C3F9AD6ABAE98D554A7263F5738FA46BD1391","C:\Users\User\OneDrive\Documents\Uni\Dissertation\MScProject\SSD Files\PNY CS900\Secure Erase\recup_dir.2\f9224520.jpg"
"SHA256","2C76EF5440710417393B16207410EAF910AB504A6865A2BC3DC90EDC3A438701","C:\Users\User\OneDrive\Documents\Uni\Dissertation\MScProject\SSD Files\PNY CS900\Secure Erase\recup_dir.2\f9224536.jpg"
"SHA256","BB2A6F15B3AAD6FCE526FE21B493ADE68303854A4B854627EF34B5D076DF8307","C:\Users\User\OneDrive\Documents\Uni\Dissertation\MScProject\SSD Files\PNY CS900\Secure Erase\recup_dir.2\f9224552.jpg"
"SHA256","46DD7EC845A46E39402BC8547ACC9591D7F52501BAA19368B3D2C57F4500DE26","C:\Users\User\OneDrive\Documents\Uni\Dissertation\MScProject\SSD Files\PNY CS900\Secure Erase\recup_dir.2\f9224632.jpg"
"SHA256","D641377B91F70179F1B4C49CCC9481866C1F4E7A21120E45B4BDA181CAE54215","C:\Users\User\OneDrive\Documents\Uni\Dissertation\MScProject\SSD Files\PNY CS900\Secure Erase\recup_dir.2\f9224696.jpg"
"SHA256","7090E6C051B3CD453DA36888A7491E0FD92BCE58D229F0C34DDB5E0CB7D4A8AC","C:\Users\User\OneDrive\Documents\Uni\Dissertation\MScProject\SSD Files\PNY CS900\Secure Erase\recup_dir.2\f9224736.jpg"
"SHA256","60639A9A696F2C0D2271339263312507BD6382E5394FF96570C99291208AB3D9","C:\Users\User\OneDrive\Documents\Uni\Dissertation\MScProject\SSD Files\PNY CS900\Secure Erase\recup_dir.2\f9224888.jpg"
"SHA256","2E1215865304913334A0F037ACAB98E415A8CFF5C9571466F0B9073CDE21FB49","C:\Users\User\OneDrive\Documents\Uni\Dissertation\MScProject\SSD Files\PNY CS900\Secure Erase\recup_dir.2\f9225336.jpg"
"SHA256","07271BB5960675A3074ADFE229ECD623A97F91946B3591C7C61610CE307550FC","C:\Users\User\OneDrive\Documents\Uni\Dissertation\MScProject\SSD Files\PNY CS900\Secure Erase\recup_dir.2\f9225408.jpg"
"SHA256","609106993DAD71E8C4C88B2BB5DFC7D18ABBDB81B481F41FDAEA03B22A5619AD","C:\Users\User\OneDrive\Documents\Uni\Dissertation\MScProject\SSD Files\PNY CS900\Secure Erase\recup_dir.2\f9225424.jpg"
"SHA256","7BAB1FA13B8E0A196488E1753A06D77F736FFD601AA2414F78C3D79CF97D89AE","C:\Users\User\OneDrive\Documents\Uni\Dissertation\MScProject\SSD Files\PNY CS900\Secure Erase\recup_dir.2\f9225568.jpg"
"SHA256","A69C2C2B5572892FD960E3982323FDA4FA60E995336D1F432C280E7F7515518F","C:\Users\User\OneDrive\Documents\Uni\Dissertation\MScProject\SSD Files\PNY CS900\Secure Erase\recup_dir.2\f9225600.jpg"
"SHA256","21D4D308059529D24E12F92BA53788322782B46BAF8293EC9FF612F1C0D5DEE7","C:\Users\User\OneDrive\Documents\Uni\Dissertation\MScProject\SSD Files\PNY CS900\Secure Erase\recup_dir.2\f9225640.jpg"
"SHA256","4E3D17150F91165FB05EE027FB87D1D032A8A1FFC2F795804B3CEC9109D3A866","C:\Users\User\OneDrive\Documents\Uni\Dissertation\MScProject\SSD Files\PNY CS900\Secure Erase\recup_dir.2\f9225680.jpg"
"SHA256","C8B39DEF49E7A701C0EF3992A8EC9CEE09121B980330E6FD439A87AB9364086C","C:\Users\User\OneDrive\Documents\Uni\Dissertation\MScProject\SSD Files\PNY CS900\Secure Erase\recup_dir.2\f9227040.jpg"
"SHA256","A1ECF81F3805C2FEE50FFEEFE4FCADB6E6FA65E9EBAE6063E4F701C9A248513D","C:\Users\User\OneDrive\Documents\Uni\Dissertation\MScProject\SSD Files\PNY CS900\Secure Erase\recup_dir.2\f9227096.jpg"
"SHA256","3DCE8D01854E47DBC19B7F723FAAA51E7D3E35CAFBC80C60C7BB8CAB5E86B55C","C:\Users\User\OneDrive\Documents\Uni\Dissertation\MScProject\SSD Files\PNY CS900\Secure Erase\recup_dir.2\f9227128.jpg"
"SHA256","E95F91BEBB33204BB7161B41FF47791B894CF5875055075CB5C8ED84488856CE","C:\Users\User\OneDrive\Documents\Uni\Dissertation\MScProject\SSD Files\PNY CS900\Secure Erase\recup_dir.2\f9227144.jpg"
"SHA256","5622263A18D8DF1E0091B1A981C97B129AB422B6FB332671B51E898F46DCBF99","C:\Users\User\OneDrive\Documents\Uni\Dissertation\MScProject\SSD Files\PNY CS900\Secure Erase\recup_dir.2\f9227216.jpg"
"SHA256","B4136FA165C9535E1B9D06A57A33E1758AECCF7F140FC9D30F84FF79AB12DB31","C:\Users\User\OneDrive\Documents\Uni\Dissertation\MScProject\SSD Files\PNY CS900\Secure Erase\recup_dir.2\f9227264.jpg"
"SHA256","C6EECDCEE0C946822960AEF897919FB94B3B9A7A5E302DE1C12937AB6110E51D","C:\Users\User\OneDrive\Documents\Uni\Dissertation\MScProject\SSD Files\PNY CS900\Secure Erase\recup_dir.2\f9227304.jpg"
"SHA256","A01BD8B923162F45933DC3DF94D8074022B5D099E4E9E42255B2568BD25DACF8","C:\Users\User\OneDrive\Documents\Uni\Dissertation\MScProject\SSD Files\PNY CS900\Secure Erase\recup_dir.2\f9227472.jpg"
"SHA256","320F3C86FD93AE6ABACEB4255D6291D638B48DDD5111038E3147F665691105C3","C:\Users\User\OneDrive\Documents\Uni\Dissertation\MScProject\SSD Files\PNY CS900\Secure Erase\recup_dir.2\f9227616.jpg"
"SHA256","646E6BCF25F66C7489C71EA86C6A9B57EE82C97ACA28256A31E3B3D3D5FA2BAE","C:\Users\User\OneDrive\Documents\Uni\Dissertation\MScProject\SSD Files\PNY CS900\Secure Erase\recup_dir.2\f9227680.jpg"
"SHA256","7624B541BA4410045F043762039B3B262C4B7A1928D29639749E68C52C2EC926","C:\Users\User\OneDrive\Documents\Uni\Dissertation\MScProject\SSD Files\PNY CS900\Secure Erase\recup_dir.2\f9227704.jpg"
"SHA256","CACBDD0B166C147378A6805AE4B1AA21F29A3A6A9E8868106588D36AFDC8B1D0","C:\Users\User\OneDrive\Documents\Uni\Dissertation\MScProject\SSD Files\PNY CS900\Secure Erase\recup_dir.2\f9227728.jpg"
"SHA256","8F563273E8AA4EE727D8131C37976CA46A401C83AAA64E54F915DFDB95058B9A","C:\Users\User\OneDrive\Documents\Uni\Dissertation\MScProject\SSD Files\PNY CS900\Secure Erase\recup_dir.2\f9227800.jpg"
"SHA256","C36A7AEC0E1BD13D756BF6665D54FB8582BCB4C1B633E67BC83A0861C6F1867C","C:\Users\User\OneDrive\Documents\Uni\Dissertation\MScProject\SSD Files\PNY CS900\Secure Erase\recup_dir.2\f9227880.jpg"
"SHA256","62817917C573D4B025269EC535FBE980E4CADCF4D00E13F2B98C7E8620342849","C:\Users\User\OneDrive\Documents\Uni\Dissertation\MScProject\SSD Files\PNY CS900\Secure Erase\recup_dir.2\f9227896.jpg"
"SHA256","118CBFE55A01AC42D79B6196C66776BB821D8026D48D1C00614B7C983747759B","C:\Users\User\OneDrive\Documents\Uni\Dissertation\MScProject\SSD Files\PNY CS900\Secure Erase\recup_dir.2\f9227984.jpg"
"SHA256","FFD9B311D1CB9D91F4E1E97998CB3983A1DF5CC42989DAD1E7AA45F3661E9EEC","C:\Users\User\OneDrive\Documents\Uni\Dissertation\MScProject\SSD Files\PNY CS900\Secure Erase\recup_dir.2\f9228008.jpg"
"SHA256","061A68236B959C8C6F708107E40A87A9660E5C2D3743CCAC2544788BDEA92950","C:\Users\User\OneDrive\Documents\Uni\Dissertation\MScProject\SSD Files\PNY CS900\Secure Erase\recup_dir.2\f9228032.jpg"
"SHA256","5B4F6E5099D6C3CB8DF66A44280D04B77C6D6A98EA62160E48B9598358C0DAF7","C:\Users\User\OneDrive\Documents\Uni\Dissertation\MScProject\SSD Files\PNY CS900\Secure Erase\recup_dir.2\f9228056.jpg"
"SHA256","972151503B95C978FAE18A3B36F6F427CC5B73599FA7E419CE60BBF0CF67840F","C:\Users\User\OneDrive\Documents\Uni\Dissertation\MScProject\SSD Files\PNY CS900\Secure Erase\recup_dir.2\f9228088.jpg"
"SHA256","78CA4087B76E1B4292786FE116DCBBD67D5FBAEF30EB01DB26A2D4822D54FC2C","C:\Users\User\OneDrive\Documents\Uni\Dissertation\MScProject\SSD Files\PNY CS900\Secure Erase\recup_dir.2\f9230368.jpg"
"SHA256","D483A80A96143B90EA94A54788C073AED3F7B79DDCCFD100B1FFDB0CD1B71998","C:\Users\User\OneDrive\Documents\Uni\Dissertation\MScProject\SSD Files\PNY CS900\Secure Erase\recup_dir.2\f9230440.jpg"
"SHA256","480B241FD6961912AEAA363D749ADE0625862EBFBB85313916288338F6278D3A","C:\Users\User\OneDrive\Documents\Uni\Dissertation\MScProject\SSD Files\PNY CS900\Secure Erase\recup_dir.2\f9230448.jpg"
"SHA256","288EC704A104BA7CD606A53E364FE40E4A7FCF938440AA948A724197AA236988","C:\Users\User\OneDrive\Documents\Uni\Dissertation\MScProject\SSD Files\PNY CS900\Secure Erase\recup_dir.2\f9230552.jpg"
"SHA256","6940445E25D066038D6A959AB9F134554AF42406968ECD4B5E04B23F2EEDDBFC","C:\Users\User\OneDrive\Documents\Uni\Dissertation\MScProject\SSD Files\PNY CS900\Secure Erase\recup_dir.2\f9230656.jpg"
"SHA256","B539E06E201B0CE3FE4203D41936B87CE1B3C5911806ABA12AFFE7BB3D2A31A4","C:\Users\User\OneDrive\Documents\Uni\Dissertation\MScProject\SSD Files\PNY CS900\Secure Erase\recup_dir.2\f9230752.jpg"
"SHA256","8F8A50638B70548ADFFD9589AB09DE4A63981CEE52D593948AAEDAFCCFA6AD38","C:\Users\User\OneDrive\Documents\Uni\Dissertation\MScProject\SSD Files\PNY CS900\Secure Erase\recup_dir.2\f9230816.jpg"
"SHA256","7361DD58F789FB5920EED57840C509B2D1BE469B51105542C27A71363AAF414B","C:\Users\User\OneDrive\Documents\Uni\Dissertation\MScProject\SSD Files\PNY CS900\Secure Erase\recup_dir.2\f9231704.jpg"
"SHA256","EAFB8A6179B9F2F6CFCB584F1A27102E7ACB4298A93347547A19A6D34AEECF77","C:\Users\User\OneDrive\Documents\Uni\Dissertation\MScProject\SSD Files\PNY CS900\Secure Erase\recup_dir.2\f9231784.jpg"
"SHA256","0B27049BDEF60C2366689172EDE969342339859A0143C229BA0CEC9A093088E2","C:\Users\User\OneDrive\Documents\Uni\Dissertation\MScProject\SSD Files\PNY CS900\Secure Erase\recup_dir.2\f9231872.jpg"
"SHA256","7328DBD2BCC95C1441F931FAFC583B8CEA6951F26E6D062E22A44F7D3E7EB638","C:\Users\User\OneDrive\Documents\Uni\Dissertation\MScProject\SSD Files\PNY CS900\Secure Erase\recup_dir.2\f9232744.jpg"
"SHA256","9274BD9C680F30714A66AEBBC01930E10D2634915872BCBA971C3C55BDD7BCCB","C:\Users\User\OneDrive\Documents\Uni\Dissertation\MScProject\SSD Files\PNY CS900\Secure Erase\recup_dir.2\f9232848.jpg"
"SHA256","D25EA45977A5B468D1AD5A1DFB3024BF9A18DA2C13FE6AB866FF6A717881F9C3","C:\Users\User\OneDrive\Documents\Uni\Dissertation\MScProject\SSD Files\PNY CS900\Secure Erase\recup_dir.2\f9232952.jpg"
"SHA256","63CFD614918207D87CCC775D79BA93BF2A44897261D570E4974BC6D65F373D05","C:\Users\User\OneDrive\Documents\Uni\Dissertation\MScProject\SSD Files\PNY CS900\Secure Erase\recup_dir.2\f9233320.jpg"
"SHA256","901F1D28AF9BBFA5B4ADCE0A51401600EAA78B3FE78997EF436266D9A3A7A76E","C:\Users\User\OneDrive\Documents\Uni\Dissertation\MScProject\SSD Files\PNY CS900\Secure Erase\recup_dir.2\f9233448.jpg"
"SHA256","A4AF0090BEEB962195B6C7F04E2F32E8421AE2A64C632D884E8F1C620664CC4A","C:\Users\User\OneDrive\Documents\Uni\Dissertation\MScProject\SSD Files\PNY CS900\Secure Erase\recup_dir.2\f9235184.jpg"
"SHA256","826C00153D0A943CC4015B1F3AE8AEE61CD2E406F74D517910D8FD8C1355C9B1","C:\Users\User\OneDrive\Documents\Uni\Dissertation\MScProject\SSD Files\PNY CS900\Secure Erase\recup_dir.2\f9235224.jpg"
"SHA256","9D84101AB70F41D397F4838B8F51A17B4A9870298B72B0F865FC0EB2126D1A3E","C:\Users\User\OneDrive\Documents\Uni\Dissertation\MScProject\SSD Files\PNY CS900\Secure Erase\recup_dir.2\f9235328.jpg"
"SHA256","6634A278ADDD3E92455997AFAA0C6CBC2D4000DD95225D4B69EE63D97956C21A","C:\Users\User\OneDrive\Documents\Uni\Dissertation\MScProject\SSD Files\PNY CS900\Secure Erase\recup_dir.2\f9235360.jpg"
"SHA256","6A7F38717E54156A9B13CC28D196278737346BECC08E6CBE111D97263B8C56FE","C:\Users\User\OneDrive\Documents\Uni\Dissertation\MScProject\SSD Files\PNY CS900\Secure Erase\recup_dir.2\f9235392.jpg"
"SHA256","B54B3C692F339CD1F5C2B007F779FA6F63566FEBF571B008C63184494A8C5A13","C:\Users\User\OneDrive\Documents\Uni\Dissertation\MScProject\SSD Files\PNY CS900\Secure Erase\recup_dir.2\f9235472.jpg"
"SHA256","F9A3663017564B8866475BF27B1DD01D3E443D3BE81FA4B857329610F6637E8E","C:\Users\User\OneDrive\Documents\Uni\Dissertation\MScProject\SSD Files\PNY CS900\Secure Erase\recup_dir.2\f9235488.jpg"
"SHA256","0AA927BDE7739F8B531A7FF269A9799C73A4F842C862A29E12E499275ED211C1","C:\Users\User\OneDrive\Documents\Uni\Dissertation\MScProject\SSD Files\PNY CS900\Secure Erase\recup_dir.2\f9235568.jpg"
"SHA256","6D5DA0904A594D2AE14A22562E617535B131B64FC209E29100DE4232F41026A7","C:\Users\User\OneDrive\Documents\Uni\Dissertation\MScProject\SSD Files\PNY CS900\Secure Erase\recup_dir.2\f9235600.jpg"
"SHA256","ECB437DBDA807C7EE3A65A28E608897ABA1B68F26C24B7D69EBD345D5D3BA8DC","C:\Users\User\OneDrive\Documents\Uni\Dissertation\MScProject\SSD Files\PNY CS900\Secure Erase\recup_dir.2\f9235784.jpg"
"SHA256","BC9E0313A376C8BE2F4DD2A6A9F3B94517E731A23845F74F3AFE62CC221BABA5","C:\Users\User\OneDrive\Documents\Uni\Dissertation\MScProject\SSD Files\PNY CS900\Secure Erase\recup_dir.2\f9235800.jpg"
"SHA256","2EB89F2C03DDF07D2AB3BF39FCA3537668FCB445E1831EC510A17D035D23A479","C:\Users\User\OneDrive\Documents\Uni\Dissertation\MScProject\SSD Files\PNY CS900\Secure Erase\recup_dir.2\f9235912.jpg"
"SHA256","176E6D5F0163AA1438273BAB932B312F08CA1C1DB1C757479A605220BF35DC7C","C:\Users\User\OneDrive\Documents\Uni\Dissertation\MScProject\SSD Files\PNY CS900\Secure Erase\recup_dir.2\f9236040.jpg"
"SHA256","1565FBEE0EAAF98FB2DE18CACA2A4B44D5DAF6A752CC0A73EE46FDC56CA2BA5A","C:\Users\User\OneDrive\Documents\Uni\Dissertation\MScProject\SSD Files\PNY CS900\Secure Erase\recup_dir.2\f9236064.jpg"
"SHA256","AFC4BC07E096941C5588E15E32BD7CF06BB4B5E16664717BBC17F0CB79FA469A","C:\Users\User\OneDrive\Documents\Uni\Dissertation\MScProject\SSD Files\PNY CS900\Secure Erase\recup_dir.2\f9236240.jpg"
"SHA256","EDCEFF919C533EB75B62E20FF8C79456242E80D28BEF6BF571D0F7DD18ABDB75","C:\Users\User\OneDrive\Documents\Uni\Dissertation\MScProject\SSD Files\PNY CS900\Secure Erase\recup_dir.2\f9236544.jpg"
"SHA256","90FDA08C2E063447AA1CAAFF7A2CECAE93C46D97627767ABDC164D04C30E5815","C:\Users\User\OneDrive\Documents\Uni\Dissertation\MScProject\SSD Files\PNY CS900\Secure Erase\recup_dir.2\f9236744.jpg"
"SHA256","A5589F1D3E53C3BCFE67C0C08A38B985936B770B326FD2ADA66CC7956F77D5D6","C:\Users\User\OneDrive\Documents\Uni\Dissertation\MScProject\SSD Files\PNY CS900\Secure Erase\recup_dir.2\f9236792.jpg"
"SHA256","F88E4627AD30626B3E15F74B91B0802C959A0A66A5977878894847F61C3F043F","C:\Users\User\OneDrive\Documents\Uni\Dissertation\MScProject\SSD Files\PNY CS900\Secure Erase\recup_dir.2\f9236976.jpg"
"SHA256","D171CAA3267FFDA62D31725C79223967538F29623AAF5CF8298A1063D805AD29","C:\Users\User\OneDrive\Documents\Uni\Dissertation\MScProject\SSD Files\PNY CS900\Secure Erase\recup_dir.2\f9237160.jpg"
"SHA256","5E0C32D47830731A199200DC00281CA6D3E125C717CD492327908DF60FA42A79","C:\Users\User\OneDrive\Documents\Uni\Dissertation\MScProject\SSD Files\PNY CS900\Secure Erase\recup_dir.2\f9237208.jpg"
"SHA256","EFE460536056B615804FF300379294F984AEC13F59CD9FE039701A7399A4C2F6","C:\Users\User\OneDrive\Documents\Uni\Dissertation\MScProject\SSD Files\PNY CS900\Secure Erase\recup_dir.2\f9237280.jpg"
"SHA256","39A54D7F327B32BAE582827F0A0974F543D1BDA186875405EFC4EE080353F0CD","C:\Users\User\OneDrive\Documents\Uni\Dissertation\MScProject\SSD Files\PNY CS900\Secure Erase\recup_dir.2\f9237424.jpg"
"SHA256","DA34F0B917E3000E90FB0DF15184E13EC6025787DFEB5E57FD9ACD6D4B7C54BC","C:\Users\User\OneDrive\Documents\Uni\Dissertation\MScProject\SSD Files\PNY CS900\Secure Erase\recup_dir.2\f9237624.jpg"
"SHA256","5136797F867DAA66514CB6D57B7A0B47DFF89F2508C54F4C50F45EF900B20077","C:\Users\User\OneDrive\Documents\Uni\Dissertation\MScProject\SSD Files\PNY CS900\Secure Erase\recup_dir.2\f9237800.jpg"
"SHA256","ED1C5AF50EE9AE08CB947F8A73D61CC1899C8D1AF9FC44A7221F77AF138A29E8","C:\Users\User\OneDrive\Documents\Uni\Dissertation\MScProject\SSD Files\PNY CS900\Secure Erase\recup_dir.2\f9237848.jpg"
"SHA256","23BC2B3CD3093F9B5FE6AC469E8AB8C70F3E49094CA87475ADE7ECDAD5D97A0F","C:\Users\User\OneDrive\Documents\Uni\Dissertation\MScProject\SSD Files\PNY CS900\Secure Erase\recup_dir.2\f9237872.jpg"
"SHA256","4EB4A03AB286DB855301D4E8A20A092F691E6E5F4B39BCEC80D55B28F55AA42D","C:\Users\User\OneDrive\Documents\Uni\Dissertation\MScProject\SSD Files\PNY CS900\Secure Erase\recup_dir.2\f9238112.jpg"
"SHA256","DA65E722C565040996B2B44883582DBBA87F34F776649ED0EEA0DC93F6D26E76","C:\Users\User\OneDrive\Documents\Uni\Dissertation\MScProject\SSD Files\PNY CS900\Secure Erase\recup_dir.2\f9238136.jpg"
"SHA256","51F8104A5614A5A8D6490C04532AC3AFC943AFD687A26B971046131C9B027AC5","C:\Users\User\OneDrive\Documents\Uni\Dissertation\MScProject\SSD Files\PNY CS900\Secure Erase\recup_dir.2\f9238184.jpg"
"SHA256","30CF3B241F2F9D4130E2555596A5BE80E8D2ACAB7DB136466147FF1C113FC451","C:\Users\User\OneDrive\Documents\Uni\Dissertation\MScProject\SSD Files\PNY CS900\Secure Erase\recup_dir.2\f9238232.jpg"
"SHA256","325B02BDE92A193618DE7EB37BB8D25E994073B5AA6216678BA9C169F31AB48B","C:\Users\User\OneDrive\Documents\Uni\Dissertation\MScProject\SSD Files\PNY CS900\Secure Erase\recup_dir.2\f9238264.jpg"
"SHA256","5EC00D788D5E1A25BD9374498A89B69C00B0987C83CF40F204BF9A2641C7F9AF","C:\Users\User\OneDrive\Documents\Uni\Dissertation\MScProject\SSD Files\PNY CS900\Secure Erase\recup_dir.2\f9238296.jpg"
"SHA256","C06777A5E8E406BF9827C5CCDA9F774664BC9B4C7357E768ED6A98880FD097F2","C:\Users\User\OneDrive\Documents\Uni\Dissertation\MScProject\SSD Files\PNY CS900\Secure Erase\recup_dir.2\f9238360.jpg"
"SHA256","52F69D047F6070A1D2431522B1EF902F6F093CB4DE7267CDD1500ECCB6500D75","C:\Users\User\OneDrive\Documents\Uni\Dissertation\MScProject\SSD Files\PNY CS900\Secure Erase\recup_dir.2\f9238504.jpg"
"SHA256","628676E904F80B1A21B4AECC81263386A92F847D893503E02E1EC1B20BDBBFB2","C:\Users\User\OneDrive\Documents\Uni\Dissertation\MScProject\SSD Files\PNY CS900\Secure Erase\recup_dir.2\f9238656.jpg"
"SHA256","0DEAF78931D49EB3A1BE9DEFD4EEE8D2096EE3A07F03019F45AC21E2E071C283","C:\Users\User\OneDrive\Documents\Uni\Dissertation\MScProject\SSD Files\PNY CS900\Secure Erase\recup_dir.2\f9238824.jpg"
"SHA256","86964C8C9207F333750D1255F5511093130C132CBF07F6A85963E71249381FD1","C:\Users\User\OneDrive\Documents\Uni\Dissertation\MScProject\SSD Files\PNY CS900\Secure Erase\recup_dir.2\f9238904.jpg"
"SHA256","778F0CFF901CADFAABF05C058E020229DD923C89B1B361D80E404B61997469A5","C:\Users\User\OneDrive\Documents\Uni\Dissertation\MScProject\SSD Files\PNY CS900\Secure Erase\recup_dir.2\f9238912.jpg"
"SHA256","A82C4B8B443FA7A1065ABAFF7F181C10892DB9182F639817C505FE55D5A720D3","C:\Users\User\OneDrive\Documents\Uni\Dissertation\MScProject\SSD Files\PNY CS900\Secure Erase\recup_dir.2\f9238936.jpg"
"SHA256","D2BEFBC4D6E895FFC5B5730EB57DF301E6E52C4DB013343491347A1836E124F5","C:\Users\User\OneDrive\Documents\Uni\Dissertation\MScProject\SSD Files\PNY CS900\Secure Erase\recup_dir.2\f9239008.jpg"
"SHA256","5D48569927BB69B4F5324D026CDB6710BD4C52E66DED7B8EA6F24BFD042312C1","C:\Users\User\OneDrive\Documents\Uni\Dissertation\MScProject\SSD Files\PNY CS900\Secure Erase\recup_dir.2\f9239032.jpg"
"SHA256","49B9F039483FE184E556D80AC8834A039311CA7D671F9E36295DC30656DCBA03","C:\Users\User\OneDrive\Documents\Uni\Dissertation\MScProject\SSD Files\PNY CS900\Secure Erase\recup_dir.2\f9239496.jpg"
"SHA256","0C69ED480361295C29DC29F1447401F5D43188D862D4CD7B3CF3F7273A8160CB","C:\Users\User\OneDrive\Documents\Uni\Dissertation\MScProject\SSD Files\PNY CS900\Secure Erase\recup_dir.2\f9239512.jpg"
"SHA256","1301F8C58AC4924DDEE10A78B2A7EC0876CFF4BF8B1677F9971A8D3673D4DA96","C:\Users\User\OneDrive\Documents\Uni\Dissertation\MScProject\SSD Files\PNY CS900\Secure Erase\recup_dir.2\f9239568.jpg"
"SHA256","AFEA77474D3889CE091221BAD5B23557B0C2B0D30D824D8A9BED7D14571FE828","C:\Users\User\OneDrive\Documents\Uni\Dissertation\MScProject\SSD Files\PNY CS900\Secure Erase\recup_dir.2\f9239608.jpg"
"SHA256","7FD85D8E4DD15865E99E99D3171CCA48D27207C3498AC02FCE09AACA7C9449D6","C:\Users\User\OneDrive\Documents\Uni\Dissertation\MScProject\SSD Files\PNY CS900\Secure Erase\recup_dir.2\f9239824.jpg"
"SHA256","139B33F85187A8AA86D339E1EAFF5CD33309BE3B623B17D8AC10A718319BF147","C:\Users\User\OneDrive\Documents\Uni\Dissertation\MScProject\SSD Files\PNY CS900\Secure Erase\recup_dir.2\f9239968.jpg"
"SHA256","27EB0B467713D13E9BC4A0A59C9EBC0930528D846CAD36592344414A6CF50695","C:\Users\User\OneDrive\Documents\Uni\Dissertation\MScProject\SSD Files\PNY CS900\Secure Erase\recup_dir.2\f9240040.jpg"
"SHA256","29A9E1DF1A741A7268A20A177FAAFCD8C205EB7042AA9E936587787FA432ADE9","C:\Users\User\OneDrive\Documents\Uni\Dissertation\MScProject\SSD Files\PNY CS900\Secure Erase\recup_dir.2\f9240160.jpg"
"SHA256","0DDA471596C309FE46A5F6C3A53AD8BE041E5D1C67B11F50C56D775E2FC0BCAF","C:\Users\User\OneDrive\Documents\Uni\Dissertation\MScProject\SSD Files\PNY CS900\Secure Erase\recup_dir.2\f9240176.jpg"
"SHA256","4C305B751A970059FE78606BC5A4D8155B4EBE527330853934B017F2DAE9079A","C:\Users\User\OneDrive\Documents\Uni\Dissertation\MScProject\SSD Files\PNY CS900\Secure Erase\recup_dir.2\f9240312.jpg"
"SHA256","3A3150453843B13A662659A1960A6202CA13A1C2B86D37F562270F96F7C8D9DB","C:\Users\User\OneDrive\Documents\Uni\Dissertation\MScProject\SSD Files\PNY CS900\Secure Erase\recup_dir.2\f9240512.jpg"
"SHA256","1F4434461EE686D4E670B8D7E807FED85F4EC85AA5F65F66AC3DA55F38E96032","C:\Users\User\OneDrive\Documents\Uni\Dissertation\MScProject\SSD Files\PNY CS900\Secure Erase\recup_dir.2\f9240552.jpg"
"SHA256","BFB33AC6B3A0266643651E510F512A8E9B28D9256DB07AC827A81055A7F53F56","C:\Users\User\OneDrive\Documents\Uni\Dissertation\MScProject\SSD Files\PNY CS900\Secure Erase\recup_dir.2\f9240592.jpg"
"SHA256","A146CA5F975B556B3D04C25BC401154E9C1B0C6F2257863B4907F7B1237B344A","C:\Users\User\OneDrive\Documents\Uni\Dissertation\MScProject\SSD Files\PNY CS900\Secure Erase\recup_dir.2\f9240616.jpg"
"SHA256","33A01428E6A96D84CE83E0A208834857C089C9A6D6F2A52BFC5A5F059D8CDCCA","C:\Users\User\OneDrive\Documents\Uni\Dissertation\MScProject\SSD Files\PNY CS900\Secure Erase\recup_dir.2\f9240784.jpg"
"SHA256","A19BF7AB36E1A586B6DF0E735D44F02AD1968771304F98A3ECE2021E0FDB7ADF","C:\Users\User\OneDrive\Documents\Uni\Dissertation\MScProject\SSD Files\PNY CS900\Secure Erase\recup_dir.2\f9240888.jpg"
"SHA256","3F6670FA7E36018B6E4309F0AD16F922E8DE4EB600BCB89CB78248AC81C12C41","C:\Users\User\OneDrive\Documents\Uni\Dissertation\MScProject\SSD Files\PNY CS900\Secure Erase\recup_dir.2\f9241048.jpg"
"SHA256","0FE7DCC74831CED3501F935439958B48108A0542CC8A61332D53B60CD60E2D80","C:\Users\User\OneDrive\Documents\Uni\Dissertation\MScProject\SSD Files\PNY CS900\Secure Erase\recup_dir.2\f9241104.jpg"
"SHA256","89294B6AE42691EF81353E399D7B51027C73CF1E08A98565413E0584C98BB09F","C:\Users\User\OneDrive\Documents\Uni\Dissertation\MScProject\SSD Files\PNY CS900\Secure Erase\recup_dir.2\f9241144.jpg"
"SHA256","E1932FC76C6BADC8A2B75AA0039CC28BA97A0B5F064BDEF383319C9570829FE4","C:\Users\User\OneDrive\Documents\Uni\Dissertation\MScProject\SSD Files\PNY CS900\Secure Erase\recup_dir.2\f9241200.jpg"
"SHA256","79DE8A6347305D7858CCD89B8ACE0B26EECABDD06375A53081C71D28A29E3F01","C:\Users\User\OneDrive\Documents\Uni\Dissertation\MScProject\SSD Files\PNY CS900\Secure Erase\recup_dir.2\f9241264.jpg"
"SHA256","476CF4DB666CB02DB00AA1461A688B31B9A60719CB368A5B23081220B15E6C8C","C:\Users\User\OneDrive\Documents\Uni\Dissertation\MScProject\SSD Files\PNY CS900\Secure Erase\recup_dir.2\f9241376.jpg"
"SHA256","85C922B57D2F3FEC5DFDAAA6E4F5533F71006701D32E00BA36706F03DE665C5E","C:\Users\User\OneDrive\Documents\Uni\Dissertation\MScProject\SSD Files\PNY CS900\Secure Erase\recup_dir.2\f9241408.jpg"
"SHA256","95597F238BB4103F0274C7593946C68899CC6F4B68783E5C314344BB3BD95D80","C:\Users\User\OneDrive\Documents\Uni\Dissertation\MScProject\SSD Files\PNY CS900\Secure Erase\recup_dir.2\f9241520.jpg"
"SHA256","2D25BC97A782DE4302C62C43BC534879FC9A1DB88523D4EF05F3B428C99C866C","C:\Users\User\OneDrive\Documents\Uni\Dissertation\MScProject\SSD Files\PNY CS900\Secure Erase\recup_dir.2\f9241544.jpg"
"SHA256","86BDF0DE74FA1D1CE4299857C3557C9EC0FDEAF9E057853B63AC4D1FCA5A97E2","C:\Users\User\OneDrive\Documents\Uni\Dissertation\MScProject\SSD Files\PNY CS900\Secure Erase\recup_dir.2\f9241664.jpg"
"SHA256","80F9287180F65DB5D811A010A1EF8B9D7972DCD9950FF0997BC300DF1AE1A0C9","C:\Users\User\OneDrive\Documents\Uni\Dissertation\MScProject\SSD Files\PNY CS900\Secure Erase\recup_dir.2\f9241832.jpg"
"SHA256","C6902B100ED34C3E296EB3C2EB7783A2F54B5139865DCAA4E20784CA607C508F","C:\Users\User\OneDrive\Documents\Uni\Dissertation\MScProject\SSD Files\PNY CS900\Secure Erase\recup_dir.2\f9242024.jpg"
"SHA256","A01BF6A0435C64E55237821A379B7113C3136EF4761EB6C7013587D1EE49E424","C:\Users\User\OneDrive\Documents\Uni\Dissertation\MScProject\SSD Files\PNY CS900\Secure Erase\recup_dir.2\f9242184.jpg"
"SHA256","ACA87AA5F86BC9A88CE1AC533301901F5CE60092E8557D7CA7229C3CABFFA015","C:\Users\User\OneDrive\Documents\Uni\Dissertation\MScProject\SSD Files\PNY CS900\Secure Erase\recup_dir.2\f9242352.jpg"
"SHA256","D0DC52D240EE4FB68FE6B42C3306C89DE6AC6F4E27187DDD20EEC78582E20832","C:\Users\User\OneDrive\Documents\Uni\Dissertation\MScProject\SSD Files\PNY CS900\Secure Erase\recup_dir.2\f9242368.jpg"
"SHA256","DFDFDC23E6445A5160847AA6559CD5F5D74333E44D6550B8464DDD7C79159E35","C:\Users\User\OneDrive\Documents\Uni\Dissertation\MScProject\SSD Files\PNY CS900\Secure Erase\recup_dir.2\f9242512.jpg"
"SHA256","9D4189FAFD3002CD3C39327844F1527187285F9F4A0BA16DD0065082CA9B4570","C:\Users\User\OneDrive\Documents\Uni\Dissertation\MScProject\SSD Files\PNY CS900\Secure Erase\recup_dir.2\f9242544.jpg"
"SHA256","8E720272B62244620AF16B720C66710990C77F2CDFA877CC86F5D1E542D94DA4","C:\Users\User\OneDrive\Documents\Uni\Dissertation\MScProject\SSD Files\PNY CS900\Secure Erase\recup_dir.2\f9242624.jpg"
"SHA256","F00342248A74FB73784E056283FA6866C9242442F6210AB3F9AC2EDF44C002C4","C:\Users\User\OneDrive\Documents\Uni\Dissertation\MScProject\SSD Files\PNY CS900\Secure Erase\recup_dir.2\f9242696.jpg"
"SHA256","65C44421828CDFA0E30007E26993D2BE4CF61B742246FAC1AF97A450A5A2F705","C:\Users\User\OneDrive\Documents\Uni\Dissertation\MScProject\SSD Files\PNY CS900\Secure Erase\recup_dir.2\f9242760.jpg"
"SHA256","01E27B2865F7604792EA772A28D14B940760743C54F8E374665DD2207B8ACB36","C:\Users\User\OneDrive\Documents\Uni\Dissertation\MScProject\SSD Files\PNY CS900\Secure Erase\recup_dir.2\f9242952.jpg"
"SHA256","FD8AC86033E9BE630DF27BF097A1B9CCFDBA7DF10546EA06DF8E273BF2ECB2D7","C:\Users\User\OneDrive\Documents\Uni\Dissertation\MScProject\SSD Files\PNY CS900\Secure Erase\recup_dir.2\f9243016.jpg"
"SHA256","6B4ADDF35097BFABD3DD31B73E50855329BD76DE8C201D97137ED0037629D837","C:\Users\User\OneDrive\Documents\Uni\Dissertation\MScProject\SSD Files\PNY CS900\Secure Erase\recup_dir.2\f9243120.jpg"
"SHA256","5973AD906D765328491D1D2DCA8784224ED67B4D7F691301819243E2256A40CF","C:\Users\User\OneDrive\Documents\Uni\Dissertation\MScProject\SSD Files\PNY CS900\Secure Erase\recup_dir.2\f9243144.jpg"
"SHA256","A8B4B0F85AECE029ACBF16C050FC49FB8CE24B6B713D062AC1558FAE041004CB","C:\Users\User\OneDrive\Documents\Uni\Dissertation\MScProject\SSD Files\PNY CS900\Secure Erase\recup_dir.2\f9243240.jpg"
"SHA256","BD458D5F205D1701615197553C7C58D6BF34A31D0478FE225453EC19CA2E029B","C:\Users\User\OneDrive\Documents\Uni\Dissertation\MScProject\SSD Files\PNY CS900\Secure Erase\recup_dir.2\f9243272.jpg"
"SHA256","40FC79A95F9C2DE293CCF36EAAF17022E77A53E7CAA7AE42AEC110AEE5E68A7B","C:\Users\User\OneDrive\Documents\Uni\Dissertation\MScProject\SSD Files\PNY CS900\Secure Erase\recup_dir.2\f9243304.jpg"
"SHA256","7DEB532E3B301C0EC0343C072089F7266504468E31FA144335B674962430806C","C:\Users\User\OneDrive\Documents\Uni\Dissertation\MScProject\SSD Files\PNY CS900\Secure Erase\recup_dir.2\f9243392.jpg"
"SHA256","33C6367D8D176CF77045B749EEBF2AE2189D3E136A983D124FFE7A95FF6C5974","C:\Users\User\OneDrive\Documents\Uni\Dissertation\MScProject\SSD Files\PNY CS900\Secure Erase\recup_dir.2\f9243536.jpg"
"SHA256","E582115604AF8D1346346860F8CCECF2D323883818D197DDA09EB00EBA5C9DC1","C:\Users\User\OneDrive\Documents\Uni\Dissertation\MScProject\SSD Files\PNY CS900\Secure Erase\recup_dir.2\f9243984.jpg"
"SHA256","8AB7410521C2DEF3592D60F00527269F5292DD06DA76C8AA449CA1B0D2F79059","C:\Users\User\OneDrive\Documents\Uni\Dissertation\MScProject\SSD Files\PNY CS900\Secure Erase\recup_dir.2\f9244128.jpg"
"SHA256","AD89B7A37E55EE48259D51910F2178507ADCB82A135066CF079F7B14DF536D50","C:\Users\User\OneDrive\Documents\Uni\Dissertation\MScProject\SSD Files\PNY CS900\Secure Erase\recup_dir.2\f9244168.jpg"
"SHA256","BA725AA3B2A1070578C9B147FB49C8C4001AE3924C2C256F024B2B56EAF859BC","C:\Users\User\OneDrive\Documents\Uni\Dissertation\MScProject\SSD Files\PNY CS900\Secure Erase\recup_dir.2\f9244192.jpg"
"SHA256","23735022BF2FEC701524675A47C3C3CC3E6033E0406AC5FC27BC04966D27894E","C:\Users\User\OneDrive\Documents\Uni\Dissertation\MScProject\SSD Files\PNY CS900\Secure Erase\recup_dir.2\f9244216.jpg"
"SHA256","908D8ED573E3D5F6E6246D32A10DC818D9AF03E956CE61196443C6468593E6BE","C:\Users\User\OneDrive\Documents\Uni\Dissertation\MScProject\SSD Files\PNY CS900\Secure Erase\recup_dir.2\f9244240.jpg"
"SHA256","6FA85E8F59CA1D8B8F604A594D750CCA87C01D5E23096A9F9E71602F5737FA32","C:\Users\User\OneDrive\Documents\Uni\Dissertation\MScProject\SSD Files\PNY CS900\Secure Erase\recup_dir.2\f9244328.jpg"
"SHA256","0EE6CAB33A300DE526C7BC7F78A0FA6C80638884E2E1D730154AFA4ACC75F807","C:\Users\User\OneDrive\Documents\Uni\Dissertation\MScProject\SSD Files\PNY CS900\Secure Erase\recup_dir.2\f9244344.jpg"
"SHA256","177533A231CA4E022A1101102B333FC97A6359AA3E7871692BC11C91EFCDC54B","C:\Users\User\OneDrive\Documents\Uni\Dissertation\MScProject\SSD Files\PNY CS900\Secure Erase\recup_dir.2\f9244392.jpg"
"SHA256","A0BF691DBEE4152483C8DDCF0579FF4D1690BFC49C632ECD08C07DEC5734641E","C:\Users\User\OneDrive\Documents\Uni\Dissertation\MScProject\SSD Files\PNY CS900\Secure Erase\recup_dir.2\f9244440.jpg"
"SHA256","1341C660DC264A892E671E4BE4F19AC627D097B3E8BEA81D311F1525C848C0FC","C:\Users\User\OneDrive\Documents\Uni\Dissertation\MScProject\SSD Files\PNY CS900\Secure Erase\recup_dir.2\f9244456.jpg"
"SHA256","FE2656A7F67442BE9706854DF2D47FF0A8B321C48DF63223CA33FD9DD4DEA018","C:\Users\User\OneDrive\Documents\Uni\Dissertation\MScProject\SSD Files\PNY CS900\Secure Erase\recup_dir.2\f9244472.jpg"
"SHA256","37134C92A4BC4A6893361B06791333182135D96227A0A98ADAFA818A103CE6BB","C:\Users\User\OneDrive\Documents\Uni\Dissertation\MScProject\SSD Files\PNY CS900\Secure Erase\recup_dir.2\f9244528.jpg"
"SHA256","941351FB3B3755E78B06F448DB070BA42C71E5FCEF940B88FBA05BE0AE8682C0","C:\Users\User\OneDrive\Documents\Uni\Dissertation\MScProject\SSD Files\PNY CS900\Secure Erase\recup_dir.2\f9244544.jpg"
"SHA256","736705417CF2A645F973F33FBD6A9C3CF12452C4FA94432F1B15498F5B64F95A","C:\Users\User\OneDrive\Documents\Uni\Dissertation\MScProject\SSD Files\PNY CS900\Secure Erase\recup_dir.2\f9244632.jpg"
"SHA256","7C7A2ED27114D9F2A67AE3A25F8F6DDF80DDD2A8E9922F4A4673463AEE5D00E9","C:\Users\User\OneDrive\Documents\Uni\Dissertation\MScProject\SSD Files\PNY CS900\Secure Erase\recup_dir.2\f9244728.jpg"
"SHA256","D9AB344908DB098B6C81855BE764FCED754DFE5B5BE9D4FFE48B6D176C2480E2","C:\Users\User\OneDrive\Documents\Uni\Dissertation\MScProject\SSD Files\PNY CS900\Secure Erase\recup_dir.2\f9244736.jpg"
"SHA256","148738F4B051DE07F8006FAAA1425687156963D8E246E29D0B8529D64385D94B","C:\Users\User\OneDrive\Documents\Uni\Dissertation\MScProject\SSD Files\PNY CS900\Secure Erase\recup_dir.2\f9244768.jpg"
"SHA256","D36B7E16D18675AECD4C6A76155FAB577EFA23E74832FF0A5444DAFEAF502A05","C:\Users\User\OneDrive\Documents\Uni\Dissertation\MScProject\SSD Files\PNY CS900\Secure Erase\recup_dir.2\f9244904.jpg"
"SHA256","7A41F11FB8B44E5AEE336737F6E1537301865D163C92B8F9D70B611A6AEE640E","C:\Users\User\OneDrive\Documents\Uni\Dissertation\MScProject\SSD Files\PNY CS900\Secure Erase\recup_dir.2\f9244920.jpg"
"SHA256","FE9FE467E1C2F4C58E54A37C2D3843551CC561DBF0021CA29EDFC90802ECF81C","C:\Users\User\OneDrive\Documents\Uni\Dissertation\MScProject\SSD Files\PNY CS900\Secure Erase\recup_dir.2\f9245200.jpg"
"SHA256","E1F497CE78EEEC686E58501399DA24C867A0D18D73D3ACC02782358915FB53A2","C:\Users\User\OneDrive\Documents\Uni\Dissertation\MScProject\SSD Files\PNY CS900\Secure Erase\recup_dir.2\f9245304.jpg"
"SHA256","588B6029672904781EB7F2B5CD3020F92B65E9E83EE14548C8E9B0DE0F124CBC","C:\Users\User\OneDrive\Documents\Uni\Dissertation\MScProject\SSD Files\PNY CS900\Secure Erase\recup_dir.2\f9258824.jpg"
"SHA256","ABCF3C8C3FDF74C593768944BE5B10B0B4DBAB3AC6D95A8F1ECF09397210AF9C","C:\Users\User\OneDrive\Documents\Uni\Dissertation\MScProject\SSD Files\PNY CS900\Secure Erase\recup_dir.2\f9266800.jpg"
"SHA256","A842CEEB31E95A14048E42C7F1EEF0B0858A31FEE0EF4C6154D5B78B88C0C335","C:\Users\User\OneDrive\Documents\Uni\Dissertation\MScProject\SSD Files\PNY CS900\Secure Erase\recup_dir.2\f9267176.jpg"
"SHA256","5B191C14480C0F1A09A97BB971CF9056988982BBFF55EB257F0E6100D47B19D8","C:\Users\User\OneDrive\Documents\Uni\Dissertation\MScProject\SSD Files\PNY CS900\Secure Erase\recup_dir.2\f9267296.jpg"
"SHA256","BF6E1C99C3D2B85198CBD94121D438B16625D96FFF931AD15AFAD9FA5A1E3350","C:\Users\User\OneDrive\Documents\Uni\Dissertation\MScProject\SSD Files\PNY CS900\Secure Erase\recup_dir.2\f9267376.jpg"
"SHA256","CFE301457CD546ACF03A3DEEC7D1745E806F4A1B2DD9BA8DBBE211FA02372527","C:\Users\User\OneDrive\Documents\Uni\Dissertation\MScProject\SSD Files\PNY CS900\Secure Erase\recup_dir.2\f9267472.jpg"
"SHA256","16CCB40C0CBBDE50C9F970429C258ED6260EDA0AB1EFB606746F7F8108129548","C:\Users\User\OneDrive\Documents\Uni\Dissertation\MScProject\SSD Files\PNY CS900\Secure Erase\recup_dir.2\f9267528.jpg"
"SHA256","586E83F7CFD73DF8E451139A3857DD800628907FF58D7B11126C9F96B979684C","C:\Users\User\OneDrive\Documents\Uni\Dissertation\MScProject\SSD Files\PNY CS900\Secure Erase\recup_dir.2\f9267648.jpg"
"SHA256","6FDDD40D35D475B67562C5E371AD1C049FD74DD54CCCB3CEDA828B075DCD83AF","C:\Users\User\OneDrive\Documents\Uni\Dissertation\MScProject\SSD Files\PNY CS900\Secure Erase\recup_dir.2\f9267704.jpg"
"SHA256","0AD42D6EC47145D4D8C14B4B2AE0CF46CEDDD22A50A89062769CDCDF6D8001C0","C:\Users\User\OneDrive\Documents\Uni\Dissertation\MScProject\SSD Files\PNY CS900\Secure Erase\recup_dir.2\f9267800.jpg"
"SHA256","CECC2EAF621FC41A2CABD7D1D3357E66044828D2AAF50EDADEE5020B7C2429BA","C:\Users\User\OneDrive\Documents\Uni\Dissertation\MScProject\SSD Files\PNY CS900\Secure Erase\recup_dir.2\f9267840.jpg"
"SHA256","424C1F2CC7FDE472ED9D6B906F2B698F4A0CC55861FDA72B9454E569C595AA61","C:\Users\User\OneDrive\Documents\Uni\Dissertation\MScProject\SSD Files\PNY CS900\Secure Erase\recup_dir.2\f9267856.jpg"
"SHA256","71F88C38B9EFAD4179E7F478E212413B819A84415E98ACA2CBCA54EF5A6C0EF5","C:\Users\User\OneDrive\Documents\Uni\Dissertation\MScProject\SSD Files\PNY CS900\Secure Erase\recup_dir.2\f9267904.jpg"
"SHA256","576CCB89B7BCEC15856B221056B56463E25031C3530860A2EDB7974DE6CA1CCB","C:\Users\User\OneDrive\Documents\Uni\Dissertation\MScProject\SSD Files\PNY CS900\Secure Erase\recup_dir.2\f9268200.jpg"
"SHA256","6602349167F71AD328A3028B62BBDDFC1476BA2101A72CF5FD34BDF1282F0302","C:\Users\User\OneDrive\Documents\Uni\Dissertation\MScProject\SSD Files\PNY CS900\Secure Erase\recup_dir.2\f9268376.jpg"
"SHA256","B32F5949952B2F94BB42D4C093BE1B8EBF323467A11EA251ABA13421469564EF","C:\Users\User\OneDrive\Documents\Uni\Dissertation\MScProject\SSD Files\PNY CS900\Secure Erase\recup_dir.2\f9268568.jpg"
"SHA256","800FD3F88E813040D848AA264A56792150A976D45437C27A3F3D1770F0E866D1","C:\Users\User\OneDrive\Documents\Uni\Dissertation\MScProject\SSD Files\PNY CS900\Secure Erase\recup_dir.2\f9268688.jpg"
"SHA256","442080758C0E4F490F26D6C052FB1D61DA0171EE3234557325DDD800CA1C4D55","C:\Users\User\OneDrive\Documents\Uni\Dissertation\MScProject\SSD Files\PNY CS900\Secure Erase\recup_dir.2\f9268736.jpg"
"SHA256","90225159D42C9254E80FA165C8F2D603983B463212A1B63C45964ABCD6C9BCD5","C:\Users\User\OneDrive\Documents\Uni\Dissertation\MScProject\SSD Files\PNY CS900\Secure Erase\recup_dir.2\f9268776.jpg"
"SHA256","0E5CE20C298FA6E55A7C8DD878427AC7DD208C20A2D5818EF422653DDFE83F14","C:\Users\User\OneDrive\Documents\Uni\Dissertation\MScProject\SSD Files\PNY CS900\Secure Erase\recup_dir.2\f9268920.jpg"
"SHA256","4220C01B6FD9FD9D6C63C0374597616A098663A154BF6C30885FEF060AA77332","C:\Users\User\OneDrive\Documents\Uni\Dissertation\MScProject\SSD Files\PNY CS900\Secure Erase\recup_dir.2\f9268944.jpg"
"SHA256","B23347EA5D2E07E9114914D80EE32DCBAEA4B7C659A9DE111F5F4664D11DE6D9","C:\Users\User\OneDrive\Documents\Uni\Dissertation\MScProject\SSD Files\PNY CS900\Secure Erase\recup_dir.2\f9268960.jpg"
"SHA256","BD42F61554A46A910E1C16971A1E8613A62477E6DB4D8A28FB6F6B85DCBDE7DF","C:\Users\User\OneDrive\Documents\Uni\Dissertation\MScProject\SSD Files\PNY CS900\Secure Erase\recup_dir.2\f9268992.jpg"
"SHA256","69EE6F800B5E44C4D5326F2E406D5316E650A3BA2F3A8209A8D67879772477CF","C:\Users\User\OneDrive\Documents\Uni\Dissertation\MScProject\SSD Files\PNY CS900\Secure Erase\recup_dir.2\f9269016.jpg"
"SHA256","1F9A550AF3CFB902238A7DB94CB337155A70ADCF5981B7852056669766A86D32","C:\Users\User\OneDrive\Documents\Uni\Dissertation\MScProject\SSD Files\PNY CS900\Secure Erase\recup_dir.2\f9269040.jpg"
"SHA256","38E4A5FA0E5207A213DCBFDE46C4449401D2B9559AB08415821C9D1D25AF8C4A","C:\Users\User\OneDrive\Documents\Uni\Dissertation\MScProject\SSD Files\PNY CS900\Secure Erase\recup_dir.2\f9269064.jpg"
"SHA256","6AEC7C942DB7DEE2780CBF8DF79949AF990243B55E59D60C2965160C08DB47AD","C:\Users\User\OneDrive\Documents\Uni\Dissertation\MScProject\SSD Files\PNY CS900\Secure Erase\recup_dir.2\f9269168.jpg"
"SHA256","9713A7600A5A4CBF7D2052D5A46286F8A48AFDE58323ED2178931B452CEC49B1","C:\Users\User\OneDrive\Documents\Uni\Dissertation\MScProject\SSD Files\PNY CS900\Secure Erase\recup_dir.2\f9269264.jpg"
"SHA256","ECBCF2CAD1ED12EF55F36F8434789FDA0C741581773E6A7A8E86BF2F470273C6","C:\Users\User\OneDrive\Documents\Uni\Dissertation\MScProject\SSD Files\PNY CS900\Secure Erase\recup_dir.2\f9269576.jpg"
"SHA256","5F53F224C2DFC39AFF071CDC7F78F1D3131FE22316B56FC20AE38BF6B2866967","C:\Users\User\OneDrive\Documents\Uni\Dissertation\MScProject\SSD Files\PNY CS900\Secure Erase\recup_dir.2\f9269632.jpg"
"SHA256","66CB08C1A51659D3960E6FC48BE8E6F248A66E30A34BCCE8009D38B7F42AFADB","C:\Users\User\OneDrive\Documents\Uni\Dissertation\MScProject\SSD Files\PNY CS900\Secure Erase\recup_dir.2\f9271392.jpg"
"SHA256","35D8094C9F65C3478F693489BFFF97207D14F020449B33E43CB3A3A4BBFE5094","C:\Users\User\OneDrive\Documents\Uni\Dissertation\MScProject\SSD Files\PNY CS900\Secure Erase\recup_dir.2\f9271424.jpg"
"SHA256","080A758AC8E27899B21FA4173102F54F66C4F573F6482D4316650458860EAC12","C:\Users\User\OneDrive\Documents\Uni\Dissertation\MScProject\SSD Files\PNY CS900\Secure Erase\recup_dir.2\f9271472.jpg"
"SHA256","B3A045E5D98A51E73BBEC06A6B53E212EA5272DECA13B537073C460F7882C8F2","C:\Users\User\OneDrive\Documents\Uni\Dissertation\MScProject\SSD Files\PNY CS900\Secure Erase\recup_dir.2\f9271632.jpg"
"SHA256","3D17310E722CADC4D2D427D0D3EE9195DE21BBC2AD92C25C2E1179E6DF120FDE","C:\Users\User\OneDrive\Documents\Uni\Dissertation\MScProject\SSD Files\PNY CS900\Secure Erase\recup_dir.2\f9271712.jpg"
"SHA256","EE9179AC1F47E46447EBAD2D74FA177659B8E55985DB5EFC31640CADD3106BFB","C:\Users\User\OneDrive\Documents\Uni\Dissertation\MScProject\SSD Files\PNY CS900\Secure Erase\recup_dir.2\f9271784.jpg"
"SHA256","C361AB99D4842B4D7BD43951E4E288D6581A0A46C32BE50CDA0A1C0196B505DD","C:\Users\User\OneDrive\Documents\Uni\Dissertation\MScProject\SSD Files\PNY CS900\Secure Erase\recup_dir.2\f9271832.jpg"
"SHA256","2575A618876D844264E78610F27BC2444A11B1F8BD63309A9CCCF62B70981EFA","C:\Users\User\OneDrive\Documents\Uni\Dissertation\MScProject\SSD Files\PNY CS900\Secure Erase\recup_dir.2\f9271848.jpg"
"SHA256","551EF61C54CA97A7CC95B6B01844C35C41A0CD2C20484C483B8C898CC66C8E49","C:\Users\User\OneDrive\Documents\Uni\Dissertation\MScProject\SSD Files\PNY CS900\Secure Erase\recup_dir.2\f9274688.jpg"
"SHA256","082E7F35C1AE09A8305C3A8784776B96FB0FBDE301B9EA003501E1866FAE4827","C:\Users\User\OneDrive\Documents\Uni\Dissertation\MScProject\SSD Files\PNY CS900\Secure Erase\recup_dir.2\f9274784.jpg"
"SHA256","74875068DE58973576F3AADDAF1D0CF089860F8253ACBB3103B386D0959F9DB1","C:\Users\User\OneDrive\Documents\Uni\Dissertation\MScProject\SSD Files\PNY CS900\Secure Erase\recup_dir.2\f9275040.jpg"
"SHA256","8A108FE0A96F22EB49044C402000A6BF59349B16B6224A63D2A05DDC55D9B4E9","C:\Users\User\OneDrive\Documents\Uni\Dissertation\MScProject\SSD Files\PNY CS900\Secure Erase\recup_dir.2\f9275064.jpg"
"SHA256","469DF4713CE9B5057DFA3B16BCC1335F9766E22B6626AE6D917C57C8DBA199BE","C:\Users\User\OneDrive\Documents\Uni\Dissertation\MScProject\SSD Files\PNY CS900\Secure Erase\recup_dir.2\f9275128.jpg"
"SHA256","BEF3A1CB5141BE35F2849556D2C37094A958BA77363994A6AEAA0BDA2F2CC108","C:\Users\User\OneDrive\Documents\Uni\Dissertation\MScProject\SSD Files\PNY CS900\Secure Erase\recup_dir.2\f9275160.jpg"
"SHA256","C8ECF84CCB5FF0DD18AE762CD5208CD2A8F4E7A7DBC73B1F3980418DC1F9E01F","C:\Users\User\OneDrive\Documents\Uni\Dissertation\MScProject\SSD Files\PNY CS900\Secure Erase\recup_dir.2\f9275208.jpg"
"SHA256","125827517B0AC5B1A9968A041C7CBA89061F82CBFF6BD0C5B5B117F3768AD930","C:\Users\User\OneDrive\Documents\Uni\Dissertation\MScProject\SSD Files\PNY CS900\Secure Erase\recup_dir.2\f9275392.jpg"
"SHA256","E0AA062E21CCF51EE2DFC4579674D3DADFA4BE0542B3976AC09128FF3BE3D15C","C:\Users\User\OneDrive\Documents\Uni\Dissertation\MScProject\SSD Files\PNY CS900\Secure Erase\recup_dir.2\f9275456.jpg"
"SHA256","75AE1BC2BE05F9717070BA2FF43353F4181A34BF1216FCF66459CAA824A5C9E4","C:\Users\User\OneDrive\Documents\Uni\Dissertation\MScProject\SSD Files\PNY CS900\Secure Erase\recup_dir.2\f9275520.jpg"
"SHA256","8FF15F6FFDA40CD8FD3635498D92F41E6659B6B298852433868EE5086A763CCE","C:\Users\User\OneDrive\Documents\Uni\Dissertation\MScProject\SSD Files\PNY CS900\Secure Erase\recup_dir.2\f9276384.jpg"
"SHA256","0659BC8D6BFC8BF8C4D1C51C42EBBBDA55804544B24CEFC4F5F50AC2802510FF","C:\Users\User\OneDrive\Documents\Uni\Dissertation\MScProject\SSD Files\PNY CS900\Secure Erase\recup_dir.2\f9276440.jpg"
"SHA256","666E1B234BD9C78C6DC9111FAA535E0A6507BB178FD6F7E77F3297E2028DB931","C:\Users\User\OneDrive\Documents\Uni\Dissertation\MScProject\SSD Files\PNY CS900\Secure Erase\recup_dir.2\f9276472.jpg"
"SHA256","E5A426443BD1F9FE300FFD2EB31B55AD34163C0E9843EF409F5FA0D6A745F7E0","C:\Users\User\OneDrive\Documents\Uni\Dissertation\MScProject\SSD Files\PNY CS900\Secure Erase\recup_dir.2\f9276544.jpg"
"SHA256","08586DC5101FD5B3B9A3630BAEA13E7423B9646C3041204E6B55B13719154378","C:\Users\User\OneDrive\Documents\Uni\Dissertation\MScProject\SSD Files\PNY CS900\Secure Erase\recup_dir.2\f9276560.jpg"
"SHA256","8655E457DB2A279B477CBB2BA116C8C4126AA24CC528189D5855D2D4C0E1DE15","C:\Users\User\OneDrive\Documents\Uni\Dissertation\MScProject\SSD Files\PNY CS900\Secure Erase\recup_dir.2\f9278456.jpg"
"SHA256","4769D78BA6C12F59F5EEC0036FCAB88C6CF25618B2B7497877DA20A139BD316F","C:\Users\User\OneDrive\Documents\Uni\Dissertation\MScProject\SSD Files\PNY CS900\Secure Erase\recup_dir.2\f9280128.jpg"
"SHA256","02AA19625CF266EA2C96308B7CB07CEDBF3039CE52DFA52ED8B72B82648FA2C1","C:\Users\User\OneDrive\Documents\Uni\Dissertation\MScProject\SSD Files\PNY CS900\Secure Erase\recup_dir.2\f9281560.jpg"
"SHA256","3AF64101064B67F4ACF936F21BD85654B526B8F4491D5C70FE581C9DBCDDB828","C:\Users\User\OneDrive\Documents\Uni\Dissertation\MScProject\SSD Files\PNY CS900\Secure Erase\recup_dir.2\f9281592.jpg"
"SHA256","501371007227A43AB83F85A84E38339ED9D82F19AD44887D2F50D5AD13516159","C:\Users\User\OneDrive\Documents\Uni\Dissertation\MScProject\SSD Files\PNY CS900\Secure Erase\recup_dir.2\f9281656.jpg"
"SHA256","D43813541F39A27DEEEA21ECB3F7E497698CEA99B3BDE7795BCC907250137851","C:\Users\User\OneDrive\Documents\Uni\Dissertation\MScProject\SSD Files\PNY CS900\Secure Erase\recup_dir.2\f9281672.jpg"
"SHA256","E2C30E9F9A602C7C83CE5D932BF48B3D362CC249E15F94356CF0DD0957EB592E","C:\Users\User\OneDrive\Documents\Uni\Dissertation\MScProject\SSD Files\PNY CS900\Secure Erase\recup_dir.2\f9281736.jpg"
"SHA256","9D2EE1D0E3E272B451D0849CD653C5DCC79C2C69D7D3B49CCE8A135F58A1E939","C:\Users\User\OneDrive\Documents\Uni\Dissertation\MScProject\SSD Files\PNY CS900\Secure Erase\recup_dir.2\f9281760.jpg"
"SHA256","B21492AF2D42519379FEA49E920EF54843B27C3F2EECF1B62B6C103D6DAE2B2E","C:\Users\User\OneDrive\Documents\Uni\Dissertation\MScProject\SSD Files\PNY CS900\Secure Erase\recup_dir.2\f9281776.jpg"
"SHA256","F3E68010B6377134EC1C462143DA16CBF3ADE46611779E5DAA65FFD1CC023393","C:\Users\User\OneDrive\Documents\Uni\Dissertation\MScProject\SSD Files\PNY CS900\Secure Erase\recup_dir.2\f9281896.jpg"
"SHA256","562EBF4307FA67A3730A2880BA25DBB33454C433D662CF07205A396B60897C39","C:\Users\User\OneDrive\Documents\Uni\Dissertation\MScProject\SSD Files\PNY CS900\Secure Erase\recup_dir.2\f9281960.jpg"
"SHA256","73B2865B80875A125B172ABCC3DDC2398DC99C678638C7F94366F92A5C52F503","C:\Users\User\OneDrive\Documents\Uni\Dissertation\MScProject\SSD Files\PNY CS900\Secure Erase\recup_dir.2\f9282024.jpg"
"SHA256","7253273C0B6B0F86F30E12EFB60952DEECE63DBF6BE3C58FBE6644FD52E6D7EE","C:\Users\User\OneDrive\Documents\Uni\Dissertation\MScProject\SSD Files\PNY CS900\Secure Erase\recup_dir.2\f9282136.jpg"
"SHA256","628122E9B7F86676F89707FE29973FEF03DA41A31E5B368C8C02701496D80876","C:\Users\User\OneDrive\Documents\Uni\Dissertation\MScProject\SSD Files\PNY CS900\Secure Erase\recup_dir.2\f9282144.jpg"
"SHA256","91533FFFC41A6440676F24BFB58B4296CC1FE6477A9A3B83F069D8DA61956042","C:\Users\User\OneDrive\Documents\Uni\Dissertation\MScProject\SSD Files\PNY CS900\Secure Erase\recup_dir.2\f9282232.jpg"
"SHA256","AAAF6480D6EEA8FBC3ACFAE79537C99716CAB66B61512597C649E9028B574267","C:\Users\User\OneDrive\Documents\Uni\Dissertation\MScProject\SSD Files\PNY CS900\Secure Erase\recup_dir.2\f9282304.jpg"
"SHA256","60CDD8A0EE1D91AE9A8FD7951C075A9DF41A81E7E467E66195E0C156456BE868","C:\Users\User\OneDrive\Documents\Uni\Dissertation\MScProject\SSD Files\PNY CS900\Secure Erase\recup_dir.2\f9282336.jpg"
"SHA256","9F59875493EC688C8A7A68511669C4F4827F7320CD4726DE67069F275515BF55","C:\Users\User\OneDrive\Documents\Uni\Dissertation\MScProject\SSD Files\PNY CS900\Secure Erase\recup_dir.2\f9282464.jpg"
"SHA256","F51CE767CE7872659C72ACB7767A98958DE24BB2D25B665B5AA4EC49CFCB3839","C:\Users\User\OneDrive\Documents\Uni\Dissertation\MScProject\SSD Files\PNY CS900\Secure Erase\recup_dir.2\f9282656.jpg"
"SHA256","4E6F3E60E7CA302BF5E6199AE465D67B99F931D8C7AEC65C13A70B2A3629AED0","C:\Users\User\OneDrive\Documents\Uni\Dissertation\MScProject\SSD Files\PNY CS900\Secure Erase\recup_dir.2\f9282848.jpg"
"SHA256","EE1083105F330AEFCB1BCF427DD2027285DBE045E30DB49086C1C6BCB37E6D05","C:\Users\User\OneDrive\Documents\Uni\Dissertation\MScProject\SSD Files\PNY CS900\Secure Erase\recup_dir.2\f9282896.jpg"
"SHA256","55AB5EA72D8E06B182A4122632B1A04641CC28AB7CD78F2B8C2E431C0805F237","C:\Users\User\OneDrive\Documents\Uni\Dissertation\MScProject\SSD Files\PNY CS900\Secure Erase\recup_dir.2\f9282976.jpg"
"SHA256","A88C1E6060EF38EC49A105B6739C6F23CE4CBE6A7393C82998A98A7E4CEB1063","C:\Users\User\OneDrive\Documents\Uni\Dissertation\MScProject\SSD Files\PNY CS900\Secure Erase\recup_dir.2\f9283120.jpg"
"SHA256","1A183AD42477DD2C86734ECD5AF365993F6634AB85443CEE4173069A65C05449","C:\Users\User\OneDrive\Documents\Uni\Dissertation\MScProject\SSD Files\PNY CS900\Secure Erase\recup_dir.2\f9283168.jpg"
"SHA256","8ECBA5603615081A67DED9491B175BCCAE667DF42A5A687FE75BD46B9623C0E6","C:\Users\User\OneDrive\Documents\Uni\Dissertation\MScProject\SSD Files\PNY CS900\Secure Erase\recup_dir.2\f9283392.jpg"
"SHA256","5A3D7B7173111D316134F173E39FA4BE218F5F2A70C31E607F2E9AAA5FB13054","C:\Users\User\OneDrive\Documents\Uni\Dissertation\MScProject\SSD Files\PNY CS900\Secure Erase\recup_dir.2\f9283456.jpg"
"SHA256","739359384CCAE8641A95ADA68D9AA1B480E8C2F46DD019DC5CC9D5B35AF126B5","C:\Users\User\OneDrive\Documents\Uni\Dissertation\MScProject\SSD Files\PNY CS900\Secure Erase\recup_dir.2\f9283808.jpg"
"SHA256","83783A9D6B74748CE99B776623F4B6ABB34D1FB26A38AC0AB13EAFFA26E972B1","C:\Users\User\OneDrive\Documents\Uni\Dissertation\MScProject\SSD Files\PNY CS900\Secure Erase\recup_dir.2\f9283864.jpg"
"SHA256","83737ACD72F20F234DE9DFB37A65551AFFA7B8D34D3A33DB5482B9255F1049F7","C:\Users\User\OneDrive\Documents\Uni\Dissertation\MScProject\SSD Files\PNY CS900\Secure Erase\recup_dir.2\f9283896.jpg"
"SHA256","E876089E93F4C9AA9183B6436AA6CE5A2EC3EBB30220CFE21B0EEC0154EBBC3F","C:\Users\User\OneDrive\Documents\Uni\Dissertation\MScProject\SSD Files\PNY CS900\Secure Erase\recup_dir.2\f9283912.jpg"
"SHA256","186646498D16CF88BA633BBEE264A9A77A641CC00FA87424E7AE640045A96DE7","C:\Users\User\OneDrive\Documents\Uni\Dissertation\MScProject\SSD Files\PNY CS900\Secure Erase\recup_dir.2\f9284008.jpg"
"SHA256","8A84FC4B38486884B77DE775445F0D3EB95826E47DEA0AE1B6433387AFE88A4E","C:\Users\User\OneDrive\Documents\Uni\Dissertation\MScProject\SSD Files\PNY CS900\Secure Erase\recup_dir.2\f9284080.jpg"
"SHA256","D9F81C9E54DA4919AF9EC0F7681760ECC482185184D6D3A5931D85C723331547","C:\Users\User\OneDrive\Documents\Uni\Dissertation\MScProject\SSD Files\PNY CS900\Secure Erase\recup_dir.2\f9284176.jpg"
"SHA256","2158CE2C5624A241101E669C769E1A495B4C54674550DBD89FBDC8A30AC3B4DF","C:\Users\User\OneDrive\Documents\Uni\Dissertation\MScProject\SSD Files\PNY CS900\Secure Erase\recup_dir.2\f9284264.jpg"
"SHA256","6417CC20F8B9859B80F13B0C7DBD5B36F5FD26B5B6B011FFCA86F38579402895","C:\Users\User\OneDrive\Documents\Uni\Dissertation\MScProject\SSD Files\PNY CS900\Secure Erase\recup_dir.2\f9284392.jpg"
"SHA256","7ADF63096CD0EE05D893E35408D09EE1736F948903D4D925F43ABC2F69AA1B30","C:\Users\User\OneDrive\Documents\Uni\Dissertation\MScProject\SSD Files\PNY CS900\Secure Erase\recup_dir.2\f9284496.jpg"
"SHA256","8691BA6433E088F90E40188A3116981306BD92ADB893E30EBAA0184431BDB76A","C:\Users\User\OneDrive\Documents\Uni\Dissertation\MScProject\SSD Files\PNY CS900\Secure Erase\recup_dir.2\f9284536.jpg"
"SHA256","7F1B9584FB70EF4728C29267462ABC97A2AB9F46D8AE6E956E27E6480792C5DE","C:\Users\User\OneDrive\Documents\Uni\Dissertation\MScProject\SSD Files\PNY CS900\Secure Erase\recup_dir.2\f9284584.jpg"
"SHA256","783F22FFCC53D047914F975A60FCB6A59373AA9E006883F0276830059A85CE97","C:\Users\User\OneDrive\Documents\Uni\Dissertation\MScProject\SSD Files\PNY CS900\Secure Erase\recup_dir.2\f9284656.jpg"
"SHA256","F6FCE6CFFC193E6A36C3A975D9329A7BADD6C329BA40B0FC531BDD9E0D020AA0","C:\Users\User\OneDrive\Documents\Uni\Dissertation\MScProject\SSD Files\PNY CS900\Secure Erase\recup_dir.2\f9284776.jpg"
"SHA256","20EE9760A6D9207A5E8861A20299CD7C1EC8FD3ADEAA1164150E1C4AC35BFE2D","C:\Users\User\OneDrive\Documents\Uni\Dissertation\MScProject\SSD Files\PNY CS900\Secure Erase\recup_dir.2\f9284832.jpg"
"SHA256","0C90F86476276DD294EA9F26FC98C9E14E2484EB30B1AC27E084446925F513BA","C:\Users\User\OneDrive\Documents\Uni\Dissertation\MScProject\SSD Files\PNY CS900\Secure Erase\recup_dir.2\f9284872.jpg"
"SHA256","3C031D503994F95F74E350EF87209E224679D1F2F3200B06890B94A7253AEB52","C:\Users\User\OneDrive\Documents\Uni\Dissertation\MScProject\SSD Files\PNY CS900\Secure Erase\recup_dir.2\f9285472.jpg"
"SHA256","72B3B31E476DC2F9D2D68005D3493B1D7A4B85331E8FB6BA1654875DF0BB2172","C:\Users\User\OneDrive\Documents\Uni\Dissertation\MScProject\SSD Files\PNY CS900\Secure Erase\recup_dir.2\f9285496.jpg"
"SHA256","1A62A54C39EF977F38A9959AB38D4F93E5CB727BBCA669AB4B1CD20B28A5529D","C:\Users\User\OneDrive\Documents\Uni\Dissertation\MScProject\SSD Files\PNY CS900\Secure Erase\recup_dir.2\f9285520.jpg"
"SHA256","A19320EB76CF405E868EB2ED1D8CA54CD26CDB60005BE7EE0FD31CFF7CAD5A5C","C:\Users\User\OneDrive\Documents\Uni\Dissertation\MScProject\SSD Files\PNY CS900\Secure Erase\recup_dir.2\f9297752.jpg"
"SHA256","DB13424F6FD44FE58AAEB4002233804A61828949DCDD54021E5F95A90A94BFC2","C:\Users\User\OneDrive\Documents\Uni\Dissertation\MScProject\SSD Files\PNY CS900\Secure Erase\recup_dir.2\f9298168.jpg"
"SHA256","BAF4229D3F1078D550CBC76D5E96E0EA0B6D3CD2AD48CE622CACC8BDE2FCA035","C:\Users\User\OneDrive\Documents\Uni\Dissertation\MScProject\SSD Files\PNY CS900\Secure Erase\recup_dir.2\f9298480.jpg"
"SHA256","D344C17783038223F19408118C42ACECCB757973FBF372516144B24EE949702F","C:\Users\User\OneDrive\Documents\Uni\Dissertation\MScProject\SSD Files\PNY CS900\Secure Erase\recup_dir.2\f9298528.jpg"
"SHA256","F335DFC54185A04744BD86051333A31ABC52EB779529FA391072C86CE277EB47","C:\Users\User\OneDrive\Documents\Uni\Dissertation\MScProject\SSD Files\PNY CS900\Secure Erase\recup_dir.2\f9298536.jpg"
"SHA256","DCDEADBDAD6184015A7B7C7494BE97C2890B1C51C7FE0009F1D60EB0EAB0E79A","C:\Users\User\OneDrive\Documents\Uni\Dissertation\MScProject\SSD Files\PNY CS900\Secure Erase\recup_dir.2\f9298584.jpg"
"SHA256","A6C7384A1282E15A6751CFE31A81920AD12B90A4A9E3F2487FBA7C0B12ADEC84","C:\Users\User\OneDrive\Documents\Uni\Dissertation\MScProject\SSD Files\PNY CS900\Secure Erase\recup_dir.2\f9298632.jpg"
"SHA256","EAFFCAF2F31658504A6E8BC515F6CEFFBEB3CF6E5AF8B38BDDBAB272A7D00934","C:\Users\User\OneDrive\Documents\Uni\Dissertation\MScProject\SSD Files\PNY CS900\Secure Erase\recup_dir.2\f9298640.jpg"
"SHA256","B4F840EABD6253DD413A00CC4D9E26C4DE0C0D2F59FA8AF3452D917C135F5218","C:\Users\User\OneDrive\Documents\Uni\Dissertation\MScProject\SSD Files\PNY CS900\Secure Erase\recup_dir.2\f9301472.jpg"
"SHA256","5F2F931DCC49719854C52E88E15701599C79B66DC16AE390E09B37190266AB87","C:\Users\User\OneDrive\Documents\Uni\Dissertation\MScProject\SSD Files\PNY CS900\Secure Erase\recup_dir.2\f9305600.jpg"
"SHA256","2E78A3D3DE0F8E663F1F169F9D89F05BD7EECDAA13F7B0DE340099E7E1D52818","C:\Users\User\OneDrive\Documents\Uni\Dissertation\MScProject\SSD Files\PNY CS900\Secure Erase\recup_dir.2\f9305952.jpg"
"SHA256","236E3142B1176045A57645B29C1E50369DF445ABC172AB9E6642C9E3DEBBE4C0","C:\Users\User\OneDrive\Documents\Uni\Dissertation\MScProject\SSD Files\PNY CS900\Secure Erase\recup_dir.2\f9310960.jpg"
"SHA256","9243633E1E85D12AD30085B07EEC4B8028E87ADB3183C7C1CE3BE7EAC01793FD","C:\Users\User\OneDrive\Documents\Uni\Dissertation\MScProject\SSD Files\PNY CS900\Secure Erase\recup_dir.2\f9311672.jpg"
"SHA256","21A7ACC1B2451276A0734390A449E47C5861FB52AE0A29AA9AA4DF22452F91F3","C:\Users\User\OneDrive\Documents\Uni\Dissertation\MScProject\SSD Files\PNY CS900\Secure Erase\recup_dir.2\f9311816.jpg"
"SHA256","7B14B27554B80E926558B750C41A55B0A38BDF2074D46CB20E6D05C94D210368","C:\Users\User\OneDrive\Documents\Uni\Dissertation\MScProject\SSD Files\PNY CS900\Secure Erase\recup_dir.2\f9312192.jpg"
"SHA256","EA3D45F73CA2EAC1BA1DB2CC05A1998902C409C001F3AFC17CBE8A70C9139032","C:\Users\User\OneDrive\Documents\Uni\Dissertation\MScProject\SSD Files\PNY CS900\Secure Erase\recup_dir.2\f9312256.jpg"
"SHA256","3FEE70873E163816527484A6161813C01F1A1E9BD85B40486096E713B2C8D1C5","C:\Users\User\OneDrive\Documents\Uni\Dissertation\MScProject\SSD Files\PNY CS900\Secure Erase\recup_dir.2\f9312328.jpg"
"SHA256","A86328C2C310C2794EF5EDD5E38BD3EAB17BA646F032969DF9EC0427807EE230","C:\Users\User\OneDrive\Documents\Uni\Dissertation\MScProject\SSD Files\PNY CS900\Secure Erase\recup_dir.2\f9312368.jpg"
"SHA256","28DCD63B41F9F819954AE53C9EED7A18EE8370A651F1BBCB4791B8F361EAE567","C:\Users\User\OneDrive\Documents\Uni\Dissertation\MScProject\SSD Files\PNY CS900\Secure Erase\recup_dir.2\f9312408.jpg"
"SHA256","A7C159DAF73AB99A1EE6F9D0ADA8AC5C4016FA82BF0E26CFD6F51C0BDBE49217","C:\Users\User\OneDrive\Documents\Uni\Dissertation\MScProject\SSD Files\PNY CS900\Secure Erase\recup_dir.2\f9312536.jpg"
"SHA256","682FC3FA2552B3CAD01CB833E2B1EAE83F75B9562C65B2F84D80960D81C5F79E","C:\Users\User\OneDrive\Documents\Uni\Dissertation\MScProject\SSD Files\PNY CS900\Secure Erase\recup_dir.2\f9312584.jpg"
"SHA256","A01FAF9703805F418102826AD40317DC870F0975FB8DC1BCBF67165354ED73B4","C:\Users\User\OneDrive\Documents\Uni\Dissertation\MScProject\SSD Files\PNY CS900\Secure Erase\recup_dir.2\f9312608.jpg"
"SHA256","64F075C9593B057D88BD726A9E89AB79A1CB9CFAEF89A5A93D1B23646C99BA55","C:\Users\User\OneDrive\Documents\Uni\Dissertation\MScProject\SSD Files\PNY CS900\Secure Erase\recup_dir.2\f9312624.jpg"
"SHA256","1D0A237A99EC5A684BD29B9234018E4FD6C00C18D94E689C6D7E9E2695E382D0","C:\Users\User\OneDrive\Documents\Uni\Dissertation\MScProject\SSD Files\PNY CS900\Secure Erase\recup_dir.2\f9312632.jpg"
"SHA256","9ABF9946061E6019501363AC8FED8E099CE145E0364A154062A3778AC432961A","C:\Users\User\OneDrive\Documents\Uni\Dissertation\MScProject\SSD Files\PNY CS900\Secure Erase\recup_dir.2\f9312904.jpg"
"SHA256","B45A50343B4992DF625C25AF31718261C88E4E1FE35B063B5DF181D7E373422B","C:\Users\User\OneDrive\Documents\Uni\Dissertation\MScProject\SSD Files\PNY CS900\Secure Erase\recup_dir.2\f9312952.jpg"
"SHA256","86AE7B05ECAF9A6019C8CCF2BDE625F9D39A43146212D84DA3A489C6F1C1BAFE","C:\Users\User\OneDrive\Documents\Uni\Dissertation\MScProject\SSD Files\PNY CS900\Secure Erase\recup_dir.2\f9312984.jpg"
"SHA256","203A66A5B47139731EEEA889D1041B3F6529012A31BAD0804277D22813D8AF1E","C:\Users\User\OneDrive\Documents\Uni\Dissertation\MScProject\SSD Files\PNY CS900\Secure Erase\recup_dir.2\f9313024.jpg"
"SHA256","7448EF5501A8447F9365C9DCD34E49256F1922A7A1DCF5AF27178C3A9BE0DB7A","C:\Users\User\OneDrive\Documents\Uni\Dissertation\MScProject\SSD Files\PNY CS900\Secure Erase\recup_dir.2\f9313056.jpg"
"SHA256","F79DD17ED7F16E0EE77BA833B0951F3AA32B00C719E66727B1E327D87E571C0B","C:\Users\User\OneDrive\Documents\Uni\Dissertation\MScProject\SSD Files\PNY CS900\Secure Erase\recup_dir.2\f9313160.jpg"
"SHA256","A8203821E63F9B8F30810A4B5C3D2E81BB49BD0DD3B30F037441F521E84DB202","C:\Users\User\OneDrive\Documents\Uni\Dissertation\MScProject\SSD Files\PNY CS900\Secure Erase\recup_dir.2\f9313384.jpg"
"SHA256","2BB301D5BEFB846330C96C6070461D9A4DB897018D8CF44ED8D7C2FCFC040D45","C:\Users\User\OneDrive\Documents\Uni\Dissertation\MScProject\SSD Files\PNY CS900\Secure Erase\recup_dir.2\f9314024.jpg"
"SHA256","69270A69A312BED70853E05D1F4F380DFFDA8DB0A0D838491588EFE17EC2B1CD","C:\Users\User\OneDrive\Documents\Uni\Dissertation\MScProject\SSD Files\PNY CS900\Secure Erase\recup_dir.2\f9314224.jpg"
"SHA256","9784AB5514632F5756EEC67D7DF27AB5C254E8E4DC00BC94ADDE1FF541FBF083","C:\Users\User\OneDrive\Documents\Uni\Dissertation\MScProject\SSD Files\PNY CS900\Secure Erase\recup_dir.2\f9314288.jpg"
"SHA256","192DA8EE8E9ADBB2D973838226949A3F279AD5157E36D55B81214B7BD04F2A07","C:\Users\User\OneDrive\Documents\Uni\Dissertation\MScProject\SSD Files\PNY CS900\Secure Erase\recup_dir.2\f9314384.jpg"
"SHA256","F5C1A82CE54990FB1B2E7F3B2134B0E80425E90E26A518287DD144BFA3440290","C:\Users\User\OneDrive\Documents\Uni\Dissertation\MScProject\SSD Files\PNY CS900\Secure Erase\recup_dir.2\f9314496.jpg"
"SHA256","FA1EA85C4FD00120E7C39A66EC3192232A0579AF13361E268235A0AA2F25290E","C:\Users\User\OneDrive\Documents\Uni\Dissertation\MScProject\SSD Files\PNY CS900\Secure Erase\recup_dir.2\f9314544.jpg"
"SHA256","CE067F1DB0F1A22FAFCBAB2AE5E9615810CC40BB623FD2879610BD785426E05E","C:\Users\User\OneDrive\Documents\Uni\Dissertation\MScProject\SSD Files\PNY CS900\Secure Erase\recup_dir.2\f9314568.jpg"
"SHA256","B45CF7AEFA1DEFC70335696C1A9DB981131670F0146B237BD88B50510752EB38","C:\Users\User\OneDrive\Documents\Uni\Dissertation\MScProject\SSD Files\PNY CS900\Secure Erase\recup_dir.2\f9314648.jpg"
"SHA256","973A09D7E7C0731B447063ADBB4F94C8708882D563390CCBB90B3ACFCF591CB6","C:\Users\User\OneDrive\Documents\Uni\Dissertation\MScProject\SSD Files\PNY CS900\Secure Erase\recup_dir.2\f9314736.jpg"
"SHA256","AA7208D0323E89DA6DC31549E095ABDA4AFA4EDA26AFB6D14F46FEC8AB3BF14E","C:\Users\User\OneDrive\Documents\Uni\Dissertation\MScProject\SSD Files\PNY CS900\Secure Erase\recup_dir.2\f9314904.jpg"
"SHA256","BC71DB8B74304D89BE7E602DCA7CBAB9E7981CF7B36DBA21ADBC837053FFACA4","C:\Users\User\OneDrive\Documents\Uni\Dissertation\MScProject\SSD Files\PNY CS900\Secure Erase\recup_dir.2\f9315104.jpg"
"SHA256","6256B4A31A3B0BD20BF472EDDD27F63BE6AFAB2D9C6B223B96EEA3BF0A5FDD73","C:\Users\User\OneDrive\Documents\Uni\Dissertation\MScProject\SSD Files\PNY CS900\Secure Erase\recup_dir.2\f9315296.jpg"
"SHA256","BE8C1381D9AEEA58C016E06A2DDA09F9F9F048F03E2C3327295E77D110855F1B","C:\Users\User\OneDrive\Documents\Uni\Dissertation\MScProject\SSD Files\PNY CS900\Secure Erase\recup_dir.2\f9315416.jpg"
"SHA256","EAB744C6E5E335C383A24C514E8E5421C4D4B05D4A29ECC1B44C2B639F3A908A","C:\Users\User\OneDrive\Documents\Uni\Dissertation\MScProject\SSD Files\PNY CS900\Secure Erase\recup_dir.2\f9315536.jpg"
"SHA256","E8A004E8CE0E884C470DC066EA4CE285895F981DBF664EA0B50FAD2D87A40AE4","C:\Users\User\OneDrive\Documents\Uni\Dissertation\MScProject\SSD Files\PNY CS900\Secure Erase\recup_dir.2\f9315624.jpg"
"SHA256","2D7876099D438976E9511A05B6AC7B41A663CCBD2FD6C31FB1212E4AA48823DF","C:\Users\User\OneDrive\Documents\Uni\Dissertation\MScProject\SSD Files\PNY CS900\Secure Erase\recup_dir.2\f9315712.jpg"
"SHA256","60D70718C5F81E621EF36AF1C8ED92DB38F78BA49492528A553F2B868255728B","C:\Users\User\OneDrive\Documents\Uni\Dissertation\MScProject\SSD Files\PNY CS900\Secure Erase\recup_dir.2\f9315824.jpg"
"SHA256","5E36C557339E62AE45297F66BE94FC78CEB16B3A8DAE07ADD8E8A3EC3585AF2B","C:\Users\User\OneDrive\Documents\Uni\Dissertation\MScProject\SSD Files\PNY CS900\Secure Erase\recup_dir.2\f9315952.jpg"
"SHA256","BB963E34E0888CCB180384611BA7BEA4B9E787BC4B7557C8A6DF834EE71DBC57","C:\Users\User\OneDrive\Documents\Uni\Dissertation\MScProject\SSD Files\PNY CS900\Secure Erase\recup_dir.2\f9316032.jpg"
"SHA256","834024FE4B9ECAA5AB7999922977D347E258A35FDA93B237308ECCA8A7E50C6C","C:\Users\User\OneDrive\Documents\Uni\Dissertation\MScProject\SSD Files\PNY CS900\Secure Erase\recup_dir.2\f9316072.jpg"
"SHA256","15051C13F11CB4902E8B0A955C1FA6774A251AE5199FA590A0AA620A2693CB74","C:\Users\User\OneDrive\Documents\Uni\Dissertation\MScProject\SSD Files\PNY CS900\Secure Erase\recup_dir.2\f9316112.jpg"
"SHA256","BC4B113E12B5E6B0FCFE977A203F9E7556FC3FEC5668E85414F7DBC98C827EBE","C:\Users\User\OneDrive\Documents\Uni\Dissertation\MScProject\SSD Files\PNY CS900\Secure Erase\recup_dir.2\f9316232.jpg"
"SHA256","79E304F90FE1F3FA2CB1103838ACA3BDCFE1787C581172B7D6632CFD41E7F76A","C:\Users\User\OneDrive\Documents\Uni\Dissertation\MScProject\SSD Files\PNY CS900\Secure Erase\recup_dir.2\f9316280.jpg"
"SHA256","30B939CCA4D8E5428BA1EEF54753CBBC78CCCCE13FED4F7626C0F435BB850348","C:\Users\User\OneDrive\Documents\Uni\Dissertation\MScProject\SSD Files\PNY CS900\Secure Erase\recup_dir.2\f9316312.jpg"
"SHA256","ECDF0FA9AA96B32346E3DB951E8EDA398BB8B05E977C79B50E2BAC7B8A44A2DB","C:\Users\User\OneDrive\Documents\Uni\Dissertation\MScProject\SSD Files\PNY CS900\Secure Erase\recup_dir.2\f9316352.jpg"
"SHA256","BC4E41CEB0FBF559B6205C290664C6A38929AB64C36443BCAD0440D967217159","C:\Users\User\OneDrive\Documents\Uni\Dissertation\MScProject\SSD Files\PNY CS900\Secure Erase\recup_dir.2\f9316368.jpg"
"SHA256","A6F6F18C9BEBC45A1703E1BA1FCD78C4B18C1ED4F3AA2061DDC929723C85BB9C","C:\Users\User\OneDrive\Documents\Uni\Dissertation\MScProject\SSD Files\PNY CS900\Secure Erase\recup_dir.2\f9316400.jpg"
"SHA256","06D04C84C1B3AD17B58D1A6E3472B231F53D5928FBCE95A04E1E44969ECAB110","C:\Users\User\OneDrive\Documents\Uni\Dissertation\MScProject\SSD Files\PNY CS900\Secure Erase\recup_dir.2\f9316432.jpg"
"SHA256","6986FF9869F985C897B68CD155156CB49466633EBF89B33F9528E106625EC977","C:\Users\User\OneDrive\Documents\Uni\Dissertation\MScProject\SSD Files\PNY CS900\Secure Erase\recup_dir.2\f9316448.jpg"
"SHA256","E8A47B71ADC1B7B94380716970E43A42C7D4306EE2E5340BC42F5DB23CB3A14A","C:\Users\User\OneDrive\Documents\Uni\Dissertation\MScProject\SSD Files\PNY CS900\Secure Erase\recup_dir.2\f9316472.jpg"
"SHA256","BAF0FE6EE7693046CA9D426F277CFA1F6ED29240E0C41509BB930E6042438980","C:\Users\User\OneDrive\Documents\Uni\Dissertation\MScProject\SSD Files\PNY CS900\Secure Erase\recup_dir.2\f9316536.jpg"
"SHA256","03998EF42E4D0BF5EF62DD6C7A2A8619C25AD12682FEF176F68A5F54EB9433A1","C:\Users\User\OneDrive\Documents\Uni\Dissertation\MScProject\SSD Files\PNY CS900\Secure Erase\recup_dir.2\f9316576.jpg"
"SHA256","EAA73E4A90F7C1956438E437340BD1E4DD8BBA3E754C36507E9C1C67296EEF64","C:\Users\User\OneDrive\Documents\Uni\Dissertation\MScProject\SSD Files\PNY CS900\Secure Erase\recup_dir.2\f9316632.jpg"
"SHA256","63FA6B374EA6BF454562E106D5CCC7975CAEE6548D152F0CC5D3C8F1113FB738","C:\Users\User\OneDrive\Documents\Uni\Dissertation\MScProject\SSD Files\PNY CS900\Secure Erase\recup_dir.2\f9316688.jpg"
"SHA256","B497553BD8DBBACFE4C06BEC58CB90B9357C8D9174ADEC0320371AA1A8618CE4","C:\Users\User\OneDrive\Documents\Uni\Dissertation\MScProject\SSD Files\PNY CS900\Secure Erase\recup_dir.2\f9316736.jpg"
"SHA256","D2CD94391BA7F978D73609D2C8477E8A5578CE0E862120242527E8FC18DC8687","C:\Users\User\OneDrive\Documents\Uni\Dissertation\MScProject\SSD Files\PNY CS900\Secure Erase\recup_dir.2\f9317400.jpg"
"SHA256","6B32F768949DFD378BD2759351E1BEB7C486D4D208AF99979BD79E05D21C430E","C:\Users\User\OneDrive\Documents\Uni\Dissertation\MScProject\SSD Files\PNY CS900\Secure Erase\recup_dir.2\f9317416.jpg"
"SHA256","D8A6B3F8C748BA1D2203E3ABAD845B2900A456D365165DB6961973B0BBFE6D8D","C:\Users\User\OneDrive\Documents\Uni\Dissertation\MScProject\SSD Files\PNY CS900\Secure Erase\recup_dir.2\f9317528.jpg"
"SHA256","3FE23ABF108416232C276AB4DAD03424BC2957C9E5914C9F63A7ED141F5FDB99","C:\Users\User\OneDrive\Documents\Uni\Dissertation\MScProject\SSD Files\PNY CS900\Secure Erase\recup_dir.2\f9318264.jpg"
"SHA256","EC6A3F0B07A876BDB90556398CE02ABBBA1B756570FE44F6C80DD57438DBD218","C:\Users\User\OneDrive\Documents\Uni\Dissertation\MScProject\SSD Files\PNY CS900\Secure Erase\recup_dir.2\f9318344.jpg"
"SHA256","8E5E6C9513456513E26341567382A8647D7DDD7E947EADAFA56E5A21CF1768F2","C:\Users\User\OneDrive\Documents\Uni\Dissertation\MScProject\SSD Files\PNY CS900\Secure Erase\recup_dir.2\f9318488.jpg"
"SHA256","13DFBBB69C551FBE8E0884EEDC101C7198403FDC7C40C04EB729BDA35046A009","C:\Users\User\OneDrive\Documents\Uni\Dissertation\MScProject\SSD Files\PNY CS900\Secure Erase\recup_dir.2\f9318512.jpg"
"SHA256","A52D6D01687BCAD31247CC5561F48808AB2DF7313BE528710585CFF070DCB9DE","C:\Users\User\OneDrive\Documents\Uni\Dissertation\MScProject\SSD Files\PNY CS900\Secure Erase\recup_dir.2\f9318536.jpg"
"SHA256","AF78143BC05C314F5D73963134D785C400E9D5B54F9F8E6FF0A543240AF694B5","C:\Users\User\OneDrive\Documents\Uni\Dissertation\MScProject\SSD Files\PNY CS900\Secure Erase\recup_dir.2\f9318616.jpg"
"SHA256","A2E5BD7AA8D4B17C677BD2CC35EEEE5386120B2A8EFB5092B22F0360671CE9D3","C:\Users\User\OneDrive\Documents\Uni\Dissertation\MScProject\SSD Files\PNY CS900\Secure Erase\recup_dir.2\f9318696.jpg"
"SHA256","4A2D3FE98E8BD485BC22150E69D7FE29AF2F4C943F73AF1C40A26776D5F8B9A7","C:\Users\User\OneDrive\Documents\Uni\Dissertation\MScProject\SSD Files\PNY CS900\Secure Erase\recup_dir.2\f9318936.jpg"
"SHA256","3D4F636FF82062712794D0404E1FE787B531758C8C5C479CE1C35C049DDB9184","C:\Users\User\OneDrive\Documents\Uni\Dissertation\MScProject\SSD Files\PNY CS900\Secure Erase\recup_dir.2\f9319120.jpg"
"SHA256","3E5E43343E5010119A6B145A6DB0EAAC7DC0C1A89C91240A7F81A3BFEFBAA382","C:\Users\User\OneDrive\Documents\Uni\Dissertation\MScProject\SSD Files\PNY CS900\Secure Erase\recup_dir.2\f9319304.jpg"
"SHA256","26378CB524A2BA9A7A8348C61F01E56C68DE58B8E752807F38B37C6AEB1AB0C6","C:\Users\User\OneDrive\Documents\Uni\Dissertation\MScProject\SSD Files\PNY CS900\Secure Erase\recup_dir.2\f9319432.jpg"
"SHA256","EE3D5F30A9E63D761CBD8E93F67399BDD7D953E8E0914A37DFDFA18792D93FE7","C:\Users\User\OneDrive\Documents\Uni\Dissertation\MScProject\SSD Files\PNY CS900\Secure Erase\recup_dir.2\f9319592.jpg"
"SHA256","7B785C4D3BE2BC12C0F32F5A8D94DDF7F86BCAF2FFEC5ED4CA307656A24C8797","C:\Users\User\OneDrive\Documents\Uni\Dissertation\MScProject\SSD Files\PNY CS900\Secure Erase\recup_dir.2\f9332544.jpg"
"SHA256","B930906578FF81B40E25AC223DD8A70A29B5EB6919A4F25865B50A3F400CC933","C:\Users\User\OneDrive\Documents\Uni\Dissertation\MScProject\SSD Files\PNY CS900\Secure Erase\recup_dir.2\f9332632.jpg"
"SHA256","C11DF38C1BD29C2FA0214BD1ECC6235222539BDB35D54A89601A214AD72EE11F","C:\Users\User\OneDrive\Documents\Uni\Dissertation\MScProject\SSD Files\PNY CS900\Secure Erase\recup_dir.2\f9332768.jpg"
"SHA256","838A2667A3BEC5BD5B5F35E6F7E279B05D32F2F035BB8E8966E5B363E02E10EF","C:\Users\User\OneDrive\Documents\Uni\Dissertation\MScProject\SSD Files\PNY CS900\Secure Erase\recup_dir.2\f9332912.jpg"
"SHA256","3BE10112A418DD10E280CB78F25F1E9E25FC256F1B49BDCB8E488D28C3B6FA2B","C:\Users\User\OneDrive\Documents\Uni\Dissertation\MScProject\SSD Files\PNY CS900\Secure Erase\recup_dir.2\f9333016.jpg"
"SHA256","08765B469C4B82757FAEA331A50A29D0DA2434D145A111CB5ECBC2699056D37F","C:\Users\User\OneDrive\Documents\Uni\Dissertation\MScProject\SSD Files\PNY CS900\Secure Erase\recup_dir.2\f9333040.jpg"
"SHA256","EAD2D48CF103253C54FB5650161EDFA296CF34C11A65C1B2701E8695861D909C","C:\Users\User\OneDrive\Documents\Uni\Dissertation\MScProject\SSD Files\PNY CS900\Secure Erase\recup_dir.2\f9333744.jpg"
"SHA256","B7D5534998B63F24103BBAD040AF75617A5FD533E025BDB9F5B953D9E4709144","C:\Users\User\OneDrive\Documents\Uni\Dissertation\MScProject\SSD Files\PNY CS900\Secure Erase\recup_dir.2\f9333880.jpg"
"SHA256","F7E0DDA17C527E1F541B43FEF73DC2BDD06AC93D302AC5EA05D7E4E377AD35A0","C:\Users\User\OneDrive\Documents\Uni\Dissertation\MScProject\SSD Files\PNY CS900\Secure Erase\recup_dir.2\f9334472.jpg"
"SHA256","5652E51E8AB021639EE3AB0541F04B4C13C05E66A21550F576D810A5D2A5A183","C:\Users\User\OneDrive\Documents\Uni\Dissertation\MScProject\SSD Files\PNY CS900\Secure Erase\recup_dir.2\f9335048.jpg"
"SHA256","EA736D0F40575EE873B2F3D092BE54C1E53250BF656E3F6857A0196B6C7170A6","C:\Users\User\OneDrive\Documents\Uni\Dissertation\MScProject\SSD Files\PNY CS900\Secure Erase\recup_dir.2\f9335160.jpg"
"SHA256","1988356947650563A7DCD86114AFA2CAC8E56594A2B251F0C926F5A560DCAC29","C:\Users\User\OneDrive\Documents\Uni\Dissertation\MScProject\SSD Files\PNY CS900\Secure Erase\recup_dir.2\f9335680.jpg"
"SHA256","2B3AA1645779A9E634744FAF9B01E9102B0C9B88FD6DECED7934DF86B949AF7E","C:\Users\User\OneDrive\Documents\Uni\Dissertation\MScProject\SSD Files\PNY CS900\Secure Erase\recup_dir.2\f9335752.icc"
"SHA256","36148C04DA09A9C008FE728EF7177BE4588EB2D765FD6A3B8C3648F1E4B0DDC4","C:\Users\User\OneDrive\Documents\Uni\Dissertation\MScProject\SSD Files\PNY CS900\Secure Erase\recup_dir.2\f9335856.jpg"
"SHA256","1504E219F0BF519D71C65CF6C46A43924A5F3305104C06AC08BC1E367C90DF9A","C:\Users\User\OneDrive\Documents\Uni\Dissertation\MScProject\SSD Files\PNY CS900\Secure Erase\recup_dir.2\f9336392.jpg"
"SHA256","D08B4D3B0376A6B4D9332249CEBE26716B6209BACB3B2BE9807249C792E55460","C:\Users\User\OneDrive\Documents\Uni\Dissertation\MScProject\SSD Files\PNY CS900\Secure Erase\recup_dir.2\f9336928.jpg"
"SHA256","5EF0CBFF92161D53C8F209097F36041E995B6F85E295F86CD1288F335C2DAFC0","C:\Users\User\OneDrive\Documents\Uni\Dissertation\MScProject\SSD Files\PNY CS900\Secure Erase\recup_dir.2\f9337600.jpg"
"SHA256","9F2ED54B405EAF4DD7A42838A896B5460CA7CC51D90E4D37B93254312D5717C7","C:\Users\User\OneDrive\Documents\Uni\Dissertation\MScProject\SSD Files\PNY CS900\Secure Erase\recup_dir.2\f9338104.jpg"
"SHA256","89225B3B7196484B81320649C9827BC20C1F66BBC118A30341CC68D7220C984B","C:\Users\User\OneDrive\Documents\Uni\Dissertation\MScProject\SSD Files\PNY CS900\Secure Erase\recup_dir.2\f9338160.jpg"
"SHA256","8ABC851BEDBA09723D854AB4376D224F9355743C2EBF493B3BEFDA3EC296A810","C:\Users\User\OneDrive\Documents\Uni\Dissertation\MScProject\SSD Files\PNY CS900\Secure Erase\recup_dir.2\f9338200.jpg"
"SHA256","000CA2C80191139174BD00157B0FB5BB84C4CD20AC00377DD0090AB5CB41A59E","C:\Users\User\OneDrive\Documents\Uni\Dissertation\MScProject\SSD Files\PNY CS900\Secure Erase\recup_dir.2\f9338232.jpg"
"SHA256","1527EB44269EEF86464CBBDC9E5E93FF84FD8C8B8354A74BFD0C74A3A1E295A3","C:\Users\User\OneDrive\Documents\Uni\Dissertation\MScProject\SSD Files\PNY CS900\Secure Erase\recup_dir.2\f9338264.jpg"
"SHA256","E182A530D347CA9351FE64EAFE5AF6B047B4F01393E8210FC24589B7A44D3753","C:\Users\User\OneDrive\Documents\Uni\Dissertation\MScProject\SSD Files\PNY CS900\Secure Erase\recup_dir.2\f9338376.jpg"
"SHA256","A83D83A6321B4D9806B80121A96F8697A749411345C066B9B97D3911514AFA53","C:\Users\User\OneDrive\Documents\Uni\Dissertation\MScProject\SSD Files\PNY CS900\Secure Erase\recup_dir.2\f9338832.jpg"
"SHA256","1ECB46FF90764A325BE7F7EDAEEA87D55E78650C329C469199D125E57C23A4F2","C:\Users\User\OneDrive\Documents\Uni\Dissertation\MScProject\SSD Files\PNY CS900\Secure Erase\recup_dir.2\f9338864.jpg"
"SHA256","60B3E847D4E0279E23D9B6C478F10A74E99987AE1999D895372E1B99DD2663D5","C:\Users\User\OneDrive\Documents\Uni\Dissertation\MScProject\SSD Files\PNY CS900\Secure Erase\recup_dir.2\f9340168.jpg"
"SHA256","BB2E5B7C07148D5AD3CF03DBAEA4E8E37E6BA810C2DB8215DD0A97EB4D2BF0B4","C:\Users\User\OneDrive\Documents\Uni\Dissertation\MScProject\SSD Files\PNY CS900\Secure Erase\recup_dir.2\report.xml"
"SHA256","2CDD284E2C73135AE7A85BBB504DCB8385194F6AD872ADD085AEA7871DD70740","C:\Users\User\OneDrive\Documents\Uni\Dissertation\MScProject\SSD Files\PNY CS900\Secure Erase\recup_dir.2\t9075880.jpg"
"SHA256","AC5BCC5DBEEA7A0E8623871FC1F58D7CB924C29947B5F150D8E923D411CCC570","C:\Users\User\OneDrive\Documents\Uni\Dissertation\MScProject\SSD Files\PNY CS900\Secure Erase\recup_dir.2\t9075944.jpg"
"SHA256","3E71028D8659FE3D83DD9253CBDEFB47673778172602CB1FEACA0F7F6B0C1CC6","C:\Users\User\OneDrive\Documents\Uni\Dissertation\MScProject\SSD Files\PNY CS900\Secure Erase\recup_dir.2\t9076176.jpg"
"SHA256","E1347106A783DD93DE3027119A77ECD0672E314605954B025205837D671C235C","C:\Users\User\OneDrive\Documents\Uni\Dissertation\MScProject\SSD Files\PNY CS900\Secure Erase\recup_dir.2\t9076256.jpg"
"SHA256","8557A3F4B106F0987A2C27365787CFAC3FBF1261D6FEF3883BC3F1F5A822B43C","C:\Users\User\OneDrive\Documents\Uni\Dissertation\MScProject\SSD Files\PNY CS900\Secure Erase\recup_dir.2\t9076304.jpg"
"SHA256","BFADA3DB643F8017EA27ABFB1233E937908D275E31866075088E4816372CC247","C:\Users\User\OneDrive\Documents\Uni\Dissertation\MScProject\SSD Files\PNY CS900\Secure Erase\recup_dir.2\t9078064.jpg"
"SHA256","EA518D427F0653EA2E21FB2860A6102D3B14612BB767DC0078F16DFB3EB3168B","C:\Users\User\OneDrive\Documents\Uni\Dissertation\MScProject\SSD Files\PNY CS900\Secure Erase\recup_dir.2\t9078936.jpg"
"SHA256","2C56EFE10A80BCE2F146858BDC7141BD9EC7D4D73A38F2E101B983866511F14B","C:\Users\User\OneDrive\Documents\Uni\Dissertation\MScProject\SSD Files\PNY CS900\Secure Erase\recup_dir.2\t9080424.jpg"
"SHA256","0D5C365C195ECE82A681AC1B61A7DE4A7BE33EF312E4516A8416372CF980A6AC","C:\Users\User\OneDrive\Documents\Uni\Dissertation\MScProject\SSD Files\PNY CS900\Secure Erase\recup_dir.2\t9081608.jpg"
"SHA256","97DE4AFEEFDE09A7D4B481F2E21961AEAC3335B48570C955D2BBF0DB12E342DE","C:\Users\User\OneDrive\Documents\Uni\Dissertation\MScProject\SSD Files\PNY CS900\Secure Erase\recup_dir.2\t9083472.jpg"
"SHA256","9B6F09671E3379B92399D2BD8977BA55C4077572275CA0DDA7C541D840EC6A65","C:\Users\User\OneDrive\Documents\Uni\Dissertation\MScProject\SSD Files\PNY CS900\Secure Erase\recup_dir.2\t9098264.jpg"
"SHA256","9316648E9C1CA74D874064C0BE6A274BC5486B1FC99E922ABE8D8FEDF1FD4FC6","C:\Users\User\OneDrive\Documents\Uni\Dissertation\MScProject\SSD Files\PNY CS900\Secure Erase\recup_dir.2\t9098320.jpg"
"SHA256","FB557BC8675CC3ED450125164E70EE1E7F7DDFB30556A0AC57C4F057643F6E89","C:\Users\User\OneDrive\Documents\Uni\Dissertation\MScProject\SSD Files\PNY CS900\Secure Erase\recup_dir.2\t9105912.jpg"
"SHA256","BC09E12DC0616EA8A8A3D277E332191874163F980E23E2879B6270463C083539","C:\Users\User\OneDrive\Documents\Uni\Dissertation\MScProject\SSD Files\PNY CS900\Secure Erase\recup_dir.2\t9109192.jpg"
"SHA256","CAAB1E87A21E620463CB25D761CB84CF10D6CF2B0B2430AFA01FD7DF36A2792B","C:\Users\User\OneDrive\Documents\Uni\Dissertation\MScProject\SSD Files\PNY CS900\Secure Erase\recup_dir.2\t9119992.jpg"
"SHA256","3D37557DD96AC1146590526EE2BF87CEF224CDEB8AEA3BD0A430A6FDD37D8EDD","C:\Users\User\OneDrive\Documents\Uni\Dissertation\MScProject\SSD Files\PNY CS900\Secure Erase\recup_dir.2\t9124496.jpg"
"SHA256","5F75DD5D84BB963F36ECD33BFC7876ACBDFF55019348A0DF9896D2D4A282548E","C:\Users\User\OneDrive\Documents\Uni\Dissertation\MScProject\SSD Files\PNY CS900\Secure Erase\recup_dir.2\t9132416.jpg"
"SHA256","4355638B1A3DCDD10F3A8C6C6048FFE38959136A24047B9B475F5A0F739FA91E","C:\Users\User\OneDrive\Documents\Uni\Dissertation\MScProject\SSD Files\PNY CS900\Secure Erase\recup_dir.2\t9136392.jpg"
"SHA256","49C91694643439EA8883BFB59862551C76368B67703179220DB4F5743B181363","C:\Users\User\OneDrive\Documents\Uni\Dissertation\MScProject\SSD Files\PNY CS900\Secure Erase\recup_dir.2\t9141640.jpg"
"SHA256","63E00A834C36B2AE90FF0FBDA47EC86CDD0D2E3556504FA443A40DCFED4A620B","C:\Users\User\OneDrive\Documents\Uni\Dissertation\MScProject\SSD Files\PNY CS900\Secure Erase\recup_dir.2\t9147848.jpg"
"SHA256","2E362499B7D0379CCF6DC7655F93D877F122375C89268BF6EA20369C6986314D","C:\Users\User\OneDrive\Documents\Uni\Dissertation\MScProject\SSD Files\PNY CS900\Secure Erase\recup_dir.2\t9147944.jpg"
"SHA256","78DACD77EC002D2255F28EE4420D7ACC1528B439BDB09644BDBD6D8F42913C1A","C:\Users\User\OneDrive\Documents\Uni\Dissertation\MScProject\SSD Files\PNY CS900\Secure Erase\recup_dir.2\t9149024.jpg"
"SHA256","793EE95D4B6501A12A6D0C5751764D20C67D2AAFA88C453A9D970E91E743750A","C:\Users\User\OneDrive\Documents\Uni\Dissertation\MScProject\SSD Files\PNY CS900\Secure Erase\recup_dir.2\t9149160.jpg"
"SHA256","5850F32E938AD23309541396E79CA5C69F1B7A3B9D70EB7DD5C1F7D5C5785476","C:\Users\User\OneDrive\Documents\Uni\Dissertation\MScProject\SSD Files\PNY CS900\Secure Erase\recup_dir.2\t9151168.jpg"
"SHA256","AE0AB39BDD7FAAE21D695C8F191F35F6F47584C40485DD2BEDE158F964BDDF9E","C:\Users\User\OneDrive\Documents\Uni\Dissertation\MScProject\SSD Files\PNY CS900\Secure Erase\recup_dir.2\t9151600.jpg"
"SHA256","6A42CEFA8E7E6AB7E7D47996DFBA80B51CC34776F005DDDA0199248355FF09EF","C:\Users\User\OneDrive\Documents\Uni\Dissertation\MScProject\SSD Files\PNY CS900\Secure Erase\recup_dir.2\t9159560.jpg"
"SHA256","6CC02CF80C9CE595F19300926CDA177285CA1149A817F7224EABE3C4621CF50C","C:\Users\User\OneDrive\Documents\Uni\Dissertation\MScProject\SSD Files\PNY CS900\Secure Erase\recup_dir.2\t9159976.jpg"
"SHA256","6A42CEFA8E7E6AB7E7D47996DFBA80B51CC34776F005DDDA0199248355FF09EF","C:\Users\User\OneDrive\Documents\Uni\Dissertation\MScProject\SSD Files\PNY CS900\Secure Erase\recup_dir.2\t9160272.jpg"
"SHA256","59EB96CF834DBBC9F0F32138F65852EA79716BD088DDD0D53DF24A7F2A72DE7A","C:\Users\User\OneDrive\Documents\Uni\Dissertation\MScProject\SSD Files\PNY CS900\Secure Erase\recup_dir.2\t9161592.jpg"
"SHA256","4BD79AFE1FB8E407B2ADC6A21FBBEB4715965394E09E87D062C0D5A4BA8F0CD1","C:\Users\User\OneDrive\Documents\Uni\Dissertation\MScProject\SSD Files\PNY CS900\Secure Erase\recup_dir.2\t9162344.jpg"
"SHA256","D4DB44A0C5E25E8DE957354172FB2FAAD9F30CB058AB67E9FEB7AB666FD228B3","C:\Users\User\OneDrive\Documents\Uni\Dissertation\MScProject\SSD Files\PNY CS900\Secure Erase\recup_dir.2\t9162744.jpg"
"SHA256","8F40D40B23DEFE537CED7D6C871500F0E0F1889DB38097AF6E4021DD1FAFEBEC","C:\Users\User\OneDrive\Documents\Uni\Dissertation\MScProject\SSD Files\PNY CS900\Secure Erase\recup_dir.2\t9167360.jpg"
"SHA256","EF6CDE15D18A7F443B5F587CDCE23259807E3AFEE758B1E4FE975CB5C5A3FEC0","C:\Users\User\OneDrive\Documents\Uni\Dissertation\MScProject\SSD Files\PNY CS900\Secure Erase\recup_dir.2\t9167552.jpg"
"SHA256","48FC5CE81FC1C70B68F16A167F85A0C53232B690831A5BA11CF740BD56CD536E","C:\Users\User\OneDrive\Documents\Uni\Dissertation\MScProject\SSD Files\PNY CS900\Secure Erase\recup_dir.2\t9168608.jpg"
"SHA256","445ED9251837E851180AF345DD510CE2C1A707FA5981046CC227295233047227","C:\Users\User\OneDrive\Documents\Uni\Dissertation\MScProject\SSD Files\PNY CS900\Secure Erase\recup_dir.2\t9169392.jpg"
"SHA256","19EFFAA2FCDEA78E2C4227170591CBBBCDA1037A075D7E0B45F03E2D99AAE490","C:\Users\User\OneDrive\Documents\Uni\Dissertation\MScProject\SSD Files\PNY CS900\Secure Erase\recup_dir.2\t9170728.jpg"
"SHA256","78A0818E5134AEAB8248E1FB7EA9B4ABC6A9D94491CFF48CB2758118551C5E71","C:\Users\User\OneDrive\Documents\Uni\Dissertation\MScProject\SSD Files\PNY CS900\Secure Erase\recup_dir.2\t9170784.jpg"
"SHA256","CF0CDD6C5DC948A622198AAAAC35C714721D96ACFA0FB5EA8E4B9FF4513D743A","C:\Users\User\OneDrive\Documents\Uni\Dissertation\MScProject\SSD Files\PNY CS900\Secure Erase\recup_dir.2\t9172224.jpg"
"SHA256","EFEEA4798D75DE04F9EF3BD7F97AF1804BBF1A6D675FAE569BE4BBA0436E27E1","C:\Users\User\OneDrive\Documents\Uni\Dissertation\MScProject\SSD Files\PNY CS900\Secure Erase\recup_dir.2\t9173448.jpg"
"SHA256","F11F50F6F94A577922EE2C1C5349B5B3473BC3E9AC21513DD3ADC7E236E8F40D","C:\Users\User\OneDrive\Documents\Uni\Dissertation\MScProject\SSD Files\PNY CS900\Secure Erase\recup_dir.2\t9173632.jpg"
"SHA256","62C1E027468A430FBEEABA8C9A62EF09AFF8BFDFF09D97F19441E3499C28A281","C:\Users\User\OneDrive\Documents\Uni\Dissertation\MScProject\SSD Files\PNY CS900\Secure Erase\recup_dir.2\t9176160.jpg"
"SHA256","7E470574FE3A02628655F2BF5B5043EC1D9FB607BBA99F06E1DE9374F10CB01D","C:\Users\User\OneDrive\Documents\Uni\Dissertation\MScProject\SSD Files\PNY CS900\Secure Erase\recup_dir.2\t9178008.jpg"
"SHA256","259BB38B76FA3B76FEDC4E7FDA44C262FDBB44FA2897C45199E15104DD23DAD2","C:\Users\User\OneDrive\Documents\Uni\Dissertation\MScProject\SSD Files\PNY CS900\Secure Erase\recup_dir.2\t9180856.jpg"
"SHA256","FF8985101ED757B5325DD5BE8C2EA914029CE25010A717DF7B559C3CFD83B36D","C:\Users\User\OneDrive\Documents\Uni\Dissertation\MScProject\SSD Files\PNY CS900\Secure Erase\recup_dir.2\t9182312.jpg"
"SHA256","946963FE5147C3DE0F2C40AD678C3B69AE3D40808835423C9642311F598652CC","C:\Users\User\OneDrive\Documents\Uni\Dissertation\MScProject\SSD Files\PNY CS900\Secure Erase\recup_dir.2\t9184680.jpg"
"SHA256","CE18F5F48FAAAFA02DF1CF5A3F76F6604C2AA4CFFA33E80CD57F656F1FBE4894","C:\Users\User\OneDrive\Documents\Uni\Dissertation\MScProject\SSD Files\PNY CS900\Secure Erase\recup_dir.2\t9185376.jpg"
"SHA256","4EB32E4114E7A0A5D2A00D83AC3B7F3DF8639535024476843584367C0B1547F6","C:\Users\User\OneDrive\Documents\Uni\Dissertation\MScProject\SSD Files\PNY CS900\Secure Erase\recup_dir.2\t9186544.jpg"
"SHA256","A05EB9476173CF685183891DEA35C9152EE9F1A3673F2F62ED8DE7A066C7C017","C:\Users\User\OneDrive\Documents\Uni\Dissertation\MScProject\SSD Files\PNY CS900\Secure Erase\recup_dir.2\t9188152.jpg"
"SHA256","5952D8CD8F27EEFB4EB37DED11C41AE558B17A78FBA4764EC8B65DB3D6EFE15A","C:\Users\User\OneDrive\Documents\Uni\Dissertation\MScProject\SSD Files\PNY CS900\Secure Erase\recup_dir.2\t9189104.jpg"
"SHA256","0C0A77C71E02668348A50086BFA170F93B63F243975E7797332750715764D845","C:\Users\User\OneDrive\Documents\Uni\Dissertation\MScProject\SSD Files\PNY CS900\Secure Erase\recup_dir.2\t9189952.jpg"
"SHA256","F5C7BF2304707131CE7FAF31180817F367E8157B145AA9C953E194A2C80A3661","C:\Users\User\OneDrive\Documents\Uni\Dissertation\MScProject\SSD Files\PNY CS900\Secure Erase\recup_dir.2\t9190008.jpg"
"SHA256","1380B760BBD8C4A420B625F6D707539C0BFCF452DE1591AFE6B92C057E4FB161","C:\Users\User\OneDrive\Documents\Uni\Dissertation\MScProject\SSD Files\PNY CS900\Secure Erase\recup_dir.2\t9199800.jpg"
"SHA256","54AF09C051A22DD7B972D4338A1D96CC80123946D69BB691E9015F2DAF0F3FF4","C:\Users\User\OneDrive\Documents\Uni\Dissertation\MScProject\SSD Files\PNY CS900\Secure Erase\recup_dir.2\t9199968.jpg"
"SHA256","D871C565B750E8CA80A6A8A7E8DBEAEDC902E94DB6667AE6D5C2C675366129AA","C:\Users\User\OneDrive\Documents\Uni\Dissertation\MScProject\SSD Files\PNY CS900\Secure Erase\recup_dir.2\t9201272.jpg"
"SHA256","9325F988EC3B530767CDD219035DF83A740026F3214650174F4482831B3964DA","C:\Users\User\OneDrive\Documents\Uni\Dissertation\MScProject\SSD Files\PNY CS900\Secure Erase\recup_dir.2\t9201576.jpg"
"SHA256","37D3A0142E8A4EC35CD9757943C2EAF53BABAE06528DDE6A683BF355CBA70F06","C:\Users\User\OneDrive\Documents\Uni\Dissertation\MScProject\SSD Files\PNY CS900\Secure Erase\recup_dir.2\t9201664.jpg"
"SHA256","3D8657BA24E6FCA927C2DE52AA6E9958C488C05F330C74A23DFF7F9E9B1B9702","C:\Users\User\OneDrive\Documents\Uni\Dissertation\MScProject\SSD Files\PNY CS900\Secure Erase\recup_dir.2\t9205856.jpg"
"SHA256","6E369DB98E9723794FAD740294C01629230D0AF1E0A6369D82F3A1B1296D0AAF","C:\Users\User\OneDrive\Documents\Uni\Dissertation\MScProject\SSD Files\PNY CS900\Secure Erase\recup_dir.2\t9206008.jpg"
"SHA256","4F36D33EB18AA46D226F4511AC106A4D96FA1854E69CD96F8BCB095EEA0FB7C5","C:\Users\User\OneDrive\Documents\Uni\Dissertation\MScProject\SSD Files\PNY CS900\Secure Erase\recup_dir.2\t9206248.jpg"
"SHA256","42360835C6325048F75EB3FEF46E67B9444997559AE5FC005A9DEF1F325DA2AE","C:\Users\User\OneDrive\Documents\Uni\Dissertation\MScProject\SSD Files\PNY CS900\Secure Erase\recup_dir.2\t9206400.jpg"
"SHA256","BF4C1455B704AB6065A72BAE83F8DE58EE3036A18AC84AE3A670B128A055EA9F","C:\Users\User\OneDrive\Documents\Uni\Dissertation\MScProject\SSD Files\PNY CS900\Secure Erase\recup_dir.2\t9206488.jpg"
"SHA256","3C4AA3E4E097F03D9EE73F49E5AB9EE7766434FFA35BB0E56D34827BAF1D70A6","C:\Users\User\OneDrive\Documents\Uni\Dissertation\MScProject\SSD Files\PNY CS900\Secure Erase\recup_dir.2\t9206648.jpg"
"SHA256","F4C75A83016A119AFBE7B2424BAC008A653FACCD5FC3237FB46F418282D6219F","C:\Users\User\OneDrive\Documents\Uni\Dissertation\MScProject\SSD Files\PNY CS900\Secure Erase\recup_dir.2\t9213912.jpg"
"SHA256","3FF96D7F5E9E69BB37602D7ABA35F615448F3CF3870A5ED35C750F5199E092E7","C:\Users\User\OneDrive\Documents\Uni\Dissertation\MScProject\SSD Files\PNY CS900\Secure Erase\recup_dir.2\t9215720.jpg"
"SHA256","CE5A6539C5514D2DBAC91AAC4774CBB20026C8ECD445E3E16FC12DE5E288040E","C:\Users\User\OneDrive\Documents\Uni\Dissertation\MScProject\SSD Files\PNY CS900\Secure Erase\recup_dir.2\t9217928.jpg"
"SHA256","3FF095AD236E5D39EBCE920E825B9BA6CB98E265F978634F2EB3AAB9DB91F6BD","C:\Users\User\OneDrive\Documents\Uni\Dissertation\MScProject\SSD Files\PNY CS900\Secure Erase\recup_dir.2\t9218232.jpg"
"SHA256","02E0995002DFBDA5AC89BD46F960B9D8768AA08046C78E895031AB2A87A4EF2B","C:\Users\User\OneDrive\Documents\Uni\Dissertation\MScProject\SSD Files\PNY CS900\Secure Erase\recup_dir.2\t9220552.jpg"
"SHA256","A2AFD7D5EDAA9B146BF87CFFABF6265C97C64CD714C03F98430D9B2BDE6D8848","C:\Users\User\OneDrive\Documents\Uni\Dissertation\MScProject\SSD Files\PNY CS900\Secure Erase\recup_dir.2\t9221104.jpg"
"SHA256","78FA7DB31AD35CB376FC87D84419E8CEB8E1D6A376AC5691BCB91E48AC798912","C:\Users\User\OneDrive\Documents\Uni\Dissertation\MScProject\SSD Files\PNY CS900\Secure Erase\recup_dir.2\t9221408.jpg"
"SHA256","265DADDEA1865E8EE3A594BAF00A0C1A46653566764C36126B26C699FD3DA22F","C:\Users\User\OneDrive\Documents\Uni\Dissertation\MScProject\SSD Files\PNY CS900\Secure Erase\recup_dir.2\t9221568.jpg"
"SHA256","F9A7482239B55F98E84037AB65FBA77FD8190116AC8EE2C39EAC09E9E935A143","C:\Users\User\OneDrive\Documents\Uni\Dissertation\MScProject\SSD Files\PNY CS900\Secure Erase\recup_dir.2\t9221808.jpg"
"SHA256","36C3A6B3655A9B521BDC15E3EECFA2D4EECE5F6A4656F58A11E19BBBC8C64BB2","C:\Users\User\OneDrive\Documents\Uni\Dissertation\MScProject\SSD Files\PNY CS900\Secure Erase\recup_dir.2\t9222920.jpg"
"SHA256","771241801F2750877C8B94804F3FAEEE2905306EE9A168D1E3964F14F823CB85","C:\Users\User\OneDrive\Documents\Uni\Dissertation\MScProject\SSD Files\PNY CS900\Secure Erase\recup_dir.2\t9223408.jpg"
"SHA256","AC33F2DB5B12061937327D487585E19FA494BF6C9A3F38F0ED423117FD6C4E3D","C:\Users\User\OneDrive\Documents\Uni\Dissertation\MScProject\SSD Files\PNY CS900\Secure Erase\recup_dir.2\t9225336.jpg"
"SHA256","C636E9082C9C8B772E1D04501D378F0456F6452F438AC53C19D2A0EED16BE2CE","C:\Users\User\OneDrive\Documents\Uni\Dissertation\MScProject\SSD Files\PNY CS900\Secure Erase\recup_dir.2\t9225424.jpg"
"SHA256","A1786A4C1E9809CA7BC051515C1539C635FF8AA66A787880D9A02EADF962B047","C:\Users\User\OneDrive\Documents\Uni\Dissertation\MScProject\SSD Files\PNY CS900\Secure Erase\recup_dir.2\t9225680.jpg"
"SHA256","EAD9EC92FEBD8645EE6E097DA47A38E07F9CF5799D57E38C9354ABCA3C6213D8","C:\Users\User\OneDrive\Documents\Uni\Dissertation\MScProject\SSD Files\PNY CS900\Secure Erase\recup_dir.2\t9227728.jpg"
"SHA256","3FE79CB8CD939D7BC677B6FED9F4371A21E802C3D74F9891463177D44682D2C1","C:\Users\User\OneDrive\Documents\Uni\Dissertation\MScProject\SSD Files\PNY CS900\Secure Erase\recup_dir.2\t9230656.jpg"
"SHA256","581EB74E8732D435D3EC262DECF623FA55D8DDE4B1102681F5553885463B048F","C:\Users\User\OneDrive\Documents\Uni\Dissertation\MScProject\SSD Files\PNY CS900\Secure Erase\recup_dir.2\t9231784.jpg"
"SHA256","BF10A8178D11C37DF0177E8215B8129DA8B527CDFFD9B0E1E872DC2AF5A89D40","C:\Users\User\OneDrive\Documents\Uni\Dissertation\MScProject\SSD Files\PNY CS900\Secure Erase\recup_dir.2\t9232848.jpg"
"SHA256","AC676A785D9FBA3247D641B89728EA17E073E8EF61B1CE410083B8EE0AF894CD","C:\Users\User\OneDrive\Documents\Uni\Dissertation\MScProject\SSD Files\PNY CS900\Secure Erase\recup_dir.2\t9233320.jpg"
"SHA256","7A1B3A58FC88C95176839293C5CF77FADA7F34DBA5485B822818D3B445720B00","C:\Users\User\OneDrive\Documents\Uni\Dissertation\MScProject\SSD Files\PNY CS900\Secure Erase\recup_dir.2\t9235392.jpg"
"SHA256","500CBD34C2795844E08DE5CDA0C666F228352FC6BDF8B2DF93428EC70D9C1C32","C:\Users\User\OneDrive\Documents\Uni\Dissertation\MScProject\SSD Files\PNY CS900\Secure Erase\recup_dir.2\t9235488.jpg"
"SHA256","E6E2CDB59669E9BC9ABC8AF9A2A5D3F37BBAD22AA8D1DCE8C55DE8435C2430D1","C:\Users\User\OneDrive\Documents\Uni\Dissertation\MScProject\SSD Files\PNY CS900\Secure Erase\recup_dir.2\t9235800.jpg"
"SHA256","2F2CC630447868A7A9DBDBF60F5C648BF9ADCE999D517ADA1EDB049F4BF13DE6","C:\Users\User\OneDrive\Documents\Uni\Dissertation\MScProject\SSD Files\PNY CS900\Secure Erase\recup_dir.2\t9236064.jpg"
"SHA256","EED0B9D4C2D06096E15E7C84A63EE8E74FA4B04AECA511D06CFD39C332607C6D","C:\Users\User\OneDrive\Documents\Uni\Dissertation\MScProject\SSD Files\PNY CS900\Secure Erase\recup_dir.2\t9236240.jpg"
"SHA256","2B6CAD83A1CDF1BD50E32875DD8AA580358B1C3234BC0E08777CFD1E4D938905","C:\Users\User\OneDrive\Documents\Uni\Dissertation\MScProject\SSD Files\PNY CS900\Secure Erase\recup_dir.2\t9237208.jpg"
"SHA256","958FD590ECCE77D3930F6DAD3CFF02183DFC648B56A85D3AA09472B6273FF2BB","C:\Users\User\OneDrive\Documents\Uni\Dissertation\MScProject\SSD Files\PNY CS900\Secure Erase\recup_dir.2\t9239032.jpg"
"SHA256","F5494E15BA64406E87E8C192BF8E8ACA4BD230C1E4C752B3DECA75E61207FEA0","C:\Users\User\OneDrive\Documents\Uni\Dissertation\MScProject\SSD Files\PNY CS900\Secure Erase\recup_dir.2\t9239512.jpg"
"SHA256","64009D10A51DA828439BF83A469B357BAC4365ACAF5E02BDF0E115B521964C0F","C:\Users\User\OneDrive\Documents\Uni\Dissertation\MScProject\SSD Files\PNY CS900\Secure Erase\recup_dir.2\t9240784.jpg"
"SHA256","D11CCD2D88BD9A9F76FBAB2F46A2CAB8CA37C2B143EC96AE2519D0BE2B79827B","C:\Users\User\OneDrive\Documents\Uni\Dissertation\MScProject\SSD Files\PNY CS900\Secure Erase\recup_dir.2\t9241664.jpg"
"SHA256","9EFEB63BCF52FF2D5754BF9E76C79B5BC9E006102931116040750B4F41427FE7","C:\Users\User\OneDrive\Documents\Uni\Dissertation\MScProject\SSD Files\PNY CS900\Secure Erase\recup_dir.2\t9242184.jpg"
"SHA256","6C80913A8733E6F9303538FE93663607639E885F686FABAEA50F37C5543CB4DC","C:\Users\User\OneDrive\Documents\Uni\Dissertation\MScProject\SSD Files\PNY CS900\Secure Erase\recup_dir.2\t9242544.jpg"
"SHA256","64C536C9A440E9110D103909A46D1FF14AECAD50FAA9A456E09EA23F01149248","C:\Users\User\OneDrive\Documents\Uni\Dissertation\MScProject\SSD Files\PNY CS900\Secure Erase\recup_dir.2\t9242696.jpg"
"SHA256","569B7CF3771EEE42EB77AB1CA32E57E09C9D1D84B8F3D2F8D9FE0F3411D61840","C:\Users\User\OneDrive\Documents\Uni\Dissertation\MScProject\SSD Files\PNY CS900\Secure Erase\recup_dir.2\t9243392.jpg"
"SHA256","924784783710F86CBE2A45A86A1920F30131C03A6DEBE60AD70FBC4B45E8E874","C:\Users\User\OneDrive\Documents\Uni\Dissertation\MScProject\SSD Files\PNY CS900\Secure Erase\recup_dir.2\t9244240.jpg"
"SHA256","91190FC4205AD41935619F0B58CCEE0E43C4236365D38CD31FAAE79C4C4BE2E2","C:\Users\User\OneDrive\Documents\Uni\Dissertation\MScProject\SSD Files\PNY CS900\Secure Erase\recup_dir.2\t9244392.jpg"
"SHA256","FE234CC4AE9C0298568CFA1F55AAADEE1D0676B1D07DC74B7C2C08D54870B43C","C:\Users\User\OneDrive\Documents\Uni\Dissertation\MScProject\SSD Files\PNY CS900\Secure Erase\recup_dir.2\t9244472.jpg"
"SHA256","DBF07958D92D7ECAB5FCFAC9DC819A4B6FE21943949676AFDE46D782E8E42E5F","C:\Users\User\OneDrive\Documents\Uni\Dissertation\MScProject\SSD Files\PNY CS900\Secure Erase\recup_dir.2\t9244632.jpg"
"SHA256","0AC09E33BF8FCCD61E5AA250C7ED621CC95A2C107F05FE80C655C6CCEB069976","C:\Users\User\OneDrive\Documents\Uni\Dissertation\MScProject\SSD Files\PNY CS900\Secure Erase\recup_dir.2\t9244768.jpg"
"SHA256","A6E1763EB7EAA86883104F8E6ED83A78D04E4F7283876DDFC65EED8FDB806CBC","C:\Users\User\OneDrive\Documents\Uni\Dissertation\MScProject\SSD Files\PNY CS900\Secure Erase\recup_dir.2\t9245304.jpg"
"SHA256","9B49E546CB6AC1DC830B5BFBE141EF883BD1C6BEBBF8D33377718FEE16F209DE","C:\Users\User\OneDrive\Documents\Uni\Dissertation\MScProject\SSD Files\PNY CS900\Secure Erase\recup_dir.2\t9258824.jpg"
"SHA256","F07374874D849C39D08C51125AF53C404D4B915CA81C2B5700851A09BC120B32","C:\Users\User\OneDrive\Documents\Uni\Dissertation\MScProject\SSD Files\PNY CS900\Secure Erase\recup_dir.2\t9267904.jpg"
"SHA256","AC352B81312D03F3BB3F776BD8F17C14E6EA3B5C44C730832A385839CF535BB2","C:\Users\User\OneDrive\Documents\Uni\Dissertation\MScProject\SSD Files\PNY CS900\Secure Erase\recup_dir.2\t9268200.jpg"
"SHA256","2B93B6C7B5FC096A0D36CD4B3C1B780F11E5C48A6EFE60BAA59D343321BC142F","C:\Users\User\OneDrive\Documents\Uni\Dissertation\MScProject\SSD Files\PNY CS900\Secure Erase\recup_dir.2\t9268776.jpg"
"SHA256","4BF6267F2DF940F0B6616C89B2153450947BE6542F153DEEB09D9F56E29D5B48","C:\Users\User\OneDrive\Documents\Uni\Dissertation\MScProject\SSD Files\PNY CS900\Secure Erase\recup_dir.2\t9271472.jpg"
"SHA256","BAE47753BD5DD956325E256FF360929623F041B6DFB0B0519FDC4DC903FD391A","C:\Users\User\OneDrive\Documents\Uni\Dissertation\MScProject\SSD Files\PNY CS900\Secure Erase\recup_dir.2\t9275456.jpg"
"SHA256","775B86878544402190DF6CED448D2F8C0393BF000DA4EC93F77CCC4C675DA54F","C:\Users\User\OneDrive\Documents\Uni\Dissertation\MScProject\SSD Files\PNY CS900\Secure Erase\recup_dir.2\t9275520.jpg"
"SHA256","09559CD1198A8AA8977BB0CE0AAC7ABC3EFFF20564FD6D0722F8263B58F1D495","C:\Users\User\OneDrive\Documents\Uni\Dissertation\MScProject\SSD Files\PNY CS900\Secure Erase\recup_dir.2\t9276440.jpg"
"SHA256","2F216B31C83E11E0C62DB68E9827EC5FC1E463A0FC083355D1366B0CBEB81BA7","C:\Users\User\OneDrive\Documents\Uni\Dissertation\MScProject\SSD Files\PNY CS900\Secure Erase\recup_dir.2\t9276560.jpg"
"SHA256","E36E9D409838D373B34CDC3FBCEC092F4A00768E017C3BCBC31C337F13AB814D","C:\Users\User\OneDrive\Documents\Uni\Dissertation\MScProject\SSD Files\PNY CS900\Secure Erase\recup_dir.2\t9281672.jpg"
"SHA256","9B1D82A4F74F5627B4FD963432FD247BC8E55C3DA172BD93B9CE8DC3533008B5","C:\Users\User\OneDrive\Documents\Uni\Dissertation\MScProject\SSD Files\PNY CS900\Secure Erase\recup_dir.2\t9281896.jpg"
"SHA256","48678284039CC6AC05D01EF2C9453BFF4BFB3E2E7444A702C6935784A89EE5EB","C:\Users\User\OneDrive\Documents\Uni\Dissertation\MScProject\SSD Files\PNY CS900\Secure Erase\recup_dir.2\t9281960.jpg"
"SHA256","BDED705EEE9084F25D34951C437E43640A264072AAA2319F7681A2223004B683","C:\Users\User\OneDrive\Documents\Uni\Dissertation\MScProject\SSD Files\PNY CS900\Secure Erase\recup_dir.2\t9282464.jpg"
"SHA256","3737A27269E96FB16531F9C04AC18BAA5D3D103DB7DAD30BAF7C69CC7403D5E3","C:\Users\User\OneDrive\Documents\Uni\Dissertation\MScProject\SSD Files\PNY CS900\Secure Erase\recup_dir.2\t9282656.jpg"
"SHA256","61D6089D05245E04F2EF3B136B26F9ECF43C6184E01843EE68AB84A7149F12CC","C:\Users\User\OneDrive\Documents\Uni\Dissertation\MScProject\SSD Files\PNY CS900\Secure Erase\recup_dir.2\t9283808.jpg"
"SHA256","A746D7CC5BFC4EB57F6D4FE409955CD12FF9A4D778CEE8A1E37E26652E01A1C8","C:\Users\User\OneDrive\Documents\Uni\Dissertation\MScProject\SSD Files\PNY CS900\Secure Erase\recup_dir.2\t9284176.jpg"
"SHA256","11A538F62331376DB4FCAC7B5C82A001B697A384C64AA9D55A6F1EA59A0DD634","C:\Users\User\OneDrive\Documents\Uni\Dissertation\MScProject\SSD Files\PNY CS900\Secure Erase\recup_dir.2\t9284656.jpg"
"SHA256","17AB851207CAF69583B6EA806BE3BE22B363048410363DA1DB7B35840085A3D4","C:\Users\User\OneDrive\Documents\Uni\Dissertation\MScProject\SSD Files\PNY CS900\Secure Erase\recup_dir.2\t9285520.jpg"
"SHA256","17AB851207CAF69583B6EA806BE3BE22B363048410363DA1DB7B35840085A3D4","C:\Users\User\OneDrive\Documents\Uni\Dissertation\MScProject\SSD Files\PNY CS900\Secure Erase\recup_dir.2\t9297752.jpg"
"SHA256","ACFA6919930BA22F2EDCC1D810E0B0015104C7D553FD7C655C1A5E34A58E5786","C:\Users\User\OneDrive\Documents\Uni\Dissertation\MScProject\SSD Files\PNY CS900\Secure Erase\recup_dir.2\t9298168.jpg"
"SHA256","BF86C2AF9248EE4A6339B9A8FD501F95BD98E9AC48361A11F4CDC74BEF833077","C:\Users\User\OneDrive\Documents\Uni\Dissertation\MScProject\SSD Files\PNY CS900\Secure Erase\recup_dir.2\t9310960.jpg"
"SHA256","33EAF06C7AB7D7CF122A4B41938F04356133F0BC245FCE3D2BED5954360E2731","C:\Users\User\OneDrive\Documents\Uni\Dissertation\MScProject\SSD Files\PNY CS900\Secure Erase\recup_dir.2\t9311672.jpg"
"SHA256","02160DA3DD778B0C61D21F6A2E0AC86383E2ECE2391C629870932F3B5AB22509","C:\Users\User\OneDrive\Documents\Uni\Dissertation\MScProject\SSD Files\PNY CS900\Secure Erase\recup_dir.2\t9313056.jpg"
"SHA256","99C2D9C2471CE80366F0912C7304BAEC381A240FA4AD55FA6EB9D8DC39A0336E","C:\Users\User\OneDrive\Documents\Uni\Dissertation\MScProject\SSD Files\PNY CS900\Secure Erase\recup_dir.2\t9314568.jpg"
"SHA256","B57643E1221289CFB0F06321E6D32E2EF42F3986CCF6371C2631F64272BB3B8F","C:\Users\User\OneDrive\Documents\Uni\Dissertation\MScProject\SSD Files\PNY CS900\Secure Erase\recup_dir.2\t9333040.jpg"
"SHA256","1F23D972834BECA705BB2F8BC9CA26B958E969EA4883994D3C67FB9BFB09A11E","C:\Users\User\OneDrive\Documents\Uni\Dissertation\MScProject\SSD Files\PNY CS900\Secure Erase\recup_dir.2\t9333880.jpg"
"SHA256","CED3EE204437E7941B213B3180FFE7B68E2ABF258F1371801CC08C0865379E46","C:\Users\User\OneDrive\Documents\Uni\Dissertation\MScProject\SSD Files\PNY CS900\Secure Erase\recup_dir.2\t9334472.jpg"
"SHA256","DC1848A53EE881E7C68245EA4AEB2925EAF3FBBD0FAC23D03CFF8C15347947DD","C:\Users\User\OneDrive\Documents\Uni\Dissertation\MScProject\SSD Files\PNY CS900\Secure Erase\recup_dir.2\t9335160.jpg"
"SHA256","0B0D549986880E9F5F84437826C64CCE8AA70DA2B887913BB2C24D4027DF2E64","C:\Users\User\OneDrive\Documents\Uni\Dissertation\MScProject\SSD Files\PNY CS900\Secure Erase\recup_dir.2\t9335856.jpg"
"SHA256","C6008F58B332906041F333D3B339FAE099F2EA48C40A528FFC1BB7473F371AE9","C:\Users\User\OneDrive\Documents\Uni\Dissertation\MScProject\SSD Files\PNY CS900\Secure Erase\recup_dir.2\t9336392.jpg"
"SHA256","07361D62D2A1834B0EEBF30B55297AFDE3A1317946A91DDE2024C55A0CC3E614","C:\Users\User\OneDrive\Documents\Uni\Dissertation\MScProject\SSD Files\PNY CS900\Secure Erase\recup_dir.2\t9336928.jpg"
"SHA256","628FBB26B199F7CE27F14A4B02DD0A646FA75C840C036C6370B61588C493957E","C:\Users\User\OneDrive\Documents\Uni\Dissertation\MScProject\SSD Files\PNY CS900\Secure Erase\recup_dir.2\t9337600.jpg"
"SHA256","B7DDC2C0D742027BA193F19E1B43B05A1A1E2D6BF7C02D1593EA795EF36BC0C4","C:\Users\User\OneDrive\Documents\Uni\Dissertation\MScProject\SSD Files\PNY CS900\Secure Erase\recup_dir.2\t9338376.jpg"
