File,Extension,SizeMB,Status,Error
C:\Users\User\OneDrive\Documents\Uni\Dissertation\SSD Files\Kingston A400\TRIM Deletion\Recovered data\1000-$RW040JC.doc,.doc,0.33,OK,
C:\Users\User\OneDrive\Documents\Uni\Dissertation\SSD Files\Kingston A400\TRIM Deletion\Recovered data\10000-$RC0TTBE.xls,.xls,0.08,OK,
C:\Users\User\OneDrive\Documents\Uni\Dissertation\SSD Files\Kingston A400\TRIM Deletion\Recovered data\10003-$RQ0VZBF.xls,.xls,0.04,OK,
C:\Users\User\OneDrive\Documents\Uni\Dissertation\SSD Files\Kingston A400\TRIM Deletion\Recovered data\10006-$RK1E970.xls,.xls,0.02,OK,
C:\Users\User\OneDrive\Documents\Uni\Dissertation\SSD Files\Kingston A400\TRIM Deletion\Recovered data\10008-$R63TTHF.xls,.xls,0.22,FAILED,"(-2147352567, 'Exception occurred.', (0, 'Microsoft Excel', 'Office has detected a problem with this file. To help protect your computer this file cannot be opened.', 'xlmain11.chm', 0, -2146827284), None)"
C:\Users\User\OneDrive\Documents\Uni\Dissertation\SSD Files\Kingston A400\TRIM Deletion\Recovered data\10011-$RHI91G0.xls,.xls,0.04,OK,
C:\Users\User\OneDrive\Documents\Uni\Dissertation\SSD Files\Kingston A400\TRIM Deletion\Recovered data\10014-$RQYH29Y.xls,.xls,0.03,OK,
C:\Users\User\OneDrive\Documents\Uni\Dissertation\SSD Files\Kingston A400\TRIM Deletion\Recovered data\10017-$RH8PHA4.xls,.xls,0.15,OK,
C:\Users\User\OneDrive\Documents\Uni\Dissertation\SSD Files\Kingston A400\TRIM Deletion\Recovered data\10020-$RQWSOMS.xls,.xls,0.14,OK,
C:\Users\User\OneDrive\Documents\Uni\Dissertation\SSD Files\Kingston A400\TRIM Deletion\Recovered data\10023-$RGVCWBT.xls,.xls,0.03,OK,
C:\Users\User\OneDrive\Documents\Uni\Dissertation\SSD Files\Kingston A400\TRIM Deletion\Recovered data\10026-$R1UCHX9.xls,.xls,0.09,FAILED,"(-2147352567, 'Exception occurred.', (0, 'Microsoft Excel', 'Office has detected a problem with this file. To help protect your computer this file cannot be opened.', 'xlmain11.chm', 0, -2146827284), None)"
C:\Users\User\OneDrive\Documents\Uni\Dissertation\SSD Files\Kingston A400\TRIM Deletion\Recovered data\10029-$RRYUUHD.xls,.xls,0.36,OK,
C:\Users\User\OneDrive\Documents\Uni\Dissertation\SSD Files\Kingston A400\TRIM Deletion\Recovered data\1003-$RVG2SHH.doc,.doc,0.59,OK,
C:\Users\User\OneDrive\Documents\Uni\Dissertation\SSD Files\Kingston A400\TRIM Deletion\Recovered data\10032-$R9K6MG6.xls,.xls,0.02,OK,
C:\Users\User\OneDrive\Documents\Uni\Dissertation\SSD Files\Kingston A400\TRIM Deletion\Recovered data\10035-$R6CNVND.xls,.xls,0.04,OK,
C:\Users\User\OneDrive\Documents\Uni\Dissertation\SSD Files\Kingston A400\TRIM Deletion\Recovered data\10038-$RS60DSS.xls,.xls,0.04,OK,
C:\Users\User\OneDrive\Documents\Uni\Dissertation\SSD Files\Kingston A400\TRIM Deletion\Recovered data\10040-$R6XCGOW.xls,.xls,0.05,OK,
C:\Users\User\OneDrive\Documents\Uni\Dissertation\SSD Files\Kingston A400\TRIM Deletion\Recovered data\10043-$RTNBL4G.xls,.xls,0.24,OK,
C:\Users\User\OneDrive\Documents\Uni\Dissertation\SSD Files\Kingston A400\TRIM Deletion\Recovered data\10046-$R0U9LJH.xls,.xls,0.03,OK,
C:\Users\User\OneDrive\Documents\Uni\Dissertation\SSD Files\Kingston A400\TRIM Deletion\Recovered data\10049-$RYM9VW4.xls,.xls,0.04,OK,
C:\Users\User\OneDrive\Documents\Uni\Dissertation\SSD Files\Kingston A400\TRIM Deletion\Recovered data\10051-$RKDVBTB.xls,.xls,0.38,OK,
C:\Users\User\OneDrive\Documents\Uni\Dissertation\SSD Files\Kingston A400\TRIM Deletion\Recovered data\10054-$RPGKZOZ.xls,.xls,0.08,OK,
C:\Users\User\OneDrive\Documents\Uni\Dissertation\SSD Files\Kingston A400\TRIM Deletion\Recovered data\10057-$RYAWPE1.xls,.xls,0.04,OK,
C:\Users\User\OneDrive\Documents\Uni\Dissertation\SSD Files\Kingston A400\TRIM Deletion\Recovered data\10059-$R3RTSYF.xls,.xls,2.04,FAILED,"(-2147352567, 'Exception occurred.', (0, 'Microsoft Excel', 'Office has detected a problem with this file. To help protect your computer this file cannot be opened.', 'xlmain11.chm', 0, -2146827284), None)"
C:\Users\User\OneDrive\Documents\Uni\Dissertation\SSD Files\Kingston A400\TRIM Deletion\Recovered data\1006-$R9D9XR2.doc,.doc,0.03,OK,
C:\Users\User\OneDrive\Documents\Uni\Dissertation\SSD Files\Kingston A400\TRIM Deletion\Recovered data\10062-$RGC4B02.xls,.xls,0.53,OK,
C:\Users\User\OneDrive\Documents\Uni\Dissertation\SSD Files\Kingston A400\TRIM Deletion\Recovered data\10065-$RXFSV8R.xls,.xls,1.35,OK,
C:\Users\User\OneDrive\Documents\Uni\Dissertation\SSD Files\Kingston A400\TRIM Deletion\Recovered data\10068-$RLXPWLS.xls,.xls,0.11,OK,
C:\Users\User\OneDrive\Documents\Uni\Dissertation\SSD Files\Kingston A400\TRIM Deletion\Recovered data\10071-$R0VAWAP.xls,.xls,0.08,OK,
C:\Users\User\OneDrive\Documents\Uni\Dissertation\SSD Files\Kingston A400\TRIM Deletion\Recovered data\10074-$RE73AVX.xls,.xls,3.72,OK,
C:\Users\User\OneDrive\Documents\Uni\Dissertation\SSD Files\Kingston A400\TRIM Deletion\Recovered data\10077-$RF3N4Y1.xls,.xls,0.04,OK,
C:\Users\User\OneDrive\Documents\Uni\Dissertation\SSD Files\Kingston A400\TRIM Deletion\Recovered data\10080-$R05UO6H.xls,.xls,0.05,OK,
C:\Users\User\OneDrive\Documents\Uni\Dissertation\SSD Files\Kingston A400\TRIM Deletion\Recovered data\10083-$RAVW0RC.xls,.xls,0.39,FAILED,"(-2147352567, 'Exception occurred.', (0, 'Microsoft Excel', '10083-$RAVW0RC.xls: file format is not valid.', 'xlmain11.chm', 0, -2146827284), None)"
C:\Users\User\OneDrive\Documents\Uni\Dissertation\SSD Files\Kingston A400\TRIM Deletion\Recovered data\10086-$RYCPPXR.xls,.xls,12.13,OK,
C:\Users\User\OneDrive\Documents\Uni\Dissertation\SSD Files\Kingston A400\TRIM Deletion\Recovered data\10089-$R6SEUGC.xls,.xls,0.05,OK,
C:\Users\User\OneDrive\Documents\Uni\Dissertation\SSD Files\Kingston A400\TRIM Deletion\Recovered data\1009-$R1MZ0TR.doc,.doc,0.41,OK,
C:\Users\User\OneDrive\Documents\Uni\Dissertation\SSD Files\Kingston A400\TRIM Deletion\Recovered data\10091-$RGNDAYS.xls,.xls,0.08,OK,
C:\Users\User\OneDrive\Documents\Uni\Dissertation\SSD Files\Kingston A400\TRIM Deletion\Recovered data\10094-$R3SKO1W.xls,.xls,0.14,FAILED,"(-2147352567, 'Exception occurred.', (0, 'Microsoft Excel', 'Office has detected a problem with this file. To help protect your computer this file cannot be opened.', 'xlmain11.chm', 0, -2146827284), None)"
C:\Users\User\OneDrive\Documents\Uni\Dissertation\SSD Files\Kingston A400\TRIM Deletion\Recovered data\10097-$RKKVXIU.xls,.xls,0.22,OK,
C:\Users\User\OneDrive\Documents\Uni\Dissertation\SSD Files\Kingston A400\TRIM Deletion\Recovered data\101-$RNPGFCG.doc,.doc,0.04,OK,
C:\Users\User\OneDrive\Documents\Uni\Dissertation\SSD Files\Kingston A400\TRIM Deletion\Recovered data\10100-$RIUAIDQ.xls,.xls,1.22,OK,
C:\Users\User\OneDrive\Documents\Uni\Dissertation\SSD Files\Kingston A400\TRIM Deletion\Recovered data\10103-$RIPAA4G.xls,.xls,0.06,OK,
C:\Users\User\OneDrive\Documents\Uni\Dissertation\SSD Files\Kingston A400\TRIM Deletion\Recovered data\10106-$RRRRSEO.xls,.xls,0.02,OK,
C:\Users\User\OneDrive\Documents\Uni\Dissertation\SSD Files\Kingston A400\TRIM Deletion\Recovered data\10109-$R1RKMJM.xls,.xls,0.04,OK,
C:\Users\User\OneDrive\Documents\Uni\Dissertation\SSD Files\Kingston A400\TRIM Deletion\Recovered data\10112-$RAUPBKS.xls,.xls,0.02,OK,
C:\Users\User\OneDrive\Documents\Uni\Dissertation\SSD Files\Kingston A400\TRIM Deletion\Recovered data\10115-$R6G39MM.xls,.xls,0.05,OK,
C:\Users\User\OneDrive\Documents\Uni\Dissertation\SSD Files\Kingston A400\TRIM Deletion\Recovered data\10118-$RY0LD0B.xls,.xls,0.99,OK,
C:\Users\User\OneDrive\Documents\Uni\Dissertation\SSD Files\Kingston A400\TRIM Deletion\Recovered data\1012-$RBQNNK3.doc,.doc,0.07,OK,
C:\Users\User\OneDrive\Documents\Uni\Dissertation\SSD Files\Kingston A400\TRIM Deletion\Recovered data\10121-$R9GP163.xls,.xls,29.81,FAILED,"(-2147352567, 'Exception occurred.', (0, 'Microsoft Excel', 'Open method of Workbooks class failed', 'xlmain11.chm', 0, -2146827284), None)"
C:\Users\User\OneDrive\Documents\Uni\Dissertation\SSD Files\Kingston A400\TRIM Deletion\Recovered data\10123-$RZUHO9S.xls,.xls,0.05,OK,
C:\Users\User\OneDrive\Documents\Uni\Dissertation\SSD Files\Kingston A400\TRIM Deletion\Recovered data\10125-$RS2PLVN.xls,.xls,2.71,OK,
C:\Users\User\OneDrive\Documents\Uni\Dissertation\SSD Files\Kingston A400\TRIM Deletion\Recovered data\10128-$RGTGZTT.xls,.xls,0.04,OK,
C:\Users\User\OneDrive\Documents\Uni\Dissertation\SSD Files\Kingston A400\TRIM Deletion\Recovered data\10130-$RF6XHGI.xls,.xls,0.1,OK,
C:\Users\User\OneDrive\Documents\Uni\Dissertation\SSD Files\Kingston A400\TRIM Deletion\Recovered data\10133-$R8VKZ9S.xls,.xls,0.11,FAILED,"(-2147352567, 'Exception occurred.', (0, 'Microsoft Excel', 'Office has detected a problem with this file. To help protect your computer this file cannot be opened.', 'xlmain11.chm', 0, -2146827284), None)"
C:\Users\User\OneDrive\Documents\Uni\Dissertation\SSD Files\Kingston A400\TRIM Deletion\Recovered data\10136-$RXYGBJ8.xls,.xls,0.25,OK,
C:\Users\User\OneDrive\Documents\Uni\Dissertation\SSD Files\Kingston A400\TRIM Deletion\Recovered data\10139-$RA33FDI.xls,.xls,0.04,OK,
C:\Users\User\OneDrive\Documents\Uni\Dissertation\SSD Files\Kingston A400\TRIM Deletion\Recovered data\10142-$RMTA9HP.xls,.xls,0.03,OK,
C:\Users\User\OneDrive\Documents\Uni\Dissertation\SSD Files\Kingston A400\TRIM Deletion\Recovered data\10145-$R4HU5TM.xls,.xls,0.04,OK,
C:\Users\User\OneDrive\Documents\Uni\Dissertation\SSD Files\Kingston A400\TRIM Deletion\Recovered data\10148-$R7Y2K5Q.xls,.xls,0.02,OK,
C:\Users\User\OneDrive\Documents\Uni\Dissertation\SSD Files\Kingston A400\TRIM Deletion\Recovered data\1015-$RH7R11W.doc,.doc,0.03,OK,
C:\Users\User\OneDrive\Documents\Uni\Dissertation\SSD Files\Kingston A400\TRIM Deletion\Recovered data\10151-$R68TH1D.xls,.xls,0.02,OK,
C:\Users\User\OneDrive\Documents\Uni\Dissertation\SSD Files\Kingston A400\TRIM Deletion\Recovered data\10154-$RVD5FXZ.xls,.xls,0.12,OK,
C:\Users\User\OneDrive\Documents\Uni\Dissertation\SSD Files\Kingston A400\TRIM Deletion\Recovered data\10157-$RB1XU01.xls,.xls,0.05,OK,
C:\Users\User\OneDrive\Documents\Uni\Dissertation\SSD Files\Kingston A400\TRIM Deletion\Recovered data\10160-$R2IQGL6.xls,.xls,0.58,FAILED,"(-2147352567, 'Exception occurred.', (0, 'Microsoft Excel', 'Office has detected a problem with this file. To help protect your computer this file cannot be opened.', 'xlmain11.chm', 0, -2146827284), None)"
C:\Users\User\OneDrive\Documents\Uni\Dissertation\SSD Files\Kingston A400\TRIM Deletion\Recovered data\10162-$RK9RKGQ.xls,.xls,0.03,OK,
C:\Users\User\OneDrive\Documents\Uni\Dissertation\SSD Files\Kingston A400\TRIM Deletion\Recovered data\10165-$R4B74AV.xls,.xls,0.03,OK,
C:\Users\User\OneDrive\Documents\Uni\Dissertation\SSD Files\Kingston A400\TRIM Deletion\Recovered data\10168-$R5TLUOH.xls,.xls,0.02,OK,
C:\Users\User\OneDrive\Documents\Uni\Dissertation\SSD Files\Kingston A400\TRIM Deletion\Recovered data\1017-$RATWTCV.doc,.doc,0.04,OK,
C:\Users\User\OneDrive\Documents\Uni\Dissertation\SSD Files\Kingston A400\TRIM Deletion\Recovered data\10171-$RDHL4E4.xls,.xls,0.02,OK,
C:\Users\User\OneDrive\Documents\Uni\Dissertation\SSD Files\Kingston A400\TRIM Deletion\Recovered data\10174-$RGEZCEX.xls,.xls,0.03,OK,
C:\Users\User\OneDrive\Documents\Uni\Dissertation\SSD Files\Kingston A400\TRIM Deletion\Recovered data\10177-$RTYYKQ3.xls,.xls,0.05,OK,
C:\Users\User\OneDrive\Documents\Uni\Dissertation\SSD Files\Kingston A400\TRIM Deletion\Recovered data\10180-$R2H8EJ4.xls,.xls,0.17,FAILED,"(-2147352567, 'Exception occurred.', (0, 'Microsoft Excel', 'Open method of Workbooks class failed', 'xlmain11.chm', 0, -2146827284), None)"
C:\Users\User\OneDrive\Documents\Uni\Dissertation\SSD Files\Kingston A400\TRIM Deletion\Recovered data\10183-$RJX6MD7.xls,.xls,1.41,OK,
C:\Users\User\OneDrive\Documents\Uni\Dissertation\SSD Files\Kingston A400\TRIM Deletion\Recovered data\10186-$R85M0EI.xls,.xls,2.1,OK,
C:\Users\User\OneDrive\Documents\Uni\Dissertation\SSD Files\Kingston A400\TRIM Deletion\Recovered data\10189-$RZ60JCG.xls,.xls,0.24,OK,
C:\Users\User\OneDrive\Documents\Uni\Dissertation\SSD Files\Kingston A400\TRIM Deletion\Recovered data\10192-$R8MA232.xls,.xls,0.52,FAILED,"(-2147352567, 'Exception occurred.', (0, 'Microsoft Excel', 'Office has detected a problem with this file. To help protect your computer this file cannot be opened.', 'xlmain11.chm', 0, -2146827284), None)"
C:\Users\User\OneDrive\Documents\Uni\Dissertation\SSD Files\Kingston A400\TRIM Deletion\Recovered data\10195-$RSNY85W.xls,.xls,0.04,OK,
C:\Users\User\OneDrive\Documents\Uni\Dissertation\SSD Files\Kingston A400\TRIM Deletion\Recovered data\10198-$RJMWB70.xls,.xls,0.04,OK,
C:\Users\User\OneDrive\Documents\Uni\Dissertation\SSD Files\Kingston A400\TRIM Deletion\Recovered data\1020-$R66EICR.doc,.doc,0.18,FAILED,"(-2147352567, 'Exception occurred.', (0, 'Microsoft Word', 'Office has detected a problem with this file. To help protect your computer this file cannot be opened.\r (C:\\Users\\User\\...\\1020-$R66EICR.doc)', 'wdmain11.chm', 25775, -2146821993), None)"
C:\Users\User\OneDrive\Documents\Uni\Dissertation\SSD Files\Kingston A400\TRIM Deletion\Recovered data\10200-$REUTR21.xls,.xls,0.8,OK,
C:\Users\User\OneDrive\Documents\Uni\Dissertation\SSD Files\Kingston A400\TRIM Deletion\Recovered data\10203-$RTF1JAR.xls,.xls,0.05,OK,
C:\Users\User\OneDrive\Documents\Uni\Dissertation\SSD Files\Kingston A400\TRIM Deletion\Recovered data\10206-$REOK32Q.xls,.xls,0.04,OK,
C:\Users\User\OneDrive\Documents\Uni\Dissertation\SSD Files\Kingston A400\TRIM Deletion\Recovered data\10209-$RVJ6KNA.xls,.xls,1.65,OK,
C:\Users\User\OneDrive\Documents\Uni\Dissertation\SSD Files\Kingston A400\TRIM Deletion\Recovered data\10212-$RT46EJ9.xls,.xls,0.02,OK,
C:\Users\User\OneDrive\Documents\Uni\Dissertation\SSD Files\Kingston A400\TRIM Deletion\Recovered data\10215-$R5XP88Q.xls,.xls,0.09,OK,
C:\Users\User\OneDrive\Documents\Uni\Dissertation\SSD Files\Kingston A400\TRIM Deletion\Recovered data\10217-$RDFAONA.xls,.xls,0.06,OK,
C:\Users\User\OneDrive\Documents\Uni\Dissertation\SSD Files\Kingston A400\TRIM Deletion\Recovered data\10220-$RO9IRWT.xls,.xls,0.04,OK,
C:\Users\User\OneDrive\Documents\Uni\Dissertation\SSD Files\Kingston A400\TRIM Deletion\Recovered data\10223-$RPLU3FX.xls,.xls,0.04,OK,
C:\Users\User\OneDrive\Documents\Uni\Dissertation\SSD Files\Kingston A400\TRIM Deletion\Recovered data\10226-$RL3J8RM.xls,.xls,0.42,OK,
C:\Users\User\OneDrive\Documents\Uni\Dissertation\SSD Files\Kingston A400\TRIM Deletion\Recovered data\10229-$R0BKVBB.xls,.xls,0.07,OK,
C:\Users\User\OneDrive\Documents\Uni\Dissertation\SSD Files\Kingston A400\TRIM Deletion\Recovered data\1023-$RVUTL7K.doc,.doc,0.41,OK,
C:\Users\User\OneDrive\Documents\Uni\Dissertation\SSD Files\Kingston A400\TRIM Deletion\Recovered data\10232-$RH2B6N9.xls,.xls,8.72,OK,
C:\Users\User\OneDrive\Documents\Uni\Dissertation\SSD Files\Kingston A400\TRIM Deletion\Recovered data\10235-$RNO8CM2.xls,.xls,0.03,OK,
C:\Users\User\OneDrive\Documents\Uni\Dissertation\SSD Files\Kingston A400\TRIM Deletion\Recovered data\10238-$RHSTL1G.xls,.xls,0.74,OK,
C:\Users\User\OneDrive\Documents\Uni\Dissertation\SSD Files\Kingston A400\TRIM Deletion\Recovered data\10241-$RZG7EWE.xls,.xls,0.02,OK,
C:\Users\User\OneDrive\Documents\Uni\Dissertation\SSD Files\Kingston A400\TRIM Deletion\Recovered data\10244-$R0WE7SQ.xls,.xls,1.54,FAILED,"(-2147352567, 'Exception occurred.', (0, 'Microsoft Excel', 'Office has detected a problem with this file. To help protect your computer this file cannot be opened.', 'xlmain11.chm', 0, -2146827284), None)"
C:\Users\User\OneDrive\Documents\Uni\Dissertation\SSD Files\Kingston A400\TRIM Deletion\Recovered data\10246-$RZRY2J3.xls,.xls,0.03,OK,
C:\Users\User\OneDrive\Documents\Uni\Dissertation\SSD Files\Kingston A400\TRIM Deletion\Recovered data\10249-$RYC6ZEG.xls,.xls,5.79,OK,
C:\Users\User\OneDrive\Documents\Uni\Dissertation\SSD Files\Kingston A400\TRIM Deletion\Recovered data\10252-$R3JBI6D.xls,.xls,0.02,OK,
C:\Users\User\OneDrive\Documents\Uni\Dissertation\SSD Files\Kingston A400\TRIM Deletion\Recovered data\10255-$R0DJ463.xls,.xls,1.31,FAILED,"(-2147352567, 'Exception occurred.', (0, 'Microsoft Excel', 'Open method of Workbooks class failed', 'xlmain11.chm', 0, -2146827284), None)"
C:\Users\User\OneDrive\Documents\Uni\Dissertation\SSD Files\Kingston A400\TRIM Deletion\Recovered data\10258-$ROJMKLV.xls,.xls,0.03,OK,
C:\Users\User\OneDrive\Documents\Uni\Dissertation\SSD Files\Kingston A400\TRIM Deletion\Recovered data\1026-$RKTMP1H.doc,.doc,0.1,OK,
C:\Users\User\OneDrive\Documents\Uni\Dissertation\SSD Files\Kingston A400\TRIM Deletion\Recovered data\10261-$RYXLPJA.xls,.xls,0.36,OK,
C:\Users\User\OneDrive\Documents\Uni\Dissertation\SSD Files\Kingston A400\TRIM Deletion\Recovered data\10263-$RS0YA2O.xls,.xls,0.04,OK,
C:\Users\User\OneDrive\Documents\Uni\Dissertation\SSD Files\Kingston A400\TRIM Deletion\Recovered data\10266-$RFCES1S.xls,.xls,0.04,OK,
C:\Users\User\OneDrive\Documents\Uni\Dissertation\SSD Files\Kingston A400\TRIM Deletion\Recovered data\10268-$RPXDJOO.xls,.xls,0.03,OK,
C:\Users\User\OneDrive\Documents\Uni\Dissertation\SSD Files\Kingston A400\TRIM Deletion\Recovered data\10270-$R8SALX9.xls,.xls,6.98,OK,
C:\Users\User\OneDrive\Documents\Uni\Dissertation\SSD Files\Kingston A400\TRIM Deletion\Recovered data\10273-$R58Y4ZT.xls,.xls,4.44,FAILED,"(-2147352567, 'Exception occurred.', (0, 'Microsoft Excel', 'Open method of Workbooks class failed', 'xlmain11.chm', 0, -2146827284), None)"
C:\Users\User\OneDrive\Documents\Uni\Dissertation\SSD Files\Kingston A400\TRIM Deletion\Recovered data\10276-$RUPB6FW.xls,.xls,0.02,OK,
C:\Users\User\OneDrive\Documents\Uni\Dissertation\SSD Files\Kingston A400\TRIM Deletion\Recovered data\10279-$R0D5C7R.xls,.xls,0.02,OK,
C:\Users\User\OneDrive\Documents\Uni\Dissertation\SSD Files\Kingston A400\TRIM Deletion\Recovered data\10282-$RDDHCRS.xls,.xls,0.05,OK,
C:\Users\User\OneDrive\Documents\Uni\Dissertation\SSD Files\Kingston A400\TRIM Deletion\Recovered data\10285-$R4IPLT9.xls,.xls,0.02,OK,
C:\Users\User\OneDrive\Documents\Uni\Dissertation\SSD Files\Kingston A400\TRIM Deletion\Recovered data\10288-$R65XX4K.xls,.xls,0.13,FAILED,"(-2147352567, 'Exception occurred.', (0, 'Microsoft Excel', 'Office has detected a problem with this file. To help protect your computer this file cannot be opened.', 'xlmain11.chm', 0, -2146827284), None)"
C:\Users\User\OneDrive\Documents\Uni\Dissertation\SSD Files\Kingston A400\TRIM Deletion\Recovered data\1029-$RD22KDB.doc,.doc,0.17,OK,
C:\Users\User\OneDrive\Documents\Uni\Dissertation\SSD Files\Kingston A400\TRIM Deletion\Recovered data\10291-$R7VGBBJ.xls,.xls,0.03,OK,
C:\Users\User\OneDrive\Documents\Uni\Dissertation\SSD Files\Kingston A400\TRIM Deletion\Recovered data\10294-$R4OFRJO.xls,.xls,0.06,OK,
C:\Users\User\OneDrive\Documents\Uni\Dissertation\SSD Files\Kingston A400\TRIM Deletion\Recovered data\10297-$ROVICVH.xls,.xls,0.03,OK,
C:\Users\User\OneDrive\Documents\Uni\Dissertation\SSD Files\Kingston A400\TRIM Deletion\Recovered data\10300-$RSKMV5I.xls,.xls,0.02,OK,
C:\Users\User\OneDrive\Documents\Uni\Dissertation\SSD Files\Kingston A400\TRIM Deletion\Recovered data\10302-$R14RHNS.xls,.xls,0.13,FAILED,"(-2147352567, 'Exception occurred.', (0, 'Microsoft Excel', 'Office has detected a problem with this file. To help protect your computer this file cannot be opened.', 'xlmain11.chm', 0, -2146827284), None)"
C:\Users\User\OneDrive\Documents\Uni\Dissertation\SSD Files\Kingston A400\TRIM Deletion\Recovered data\10305-$RGYMOPI.xls,.xls,0.03,OK,
C:\Users\User\OneDrive\Documents\Uni\Dissertation\SSD Files\Kingston A400\TRIM Deletion\Recovered data\10308-$RICX5ML.xls,.xls,0.05,OK,
C:\Users\User\OneDrive\Documents\Uni\Dissertation\SSD Files\Kingston A400\TRIM Deletion\Recovered data\10311-$RIHOVKJ.xls,.xls,0.06,OK,
C:\Users\User\OneDrive\Documents\Uni\Dissertation\SSD Files\Kingston A400\TRIM Deletion\Recovered data\10313-$RB6817Q.xls,.xls,0.04,OK,
C:\Users\User\OneDrive\Documents\Uni\Dissertation\SSD Files\Kingston A400\TRIM Deletion\Recovered data\10316-$RFRB1YT.xls,.xls,0.81,OK,
C:\Users\User\OneDrive\Documents\Uni\Dissertation\SSD Files\Kingston A400\TRIM Deletion\Recovered data\10319-$RR7XQXL.xls,.xls,12.14,OK,
C:\Users\User\OneDrive\Documents\Uni\Dissertation\SSD Files\Kingston A400\TRIM Deletion\Recovered data\1032-$RZDAX3S.doc,.doc,0.17,OK,
C:\Users\User\OneDrive\Documents\Uni\Dissertation\SSD Files\Kingston A400\TRIM Deletion\Recovered data\10322-$R1NXORF.xls,.xls,0.04,OK,
C:\Users\User\OneDrive\Documents\Uni\Dissertation\SSD Files\Kingston A400\TRIM Deletion\Recovered data\10325-$RWHSEM4.xls,.xls,1.54,OK,
C:\Users\User\OneDrive\Documents\Uni\Dissertation\SSD Files\Kingston A400\TRIM Deletion\Recovered data\10328-$RQJWZRX.xls,.xls,0.03,OK,
C:\Users\User\OneDrive\Documents\Uni\Dissertation\SSD Files\Kingston A400\TRIM Deletion\Recovered data\10331-$RPX3A5I.xls,.xls,0.03,OK,
C:\Users\User\OneDrive\Documents\Uni\Dissertation\SSD Files\Kingston A400\TRIM Deletion\Recovered data\10334-$REK1M4O.xls,.xls,0.03,OK,
C:\Users\User\OneDrive\Documents\Uni\Dissertation\SSD Files\Kingston A400\TRIM Deletion\Recovered data\10337-$R9U8K7V.xls,.xls,0.2,FAILED,"(-2147352567, 'Exception occurred.', (0, 'Microsoft Excel', 'Open method of Workbooks class failed', 'xlmain11.chm', 0, -2146827284), None)"
C:\Users\User\OneDrive\Documents\Uni\Dissertation\SSD Files\Kingston A400\TRIM Deletion\Recovered data\10340-$R9NL78R.xls,.xls,0.04,OK,
C:\Users\User\OneDrive\Documents\Uni\Dissertation\SSD Files\Kingston A400\TRIM Deletion\Recovered data\10343-$RB59HSS.xls,.xls,0.08,OK,
C:\Users\User\OneDrive\Documents\Uni\Dissertation\SSD Files\Kingston A400\TRIM Deletion\Recovered data\10346-$RMPDRAM.xls,.xls,0.03,OK,
C:\Users\User\OneDrive\Documents\Uni\Dissertation\SSD Files\Kingston A400\TRIM Deletion\Recovered data\10349-$RNN3WOQ.xls,.xls,0.03,OK,
C:\Users\User\OneDrive\Documents\Uni\Dissertation\SSD Files\Kingston A400\TRIM Deletion\Recovered data\1035-$RMU3NO0.doc,.doc,0.2,OK,
C:\Users\User\OneDrive\Documents\Uni\Dissertation\SSD Files\Kingston A400\TRIM Deletion\Recovered data\10352-$R22RA2R.xls,.xls,1.35,FAILED,"(-2147352567, 'Exception occurred.', (0, 'Microsoft Excel', 'Office has detected a problem with this file. To help protect your computer this file cannot be opened.', 'xlmain11.chm', 0, -2146827284), None)"
C:\Users\User\OneDrive\Documents\Uni\Dissertation\SSD Files\Kingston A400\TRIM Deletion\Recovered data\10355-$R5ZJ2DQ.xls,.xls,0.73,FAILED,"(-2147352567, 'Exception occurred.', (0, 'Microsoft Excel', 'Office has detected a problem with this file. To help protect your computer this file cannot be opened.', 'xlmain11.chm', 0, -2146827284), None)"
C:\Users\User\OneDrive\Documents\Uni\Dissertation\SSD Files\Kingston A400\TRIM Deletion\Recovered data\10358-$RZA7WMM.xls,.xls,0.06,OK,
C:\Users\User\OneDrive\Documents\Uni\Dissertation\SSD Files\Kingston A400\TRIM Deletion\Recovered data\10361-$RJ8V9VR.xls,.xls,0.26,OK,
C:\Users\User\OneDrive\Documents\Uni\Dissertation\SSD Files\Kingston A400\TRIM Deletion\Recovered data\10364-$R9H4RZT.xls,.xls,0.19,FAILED,"(-2147352567, 'Exception occurred.', (0, 'Microsoft Excel', 'Office has detected a problem with this file. To help protect your computer this file cannot be opened.', 'xlmain11.chm', 0, -2146827284), None)"
C:\Users\User\OneDrive\Documents\Uni\Dissertation\SSD Files\Kingston A400\TRIM Deletion\Recovered data\10366-$R1LJYO2.xls,.xls,0.21,FAILED,"(-2147352567, 'Exception occurred.', (0, 'Microsoft Excel', 'Office has detected a problem with this file. To help protect your computer this file cannot be opened.', 'xlmain11.chm', 0, -2146827284), None)"
C:\Users\User\OneDrive\Documents\Uni\Dissertation\SSD Files\Kingston A400\TRIM Deletion\Recovered data\10369-$R50H9UP.xls,.xls,9.29,FAILED,"(-2147352567, 'Exception occurred.', (0, 'Microsoft Excel', 'Open method of Workbooks class failed', 'xlmain11.chm', 0, -2146827284), None)"
C:\Users\User\OneDrive\Documents\Uni\Dissertation\SSD Files\Kingston A400\TRIM Deletion\Recovered data\10371-$RFDF5D2.xls,.xls,4.51,OK,
C:\Users\User\OneDrive\Documents\Uni\Dissertation\SSD Files\Kingston A400\TRIM Deletion\Recovered data\10374-$RETNJNV.xls,.xls,0.02,OK,
C:\Users\User\OneDrive\Documents\Uni\Dissertation\SSD Files\Kingston A400\TRIM Deletion\Recovered data\10377-$R9Y2GUW.xls,.xls,0.03,OK,
C:\Users\User\OneDrive\Documents\Uni\Dissertation\SSD Files\Kingston A400\TRIM Deletion\Recovered data\1038-$RBDWY1I.doc,.doc,0.02,OK,
C:\Users\User\OneDrive\Documents\Uni\Dissertation\SSD Files\Kingston A400\TRIM Deletion\Recovered data\10380-$RUTJII3.xls,.xls,0.24,OK,
C:\Users\User\OneDrive\Documents\Uni\Dissertation\SSD Files\Kingston A400\TRIM Deletion\Recovered data\10382-$RO01BAM.xls,.xls,11.18,OK,
C:\Users\User\OneDrive\Documents\Uni\Dissertation\SSD Files\Kingston A400\TRIM Deletion\Recovered data\10385-$RRUBQT8.xls,.xls,11.18,OK,
C:\Users\User\OneDrive\Documents\Uni\Dissertation\SSD Files\Kingston A400\TRIM Deletion\Recovered data\10388-$R0JV6A3.xls,.xls,0.08,OK,
C:\Users\User\OneDrive\Documents\Uni\Dissertation\SSD Files\Kingston A400\TRIM Deletion\Recovered data\10391-$RLXVTJB.xls,.xls,0.15,OK,
C:\Users\User\OneDrive\Documents\Uni\Dissertation\SSD Files\Kingston A400\TRIM Deletion\Recovered data\10394-$RSWNQ65.xls,.xls,0.05,OK,
C:\Users\User\OneDrive\Documents\Uni\Dissertation\SSD Files\Kingston A400\TRIM Deletion\Recovered data\10397-$RG8IOBW.xls,.xls,0.04,OK,
C:\Users\User\OneDrive\Documents\Uni\Dissertation\SSD Files\Kingston A400\TRIM Deletion\Recovered data\104-$RC02UW7.doc,.doc,0.07,OK,
C:\Users\User\OneDrive\Documents\Uni\Dissertation\SSD Files\Kingston A400\TRIM Deletion\Recovered data\1040-$RV6AVBJ.doc,.doc,0.12,OK,
C:\Users\User\OneDrive\Documents\Uni\Dissertation\SSD Files\Kingston A400\TRIM Deletion\Recovered data\10400-$RQG3KOY.xls,.xls,0.07,OK,
C:\Users\User\OneDrive\Documents\Uni\Dissertation\SSD Files\Kingston A400\TRIM Deletion\Recovered data\10403-$RVANX30.xls,.xls,0.06,OK,
C:\Users\User\OneDrive\Documents\Uni\Dissertation\SSD Files\Kingston A400\TRIM Deletion\Recovered data\10406-$RUY55K1.xls,.xls,0.18,OK,
C:\Users\User\OneDrive\Documents\Uni\Dissertation\SSD Files\Kingston A400\TRIM Deletion\Recovered data\10409-$RXCGW7G.xls,.xls,1.59,OK,
C:\Users\User\OneDrive\Documents\Uni\Dissertation\SSD Files\Kingston A400\TRIM Deletion\Recovered data\10412-$R01PVRY.xls,.xls,0.04,OK,
C:\Users\User\OneDrive\Documents\Uni\Dissertation\SSD Files\Kingston A400\TRIM Deletion\Recovered data\10414-$RI3F3DN.xls,.xls,0.02,OK,
C:\Users\User\OneDrive\Documents\Uni\Dissertation\SSD Files\Kingston A400\TRIM Deletion\Recovered data\10416-$R8DBWVN.xls,.xls,0.02,OK,
C:\Users\User\OneDrive\Documents\Uni\Dissertation\SSD Files\Kingston A400\TRIM Deletion\Recovered data\10419-$RK7STZ1.xls,.xls,0.07,OK,
C:\Users\User\OneDrive\Documents\Uni\Dissertation\SSD Files\Kingston A400\TRIM Deletion\Recovered data\10422-$RLULHH7.xls,.xls,0.02,OK,
C:\Users\User\OneDrive\Documents\Uni\Dissertation\SSD Files\Kingston A400\TRIM Deletion\Recovered data\10425-$R59QCPN.xls,.xls,0.03,OK,
C:\Users\User\OneDrive\Documents\Uni\Dissertation\SSD Files\Kingston A400\TRIM Deletion\Recovered data\10428-$RXYZA6R.xls,.xls,0.21,OK,
C:\Users\User\OneDrive\Documents\Uni\Dissertation\SSD Files\Kingston A400\TRIM Deletion\Recovered data\1043-$RTAN9JD.doc,.doc,0.06,OK,
C:\Users\User\OneDrive\Documents\Uni\Dissertation\SSD Files\Kingston A400\TRIM Deletion\Recovered data\10431-$RULGJ38.xls,.xls,0.09,OK,
C:\Users\User\OneDrive\Documents\Uni\Dissertation\SSD Files\Kingston A400\TRIM Deletion\Recovered data\10434-$RVJHHNC.xls,.xls,0.02,OK,
C:\Users\User\OneDrive\Documents\Uni\Dissertation\SSD Files\Kingston A400\TRIM Deletion\Recovered data\10436-$R7VY1DE.xls,.xls,0.22,FAILED,"(-2147352567, 'Exception occurred.', (0, 'Microsoft Excel', 'Office has detected a problem with this file. To help protect your computer this file cannot be opened.', 'xlmain11.chm', 0, -2146827284), None)"
C:\Users\User\OneDrive\Documents\Uni\Dissertation\SSD Files\Kingston A400\TRIM Deletion\Recovered data\10439-$RFX9YEG.xls,.xls,0.08,OK,
C:\Users\User\OneDrive\Documents\Uni\Dissertation\SSD Files\Kingston A400\TRIM Deletion\Recovered data\10442-$RLVLVKL.xls,.xls,0.02,OK,
C:\Users\User\OneDrive\Documents\Uni\Dissertation\SSD Files\Kingston A400\TRIM Deletion\Recovered data\10444-$REC613J.xls,.xls,0.07,OK,
C:\Users\User\OneDrive\Documents\Uni\Dissertation\SSD Files\Kingston A400\TRIM Deletion\Recovered data\10447-$RUQ7F93.xls,.xls,0.07,OK,
C:\Users\User\OneDrive\Documents\Uni\Dissertation\SSD Files\Kingston A400\TRIM Deletion\Recovered data\10449-$R88J5F2.xls,.xls,0.02,OK,
C:\Users\User\OneDrive\Documents\Uni\Dissertation\SSD Files\Kingston A400\TRIM Deletion\Recovered data\10452-$RIVPAGJ.xls,.xls,0.08,OK,
C:\Users\User\OneDrive\Documents\Uni\Dissertation\SSD Files\Kingston A400\TRIM Deletion\Recovered data\10455-$RLJDX2X.xls,.xls,3.97,OK,
C:\Users\User\OneDrive\Documents\Uni\Dissertation\SSD Files\Kingston A400\TRIM Deletion\Recovered data\10458-$RJ6Y2T8.xls,.xls,0.02,OK,
C:\Users\User\OneDrive\Documents\Uni\Dissertation\SSD Files\Kingston A400\TRIM Deletion\Recovered data\1046-$R55BE8S.doc,.doc,0.06,OK,
C:\Users\User\OneDrive\Documents\Uni\Dissertation\SSD Files\Kingston A400\TRIM Deletion\Recovered data\10461-$RS8U2SL.xls,.xls,0.02,OK,
C:\Users\User\OneDrive\Documents\Uni\Dissertation\SSD Files\Kingston A400\TRIM Deletion\Recovered data\10463-$R20OEG2.xls,.xls,0.06,OK,
C:\Users\User\OneDrive\Documents\Uni\Dissertation\SSD Files\Kingston A400\TRIM Deletion\Recovered data\10466-$RNHSEF9.xls,.xls,0.05,OK,
C:\Users\User\OneDrive\Documents\Uni\Dissertation\SSD Files\Kingston A400\TRIM Deletion\Recovered data\10469-$RT3F2QK.xls,.xls,0.06,OK,
C:\Users\User\OneDrive\Documents\Uni\Dissertation\SSD Files\Kingston A400\TRIM Deletion\Recovered data\10472-$R8MAZ7F.xls,.xls,0.06,OK,
C:\Users\User\OneDrive\Documents\Uni\Dissertation\SSD Files\Kingston A400\TRIM Deletion\Recovered data\10474-$R5EN46W.xls,.xls,0.37,FAILED,"(-2147352567, 'Exception occurred.', (0, 'Microsoft Excel', 'Office has detected a problem with this file. To help protect your computer this file cannot be opened.', 'xlmain11.chm', 0, -2146827284), None)"
C:\Users\User\OneDrive\Documents\Uni\Dissertation\SSD Files\Kingston A400\TRIM Deletion\Recovered data\10477-$RTSB1XW.xls,.xls,0.18,OK,
C:\Users\User\OneDrive\Documents\Uni\Dissertation\SSD Files\Kingston A400\TRIM Deletion\Recovered data\10480-$RPB91IZ.xls,.xls,0.02,OK,
C:\Users\User\OneDrive\Documents\Uni\Dissertation\SSD Files\Kingston A400\TRIM Deletion\Recovered data\10483-$R2KQWS3.xls,.xls,0.02,OK,
C:\Users\User\OneDrive\Documents\Uni\Dissertation\SSD Files\Kingston A400\TRIM Deletion\Recovered data\10486-$RG7X3X3.xls,.xls,0.02,OK,
C:\Users\User\OneDrive\Documents\Uni\Dissertation\SSD Files\Kingston A400\TRIM Deletion\Recovered data\10488-$RQQ3XY8.xls,.xls,0.02,OK,
C:\Users\User\OneDrive\Documents\Uni\Dissertation\SSD Files\Kingston A400\TRIM Deletion\Recovered data\1049-$RUV9XO7.doc,.doc,0.02,OK,
C:\Users\User\OneDrive\Documents\Uni\Dissertation\SSD Files\Kingston A400\TRIM Deletion\Recovered data\10491-$RQSQQSS.xls,.xls,0.04,OK,
C:\Users\User\OneDrive\Documents\Uni\Dissertation\SSD Files\Kingston A400\TRIM Deletion\Recovered data\10494-$RB2JARD.xls,.xls,0.04,OK,
C:\Users\User\OneDrive\Documents\Uni\Dissertation\SSD Files\Kingston A400\TRIM Deletion\Recovered data\10497-$RZEN80W.xls,.xls,0.03,OK,
C:\Users\User\OneDrive\Documents\Uni\Dissertation\SSD Files\Kingston A400\TRIM Deletion\Recovered data\10500-$REU4LT7.xls,.xls,0.06,OK,
C:\Users\User\OneDrive\Documents\Uni\Dissertation\SSD Files\Kingston A400\TRIM Deletion\Recovered data\10503-$RB6X5U8.xls,.xls,0.02,OK,
C:\Users\User\OneDrive\Documents\Uni\Dissertation\SSD Files\Kingston A400\TRIM Deletion\Recovered data\10506-$RK99GID.xls,.xls,0.03,OK,
C:\Users\User\OneDrive\Documents\Uni\Dissertation\SSD Files\Kingston A400\TRIM Deletion\Recovered data\10509-$R6P3R6T.xls,.xls,0.06,OK,
C:\Users\User\OneDrive\Documents\Uni\Dissertation\SSD Files\Kingston A400\TRIM Deletion\Recovered data\10512-$R018MCB.xls,.xls,0.11,FAILED,"(-2147352567, 'Exception occurred.', (0, 'Microsoft Excel', 'Open method of Workbooks class failed', 'xlmain11.chm', 0, -2146827284), None)"
C:\Users\User\OneDrive\Documents\Uni\Dissertation\SSD Files\Kingston A400\TRIM Deletion\Recovered data\10515-$RJKY8G0.xls,.xls,0.02,OK,
C:\Users\User\OneDrive\Documents\Uni\Dissertation\SSD Files\Kingston A400\TRIM Deletion\Recovered data\10518-$R1G2GX4.xls,.xls,0.03,OK,
C:\Users\User\OneDrive\Documents\Uni\Dissertation\SSD Files\Kingston A400\TRIM Deletion\Recovered data\1052-$RFACQ4G.doc,.doc,0.03,OK,
C:\Users\User\OneDrive\Documents\Uni\Dissertation\SSD Files\Kingston A400\TRIM Deletion\Recovered data\10521-$RVIJQGU.xls,.xls,0.03,OK,
C:\Users\User\OneDrive\Documents\Uni\Dissertation\SSD Files\Kingston A400\TRIM Deletion\Recovered data\10524-$RMZ1Z7W.xls,.xls,0.04,OK,
C:\Users\User\OneDrive\Documents\Uni\Dissertation\SSD Files\Kingston A400\TRIM Deletion\Recovered data\10527-$R6VQZNK.xls,.xls,0.03,OK,
C:\Users\User\OneDrive\Documents\Uni\Dissertation\SSD Files\Kingston A400\TRIM Deletion\Recovered data\10530-$RCBBCXP.xls,.xls,0.68,OK,
C:\Users\User\OneDrive\Documents\Uni\Dissertation\SSD Files\Kingston A400\TRIM Deletion\Recovered data\10533-$RBQ1UIU.xls,.xls,2.41,OK,
C:\Users\User\OneDrive\Documents\Uni\Dissertation\SSD Files\Kingston A400\TRIM Deletion\Recovered data\10536-$R3XL0K0.xls,.xls,2.6,FAILED,"(-2147352567, 'Exception occurred.', (0, 'Microsoft Excel', 'Office has detected a problem with this file. To help protect your computer this file cannot be opened.', 'xlmain11.chm', 0, -2146827284), None)"
C:\Users\User\OneDrive\Documents\Uni\Dissertation\SSD Files\Kingston A400\TRIM Deletion\Recovered data\10539-$RTI86KF.xls,.xls,0.02,OK,
C:\Users\User\OneDrive\Documents\Uni\Dissertation\SSD Files\Kingston A400\TRIM Deletion\Recovered data\10542-$R34L32A.xls,.xls,0.34,FAILED,"(-2147352567, 'Exception occurred.', (0, 'Microsoft Excel', 'Open method of Workbooks class failed', 'xlmain11.chm', 0, -2146827284), None)"
C:\Users\User\OneDrive\Documents\Uni\Dissertation\SSD Files\Kingston A400\TRIM Deletion\Recovered data\10545-$R30APAA.xls,.xls,8.66,OK,
C:\Users\User\OneDrive\Documents\Uni\Dissertation\SSD Files\Kingston A400\TRIM Deletion\Recovered data\10548-$RSBLBWC.xls,.xls,2.09,OK,
C:\Users\User\OneDrive\Documents\Uni\Dissertation\SSD Files\Kingston A400\TRIM Deletion\Recovered data\1055-$ROQZK5B.doc,.doc,0.04,OK,
C:\Users\User\OneDrive\Documents\Uni\Dissertation\SSD Files\Kingston A400\TRIM Deletion\Recovered data\10551-$R80LK5E.xls,.xls,0.02,OK,
C:\Users\User\OneDrive\Documents\Uni\Dissertation\SSD Files\Kingston A400\TRIM Deletion\Recovered data\10554-$RZ87G86.xls,.xls,0.02,OK,
C:\Users\User\OneDrive\Documents\Uni\Dissertation\SSD Files\Kingston A400\TRIM Deletion\Recovered data\10557-$R30AP5Y.xls,.xls,6.64,FAILED,"(-2147352567, 'Exception occurred.', (0, 'Microsoft Excel', 'Office has detected a problem with this file. To help protect your computer this file cannot be opened.', 'xlmain11.chm', 0, -2146827284), None)"
C:\Users\User\OneDrive\Documents\Uni\Dissertation\SSD Files\Kingston A400\TRIM Deletion\Recovered data\10560-$R4IS55T.xls,.xls,0.03,OK,
C:\Users\User\OneDrive\Documents\Uni\Dissertation\SSD Files\Kingston A400\TRIM Deletion\Recovered data\10563-$RR5YH1M.xls,.xls,0.05,OK,
C:\Users\User\OneDrive\Documents\Uni\Dissertation\SSD Files\Kingston A400\TRIM Deletion\Recovered data\10566-$RBEYOBH.xls,.xls,0.06,OK,
C:\Users\User\OneDrive\Documents\Uni\Dissertation\SSD Files\Kingston A400\TRIM Deletion\Recovered data\10569-$RA4WRV7.xls,.xls,0.18,OK,
C:\Users\User\OneDrive\Documents\Uni\Dissertation\SSD Files\Kingston A400\TRIM Deletion\Recovered data\10571-$R97QVMH.xls,.xls,0.16,FAILED,"(-2147352567, 'Exception occurred.', (0, 'Microsoft Excel', 'Office has detected a problem with this file. To help protect your computer this file cannot be opened.', 'xlmain11.chm', 0, -2146827284), None)"
C:\Users\User\OneDrive\Documents\Uni\Dissertation\SSD Files\Kingston A400\TRIM Deletion\Recovered data\10574-$REFWE3K.xls,.xls,0.03,OK,
C:\Users\User\OneDrive\Documents\Uni\Dissertation\SSD Files\Kingston A400\TRIM Deletion\Recovered data\10577-$R5J8AL7.xls,.xls,0.09,OK,
C:\Users\User\OneDrive\Documents\Uni\Dissertation\SSD Files\Kingston A400\TRIM Deletion\Recovered data\1058-$R1ZFHMU.doc,.doc,0.07,OK,
C:\Users\User\OneDrive\Documents\Uni\Dissertation\SSD Files\Kingston A400\TRIM Deletion\Recovered data\10580-$RW49VUH.xls,.xls,0.21,OK,
C:\Users\User\OneDrive\Documents\Uni\Dissertation\SSD Files\Kingston A400\TRIM Deletion\Recovered data\10583-$RRBUBI3.xls,.xls,0.03,OK,
C:\Users\User\OneDrive\Documents\Uni\Dissertation\SSD Files\Kingston A400\TRIM Deletion\Recovered data\10586-$R4BJIHS.xls,.xls,0.05,OK,
C:\Users\User\OneDrive\Documents\Uni\Dissertation\SSD Files\Kingston A400\TRIM Deletion\Recovered data\10589-$RTIHZ9F.xls,.xls,0.05,OK,
C:\Users\User\OneDrive\Documents\Uni\Dissertation\SSD Files\Kingston A400\TRIM Deletion\Recovered data\10592-$R0HLXBY.xls,.xls,0.1,OK,
C:\Users\User\OneDrive\Documents\Uni\Dissertation\SSD Files\Kingston A400\TRIM Deletion\Recovered data\10595-$RKVZJN3.xls,.xls,0.15,OK,
C:\Users\User\OneDrive\Documents\Uni\Dissertation\SSD Files\Kingston A400\TRIM Deletion\Recovered data\10598-$R85HTY1.xls,.xls,0.09,OK,
C:\Users\User\OneDrive\Documents\Uni\Dissertation\SSD Files\Kingston A400\TRIM Deletion\Recovered data\10601-$RX9Z8ZL.xls,.xls,0.03,OK,
C:\Users\User\OneDrive\Documents\Uni\Dissertation\SSD Files\Kingston A400\TRIM Deletion\Recovered data\10604-$RKX1O9X.xls,.xls,0.03,OK,
C:\Users\User\OneDrive\Documents\Uni\Dissertation\SSD Files\Kingston A400\TRIM Deletion\Recovered data\10607-$RBLQ2SZ.xls,.xls,0.02,OK,
C:\Users\User\OneDrive\Documents\Uni\Dissertation\SSD Files\Kingston A400\TRIM Deletion\Recovered data\10609-$RGQ1DO1.xls,.xls,0.05,OK,
C:\Users\User\OneDrive\Documents\Uni\Dissertation\SSD Files\Kingston A400\TRIM Deletion\Recovered data\1061-$RN8VUAC.doc,.doc,0.07,OK,
C:\Users\User\OneDrive\Documents\Uni\Dissertation\SSD Files\Kingston A400\TRIM Deletion\Recovered data\10612-$R2EGQR5.xls,.xls,0.02,OK,
C:\Users\User\OneDrive\Documents\Uni\Dissertation\SSD Files\Kingston A400\TRIM Deletion\Recovered data\10615-$R7SFDPM.xls,.xls,0.02,OK,
C:\Users\User\OneDrive\Documents\Uni\Dissertation\SSD Files\Kingston A400\TRIM Deletion\Recovered data\10618-$RT753ML.xls,.xls,0.06,OK,
C:\Users\User\OneDrive\Documents\Uni\Dissertation\SSD Files\Kingston A400\TRIM Deletion\Recovered data\10621-$ROE5MVZ.xls,.xls,0.04,OK,
C:\Users\User\OneDrive\Documents\Uni\Dissertation\SSD Files\Kingston A400\TRIM Deletion\Recovered data\10624-$RW9V1NZ.xls,.xls,0.03,OK,
C:\Users\User\OneDrive\Documents\Uni\Dissertation\SSD Files\Kingston A400\TRIM Deletion\Recovered data\10627-$R5OXMIB.xls,.xls,0.16,FAILED,"(-2147352567, 'Exception occurred.', (0, 'Microsoft Excel', 'Office has detected a problem with this file. To help protect your computer this file cannot be opened.', 'xlmain11.chm', 0, -2146827284), None)"
C:\Users\User\OneDrive\Documents\Uni\Dissertation\SSD Files\Kingston A400\TRIM Deletion\Recovered data\10630-$RKYBI1M.xls,.xls,0.22,OK,
C:\Users\User\OneDrive\Documents\Uni\Dissertation\SSD Files\Kingston A400\TRIM Deletion\Recovered data\10633-$RYKCNDX.xls,.xls,8.15,OK,
C:\Users\User\OneDrive\Documents\Uni\Dissertation\SSD Files\Kingston A400\TRIM Deletion\Recovered data\10636-$RKB72XI.xls,.xls,0.24,OK,
C:\Users\User\OneDrive\Documents\Uni\Dissertation\SSD Files\Kingston A400\TRIM Deletion\Recovered data\10639-$R1C1DLD.xls,.xls,0.05,OK,
C:\Users\User\OneDrive\Documents\Uni\Dissertation\SSD Files\Kingston A400\TRIM Deletion\Recovered data\1064-$RBOTOLU.doc,.doc,0.09,OK,
C:\Users\User\OneDrive\Documents\Uni\Dissertation\SSD Files\Kingston A400\TRIM Deletion\Recovered data\10642-$R89HJB2.xls,.xls,0.06,OK,
C:\Users\User\OneDrive\Documents\Uni\Dissertation\SSD Files\Kingston A400\TRIM Deletion\Recovered data\10645-$RBZIE3M.xls,.xls,0.15,OK,
C:\Users\User\OneDrive\Documents\Uni\Dissertation\SSD Files\Kingston A400\TRIM Deletion\Recovered data\10648-$RUQQ0XW.xls,.xls,0.02,OK,
C:\Users\User\OneDrive\Documents\Uni\Dissertation\SSD Files\Kingston A400\TRIM Deletion\Recovered data\10651-$R8X8HIB.xls,.xls,0.02,OK,
C:\Users\User\OneDrive\Documents\Uni\Dissertation\SSD Files\Kingston A400\TRIM Deletion\Recovered data\10654-$RP2KAB2.xls,.xls,0.14,OK,
C:\Users\User\OneDrive\Documents\Uni\Dissertation\SSD Files\Kingston A400\TRIM Deletion\Recovered data\10656-$RXBXHAB.xls,.xls,0.2,OK,
C:\Users\User\OneDrive\Documents\Uni\Dissertation\SSD Files\Kingston A400\TRIM Deletion\Recovered data\10659-$RQXWA8I.xls,.xls,0.15,OK,
C:\Users\User\OneDrive\Documents\Uni\Dissertation\SSD Files\Kingston A400\TRIM Deletion\Recovered data\10662-$RW6XP3W.xls,.xls,0.05,OK,
C:\Users\User\OneDrive\Documents\Uni\Dissertation\SSD Files\Kingston A400\TRIM Deletion\Recovered data\10665-$RIGBWP8.xls,.xls,0.14,OK,
C:\Users\User\OneDrive\Documents\Uni\Dissertation\SSD Files\Kingston A400\TRIM Deletion\Recovered data\10668-$R5NJACZ.xls,.xls,0.17,OK,
C:\Users\User\OneDrive\Documents\Uni\Dissertation\SSD Files\Kingston A400\TRIM Deletion\Recovered data\1067-$RNQUR7W.doc,.doc,0.03,OK,
C:\Users\User\OneDrive\Documents\Uni\Dissertation\SSD Files\Kingston A400\TRIM Deletion\Recovered data\10671-$RO1B4GX.xls,.xls,0.41,OK,
C:\Users\User\OneDrive\Documents\Uni\Dissertation\SSD Files\Kingston A400\TRIM Deletion\Recovered data\10673-$RXOW4UQ.xls,.xls,0.08,OK,
C:\Users\User\OneDrive\Documents\Uni\Dissertation\SSD Files\Kingston A400\TRIM Deletion\Recovered data\10676-$RKNGVGU.xls,.xls,0.04,OK,
C:\Users\User\OneDrive\Documents\Uni\Dissertation\SSD Files\Kingston A400\TRIM Deletion\Recovered data\10679-$RX6NWC2.xls,.xls,0.14,OK,
C:\Users\User\OneDrive\Documents\Uni\Dissertation\SSD Files\Kingston A400\TRIM Deletion\Recovered data\10682-$RB84PUF.xls,.xls,0.02,OK,
C:\Users\User\OneDrive\Documents\Uni\Dissertation\SSD Files\Kingston A400\TRIM Deletion\Recovered data\10685-$RYGM61B.xls,.xls,0.05,OK,
C:\Users\User\OneDrive\Documents\Uni\Dissertation\SSD Files\Kingston A400\TRIM Deletion\Recovered data\10688-$RQL526R.xls,.xls,0.53,OK,
C:\Users\User\OneDrive\Documents\Uni\Dissertation\SSD Files\Kingston A400\TRIM Deletion\Recovered data\1069-$RG6WYY7.doc,.doc,1.04,OK,
C:\Users\User\OneDrive\Documents\Uni\Dissertation\SSD Files\Kingston A400\TRIM Deletion\Recovered data\10691-$REIST3S.xls,.xls,0.17,OK,
C:\Users\User\OneDrive\Documents\Uni\Dissertation\SSD Files\Kingston A400\TRIM Deletion\Recovered data\10693-$RF9RG37.xls,.xls,0.13,OK,
C:\Users\User\OneDrive\Documents\Uni\Dissertation\SSD Files\Kingston A400\TRIM Deletion\Recovered data\10696-$R1XEZ2R.xls,.xls,7.66,OK,
C:\Users\User\OneDrive\Documents\Uni\Dissertation\SSD Files\Kingston A400\TRIM Deletion\Recovered data\10699-$R7ILGA0.xls,.xls,6.94,FAILED,"(-2147352567, 'Exception occurred.', (0, 'Microsoft Excel', 'Office has detected a problem with this file. To help protect your computer this file cannot be opened.', 'xlmain11.chm', 0, -2146827284), None)"
C:\Users\User\OneDrive\Documents\Uni\Dissertation\SSD Files\Kingston A400\TRIM Deletion\Recovered data\107-$R1SQ3E6.doc,.doc,0.05,OK,
C:\Users\User\OneDrive\Documents\Uni\Dissertation\SSD Files\Kingston A400\TRIM Deletion\Recovered data\10702-$RRDF80G.xls,.xls,0.05,OK,
C:\Users\User\OneDrive\Documents\Uni\Dissertation\SSD Files\Kingston A400\TRIM Deletion\Recovered data\10704-$R00SYAV.xls,.xls,0.39,OK,
C:\Users\User\OneDrive\Documents\Uni\Dissertation\SSD Files\Kingston A400\TRIM Deletion\Recovered data\10707-$R0XPVDJ.xls,.xls,0.15,OK,
C:\Users\User\OneDrive\Documents\Uni\Dissertation\SSD Files\Kingston A400\TRIM Deletion\Recovered data\10710-$RBNJX8E.xls,.xls,0.27,OK,
C:\Users\User\OneDrive\Documents\Uni\Dissertation\SSD Files\Kingston A400\TRIM Deletion\Recovered data\10713-$RSU3N80.xls,.xls,0.05,OK,
C:\Users\User\OneDrive\Documents\Uni\Dissertation\SSD Files\Kingston A400\TRIM Deletion\Recovered data\10716-$R1QULI9.xls,.xls,3.92,OK,
C:\Users\User\OneDrive\Documents\Uni\Dissertation\SSD Files\Kingston A400\TRIM Deletion\Recovered data\10719-$RG0F0HS.xls,.xls,5.8,OK,
C:\Users\User\OneDrive\Documents\Uni\Dissertation\SSD Files\Kingston A400\TRIM Deletion\Recovered data\1072-$RS6DTNY.doc,.doc,1.46,OK,
C:\Users\User\OneDrive\Documents\Uni\Dissertation\SSD Files\Kingston A400\TRIM Deletion\Recovered data\10722-$RMIMR8K.xls,.xls,4.64,OK,
C:\Users\User\OneDrive\Documents\Uni\Dissertation\SSD Files\Kingston A400\TRIM Deletion\Recovered data\10724-$RKADOLT.xls,.xls,0.03,OK,
C:\Users\User\OneDrive\Documents\Uni\Dissertation\SSD Files\Kingston A400\TRIM Deletion\Recovered data\10727-$RHI6NSM.xls,.xls,0.04,OK,
C:\Users\User\OneDrive\Documents\Uni\Dissertation\SSD Files\Kingston A400\TRIM Deletion\Recovered data\10729-$RMVOT3R.xls,.xls,0.03,OK,
C:\Users\User\OneDrive\Documents\Uni\Dissertation\SSD Files\Kingston A400\TRIM Deletion\Recovered data\10732-$RK4BHPV.xls,.xls,0.27,OK,
C:\Users\User\OneDrive\Documents\Uni\Dissertation\SSD Files\Kingston A400\TRIM Deletion\Recovered data\10735-$RBPNBUY.xls,.xls,0.52,OK,
C:\Users\User\OneDrive\Documents\Uni\Dissertation\SSD Files\Kingston A400\TRIM Deletion\Recovered data\10738-$RHU7KCT.xls,.xls,0.02,OK,
C:\Users\User\OneDrive\Documents\Uni\Dissertation\SSD Files\Kingston A400\TRIM Deletion\Recovered data\10741-$RKTBTO0.xls,.xls,0.02,OK,
C:\Users\User\OneDrive\Documents\Uni\Dissertation\SSD Files\Kingston A400\TRIM Deletion\Recovered data\10744-$RN531Q5.xls,.xls,0.01,OK,
C:\Users\User\OneDrive\Documents\Uni\Dissertation\SSD Files\Kingston A400\TRIM Deletion\Recovered data\10747-$R8C4UU6.xls,.xls,0.01,OK,
C:\Users\User\OneDrive\Documents\Uni\Dissertation\SSD Files\Kingston A400\TRIM Deletion\Recovered data\1075-$RVN0R9I.doc,.doc,0.03,OK,
C:\Users\User\OneDrive\Documents\Uni\Dissertation\SSD Files\Kingston A400\TRIM Deletion\Recovered data\10750-$R6DDUO0.xls,.xls,0.03,OK,
C:\Users\User\OneDrive\Documents\Uni\Dissertation\SSD Files\Kingston A400\TRIM Deletion\Recovered data\10753-$RTY6B8J.xls,.xls,0.03,OK,
C:\Users\User\OneDrive\Documents\Uni\Dissertation\SSD Files\Kingston A400\TRIM Deletion\Recovered data\10756-$RK0SXSV.xls,.xls,0.04,OK,
C:\Users\User\OneDrive\Documents\Uni\Dissertation\SSD Files\Kingston A400\TRIM Deletion\Recovered data\10759-$RM4TCIV.xls,.xls,0.18,OK,
C:\Users\User\OneDrive\Documents\Uni\Dissertation\SSD Files\Kingston A400\TRIM Deletion\Recovered data\10762-$RG9YTR7.xls,.xls,0.11,OK,
C:\Users\User\OneDrive\Documents\Uni\Dissertation\SSD Files\Kingston A400\TRIM Deletion\Recovered data\10764-$RBGP49U.xls,.xls,0.94,OK,
C:\Users\User\OneDrive\Documents\Uni\Dissertation\SSD Files\Kingston A400\TRIM Deletion\Recovered data\10767-$RRM0P3Y.xls,.xls,0.03,OK,
C:\Users\User\OneDrive\Documents\Uni\Dissertation\SSD Files\Kingston A400\TRIM Deletion\Recovered data\10770-$RMA3V1D.xls,.xls,0.3,OK,
C:\Users\User\OneDrive\Documents\Uni\Dissertation\SSD Files\Kingston A400\TRIM Deletion\Recovered data\10773-$RGFBW1M.xls,.xls,0.72,OK,
C:\Users\User\OneDrive\Documents\Uni\Dissertation\SSD Files\Kingston A400\TRIM Deletion\Recovered data\10776-$R7QIQYB.xls,.xls,0.06,OK,
C:\Users\User\OneDrive\Documents\Uni\Dissertation\SSD Files\Kingston A400\TRIM Deletion\Recovered data\10778-$RHZL21A.xls,.xls,0.12,OK,
C:\Users\User\OneDrive\Documents\Uni\Dissertation\SSD Files\Kingston A400\TRIM Deletion\Recovered data\1078-$R2BBJ1C.doc,.doc,0.02,OK,
C:\Users\User\OneDrive\Documents\Uni\Dissertation\SSD Files\Kingston A400\TRIM Deletion\Recovered data\10781-$RPFIBGM.xls,.xls,0.22,OK,
C:\Users\User\OneDrive\Documents\Uni\Dissertation\SSD Files\Kingston A400\TRIM Deletion\Recovered data\10784-$RM2AI8H.xls,.xls,0.13,OK,
C:\Users\User\OneDrive\Documents\Uni\Dissertation\SSD Files\Kingston A400\TRIM Deletion\Recovered data\10787-$RXL5IBO.xls,.xls,0.67,OK,
C:\Users\User\OneDrive\Documents\Uni\Dissertation\SSD Files\Kingston A400\TRIM Deletion\Recovered data\10790-$RYRCWN3.xls,.xls,8.16,OK,
C:\Users\User\OneDrive\Documents\Uni\Dissertation\SSD Files\Kingston A400\TRIM Deletion\Recovered data\10793-$R32RINT.xls,.xls,0.09,OK,
C:\Users\User\OneDrive\Documents\Uni\Dissertation\SSD Files\Kingston A400\TRIM Deletion\Recovered data\10796-$RD5C8SL.xls,.xls,0.32,OK,
C:\Users\User\OneDrive\Documents\Uni\Dissertation\SSD Files\Kingston A400\TRIM Deletion\Recovered data\10798-$RTY2PKF.xls,.xls,0.11,OK,
C:\Users\User\OneDrive\Documents\Uni\Dissertation\SSD Files\Kingston A400\TRIM Deletion\Recovered data\10801-$RZN8B1Z.xls,.xls,0.22,OK,
C:\Users\User\OneDrive\Documents\Uni\Dissertation\SSD Files\Kingston A400\TRIM Deletion\Recovered data\10804-$R0SWCSK.xls,.xls,0.03,OK,
C:\Users\User\OneDrive\Documents\Uni\Dissertation\SSD Files\Kingston A400\TRIM Deletion\Recovered data\10807-$RQ7498K.xls,.xls,0.07,OK,
C:\Users\User\OneDrive\Documents\Uni\Dissertation\SSD Files\Kingston A400\TRIM Deletion\Recovered data\1081-$RU64IC4.doc,.doc,0.12,OK,
C:\Users\User\OneDrive\Documents\Uni\Dissertation\SSD Files\Kingston A400\TRIM Deletion\Recovered data\10810-$RC5IIPZ.xls,.xls,0.13,OK,
C:\Users\User\OneDrive\Documents\Uni\Dissertation\SSD Files\Kingston A400\TRIM Deletion\Recovered data\10813-$RIKK8N0.xls,.xls,0.04,OK,
C:\Users\User\OneDrive\Documents\Uni\Dissertation\SSD Files\Kingston A400\TRIM Deletion\Recovered data\10816-$RZ2CDI9.xls,.xls,0.02,OK,
C:\Users\User\OneDrive\Documents\Uni\Dissertation\SSD Files\Kingston A400\TRIM Deletion\Recovered data\10818-$RQ50VN4.xls,.xls,0.06,OK,
C:\Users\User\OneDrive\Documents\Uni\Dissertation\SSD Files\Kingston A400\TRIM Deletion\Recovered data\10821-$RXM1G8F.xls,.xls,0.06,OK,
C:\Users\User\OneDrive\Documents\Uni\Dissertation\SSD Files\Kingston A400\TRIM Deletion\Recovered data\10823-$RDW1WBB.xls,.xls,0.65,OK,
C:\Users\User\OneDrive\Documents\Uni\Dissertation\SSD Files\Kingston A400\TRIM Deletion\Recovered data\10826-$RWJULVG.xls,.xls,0.25,OK,
C:\Users\User\OneDrive\Documents\Uni\Dissertation\SSD Files\Kingston A400\TRIM Deletion\Recovered data\10829-$R4HRFEL.xls,.xls,0.08,OK,
C:\Users\User\OneDrive\Documents\Uni\Dissertation\SSD Files\Kingston A400\TRIM Deletion\Recovered data\10832-$RPDN78E.xls,.xls,0.09,OK,
C:\Users\User\OneDrive\Documents\Uni\Dissertation\SSD Files\Kingston A400\TRIM Deletion\Recovered data\10835-$R03CVQ0.xls,.xls,0.19,OK,
C:\Users\User\OneDrive\Documents\Uni\Dissertation\SSD Files\Kingston A400\TRIM Deletion\Recovered data\10838-$R3ZN2RC.xls,.xls,0.12,OK,
C:\Users\User\OneDrive\Documents\Uni\Dissertation\SSD Files\Kingston A400\TRIM Deletion\Recovered data\1084-$RRQOPWW.doc,.doc,1.86,OK,
C:\Users\User\OneDrive\Documents\Uni\Dissertation\SSD Files\Kingston A400\TRIM Deletion\Recovered data\10841-$RNL36SQ.xls,.xls,0.04,OK,
C:\Users\User\OneDrive\Documents\Uni\Dissertation\SSD Files\Kingston A400\TRIM Deletion\Recovered data\10844-$RU9TOES.xls,.xls,0.1,OK,
C:\Users\User\OneDrive\Documents\Uni\Dissertation\SSD Files\Kingston A400\TRIM Deletion\Recovered data\10847-$R35179M.xls,.xls,0.5,OK,
C:\Users\User\OneDrive\Documents\Uni\Dissertation\SSD Files\Kingston A400\TRIM Deletion\Recovered data\10850-$RACUTAM.xls,.xls,0.02,OK,
C:\Users\User\OneDrive\Documents\Uni\Dissertation\SSD Files\Kingston A400\TRIM Deletion\Recovered data\10853-$RVE3B5A.xls,.xls,0.02,OK,
C:\Users\User\OneDrive\Documents\Uni\Dissertation\SSD Files\Kingston A400\TRIM Deletion\Recovered data\10856-$R14MCH9.xls,.xls,0.08,OK,
C:\Users\User\OneDrive\Documents\Uni\Dissertation\SSD Files\Kingston A400\TRIM Deletion\Recovered data\10859-$RWTHBC5.xls,.xls,0.17,OK,
C:\Users\User\OneDrive\Documents\Uni\Dissertation\SSD Files\Kingston A400\TRIM Deletion\Recovered data\10862-$RV6U5NC.xls,.xls,2.6,OK,
C:\Users\User\OneDrive\Documents\Uni\Dissertation\SSD Files\Kingston A400\TRIM Deletion\Recovered data\10865-$R5WOAGS.xls,.xls,0.16,OK,
C:\Users\User\OneDrive\Documents\Uni\Dissertation\SSD Files\Kingston A400\TRIM Deletion\Recovered data\10868-$RLFTEYB.xls,.xls,0.02,OK,
C:\Users\User\OneDrive\Documents\Uni\Dissertation\SSD Files\Kingston A400\TRIM Deletion\Recovered data\1087-$RPKU7B2.doc,.doc,0.17,OK,
C:\Users\User\OneDrive\Documents\Uni\Dissertation\SSD Files\Kingston A400\TRIM Deletion\Recovered data\10871-$RB138HK.xls,.xls,0.02,OK,
C:\Users\User\OneDrive\Documents\Uni\Dissertation\SSD Files\Kingston A400\TRIM Deletion\Recovered data\10874-$ROCJGY1.xls,.xls,8.69,OK,
C:\Users\User\OneDrive\Documents\Uni\Dissertation\SSD Files\Kingston A400\TRIM Deletion\Recovered data\10877-$R6TX6VA.xls,.xls,0.05,OK,
C:\Users\User\OneDrive\Documents\Uni\Dissertation\SSD Files\Kingston A400\TRIM Deletion\Recovered data\10880-$R3HBDNS.xls,.xls,0.05,OK,
C:\Users\User\OneDrive\Documents\Uni\Dissertation\SSD Files\Kingston A400\TRIM Deletion\Recovered data\10882-$RG2S8RV.xls,.xls,0.13,OK,
C:\Users\User\OneDrive\Documents\Uni\Dissertation\SSD Files\Kingston A400\TRIM Deletion\Recovered data\10885-$RN1BBYF.xls,.xls,0.03,OK,
C:\Users\User\OneDrive\Documents\Uni\Dissertation\SSD Files\Kingston A400\TRIM Deletion\Recovered data\10888-$RKBRUWP.xls,.xls,1.24,OK,
C:\Users\User\OneDrive\Documents\Uni\Dissertation\SSD Files\Kingston A400\TRIM Deletion\Recovered data\10891-$RJUUHVJ.xls,.xls,0.05,OK,
C:\Users\User\OneDrive\Documents\Uni\Dissertation\SSD Files\Kingston A400\TRIM Deletion\Recovered data\10894-$R6MO1V0.xls,.xls,0.07,OK,
C:\Users\User\OneDrive\Documents\Uni\Dissertation\SSD Files\Kingston A400\TRIM Deletion\Recovered data\10897-$RGNU12S.xls,.xls,0.14,OK,
C:\Users\User\OneDrive\Documents\Uni\Dissertation\SSD Files\Kingston A400\TRIM Deletion\Recovered data\1090-$RX72U77.doc,.doc,0.03,OK,
C:\Users\User\OneDrive\Documents\Uni\Dissertation\SSD Files\Kingston A400\TRIM Deletion\Recovered data\10900-$R0A77SR.xls,.xls,0.21,OK,
C:\Users\User\OneDrive\Documents\Uni\Dissertation\SSD Files\Kingston A400\TRIM Deletion\Recovered data\10903-$RXUGGBH.xls,.xls,0.3,OK,
C:\Users\User\OneDrive\Documents\Uni\Dissertation\SSD Files\Kingston A400\TRIM Deletion\Recovered data\10906-$R3YPLYN.xls,.xls,0.04,OK,
C:\Users\User\OneDrive\Documents\Uni\Dissertation\SSD Files\Kingston A400\TRIM Deletion\Recovered data\10909-$RWMZLEL.xls,.xls,0.03,OK,
C:\Users\User\OneDrive\Documents\Uni\Dissertation\SSD Files\Kingston A400\TRIM Deletion\Recovered data\10912-$R7VNR29.xls,.xls,0.02,OK,
C:\Users\User\OneDrive\Documents\Uni\Dissertation\SSD Files\Kingston A400\TRIM Deletion\Recovered data\10914-$RW7KTQ6.xls,.xls,2.4,OK,
C:\Users\User\OneDrive\Documents\Uni\Dissertation\SSD Files\Kingston A400\TRIM Deletion\Recovered data\10917-$R85AWTP.xls,.xls,1.16,OK,
C:\Users\User\OneDrive\Documents\Uni\Dissertation\SSD Files\Kingston A400\TRIM Deletion\Recovered data\10919-$RN9SNUK.xls,.xls,0.25,OK,
C:\Users\User\OneDrive\Documents\Uni\Dissertation\SSD Files\Kingston A400\TRIM Deletion\Recovered data\10922-$RJCEHHQ.xls,.xls,0.02,OK,
C:\Users\User\OneDrive\Documents\Uni\Dissertation\SSD Files\Kingston A400\TRIM Deletion\Recovered data\10925-$RRFYIIN.xls,.xls,0.02,OK,
C:\Users\User\OneDrive\Documents\Uni\Dissertation\SSD Files\Kingston A400\TRIM Deletion\Recovered data\10928-$REE7N50.xls,.xls,0.03,OK,
C:\Users\User\OneDrive\Documents\Uni\Dissertation\SSD Files\Kingston A400\TRIM Deletion\Recovered data\1093-$R972VXE.doc,.doc,0.18,OK,
C:\Users\User\OneDrive\Documents\Uni\Dissertation\SSD Files\Kingston A400\TRIM Deletion\Recovered data\10931-$R7R6FTY.xls,.xls,0.76,OK,
C:\Users\User\OneDrive\Documents\Uni\Dissertation\SSD Files\Kingston A400\TRIM Deletion\Recovered data\10934-$RS6EQH9.xls,.xls,0.05,OK,
C:\Users\User\OneDrive\Documents\Uni\Dissertation\SSD Files\Kingston A400\TRIM Deletion\Recovered data\10937-$R8A3FP2.xls,.xls,0.03,OK,
C:\Users\User\OneDrive\Documents\Uni\Dissertation\SSD Files\Kingston A400\TRIM Deletion\Recovered data\10940-$ROA708G.xls,.xls,0.02,OK,
C:\Users\User\OneDrive\Documents\Uni\Dissertation\SSD Files\Kingston A400\TRIM Deletion\Recovered data\10943-$ROP2808.xls,.xls,0.02,OK,
C:\Users\User\OneDrive\Documents\Uni\Dissertation\SSD Files\Kingston A400\TRIM Deletion\Recovered data\10946-$R67SB8L.xls,.xls,0.03,OK,
C:\Users\User\OneDrive\Documents\Uni\Dissertation\SSD Files\Kingston A400\TRIM Deletion\Recovered data\10949-$R0C74O8.xls,.xls,0.03,OK,
C:\Users\User\OneDrive\Documents\Uni\Dissertation\SSD Files\Kingston A400\TRIM Deletion\Recovered data\10952-$RJQX7NH.xls,.xls,0.03,OK,
C:\Users\User\OneDrive\Documents\Uni\Dissertation\SSD Files\Kingston A400\TRIM Deletion\Recovered data\10954-$RQ5CJND.xls,.xls,0.04,OK,
C:\Users\User\OneDrive\Documents\Uni\Dissertation\SSD Files\Kingston A400\TRIM Deletion\Recovered data\10957-$RUEQ6DH.xls,.xls,0.15,OK,
C:\Users\User\OneDrive\Documents\Uni\Dissertation\SSD Files\Kingston A400\TRIM Deletion\Recovered data\1096-$RAUR0QI.doc,.doc,0.03,OK,
C:\Users\User\OneDrive\Documents\Uni\Dissertation\SSD Files\Kingston A400\TRIM Deletion\Recovered data\10960-$RZXZQ72.xls,.xls,0.03,OK,
C:\Users\User\OneDrive\Documents\Uni\Dissertation\SSD Files\Kingston A400\TRIM Deletion\Recovered data\10962-$RHA55HG.xls,.xls,0.04,OK,
C:\Users\User\OneDrive\Documents\Uni\Dissertation\SSD Files\Kingston A400\TRIM Deletion\Recovered data\10965-$RZ2V6ZR.xls,.xls,0.07,OK,
C:\Users\User\OneDrive\Documents\Uni\Dissertation\SSD Files\Kingston A400\TRIM Deletion\Recovered data\10968-$RLVAW82.xls,.xls,0.24,OK,
C:\Users\User\OneDrive\Documents\Uni\Dissertation\SSD Files\Kingston A400\TRIM Deletion\Recovered data\10971-$R7RO3ER.xls,.xls,1.85,OK,
C:\Users\User\OneDrive\Documents\Uni\Dissertation\SSD Files\Kingston A400\TRIM Deletion\Recovered data\10974-$R0SHF1O.xls,.xls,0.44,OK,
C:\Users\User\OneDrive\Documents\Uni\Dissertation\SSD Files\Kingston A400\TRIM Deletion\Recovered data\10976-$R9C0LWK.xls,.xls,2.54,OK,
C:\Users\User\OneDrive\Documents\Uni\Dissertation\SSD Files\Kingston A400\TRIM Deletion\Recovered data\10979-$RQIW0FX.xls,.xls,0.04,OK,
C:\Users\User\OneDrive\Documents\Uni\Dissertation\SSD Files\Kingston A400\TRIM Deletion\Recovered data\10982-$R4FD2NR.xls,.xls,0.05,OK,
C:\Users\User\OneDrive\Documents\Uni\Dissertation\SSD Files\Kingston A400\TRIM Deletion\Recovered data\10985-$R3VXCGJ.xls,.xls,0.17,OK,
C:\Users\User\OneDrive\Documents\Uni\Dissertation\SSD Files\Kingston A400\TRIM Deletion\Recovered data\10988-$RG2KUEF.xls,.xls,0.02,OK,
C:\Users\User\OneDrive\Documents\Uni\Dissertation\SSD Files\Kingston A400\TRIM Deletion\Recovered data\1099-$R4TGGQN.doc,.doc,1.46,FAILED,"(-2147352567, 'Exception occurred.', (0, 'Microsoft Word', 'Word experienced an error trying to open the file.\nTry these suggestions.\n* Check the file permissions for the document or drive.\n* Make sure there is sufficient free memory and disk space.\n* Open the file with the Text Recovery converter.\r (C:\\Users\\User\\...\\1099-$R4TGGQN.doc)', 'wdmain11.chm', 24601, -2146823167), None)"
C:\Users\User\OneDrive\Documents\Uni\Dissertation\SSD Files\Kingston A400\TRIM Deletion\Recovered data\10991-$ROY2NJZ.xls,.xls,0.02,OK,
C:\Users\User\OneDrive\Documents\Uni\Dissertation\SSD Files\Kingston A400\TRIM Deletion\Recovered data\10994-$RXIK6V7.xls,.xls,0.08,OK,
C:\Users\User\OneDrive\Documents\Uni\Dissertation\SSD Files\Kingston A400\TRIM Deletion\Recovered data\10997-$R3T5ORO.xls,.xls,0.02,OK,
C:\Users\User\OneDrive\Documents\Uni\Dissertation\SSD Files\Kingston A400\TRIM Deletion\Recovered data\110-$R7EISMC.doc,.doc,0.02,OK,
C:\Users\User\OneDrive\Documents\Uni\Dissertation\SSD Files\Kingston A400\TRIM Deletion\Recovered data\11000-$RRIUI6E.xls,.xls,0.06,OK,
C:\Users\User\OneDrive\Documents\Uni\Dissertation\SSD Files\Kingston A400\TRIM Deletion\Recovered data\11003-$RU16HDB.xls,.xls,0.03,OK,
C:\Users\User\OneDrive\Documents\Uni\Dissertation\SSD Files\Kingston A400\TRIM Deletion\Recovered data\11006-$RE3CTOT.xls,.xls,0.03,OK,
C:\Users\User\OneDrive\Documents\Uni\Dissertation\SSD Files\Kingston A400\TRIM Deletion\Recovered data\11009-$R8G9CGZ.xls,.xls,2.99,OK,
C:\Users\User\OneDrive\Documents\Uni\Dissertation\SSD Files\Kingston A400\TRIM Deletion\Recovered data\11012-$RP0NL2B.xls,.xls,0.1,OK,
C:\Users\User\OneDrive\Documents\Uni\Dissertation\SSD Files\Kingston A400\TRIM Deletion\Recovered data\11015-$R9NHB1I.xls,.xls,0.04,OK,
C:\Users\User\OneDrive\Documents\Uni\Dissertation\SSD Files\Kingston A400\TRIM Deletion\Recovered data\11018-$RWGTZV5.xls,.xls,0.05,OK,
C:\Users\User\OneDrive\Documents\Uni\Dissertation\SSD Files\Kingston A400\TRIM Deletion\Recovered data\1102-$RDR489X.doc,.doc,0.03,OK,
C:\Users\User\OneDrive\Documents\Uni\Dissertation\SSD Files\Kingston A400\TRIM Deletion\Recovered data\11021-$RQ6CWTY.xls,.xls,0.08,OK,
C:\Users\User\OneDrive\Documents\Uni\Dissertation\SSD Files\Kingston A400\TRIM Deletion\Recovered data\11024-$RAOE6AS.xls,.xls,0.06,OK,
C:\Users\User\OneDrive\Documents\Uni\Dissertation\SSD Files\Kingston A400\TRIM Deletion\Recovered data\11027-$RAGA9ME.xls,.xls,0.23,OK,
C:\Users\User\OneDrive\Documents\Uni\Dissertation\SSD Files\Kingston A400\TRIM Deletion\Recovered data\11030-$R6OCIHA.xls,.xls,0.24,OK,
C:\Users\User\OneDrive\Documents\Uni\Dissertation\SSD Files\Kingston A400\TRIM Deletion\Recovered data\11033-$RY2V7P1.xls,.xls,0.03,OK,
C:\Users\User\OneDrive\Documents\Uni\Dissertation\SSD Files\Kingston A400\TRIM Deletion\Recovered data\11036-$RVOUW97.xls,.xls,0.03,OK,
C:\Users\User\OneDrive\Documents\Uni\Dissertation\SSD Files\Kingston A400\TRIM Deletion\Recovered data\11039-$RP0UZ1L.xls,.xls,0.11,OK,
C:\Users\User\OneDrive\Documents\Uni\Dissertation\SSD Files\Kingston A400\TRIM Deletion\Recovered data\11042-$R70C61Z.xls,.xls,2.23,OK,
C:\Users\User\OneDrive\Documents\Uni\Dissertation\SSD Files\Kingston A400\TRIM Deletion\Recovered data\11044-$RLS1W2U.xls,.xls,2.26,OK,
C:\Users\User\OneDrive\Documents\Uni\Dissertation\SSD Files\Kingston A400\TRIM Deletion\Recovered data\11047-$RL9877U.xls,.xls,4.72,OK,
C:\Users\User\OneDrive\Documents\Uni\Dissertation\SSD Files\Kingston A400\TRIM Deletion\Recovered data\1105-$RR133Y1.doc,.doc,0.03,OK,
C:\Users\User\OneDrive\Documents\Uni\Dissertation\SSD Files\Kingston A400\TRIM Deletion\Recovered data\11050-$RZTZEMI.xls,.xls,2.49,OK,
C:\Users\User\OneDrive\Documents\Uni\Dissertation\SSD Files\Kingston A400\TRIM Deletion\Recovered data\11053-$RMSERF8.xls,.xls,6.5,OK,
C:\Users\User\OneDrive\Documents\Uni\Dissertation\SSD Files\Kingston A400\TRIM Deletion\Recovered data\11056-$RKQAN0O.xls,.xls,3.81,OK,
C:\Users\User\OneDrive\Documents\Uni\Dissertation\SSD Files\Kingston A400\TRIM Deletion\Recovered data\11058-$R8CVC48.xls,.xls,11.72,OK,
C:\Users\User\OneDrive\Documents\Uni\Dissertation\SSD Files\Kingston A400\TRIM Deletion\Recovered data\11060-$RRSKMM3.xls,.xls,0.03,OK,
C:\Users\User\OneDrive\Documents\Uni\Dissertation\SSD Files\Kingston A400\TRIM Deletion\Recovered data\11063-$RUKI79V.xls,.xls,0.03,OK,
C:\Users\User\OneDrive\Documents\Uni\Dissertation\SSD Files\Kingston A400\TRIM Deletion\Recovered data\11066-$RZ56V6Y.xls,.xls,0.03,OK,
C:\Users\User\OneDrive\Documents\Uni\Dissertation\SSD Files\Kingston A400\TRIM Deletion\Recovered data\11069-$RPGTN3E.xls,.xls,0.03,OK,
C:\Users\User\OneDrive\Documents\Uni\Dissertation\SSD Files\Kingston A400\TRIM Deletion\Recovered data\11071-$ROOE9EE.xls,.xls,0.06,OK,
C:\Users\User\OneDrive\Documents\Uni\Dissertation\SSD Files\Kingston A400\TRIM Deletion\Recovered data\11074-$RZZIGPW.xls,.xls,0.07,OK,
C:\Users\User\OneDrive\Documents\Uni\Dissertation\SSD Files\Kingston A400\TRIM Deletion\Recovered data\11076-$RRS9CVR.xls,.xls,0.08,OK,
C:\Users\User\OneDrive\Documents\Uni\Dissertation\SSD Files\Kingston A400\TRIM Deletion\Recovered data\11079-$R94VXFX.xls,.xls,2.01,OK,
C:\Users\User\OneDrive\Documents\Uni\Dissertation\SSD Files\Kingston A400\TRIM Deletion\Recovered data\1108-$REOEZEN.doc,.doc,0.03,OK,
C:\Users\User\OneDrive\Documents\Uni\Dissertation\SSD Files\Kingston A400\TRIM Deletion\Recovered data\11081-$RY32SZV.xls,.xls,5.52,OK,
C:\Users\User\OneDrive\Documents\Uni\Dissertation\SSD Files\Kingston A400\TRIM Deletion\Recovered data\11084-$R4CVKKJ.xls,.xls,0.54,OK,
C:\Users\User\OneDrive\Documents\Uni\Dissertation\SSD Files\Kingston A400\TRIM Deletion\Recovered data\11087-$RRIM631.xls,.xls,0.03,OK,
C:\Users\User\OneDrive\Documents\Uni\Dissertation\SSD Files\Kingston A400\TRIM Deletion\Recovered data\11089-$RAIQI3H.xls,.xls,0.17,OK,
C:\Users\User\OneDrive\Documents\Uni\Dissertation\SSD Files\Kingston A400\TRIM Deletion\Recovered data\11092-$RHVEFO1.xls,.xls,0.12,OK,
C:\Users\User\OneDrive\Documents\Uni\Dissertation\SSD Files\Kingston A400\TRIM Deletion\Recovered data\11095-$RJ0GHQI.xls,.xls,0.96,OK,
C:\Users\User\OneDrive\Documents\Uni\Dissertation\SSD Files\Kingston A400\TRIM Deletion\Recovered data\11098-$RC8962K.xls,.xls,2.74,OK,
C:\Users\User\OneDrive\Documents\Uni\Dissertation\SSD Files\Kingston A400\TRIM Deletion\Recovered data\11100-$R8PHNI2.xls,.xls,0.03,OK,
C:\Users\User\OneDrive\Documents\Uni\Dissertation\SSD Files\Kingston A400\TRIM Deletion\Recovered data\11103-$RR08X3O.xls,.xls,2.32,OK,
C:\Users\User\OneDrive\Documents\Uni\Dissertation\SSD Files\Kingston A400\TRIM Deletion\Recovered data\11106-$RAQ87M3.xls,.xls,8.98,OK,
C:\Users\User\OneDrive\Documents\Uni\Dissertation\SSD Files\Kingston A400\TRIM Deletion\Recovered data\11109-$RT552E0.xls,.xls,0.02,OK,
C:\Users\User\OneDrive\Documents\Uni\Dissertation\SSD Files\Kingston A400\TRIM Deletion\Recovered data\1111-$RS6CLKJ.doc,.doc,0.05,OK,
C:\Users\User\OneDrive\Documents\Uni\Dissertation\SSD Files\Kingston A400\TRIM Deletion\Recovered data\11111-$RXXX9PY.xls,.xls,2.94,OK,
C:\Users\User\OneDrive\Documents\Uni\Dissertation\SSD Files\Kingston A400\TRIM Deletion\Recovered data\11114-$RKSZL9H.xls,.xls,0.02,OK,
C:\Users\User\OneDrive\Documents\Uni\Dissertation\SSD Files\Kingston A400\TRIM Deletion\Recovered data\11116-$RV7WJM9.xls,.xls,2.26,OK,
C:\Users\User\OneDrive\Documents\Uni\Dissertation\SSD Files\Kingston A400\TRIM Deletion\Recovered data\11119-$RVQMT0W.xls,.xls,0.44,OK,
C:\Users\User\OneDrive\Documents\Uni\Dissertation\SSD Files\Kingston A400\TRIM Deletion\Recovered data\11122-$R1I8Q4T.xls,.xls,0.02,OK,
C:\Users\User\OneDrive\Documents\Uni\Dissertation\SSD Files\Kingston A400\TRIM Deletion\Recovered data\11124-$RS6BYSK.xls,.xls,0.03,OK,
C:\Users\User\OneDrive\Documents\Uni\Dissertation\SSD Files\Kingston A400\TRIM Deletion\Recovered data\11127-$R9U27EK.xls,.xls,0.02,OK,
C:\Users\User\OneDrive\Documents\Uni\Dissertation\SSD Files\Kingston A400\TRIM Deletion\Recovered data\11130-$RRZUMWW.xls,.xls,0.02,OK,
C:\Users\User\OneDrive\Documents\Uni\Dissertation\SSD Files\Kingston A400\TRIM Deletion\Recovered data\11133-$RI8AOU5.xls,.xls,0.06,OK,
C:\Users\User\OneDrive\Documents\Uni\Dissertation\SSD Files\Kingston A400\TRIM Deletion\Recovered data\11136-$RTP2NA5.xls,.xls,0.07,OK,
C:\Users\User\OneDrive\Documents\Uni\Dissertation\SSD Files\Kingston A400\TRIM Deletion\Recovered data\11139-$RLC8P3L.xls,.xls,0.09,OK,
C:\Users\User\OneDrive\Documents\Uni\Dissertation\SSD Files\Kingston A400\TRIM Deletion\Recovered data\1114-$RW874NA.doc,.doc,0.66,OK,
C:\Users\User\OneDrive\Documents\Uni\Dissertation\SSD Files\Kingston A400\TRIM Deletion\Recovered data\11142-$RH8GF70.xls,.xls,0.12,OK,
C:\Users\User\OneDrive\Documents\Uni\Dissertation\SSD Files\Kingston A400\TRIM Deletion\Recovered data\11145-$RUS26A4.xls,.xls,0.09,OK,
C:\Users\User\OneDrive\Documents\Uni\Dissertation\SSD Files\Kingston A400\TRIM Deletion\Recovered data\11148-$RRYFTPN.xls,.xls,0.02,OK,
C:\Users\User\OneDrive\Documents\Uni\Dissertation\SSD Files\Kingston A400\TRIM Deletion\Recovered data\11151-$R782RAT.xls,.xls,0.02,OK,
C:\Users\User\OneDrive\Documents\Uni\Dissertation\SSD Files\Kingston A400\TRIM Deletion\Recovered data\11154-$RUONQU5.xls,.xls,0.45,OK,
C:\Users\User\OneDrive\Documents\Uni\Dissertation\SSD Files\Kingston A400\TRIM Deletion\Recovered data\11157-$R2V64BE.xls,.xls,3.74,OK,
C:\Users\User\OneDrive\Documents\Uni\Dissertation\SSD Files\Kingston A400\TRIM Deletion\Recovered data\11160-$RXLQQ9Y.xls,.xls,0.05,OK,
C:\Users\User\OneDrive\Documents\Uni\Dissertation\SSD Files\Kingston A400\TRIM Deletion\Recovered data\11163-$R10B7HU.xls,.xls,0.72,OK,
C:\Users\User\OneDrive\Documents\Uni\Dissertation\SSD Files\Kingston A400\TRIM Deletion\Recovered data\11166-$RGO8UK3.xls,.xls,0.7,OK,
C:\Users\User\OneDrive\Documents\Uni\Dissertation\SSD Files\Kingston A400\TRIM Deletion\Recovered data\11169-$RD1ZKZ7.xls,.xls,0.09,OK,
C:\Users\User\OneDrive\Documents\Uni\Dissertation\SSD Files\Kingston A400\TRIM Deletion\Recovered data\1117-$RXC0V16.doc,.doc,0.07,OK,
C:\Users\User\OneDrive\Documents\Uni\Dissertation\SSD Files\Kingston A400\TRIM Deletion\Recovered data\11172-$R6A5OJV.xls,.xls,0.16,OK,
C:\Users\User\OneDrive\Documents\Uni\Dissertation\SSD Files\Kingston A400\TRIM Deletion\Recovered data\11175-$RO6J9WY.xls,.xls,0.09,OK,
C:\Users\User\OneDrive\Documents\Uni\Dissertation\SSD Files\Kingston A400\TRIM Deletion\Recovered data\11178-$RZ3V5EX.xls,.xls,13.98,OK,
C:\Users\User\OneDrive\Documents\Uni\Dissertation\SSD Files\Kingston A400\TRIM Deletion\Recovered data\11181-$RSS21VL.xls,.xls,0.04,OK,
C:\Users\User\OneDrive\Documents\Uni\Dissertation\SSD Files\Kingston A400\TRIM Deletion\Recovered data\11184-$RUULY08.xls,.xls,0.04,OK,
C:\Users\User\OneDrive\Documents\Uni\Dissertation\SSD Files\Kingston A400\TRIM Deletion\Recovered data\11187-$R2CIWI9.xls,.xls,0.03,OK,
C:\Users\User\OneDrive\Documents\Uni\Dissertation\SSD Files\Kingston A400\TRIM Deletion\Recovered data\11190-$RWD8XPV.xls,.xls,0.06,OK,
C:\Users\User\OneDrive\Documents\Uni\Dissertation\SSD Files\Kingston A400\TRIM Deletion\Recovered data\11193-$RJ3C9LU.xls,.xls,13.58,OK,
C:\Users\User\OneDrive\Documents\Uni\Dissertation\SSD Files\Kingston A400\TRIM Deletion\Recovered data\11196-$R623YNE.xls,.xls,0.12,OK,
C:\Users\User\OneDrive\Documents\Uni\Dissertation\SSD Files\Kingston A400\TRIM Deletion\Recovered data\11199-$RV2UEWT.xls,.xls,0.02,OK,
C:\Users\User\OneDrive\Documents\Uni\Dissertation\SSD Files\Kingston A400\TRIM Deletion\Recovered data\1120-$RM6G7B4.doc,.doc,0.08,OK,
C:\Users\User\OneDrive\Documents\Uni\Dissertation\SSD Files\Kingston A400\TRIM Deletion\Recovered data\11202-$RZ243GI.xls,.xls,0.08,OK,
C:\Users\User\OneDrive\Documents\Uni\Dissertation\SSD Files\Kingston A400\TRIM Deletion\Recovered data\11205-$RJGPHLM.xls,.xls,0.03,OK,
C:\Users\User\OneDrive\Documents\Uni\Dissertation\SSD Files\Kingston A400\TRIM Deletion\Recovered data\11208-$R1DU2ZO.xls,.xls,0.8,OK,
C:\Users\User\OneDrive\Documents\Uni\Dissertation\SSD Files\Kingston A400\TRIM Deletion\Recovered data\11211-$RN4KTAY.xls,.xls,0.13,OK,
C:\Users\User\OneDrive\Documents\Uni\Dissertation\SSD Files\Kingston A400\TRIM Deletion\Recovered data\11214-$RDFF7H1.xls,.xls,0.13,OK,
C:\Users\User\OneDrive\Documents\Uni\Dissertation\SSD Files\Kingston A400\TRIM Deletion\Recovered data\11217-$RPZ9SMH.xls,.xls,0.03,OK,
C:\Users\User\OneDrive\Documents\Uni\Dissertation\SSD Files\Kingston A400\TRIM Deletion\Recovered data\11220-$RBR9MP1.xls,.xls,9.03,OK,
C:\Users\User\OneDrive\Documents\Uni\Dissertation\SSD Files\Kingston A400\TRIM Deletion\Recovered data\11223-$RSGH1NJ.xls,.xls,0.21,OK,
C:\Users\User\OneDrive\Documents\Uni\Dissertation\SSD Files\Kingston A400\TRIM Deletion\Recovered data\11226-$RGMNOD4.xls,.xls,0.01,OK,
C:\Users\User\OneDrive\Documents\Uni\Dissertation\SSD Files\Kingston A400\TRIM Deletion\Recovered data\11229-$RQ7UPIA.xls,.xls,0.4,OK,
C:\Users\User\OneDrive\Documents\Uni\Dissertation\SSD Files\Kingston A400\TRIM Deletion\Recovered data\1123-$R0P5SVM.doc,.doc,0.09,OK,
C:\Users\User\OneDrive\Documents\Uni\Dissertation\SSD Files\Kingston A400\TRIM Deletion\Recovered data\11232-$RU3EQZO.xls,.xls,0.11,OK,
C:\Users\User\OneDrive\Documents\Uni\Dissertation\SSD Files\Kingston A400\TRIM Deletion\Recovered data\11235-$RJE1IUE.xls,.xls,0.03,OK,
C:\Users\User\OneDrive\Documents\Uni\Dissertation\SSD Files\Kingston A400\TRIM Deletion\Recovered data\11238-$RISZFGY.xls,.xls,0.03,OK,
C:\Users\User\OneDrive\Documents\Uni\Dissertation\SSD Files\Kingston A400\TRIM Deletion\Recovered data\11241-$R6MLSFF.xls,.xls,0.17,OK,
C:\Users\User\OneDrive\Documents\Uni\Dissertation\SSD Files\Kingston A400\TRIM Deletion\Recovered data\11244-$RVZUIN5.xls,.xls,0.06,OK,
C:\Users\User\OneDrive\Documents\Uni\Dissertation\SSD Files\Kingston A400\TRIM Deletion\Recovered data\11247-$REK8O9N.xls,.xls,4.03,OK,
C:\Users\User\OneDrive\Documents\Uni\Dissertation\SSD Files\Kingston A400\TRIM Deletion\Recovered data\11250-$R5BHXY6.xls,.xls,0.21,OK,
C:\Users\User\OneDrive\Documents\Uni\Dissertation\SSD Files\Kingston A400\TRIM Deletion\Recovered data\11253-$RQ8FVLL.xls,.xls,0.02,OK,
C:\Users\User\OneDrive\Documents\Uni\Dissertation\SSD Files\Kingston A400\TRIM Deletion\Recovered data\11256-$RX11UGI.xls,.xls,0.02,OK,
C:\Users\User\OneDrive\Documents\Uni\Dissertation\SSD Files\Kingston A400\TRIM Deletion\Recovered data\11259-$RRHR31J.xls,.xls,0.02,OK,
C:\Users\User\OneDrive\Documents\Uni\Dissertation\SSD Files\Kingston A400\TRIM Deletion\Recovered data\1126-$RS151DM.doc,.doc,0.03,OK,
C:\Users\User\OneDrive\Documents\Uni\Dissertation\SSD Files\Kingston A400\TRIM Deletion\Recovered data\11262-$RDL8RO3.xls,.xls,0.1,OK,
C:\Users\User\OneDrive\Documents\Uni\Dissertation\SSD Files\Kingston A400\TRIM Deletion\Recovered data\11265-$R1W7J36.xls,.xls,0.45,OK,
C:\Users\User\OneDrive\Documents\Uni\Dissertation\SSD Files\Kingston A400\TRIM Deletion\Recovered data\11267-$R9FTBFC.xls,.xls,0.16,OK,
C:\Users\User\OneDrive\Documents\Uni\Dissertation\SSD Files\Kingston A400\TRIM Deletion\Recovered data\11270-$RACPOIQ.xls,.xls,0.16,OK,
C:\Users\User\OneDrive\Documents\Uni\Dissertation\SSD Files\Kingston A400\TRIM Deletion\Recovered data\11273-$RDXNUJ2.xls,.xls,0.02,OK,
C:\Users\User\OneDrive\Documents\Uni\Dissertation\SSD Files\Kingston A400\TRIM Deletion\Recovered data\11276-$R5K4QSN.xls,.xls,0.06,OK,
C:\Users\User\OneDrive\Documents\Uni\Dissertation\SSD Files\Kingston A400\TRIM Deletion\Recovered data\11279-$RHTJOBS.xls,.xls,0.22,OK,
C:\Users\User\OneDrive\Documents\Uni\Dissertation\SSD Files\Kingston A400\TRIM Deletion\Recovered data\11282-$RYRALP7.xls,.xls,0.88,OK,
C:\Users\User\OneDrive\Documents\Uni\Dissertation\SSD Files\Kingston A400\TRIM Deletion\Recovered data\11285-$RYUNG22.xls,.xls,0.04,OK,
C:\Users\User\OneDrive\Documents\Uni\Dissertation\SSD Files\Kingston A400\TRIM Deletion\Recovered data\11287-$RW77IG0.xls,.xls,0.07,OK,
C:\Users\User\OneDrive\Documents\Uni\Dissertation\SSD Files\Kingston A400\TRIM Deletion\Recovered data\1129-$RUTDWPG.doc,.doc,0.09,OK,
C:\Users\User\OneDrive\Documents\Uni\Dissertation\SSD Files\Kingston A400\TRIM Deletion\Recovered data\11290-$R3VYY8C.xls,.xls,0.08,OK,
C:\Users\User\OneDrive\Documents\Uni\Dissertation\SSD Files\Kingston A400\TRIM Deletion\Recovered data\11293-$RSMPG3Y.xls,.xls,0.51,OK,
C:\Users\User\OneDrive\Documents\Uni\Dissertation\SSD Files\Kingston A400\TRIM Deletion\Recovered data\11296-$R2SHUBC.xls,.xls,0.41,OK,
C:\Users\User\OneDrive\Documents\Uni\Dissertation\SSD Files\Kingston A400\TRIM Deletion\Recovered data\11299-$RFV7S98.xls,.xls,0.02,OK,
C:\Users\User\OneDrive\Documents\Uni\Dissertation\SSD Files\Kingston A400\TRIM Deletion\Recovered data\113-$R70YHPS.doc,.doc,0.03,OK,
C:\Users\User\OneDrive\Documents\Uni\Dissertation\SSD Files\Kingston A400\TRIM Deletion\Recovered data\11301-$R5JHXUX.xls,.xls,0.02,OK,
C:\Users\User\OneDrive\Documents\Uni\Dissertation\SSD Files\Kingston A400\TRIM Deletion\Recovered data\11304-$R9PMITO.xls,.xls,0.02,OK,
C:\Users\User\OneDrive\Documents\Uni\Dissertation\SSD Files\Kingston A400\TRIM Deletion\Recovered data\11307-$RASZWT7.xls,.xls,0.02,OK,
C:\Users\User\OneDrive\Documents\Uni\Dissertation\SSD Files\Kingston A400\TRIM Deletion\Recovered data\1131-$RZTVC8S.doc,.doc,0.12,OK,
C:\Users\User\OneDrive\Documents\Uni\Dissertation\SSD Files\Kingston A400\TRIM Deletion\Recovered data\11310-$R4UCQJD.xls,.xls,0.1,OK,
C:\Users\User\OneDrive\Documents\Uni\Dissertation\SSD Files\Kingston A400\TRIM Deletion\Recovered data\11313-$RURMNBT.xls,.xls,0.06,OK,
C:\Users\User\OneDrive\Documents\Uni\Dissertation\SSD Files\Kingston A400\TRIM Deletion\Recovered data\11316-$RZ1TZ2H.xls,.xls,9.31,OK,
C:\Users\User\OneDrive\Documents\Uni\Dissertation\SSD Files\Kingston A400\TRIM Deletion\Recovered data\11318-$RTREGZC.xls,.xls,0.18,OK,
C:\Users\User\OneDrive\Documents\Uni\Dissertation\SSD Files\Kingston A400\TRIM Deletion\Recovered data\11321-$RFGGSYT.xls,.xls,0.22,OK,
C:\Users\User\OneDrive\Documents\Uni\Dissertation\SSD Files\Kingston A400\TRIM Deletion\Recovered data\11324-$RN7MT7S.xls,.xls,0.06,OK,
C:\Users\User\OneDrive\Documents\Uni\Dissertation\SSD Files\Kingston A400\TRIM Deletion\Recovered data\11327-$R82A9V4.xls,.xls,0.09,OK,
C:\Users\User\OneDrive\Documents\Uni\Dissertation\SSD Files\Kingston A400\TRIM Deletion\Recovered data\11329-$RI6RESF.xls,.xls,0.04,OK,
C:\Users\User\OneDrive\Documents\Uni\Dissertation\SSD Files\Kingston A400\TRIM Deletion\Recovered data\11332-$R3DISV2.xls,.xls,0.03,OK,
C:\Users\User\OneDrive\Documents\Uni\Dissertation\SSD Files\Kingston A400\TRIM Deletion\Recovered data\11335-$RDBFV76.xls,.xls,0.03,OK,
C:\Users\User\OneDrive\Documents\Uni\Dissertation\SSD Files\Kingston A400\TRIM Deletion\Recovered data\11338-$R2D7NXK.xls,.xls,0.03,OK,
C:\Users\User\OneDrive\Documents\Uni\Dissertation\SSD Files\Kingston A400\TRIM Deletion\Recovered data\1134-$RCNIGZX.doc,.doc,0.07,OK,
C:\Users\User\OneDrive\Documents\Uni\Dissertation\SSD Files\Kingston A400\TRIM Deletion\Recovered data\11340-$RV40FBM.xls,.xls,0.03,OK,
C:\Users\User\OneDrive\Documents\Uni\Dissertation\SSD Files\Kingston A400\TRIM Deletion\Recovered data\11343-$RZ86AUS.xls,.xls,0.03,OK,
C:\Users\User\OneDrive\Documents\Uni\Dissertation\SSD Files\Kingston A400\TRIM Deletion\Recovered data\11345-$RXUMH2X.xls,.xls,0.03,OK,
C:\Users\User\OneDrive\Documents\Uni\Dissertation\SSD Files\Kingston A400\TRIM Deletion\Recovered data\11348-$RS9NFA3.xls,.xls,12.3,OK,
C:\Users\User\OneDrive\Documents\Uni\Dissertation\SSD Files\Kingston A400\TRIM Deletion\Recovered data\11351-$R0TL9T5.xls,.xls,2.62,OK,
C:\Users\User\OneDrive\Documents\Uni\Dissertation\SSD Files\Kingston A400\TRIM Deletion\Recovered data\11353-$RWQ2864.xls,.xls,25.4,OK,
C:\Users\User\OneDrive\Documents\Uni\Dissertation\SSD Files\Kingston A400\TRIM Deletion\Recovered data\11356-$RCLAB2D.xls,.xls,0.37,OK,
C:\Users\User\OneDrive\Documents\Uni\Dissertation\SSD Files\Kingston A400\TRIM Deletion\Recovered data\11359-$RYRQTEW.xls,.xls,0.07,OK,
C:\Users\User\OneDrive\Documents\Uni\Dissertation\SSD Files\Kingston A400\TRIM Deletion\Recovered data\11362-$R73HHFF.xls,.xls,12.2,OK,
C:\Users\User\OneDrive\Documents\Uni\Dissertation\SSD Files\Kingston A400\TRIM Deletion\Recovered data\11365-$RX1IAPE.xls,.xls,0.34,OK,
C:\Users\User\OneDrive\Documents\Uni\Dissertation\SSD Files\Kingston A400\TRIM Deletion\Recovered data\11368-$RCZV0UP.xls,.xls,0.63,OK,
C:\Users\User\OneDrive\Documents\Uni\Dissertation\SSD Files\Kingston A400\TRIM Deletion\Recovered data\1137-$R5JVKVV.doc,.doc,0.14,FAILED,"(-2147352567, 'Exception occurred.', (0, 'Microsoft Word', 'Word experienced an error trying to open the file.\nTry these suggestions.\n* Check the file permissions for the document or drive.\n* Make sure there is sufficient free memory and disk space.\n* Open the file with the Text Recovery converter.\r (C:\\Users\\User\\...\\1137-$R5JVKVV.doc)', 'wdmain11.chm', 24601, -2146823167), None)"
C:\Users\User\OneDrive\Documents\Uni\Dissertation\SSD Files\Kingston A400\TRIM Deletion\Recovered data\11371-$R87Y1KU.xls,.xls,7.02,OK,
C:\Users\User\OneDrive\Documents\Uni\Dissertation\SSD Files\Kingston A400\TRIM Deletion\Recovered data\11374-$R7HXN00.xls,.xls,0.15,OK,
C:\Users\User\OneDrive\Documents\Uni\Dissertation\SSD Files\Kingston A400\TRIM Deletion\Recovered data\11377-$R8423ND.xls,.xls,3.77,OK,
C:\Users\User\OneDrive\Documents\Uni\Dissertation\SSD Files\Kingston A400\TRIM Deletion\Recovered data\11380-$R2YJYE3.xls,.xls,0.26,OK,
C:\Users\User\OneDrive\Documents\Uni\Dissertation\SSD Files\Kingston A400\TRIM Deletion\Recovered data\11383-$RK4GBGT.xls,.xls,9.89,OK,
C:\Users\User\OneDrive\Documents\Uni\Dissertation\SSD Files\Kingston A400\TRIM Deletion\Recovered data\11386-$RWWDPV3.xls,.xls,0.23,OK,
C:\Users\User\OneDrive\Documents\Uni\Dissertation\SSD Files\Kingston A400\TRIM Deletion\Recovered data\11389-$REO9M8U.xls,.xls,0.75,OK,
C:\Users\User\OneDrive\Documents\Uni\Dissertation\SSD Files\Kingston A400\TRIM Deletion\Recovered data\11392-$RZDZZN5.xls,.xls,0.82,OK,
C:\Users\User\OneDrive\Documents\Uni\Dissertation\SSD Files\Kingston A400\TRIM Deletion\Recovered data\11395-$RS024RE.xls,.xls,0.01,OK,
C:\Users\User\OneDrive\Documents\Uni\Dissertation\SSD Files\Kingston A400\TRIM Deletion\Recovered data\11398-$RGTAVGZ.xls,.xls,0.03,OK,
C:\Users\User\OneDrive\Documents\Uni\Dissertation\SSD Files\Kingston A400\TRIM Deletion\Recovered data\1140-$REZN0JH.doc,.doc,0.12,OK,
C:\Users\User\OneDrive\Documents\Uni\Dissertation\SSD Files\Kingston A400\TRIM Deletion\Recovered data\11401-$R8UMP3C.xls,.xls,0.03,OK,
C:\Users\User\OneDrive\Documents\Uni\Dissertation\SSD Files\Kingston A400\TRIM Deletion\Recovered data\11404-$RUZDW40.xls,.xls,0.12,OK,
C:\Users\User\OneDrive\Documents\Uni\Dissertation\SSD Files\Kingston A400\TRIM Deletion\Recovered data\11407-$R10MCF2.xls,.xls,0.1,OK,
C:\Users\User\OneDrive\Documents\Uni\Dissertation\SSD Files\Kingston A400\TRIM Deletion\Recovered data\11410-$R0CGYQX.xls,.xls,0.99,OK,
C:\Users\User\OneDrive\Documents\Uni\Dissertation\SSD Files\Kingston A400\TRIM Deletion\Recovered data\11413-$RCU5NAH.xls,.xls,1.82,OK,
C:\Users\User\OneDrive\Documents\Uni\Dissertation\SSD Files\Kingston A400\TRIM Deletion\Recovered data\11416-$RCHMNF8.xls,.xls,0.06,OK,
C:\Users\User\OneDrive\Documents\Uni\Dissertation\SSD Files\Kingston A400\TRIM Deletion\Recovered data\11419-$REFG7J3.xls,.xls,0.08,OK,
C:\Users\User\OneDrive\Documents\Uni\Dissertation\SSD Files\Kingston A400\TRIM Deletion\Recovered data\1142-$RDWE9GB.doc,.doc,0.05,OK,
C:\Users\User\OneDrive\Documents\Uni\Dissertation\SSD Files\Kingston A400\TRIM Deletion\Recovered data\11422-$R2UELZW.xls,.xls,0.36,OK,
C:\Users\User\OneDrive\Documents\Uni\Dissertation\SSD Files\Kingston A400\TRIM Deletion\Recovered data\11425-$RJHDGOF.xls,.xls,0.13,OK,
C:\Users\User\OneDrive\Documents\Uni\Dissertation\SSD Files\Kingston A400\TRIM Deletion\Recovered data\11428-$R0JMJY3.xls,.xls,0.03,OK,
C:\Users\User\OneDrive\Documents\Uni\Dissertation\SSD Files\Kingston A400\TRIM Deletion\Recovered data\11430-$RE0IHMQ.xls,.xls,0.13,OK,
C:\Users\User\OneDrive\Documents\Uni\Dissertation\SSD Files\Kingston A400\TRIM Deletion\Recovered data\11433-$RO9AJOR.xls,.xls,0.28,OK,
C:\Users\User\OneDrive\Documents\Uni\Dissertation\SSD Files\Kingston A400\TRIM Deletion\Recovered data\11436-$RHYT2V1.xls,.xls,0.02,OK,
C:\Users\User\OneDrive\Documents\Uni\Dissertation\SSD Files\Kingston A400\TRIM Deletion\Recovered data\11439-$RTDDZV4.xls,.xls,0.02,OK,
C:\Users\User\OneDrive\Documents\Uni\Dissertation\SSD Files\Kingston A400\TRIM Deletion\Recovered data\11442-$RCEL4JB.xls,.xls,0.06,OK,
C:\Users\User\OneDrive\Documents\Uni\Dissertation\SSD Files\Kingston A400\TRIM Deletion\Recovered data\11445-$RCMLLAZ.xls,.xls,18.77,OK,
C:\Users\User\OneDrive\Documents\Uni\Dissertation\SSD Files\Kingston A400\TRIM Deletion\Recovered data\11448-$RC30KE2.xls,.xls,3.08,OK,
C:\Users\User\OneDrive\Documents\Uni\Dissertation\SSD Files\Kingston A400\TRIM Deletion\Recovered data\1145-$R1C7MFQ.doc,.doc,0.1,FAILED,"(-2147352567, 'Exception occurred.', (0, 'Microsoft Word', 'Office has detected a problem with this file. To help protect your computer this file cannot be opened.\r (C:\\Users\\User\\...\\1145-$R1C7MFQ.doc)', 'wdmain11.chm', 25775, -2146821993), None)"
C:\Users\User\OneDrive\Documents\Uni\Dissertation\SSD Files\Kingston A400\TRIM Deletion\Recovered data\11451-$RA5DFH8.xls,.xls,2.3,OK,
C:\Users\User\OneDrive\Documents\Uni\Dissertation\SSD Files\Kingston A400\TRIM Deletion\Recovered data\11454-$RWO9DAC.xls,.xls,5.53,OK,
C:\Users\User\OneDrive\Documents\Uni\Dissertation\SSD Files\Kingston A400\TRIM Deletion\Recovered data\11457-$RZDAYU1.xls,.xls,0.86,OK,
C:\Users\User\OneDrive\Documents\Uni\Dissertation\SSD Files\Kingston A400\TRIM Deletion\Recovered data\11460-$RMHCL7T.xls,.xls,0.03,OK,
C:\Users\User\OneDrive\Documents\Uni\Dissertation\SSD Files\Kingston A400\TRIM Deletion\Recovered data\11463-$RN9HTE3.xls,.xls,0.15,OK,
C:\Users\User\OneDrive\Documents\Uni\Dissertation\SSD Files\Kingston A400\TRIM Deletion\Recovered data\11466-$REWPSVN.xls,.xls,0.03,OK,
C:\Users\User\OneDrive\Documents\Uni\Dissertation\SSD Files\Kingston A400\TRIM Deletion\Recovered data\11468-$RAZDI2C.xls,.xls,0.54,OK,
C:\Users\User\OneDrive\Documents\Uni\Dissertation\SSD Files\Kingston A400\TRIM Deletion\Recovered data\11471-$R9CQUX0.xls,.xls,2.29,OK,
C:\Users\User\OneDrive\Documents\Uni\Dissertation\SSD Files\Kingston A400\TRIM Deletion\Recovered data\11473-$R5IOYSM.xls,.xls,0.01,OK,
C:\Users\User\OneDrive\Documents\Uni\Dissertation\SSD Files\Kingston A400\TRIM Deletion\Recovered data\11476-$RONS8XE.xls,.xls,0.02,OK,
C:\Users\User\OneDrive\Documents\Uni\Dissertation\SSD Files\Kingston A400\TRIM Deletion\Recovered data\11479-$R97Z1IQ.xls,.xls,0.04,OK,
C:\Users\User\OneDrive\Documents\Uni\Dissertation\SSD Files\Kingston A400\TRIM Deletion\Recovered data\1148-$R8XZYQS.doc,.doc,0.2,FAILED,"(-2147352567, 'Exception occurred.', (0, 'Microsoft Word', 'Word experienced an error trying to open the file.\nTry these suggestions.\n* Check the file permissions for the document or drive.\n* Make sure there is sufficient free memory and disk space.\n* Open the file with the Text Recovery converter.\r (C:\\Users\\User\\...\\1148-$R8XZYQS.doc)', 'wdmain11.chm', 24601, -2146823167), None)"
C:\Users\User\OneDrive\Documents\Uni\Dissertation\SSD Files\Kingston A400\TRIM Deletion\Recovered data\11481-$R9WM1ZW.xls,.xls,0.72,OK,
C:\Users\User\OneDrive\Documents\Uni\Dissertation\SSD Files\Kingston A400\TRIM Deletion\Recovered data\11484-$RVCU1KC.xls,.xls,0.06,OK,
C:\Users\User\OneDrive\Documents\Uni\Dissertation\SSD Files\Kingston A400\TRIM Deletion\Recovered data\11487-$RWNNYHV.xls,.xls,0.05,OK,
C:\Users\User\OneDrive\Documents\Uni\Dissertation\SSD Files\Kingston A400\TRIM Deletion\Recovered data\11490-$R20S4EM.xls,.xls,0.11,OK,
C:\Users\User\OneDrive\Documents\Uni\Dissertation\SSD Files\Kingston A400\TRIM Deletion\Recovered data\11493-$RV56H1J.xls,.xls,4.35,OK,
C:\Users\User\OneDrive\Documents\Uni\Dissertation\SSD Files\Kingston A400\TRIM Deletion\Recovered data\11496-$RL1ORVK.xls,.xls,0.28,OK,
C:\Users\User\OneDrive\Documents\Uni\Dissertation\SSD Files\Kingston A400\TRIM Deletion\Recovered data\11499-$RPTMW6I.xls,.xls,0.05,OK,
C:\Users\User\OneDrive\Documents\Uni\Dissertation\SSD Files\Kingston A400\TRIM Deletion\Recovered data\11502-$RS4M0UD.xls,.xls,0.02,OK,
C:\Users\User\OneDrive\Documents\Uni\Dissertation\SSD Files\Kingston A400\TRIM Deletion\Recovered data\11504-$R1MT23B.xls,.xls,0.06,OK,
C:\Users\User\OneDrive\Documents\Uni\Dissertation\SSD Files\Kingston A400\TRIM Deletion\Recovered data\11507-$RDC8ZSR.xls,.xls,0.12,OK,
C:\Users\User\OneDrive\Documents\Uni\Dissertation\SSD Files\Kingston A400\TRIM Deletion\Recovered data\11509-$RB2FXM0.xls,.xls,0.07,OK,
C:\Users\User\OneDrive\Documents\Uni\Dissertation\SSD Files\Kingston A400\TRIM Deletion\Recovered data\1151-$R7FMQ19.doc,.doc,0.09,FAILED,"(-2147352567, 'Exception occurred.', (0, 'Microsoft Word', 'Office has detected a problem with this file. To help protect your computer this file cannot be opened.\r (C:\\Users\\User\\...\\1151-$R7FMQ19.doc)', 'wdmain11.chm', 25775, -2146821993), None)"
C:\Users\User\OneDrive\Documents\Uni\Dissertation\SSD Files\Kingston A400\TRIM Deletion\Recovered data\11512-$RBCC2NO.xls,.xls,0.03,OK,
C:\Users\User\OneDrive\Documents\Uni\Dissertation\SSD Files\Kingston A400\TRIM Deletion\Recovered data\11515-$RFTGD6I.xls,.xls,0.12,OK,
C:\Users\User\OneDrive\Documents\Uni\Dissertation\SSD Files\Kingston A400\TRIM Deletion\Recovered data\11518-$RYM0AX4.xls,.xls,0.04,OK,
C:\Users\User\OneDrive\Documents\Uni\Dissertation\SSD Files\Kingston A400\TRIM Deletion\Recovered data\11520-$R1GK4ZR.xls,.xls,0.05,OK,
C:\Users\User\OneDrive\Documents\Uni\Dissertation\SSD Files\Kingston A400\TRIM Deletion\Recovered data\11523-$RU0YDUX.xls,.xls,0.06,OK,
C:\Users\User\OneDrive\Documents\Uni\Dissertation\SSD Files\Kingston A400\TRIM Deletion\Recovered data\11526-$RTAKL2X.xls,.xls,0.03,OK,
C:\Users\User\OneDrive\Documents\Uni\Dissertation\SSD Files\Kingston A400\TRIM Deletion\Recovered data\11529-$ROFUE1O.xls,.xls,0.05,OK,
C:\Users\User\OneDrive\Documents\Uni\Dissertation\SSD Files\Kingston A400\TRIM Deletion\Recovered data\11532-$RL5K5TX.xls,.xls,0.03,OK,
C:\Users\User\OneDrive\Documents\Uni\Dissertation\SSD Files\Kingston A400\TRIM Deletion\Recovered data\11534-$R9LR0TM.xls,.xls,0.12,OK,
C:\Users\User\OneDrive\Documents\Uni\Dissertation\SSD Files\Kingston A400\TRIM Deletion\Recovered data\11537-$RV6PDOP.xls,.xls,0.21,OK,
C:\Users\User\OneDrive\Documents\Uni\Dissertation\SSD Files\Kingston A400\TRIM Deletion\Recovered data\1154-$RXLD5QQ.doc,.doc,1.02,OK,
C:\Users\User\OneDrive\Documents\Uni\Dissertation\SSD Files\Kingston A400\TRIM Deletion\Recovered data\11540-$RMGS6TE.xls,.xls,0.08,OK,
C:\Users\User\OneDrive\Documents\Uni\Dissertation\SSD Files\Kingston A400\TRIM Deletion\Recovered data\11543-$ROPDI3A.xls,.xls,0.04,OK,
C:\Users\User\OneDrive\Documents\Uni\Dissertation\SSD Files\Kingston A400\TRIM Deletion\Recovered data\11546-$RLJDH3K.xls,.xls,0.04,OK,
C:\Users\User\OneDrive\Documents\Uni\Dissertation\SSD Files\Kingston A400\TRIM Deletion\Recovered data\11549-$RF2HUHQ.xls,.xls,0.04,OK,
C:\Users\User\OneDrive\Documents\Uni\Dissertation\SSD Files\Kingston A400\TRIM Deletion\Recovered data\11552-$RBNY6ON.xls,.xls,0.03,OK,
C:\Users\User\OneDrive\Documents\Uni\Dissertation\SSD Files\Kingston A400\TRIM Deletion\Recovered data\11555-$RCR0BK1.xls,.xls,2.61,OK,
C:\Users\User\OneDrive\Documents\Uni\Dissertation\SSD Files\Kingston A400\TRIM Deletion\Recovered data\11558-$R8SD4NV.xls,.xls,0.34,OK,
C:\Users\User\OneDrive\Documents\Uni\Dissertation\SSD Files\Kingston A400\TRIM Deletion\Recovered data\11561-$RB9XB55.xls,.xls,0.14,OK,
C:\Users\User\OneDrive\Documents\Uni\Dissertation\SSD Files\Kingston A400\TRIM Deletion\Recovered data\11564-$RU8R1WG.xls,.xls,13.08,OK,
C:\Users\User\OneDrive\Documents\Uni\Dissertation\SSD Files\Kingston A400\TRIM Deletion\Recovered data\11567-$RY3FRNT.xls,.xls,0.02,OK,
C:\Users\User\OneDrive\Documents\Uni\Dissertation\SSD Files\Kingston A400\TRIM Deletion\Recovered data\1157-$RY13F9R.doc,.doc,0.06,OK,
C:\Users\User\OneDrive\Documents\Uni\Dissertation\SSD Files\Kingston A400\TRIM Deletion\Recovered data\11570-$R166RVV.xls,.xls,0.04,OK,
C:\Users\User\OneDrive\Documents\Uni\Dissertation\SSD Files\Kingston A400\TRIM Deletion\Recovered data\11573-$RHY7J0L.xls,.xls,0.03,OK,
C:\Users\User\OneDrive\Documents\Uni\Dissertation\SSD Files\Kingston A400\TRIM Deletion\Recovered data\11576-$R6W030O.xls,.xls,0.04,OK,
C:\Users\User\OneDrive\Documents\Uni\Dissertation\SSD Files\Kingston A400\TRIM Deletion\Recovered data\11579-$R9SWA7D.xls,.xls,0.02,OK,
C:\Users\User\OneDrive\Documents\Uni\Dissertation\SSD Files\Kingston A400\TRIM Deletion\Recovered data\11582-$R3IEW6Z.xls,.xls,0.06,OK,
C:\Users\User\OneDrive\Documents\Uni\Dissertation\SSD Files\Kingston A400\TRIM Deletion\Recovered data\11585-$RZZQ737.xls,.xls,0.06,OK,
C:\Users\User\OneDrive\Documents\Uni\Dissertation\SSD Files\Kingston A400\TRIM Deletion\Recovered data\11587-$RBRWN9D.xls,.xls,0.03,OK,
C:\Users\User\OneDrive\Documents\Uni\Dissertation\SSD Files\Kingston A400\TRIM Deletion\Recovered data\11590-$RDGQ12Z.xls,.xls,0.06,OK,
C:\Users\User\OneDrive\Documents\Uni\Dissertation\SSD Files\Kingston A400\TRIM Deletion\Recovered data\11593-$RRP7D7Y.xls,.xls,0.11,OK,
C:\Users\User\OneDrive\Documents\Uni\Dissertation\SSD Files\Kingston A400\TRIM Deletion\Recovered data\11595-$R0MLN60.xls,.xls,13.69,OK,
C:\Users\User\OneDrive\Documents\Uni\Dissertation\SSD Files\Kingston A400\TRIM Deletion\Recovered data\11597-$RUYQGSK.xls,.xls,10.25,OK,
C:\Users\User\OneDrive\Documents\Uni\Dissertation\SSD Files\Kingston A400\TRIM Deletion\Recovered data\116-$RL1XLIT.doc,.doc,0.08,OK,
C:\Users\User\OneDrive\Documents\Uni\Dissertation\SSD Files\Kingston A400\TRIM Deletion\Recovered data\1160-$RBB30C3.doc,.doc,0.11,OK,
C:\Users\User\OneDrive\Documents\Uni\Dissertation\SSD Files\Kingston A400\TRIM Deletion\Recovered data\11600-$R3EOCX1.xls,.xls,10.25,OK,
C:\Users\User\OneDrive\Documents\Uni\Dissertation\SSD Files\Kingston A400\TRIM Deletion\Recovered data\11603-$RA0XR78.xls,.xls,0.04,OK,
C:\Users\User\OneDrive\Documents\Uni\Dissertation\SSD Files\Kingston A400\TRIM Deletion\Recovered data\11606-$RRS8XP4.xls,.xls,1.39,OK,
C:\Users\User\OneDrive\Documents\Uni\Dissertation\SSD Files\Kingston A400\TRIM Deletion\Recovered data\11609-$RH8WBZ5.xls,.xls,1.58,OK,
C:\Users\User\OneDrive\Documents\Uni\Dissertation\SSD Files\Kingston A400\TRIM Deletion\Recovered data\11612-$RKYO17S.xls,.xls,0.01,OK,
C:\Users\User\OneDrive\Documents\Uni\Dissertation\SSD Files\Kingston A400\TRIM Deletion\Recovered data\11615-$RA7J0JZ.xls,.xls,0.06,OK,
C:\Users\User\OneDrive\Documents\Uni\Dissertation\SSD Files\Kingston A400\TRIM Deletion\Recovered data\11618-$R6HSHCI.xls,.xls,0.03,OK,
C:\Users\User\OneDrive\Documents\Uni\Dissertation\SSD Files\Kingston A400\TRIM Deletion\Recovered data\11621-$RDTMUZO.xls,.xls,0.1,OK,
C:\Users\User\OneDrive\Documents\Uni\Dissertation\SSD Files\Kingston A400\TRIM Deletion\Recovered data\11624-$RUBMI28.xls,.xls,0.03,OK,
C:\Users\User\OneDrive\Documents\Uni\Dissertation\SSD Files\Kingston A400\TRIM Deletion\Recovered data\11627-$R25IP79.xls,.xls,1.55,OK,
C:\Users\User\OneDrive\Documents\Uni\Dissertation\SSD Files\Kingston A400\TRIM Deletion\Recovered data\1163-$RQIVCII.doc,.doc,0.03,OK,
C:\Users\User\OneDrive\Documents\Uni\Dissertation\SSD Files\Kingston A400\TRIM Deletion\Recovered data\11630-$RC0CYYG.xls,.xls,0.03,OK,
C:\Users\User\OneDrive\Documents\Uni\Dissertation\SSD Files\Kingston A400\TRIM Deletion\Recovered data\11632-$RQE7Q6O.xls,.xls,0.02,OK,
C:\Users\User\OneDrive\Documents\Uni\Dissertation\SSD Files\Kingston A400\TRIM Deletion\Recovered data\11635-$RZ8MQIP.xls,.xls,0.06,OK,
C:\Users\User\OneDrive\Documents\Uni\Dissertation\SSD Files\Kingston A400\TRIM Deletion\Recovered data\11638-$R5I5F7R.xls,.xls,0.08,OK,
C:\Users\User\OneDrive\Documents\Uni\Dissertation\SSD Files\Kingston A400\TRIM Deletion\Recovered data\11641-$RSMECXT.xls,.xls,0.1,OK,
C:\Users\User\OneDrive\Documents\Uni\Dissertation\SSD Files\Kingston A400\TRIM Deletion\Recovered data\11644-$R6REWP1.xls,.xls,0.12,OK,
C:\Users\User\OneDrive\Documents\Uni\Dissertation\SSD Files\Kingston A400\TRIM Deletion\Recovered data\11647-$R0NM5NR.xls,.xls,0.03,OK,
C:\Users\User\OneDrive\Documents\Uni\Dissertation\SSD Files\Kingston A400\TRIM Deletion\Recovered data\11649-$RHXT9L3.xls,.xls,0.02,OK,
C:\Users\User\OneDrive\Documents\Uni\Dissertation\SSD Files\Kingston A400\TRIM Deletion\Recovered data\11652-$RCS3TFS.xls,.xls,0.02,OK,
C:\Users\User\OneDrive\Documents\Uni\Dissertation\SSD Files\Kingston A400\TRIM Deletion\Recovered data\11655-$RJ773RY.xls,.xls,0.02,OK,
C:\Users\User\OneDrive\Documents\Uni\Dissertation\SSD Files\Kingston A400\TRIM Deletion\Recovered data\11658-$R02PQ9Z.xls,.xls,0.03,OK,
C:\Users\User\OneDrive\Documents\Uni\Dissertation\SSD Files\Kingston A400\TRIM Deletion\Recovered data\1166-$ROCN7J0.doc,.doc,0.82,OK,
C:\Users\User\OneDrive\Documents\Uni\Dissertation\SSD Files\Kingston A400\TRIM Deletion\Recovered data\11661-$R0KT53P.xls,.xls,0.02,OK,
C:\Users\User\OneDrive\Documents\Uni\Dissertation\SSD Files\Kingston A400\TRIM Deletion\Recovered data\11664-$RB8OO8I.xls,.xls,0.04,OK,
C:\Users\User\OneDrive\Documents\Uni\Dissertation\SSD Files\Kingston A400\TRIM Deletion\Recovered data\11667-$RQV2XF6.xls,.xls,0.02,OK,
C:\Users\User\OneDrive\Documents\Uni\Dissertation\SSD Files\Kingston A400\TRIM Deletion\Recovered data\11669-$R3N5VAV.xls,.xls,0.16,OK,
C:\Users\User\OneDrive\Documents\Uni\Dissertation\SSD Files\Kingston A400\TRIM Deletion\Recovered data\11671-$RSSRD8U.xls,.xls,0.16,OK,
C:\Users\User\OneDrive\Documents\Uni\Dissertation\SSD Files\Kingston A400\TRIM Deletion\Recovered data\11674-$RDAEMNV.xls,.xls,3.84,OK,
C:\Users\User\OneDrive\Documents\Uni\Dissertation\SSD Files\Kingston A400\TRIM Deletion\Recovered data\11677-$RXYZHZ3.xls,.xls,1.59,OK,
C:\Users\User\OneDrive\Documents\Uni\Dissertation\SSD Files\Kingston A400\TRIM Deletion\Recovered data\11680-$RSEN1M2.xls,.xls,0.02,OK,
C:\Users\User\OneDrive\Documents\Uni\Dissertation\SSD Files\Kingston A400\TRIM Deletion\Recovered data\11683-$RSFHA40.xls,.xls,0.42,OK,
C:\Users\User\OneDrive\Documents\Uni\Dissertation\SSD Files\Kingston A400\TRIM Deletion\Recovered data\11686-$RHKVSDS.xls,.xls,0.04,OK,
C:\Users\User\OneDrive\Documents\Uni\Dissertation\SSD Files\Kingston A400\TRIM Deletion\Recovered data\11689-$R24T501.xls,.xls,0.03,OK,
C:\Users\User\OneDrive\Documents\Uni\Dissertation\SSD Files\Kingston A400\TRIM Deletion\Recovered data\1169-$R4ADL8K.doc,.doc,0.61,FAILED,"(-2147352567, 'Exception occurred.', (0, 'Microsoft Word', 'Office has detected a problem with this file. To help protect your computer this file cannot be opened.\r (C:\\Users\\User\\...\\1169-$R4ADL8K.doc)', 'wdmain11.chm', 25775, -2146821993), None)"
C:\Users\User\OneDrive\Documents\Uni\Dissertation\SSD Files\Kingston A400\TRIM Deletion\Recovered data\11692-$RDQXDN9.xls,.xls,0.05,OK,
C:\Users\User\OneDrive\Documents\Uni\Dissertation\SSD Files\Kingston A400\TRIM Deletion\Recovered data\11695-$R2SCD1T.xls,.xls,0.05,OK,
C:\Users\User\OneDrive\Documents\Uni\Dissertation\SSD Files\Kingston A400\TRIM Deletion\Recovered data\11698-$RL5P6DC.xls,.xls,0.06,OK,
C:\Users\User\OneDrive\Documents\Uni\Dissertation\SSD Files\Kingston A400\TRIM Deletion\Recovered data\11701-$RUIGOF5.xls,.xls,0.02,OK,
C:\Users\User\OneDrive\Documents\Uni\Dissertation\SSD Files\Kingston A400\TRIM Deletion\Recovered data\11704-$R89AFDS.xls,.xls,0.13,OK,
C:\Users\User\OneDrive\Documents\Uni\Dissertation\SSD Files\Kingston A400\TRIM Deletion\Recovered data\11707-$RTNI6OL.xls,.xls,0.05,OK,
C:\Users\User\OneDrive\Documents\Uni\Dissertation\SSD Files\Kingston A400\TRIM Deletion\Recovered data\11709-$RDJQFRX.xls,.xls,2.23,OK,
C:\Users\User\OneDrive\Documents\Uni\Dissertation\SSD Files\Kingston A400\TRIM Deletion\Recovered data\11711-$RIAML4P.xls,.xls,2.3,OK,
C:\Users\User\OneDrive\Documents\Uni\Dissertation\SSD Files\Kingston A400\TRIM Deletion\Recovered data\11714-$RY2KQ5X.xls,.xls,0.02,OK,
C:\Users\User\OneDrive\Documents\Uni\Dissertation\SSD Files\Kingston A400\TRIM Deletion\Recovered data\11717-$RQ8Q0FH.xls,.xls,0.05,OK,
C:\Users\User\OneDrive\Documents\Uni\Dissertation\SSD Files\Kingston A400\TRIM Deletion\Recovered data\1172-$RDZ77Z1.doc,.doc,0.03,OK,
C:\Users\User\OneDrive\Documents\Uni\Dissertation\SSD Files\Kingston A400\TRIM Deletion\Recovered data\11720-$RA1KPHK.xls,.xls,29.03,OK,
C:\Users\User\OneDrive\Documents\Uni\Dissertation\SSD Files\Kingston A400\TRIM Deletion\Recovered data\11723-$R8FJ7EO.xls,.xls,0.05,OK,
C:\Users\User\OneDrive\Documents\Uni\Dissertation\SSD Files\Kingston A400\TRIM Deletion\Recovered data\11726-$R0EHL28.xls,.xls,0.04,OK,
C:\Users\User\OneDrive\Documents\Uni\Dissertation\SSD Files\Kingston A400\TRIM Deletion\Recovered data\11729-$R9UWQOH.xls,.xls,10.23,OK,
C:\Users\User\OneDrive\Documents\Uni\Dissertation\SSD Files\Kingston A400\TRIM Deletion\Recovered data\11732-$RE9SL9Z.xls,.xls,0.35,OK,
C:\Users\User\OneDrive\Documents\Uni\Dissertation\SSD Files\Kingston A400\TRIM Deletion\Recovered data\11735-$R7HXT95.xls,.xls,0.02,OK,
C:\Users\User\OneDrive\Documents\Uni\Dissertation\SSD Files\Kingston A400\TRIM Deletion\Recovered data\11738-$RLXL1JF.xls,.xls,0.02,OK,
C:\Users\User\OneDrive\Documents\Uni\Dissertation\SSD Files\Kingston A400\TRIM Deletion\Recovered data\11741-$R993BUB.xls,.xls,0.06,OK,
C:\Users\User\OneDrive\Documents\Uni\Dissertation\SSD Files\Kingston A400\TRIM Deletion\Recovered data\11744-$R296MN0.xls,.xls,0.16,OK,
C:\Users\User\OneDrive\Documents\Uni\Dissertation\SSD Files\Kingston A400\TRIM Deletion\Recovered data\11747-$R9LP0VR.xls,.xls,0.09,OK,
C:\Users\User\OneDrive\Documents\Uni\Dissertation\SSD Files\Kingston A400\TRIM Deletion\Recovered data\1175-$R27KA58.doc,.doc,0.02,OK,
C:\Users\User\OneDrive\Documents\Uni\Dissertation\SSD Files\Kingston A400\TRIM Deletion\Recovered data\11750-$R5WLRE0.xls,.xls,0.09,OK,
C:\Users\User\OneDrive\Documents\Uni\Dissertation\SSD Files\Kingston A400\TRIM Deletion\Recovered data\11753-$R42FSIJ.xls,.xls,0.1,OK,
C:\Users\User\OneDrive\Documents\Uni\Dissertation\SSD Files\Kingston A400\TRIM Deletion\Recovered data\11756-$RKTKTMM.xls,.xls,0.09,OK,
C:\Users\User\OneDrive\Documents\Uni\Dissertation\SSD Files\Kingston A400\TRIM Deletion\Recovered data\11759-$RF34PUY.xls,.xls,0.43,OK,
C:\Users\User\OneDrive\Documents\Uni\Dissertation\SSD Files\Kingston A400\TRIM Deletion\Recovered data\11762-$RA4ET6I.xls,.xls,0.43,OK,
C:\Users\User\OneDrive\Documents\Uni\Dissertation\SSD Files\Kingston A400\TRIM Deletion\Recovered data\11765-$RSEIOOM.xls,.xls,0.05,OK,
C:\Users\User\OneDrive\Documents\Uni\Dissertation\SSD Files\Kingston A400\TRIM Deletion\Recovered data\11767-$RE9CFJO.xls,.xls,0.09,OK,
C:\Users\User\OneDrive\Documents\Uni\Dissertation\SSD Files\Kingston A400\TRIM Deletion\Recovered data\11770-$RJ0F9OP.xls,.xls,0.18,OK,
C:\Users\User\OneDrive\Documents\Uni\Dissertation\SSD Files\Kingston A400\TRIM Deletion\Recovered data\11773-$RXDFQ95.xls,.xls,0.03,OK,
C:\Users\User\OneDrive\Documents\Uni\Dissertation\SSD Files\Kingston A400\TRIM Deletion\Recovered data\11776-$R872UY9.xls,.xls,0.12,OK,
C:\Users\User\OneDrive\Documents\Uni\Dissertation\SSD Files\Kingston A400\TRIM Deletion\Recovered data\11779-$RI6BEA2.xls,.xls,3.33,OK,
C:\Users\User\OneDrive\Documents\Uni\Dissertation\SSD Files\Kingston A400\TRIM Deletion\Recovered data\1178-$RW8UAGO.doc,.doc,0.02,OK,
C:\Users\User\OneDrive\Documents\Uni\Dissertation\SSD Files\Kingston A400\TRIM Deletion\Recovered data\11782-$RU465G5.xls,.xls,0.02,OK,
C:\Users\User\OneDrive\Documents\Uni\Dissertation\SSD Files\Kingston A400\TRIM Deletion\Recovered data\11785-$RYQR02O.xls,.xls,0.01,OK,
C:\Users\User\OneDrive\Documents\Uni\Dissertation\SSD Files\Kingston A400\TRIM Deletion\Recovered data\11788-$R7P5UJF.xls,.xls,0.02,OK,
C:\Users\User\OneDrive\Documents\Uni\Dissertation\SSD Files\Kingston A400\TRIM Deletion\Recovered data\11791-$RRYHFPN.xls,.xls,0.06,OK,
C:\Users\User\OneDrive\Documents\Uni\Dissertation\SSD Files\Kingston A400\TRIM Deletion\Recovered data\11794-$RVIGOYE.xls,.xls,0.02,OK,
C:\Users\User\OneDrive\Documents\Uni\Dissertation\SSD Files\Kingston A400\TRIM Deletion\Recovered data\11797-$R19DTV5.xls,.xls,0.09,OK,
C:\Users\User\OneDrive\Documents\Uni\Dissertation\SSD Files\Kingston A400\TRIM Deletion\Recovered data\11800-$RF8ACSB.xls,.xls,0.26,OK,
C:\Users\User\OneDrive\Documents\Uni\Dissertation\SSD Files\Kingston A400\TRIM Deletion\Recovered data\11803-$RTA2V28.xls,.xls,0.75,OK,
C:\Users\User\OneDrive\Documents\Uni\Dissertation\SSD Files\Kingston A400\TRIM Deletion\Recovered data\11806-$RTPJXUG.xls,.xls,0.03,OK,
C:\Users\User\OneDrive\Documents\Uni\Dissertation\SSD Files\Kingston A400\TRIM Deletion\Recovered data\11809-$RWI6ITC.xls,.xls,0.04,OK,
C:\Users\User\OneDrive\Documents\Uni\Dissertation\SSD Files\Kingston A400\TRIM Deletion\Recovered data\1181-$RHXZA4S.doc,.doc,0.04,OK,
C:\Users\User\OneDrive\Documents\Uni\Dissertation\SSD Files\Kingston A400\TRIM Deletion\Recovered data\11812-$RQ913N0.xls,.xls,0.07,OK,
C:\Users\User\OneDrive\Documents\Uni\Dissertation\SSD Files\Kingston A400\TRIM Deletion\Recovered data\11815-$REX5F2O.xls,.xls,0.04,OK,
C:\Users\User\OneDrive\Documents\Uni\Dissertation\SSD Files\Kingston A400\TRIM Deletion\Recovered data\11818-$RB406M7.xls,.xls,13.08,OK,
C:\Users\User\OneDrive\Documents\Uni\Dissertation\SSD Files\Kingston A400\TRIM Deletion\Recovered data\11821-$RLNVZ1N.xls,.xls,0.08,OK,
C:\Users\User\OneDrive\Documents\Uni\Dissertation\SSD Files\Kingston A400\TRIM Deletion\Recovered data\11824-$RH6X42G.xls,.xls,0.03,OK,
C:\Users\User\OneDrive\Documents\Uni\Dissertation\SSD Files\Kingston A400\TRIM Deletion\Recovered data\11827-$RY6HBOG.xls,.xls,0.01,OK,
C:\Users\User\OneDrive\Documents\Uni\Dissertation\SSD Files\Kingston A400\TRIM Deletion\Recovered data\1183-$RQNAOYQ.doc,.doc,0.02,OK,
C:\Users\User\OneDrive\Documents\Uni\Dissertation\SSD Files\Kingston A400\TRIM Deletion\Recovered data\11830-$RXGA30Q.xls,.xls,0.06,OK,
C:\Users\User\OneDrive\Documents\Uni\Dissertation\SSD Files\Kingston A400\TRIM Deletion\Recovered data\11833-$RNTAJQK.xls,.xls,0.09,OK,
C:\Users\User\OneDrive\Documents\Uni\Dissertation\SSD Files\Kingston A400\TRIM Deletion\Recovered data\11836-$RJI8ABD.xls,.xls,0.62,OK,
C:\Users\User\OneDrive\Documents\Uni\Dissertation\SSD Files\Kingston A400\TRIM Deletion\Recovered data\11839-$R8AQQ4U.xls,.xls,0.48,OK,
C:\Users\User\OneDrive\Documents\Uni\Dissertation\SSD Files\Kingston A400\TRIM Deletion\Recovered data\11841-$R7MDLJD.xls,.xls,0.07,OK,
C:\Users\User\OneDrive\Documents\Uni\Dissertation\SSD Files\Kingston A400\TRIM Deletion\Recovered data\11844-$RB2RXT2.xls,.xls,0.39,OK,
C:\Users\User\OneDrive\Documents\Uni\Dissertation\SSD Files\Kingston A400\TRIM Deletion\Recovered data\11847-$RI5PZD8.xls,.xls,0.11,OK,
C:\Users\User\OneDrive\Documents\Uni\Dissertation\SSD Files\Kingston A400\TRIM Deletion\Recovered data\1185-$RKFCYJ6.doc,.doc,0.19,OK,
C:\Users\User\OneDrive\Documents\Uni\Dissertation\SSD Files\Kingston A400\TRIM Deletion\Recovered data\11850-$R1X99O7.xls,.xls,0.28,OK,
C:\Users\User\OneDrive\Documents\Uni\Dissertation\SSD Files\Kingston A400\TRIM Deletion\Recovered data\11853-$RMSA3U3.xls,.xls,0.02,OK,
C:\Users\User\OneDrive\Documents\Uni\Dissertation\SSD Files\Kingston A400\TRIM Deletion\Recovered data\11856-$R4HFDH8.xls,.xls,3.97,OK,
C:\Users\User\OneDrive\Documents\Uni\Dissertation\SSD Files\Kingston A400\TRIM Deletion\Recovered data\11859-$RFVNRME.xls,.xls,0.03,OK,
C:\Users\User\OneDrive\Documents\Uni\Dissertation\SSD Files\Kingston A400\TRIM Deletion\Recovered data\11862-$R5P2J2S.xls,.xls,0.07,OK,
C:\Users\User\OneDrive\Documents\Uni\Dissertation\SSD Files\Kingston A400\TRIM Deletion\Recovered data\11865-$RP4ELU2.xls,.xls,0.03,OK,
C:\Users\User\OneDrive\Documents\Uni\Dissertation\SSD Files\Kingston A400\TRIM Deletion\Recovered data\11868-$RW2MNGD.xls,.xls,8.08,OK,
C:\Users\User\OneDrive\Documents\Uni\Dissertation\SSD Files\Kingston A400\TRIM Deletion\Recovered data\11871-$RIJ05MY.xls,.xls,0.06,OK,
C:\Users\User\OneDrive\Documents\Uni\Dissertation\SSD Files\Kingston A400\TRIM Deletion\Recovered data\11874-$RVA8JWD.xls,.xls,2.24,OK,
C:\Users\User\OneDrive\Documents\Uni\Dissertation\SSD Files\Kingston A400\TRIM Deletion\Recovered data\11877-$R8Q81Q7.xls,.xls,0.06,OK,
C:\Users\User\OneDrive\Documents\Uni\Dissertation\SSD Files\Kingston A400\TRIM Deletion\Recovered data\11879-$RPRJ1P7.xls,.xls,0.06,OK,
C:\Users\User\OneDrive\Documents\Uni\Dissertation\SSD Files\Kingston A400\TRIM Deletion\Recovered data\1188-$R6A9GEV.doc,.doc,0.49,OK,
C:\Users\User\OneDrive\Documents\Uni\Dissertation\SSD Files\Kingston A400\TRIM Deletion\Recovered data\11882-$RBMS8B0.xls,.xls,0.04,OK,
C:\Users\User\OneDrive\Documents\Uni\Dissertation\SSD Files\Kingston A400\TRIM Deletion\Recovered data\11885-$RPU9U5W.xls,.xls,0.03,OK,
C:\Users\User\OneDrive\Documents\Uni\Dissertation\SSD Files\Kingston A400\TRIM Deletion\Recovered data\11888-$RL6AI79.xls,.xls,0.09,OK,
C:\Users\User\OneDrive\Documents\Uni\Dissertation\SSD Files\Kingston A400\TRIM Deletion\Recovered data\11891-$R39VQJJ.xls,.xls,0.12,OK,
C:\Users\User\OneDrive\Documents\Uni\Dissertation\SSD Files\Kingston A400\TRIM Deletion\Recovered data\11894-$RK4N3DS.xls,.xls,0.11,OK,
C:\Users\User\OneDrive\Documents\Uni\Dissertation\SSD Files\Kingston A400\TRIM Deletion\Recovered data\11897-$R9Y7MT5.xls,.xls,0.05,OK,
C:\Users\User\OneDrive\Documents\Uni\Dissertation\SSD Files\Kingston A400\TRIM Deletion\Recovered data\119-$R8AXHTG.doc,.doc,0.06,OK,
C:\Users\User\OneDrive\Documents\Uni\Dissertation\SSD Files\Kingston A400\TRIM Deletion\Recovered data\11900-$RE1WYJV.xls,.xls,0.07,OK,
C:\Users\User\OneDrive\Documents\Uni\Dissertation\SSD Files\Kingston A400\TRIM Deletion\Recovered data\11903-$RY9DEWV.xls,.xls,0.02,OK,
C:\Users\User\OneDrive\Documents\Uni\Dissertation\SSD Files\Kingston A400\TRIM Deletion\Recovered data\11906-$RB4KW04.xls,.xls,0.04,OK,
C:\Users\User\OneDrive\Documents\Uni\Dissertation\SSD Files\Kingston A400\TRIM Deletion\Recovered data\11909-$R64LH2D.xls,.xls,0.02,OK,
C:\Users\User\OneDrive\Documents\Uni\Dissertation\SSD Files\Kingston A400\TRIM Deletion\Recovered data\1191-$RZ25ZT1.doc,.doc,0.04,OK,
C:\Users\User\OneDrive\Documents\Uni\Dissertation\SSD Files\Kingston A400\TRIM Deletion\Recovered data\11911-$RU23NV4.xls,.xls,0.29,OK,
C:\Users\User\OneDrive\Documents\Uni\Dissertation\SSD Files\Kingston A400\TRIM Deletion\Recovered data\11914-$RP4EI6H.xls,.xls,0.11,OK,
C:\Users\User\OneDrive\Documents\Uni\Dissertation\SSD Files\Kingston A400\TRIM Deletion\Recovered data\11917-$R58SDTV.xls,.xls,0.21,OK,
C:\Users\User\OneDrive\Documents\Uni\Dissertation\SSD Files\Kingston A400\TRIM Deletion\Recovered data\11920-$RKKNMIM.xls,.xls,0.04,OK,
C:\Users\User\OneDrive\Documents\Uni\Dissertation\SSD Files\Kingston A400\TRIM Deletion\Recovered data\11923-$RPGRYW9.xls,.xls,0.16,OK,
C:\Users\User\OneDrive\Documents\Uni\Dissertation\SSD Files\Kingston A400\TRIM Deletion\Recovered data\11926-$RRSSSM1.xls,.xls,1.56,OK,
C:\Users\User\OneDrive\Documents\Uni\Dissertation\SSD Files\Kingston A400\TRIM Deletion\Recovered data\11929-$RO8OLEK.xls,.xls,0.07,OK,
C:\Users\User\OneDrive\Documents\Uni\Dissertation\SSD Files\Kingston A400\TRIM Deletion\Recovered data\11932-$R617IYW.xls,.xls,0.02,OK,
C:\Users\User\OneDrive\Documents\Uni\Dissertation\SSD Files\Kingston A400\TRIM Deletion\Recovered data\11935-$R5PSMWJ.xls,.xls,0.89,OK,
C:\Users\User\OneDrive\Documents\Uni\Dissertation\SSD Files\Kingston A400\TRIM Deletion\Recovered data\11938-$RXR9R7O.xls,.xls,0.04,OK,
C:\Users\User\OneDrive\Documents\Uni\Dissertation\SSD Files\Kingston A400\TRIM Deletion\Recovered data\1194-$R4X5X2K.doc,.doc,0.09,FAILED,"(-2147352567, 'Exception occurred.', (0, 'Microsoft Word', 'Office has detected a problem with this file. To help protect your computer this file cannot be opened.\r (C:\\Users\\User\\...\\1194-$R4X5X2K.doc)', 'wdmain11.chm', 25775, -2146821993), None)"
C:\Users\User\OneDrive\Documents\Uni\Dissertation\SSD Files\Kingston A400\TRIM Deletion\Recovered data\11941-$RBRPWJG.xls,.xls,0.05,OK,
C:\Users\User\OneDrive\Documents\Uni\Dissertation\SSD Files\Kingston A400\TRIM Deletion\Recovered data\11944-$RT5ET3O.xls,.xls,1.08,OK,
C:\Users\User\OneDrive\Documents\Uni\Dissertation\SSD Files\Kingston A400\TRIM Deletion\Recovered data\11947-$RLKIYYQ.xls,.xls,0.13,OK,
C:\Users\User\OneDrive\Documents\Uni\Dissertation\SSD Files\Kingston A400\TRIM Deletion\Recovered data\11950-$RDQ6P54.xls,.xls,0.02,OK,
C:\Users\User\OneDrive\Documents\Uni\Dissertation\SSD Files\Kingston A400\TRIM Deletion\Recovered data\11953-$RMM051C.xls,.xls,1.0,OK,
C:\Users\User\OneDrive\Documents\Uni\Dissertation\SSD Files\Kingston A400\TRIM Deletion\Recovered data\11956-$R59MSR3.xls,.xls,0.06,OK,
C:\Users\User\OneDrive\Documents\Uni\Dissertation\SSD Files\Kingston A400\TRIM Deletion\Recovered data\11959-$RRSE15B.xls,.xls,0.11,OK,
C:\Users\User\OneDrive\Documents\Uni\Dissertation\SSD Files\Kingston A400\TRIM Deletion\Recovered data\11962-$RACO0XZ.xls,.xls,1.55,OK,
C:\Users\User\OneDrive\Documents\Uni\Dissertation\SSD Files\Kingston A400\TRIM Deletion\Recovered data\11965-$R89KL2J.xls,.xls,0.03,OK,
C:\Users\User\OneDrive\Documents\Uni\Dissertation\SSD Files\Kingston A400\TRIM Deletion\Recovered data\11968-$ROZJP63.xls,.xls,0.18,OK,
C:\Users\User\OneDrive\Documents\Uni\Dissertation\SSD Files\Kingston A400\TRIM Deletion\Recovered data\1197-$RFNUDEI.doc,.doc,0.24,OK,
C:\Users\User\OneDrive\Documents\Uni\Dissertation\SSD Files\Kingston A400\TRIM Deletion\Recovered data\11971-$RMK7CGC.xls,.xls,8.43,OK,
C:\Users\User\OneDrive\Documents\Uni\Dissertation\SSD Files\Kingston A400\TRIM Deletion\Recovered data\11974-$RS0G6PB.xls,.xls,8.94,OK,
C:\Users\User\OneDrive\Documents\Uni\Dissertation\SSD Files\Kingston A400\TRIM Deletion\Recovered data\11977-$RXOTIZ0.xls,.xls,11.57,OK,
C:\Users\User\OneDrive\Documents\Uni\Dissertation\SSD Files\Kingston A400\TRIM Deletion\Recovered data\11980-$R4WR9AO.xls,.xls,1.74,OK,
C:\Users\User\OneDrive\Documents\Uni\Dissertation\SSD Files\Kingston A400\TRIM Deletion\Recovered data\11983-$RDIAKJV.xls,.xls,2.27,OK,
C:\Users\User\OneDrive\Documents\Uni\Dissertation\SSD Files\Kingston A400\TRIM Deletion\Recovered data\11986-$RX4FVM1.xls,.xls,0.03,OK,
C:\Users\User\OneDrive\Documents\Uni\Dissertation\SSD Files\Kingston A400\TRIM Deletion\Recovered data\11989-$RTREBBC.xls,.xls,0.03,OK,
C:\Users\User\OneDrive\Documents\Uni\Dissertation\SSD Files\Kingston A400\TRIM Deletion\Recovered data\11992-$RAPN0RN.xls,.xls,0.09,OK,
C:\Users\User\OneDrive\Documents\Uni\Dissertation\SSD Files\Kingston A400\TRIM Deletion\Recovered data\11995-$RFGYWVU.xls,.xls,0.02,OK,
C:\Users\User\OneDrive\Documents\Uni\Dissertation\SSD Files\Kingston A400\TRIM Deletion\Recovered data\11997-$R7SU1IU.xls,.xls,2.16,OK,
C:\Users\User\OneDrive\Documents\Uni\Dissertation\SSD Files\Kingston A400\TRIM Deletion\Recovered data\11999-$R2RGJ2D.xls,.xls,0.08,OK,
C:\Users\User\OneDrive\Documents\Uni\Dissertation\SSD Files\Kingston A400\TRIM Deletion\Recovered data\1200-$RIUSQSL.doc,.doc,0.04,OK,
C:\Users\User\OneDrive\Documents\Uni\Dissertation\SSD Files\Kingston A400\TRIM Deletion\Recovered data\12002-$RQXPLZ4.xls,.xls,0.09,OK,
C:\Users\User\OneDrive\Documents\Uni\Dissertation\SSD Files\Kingston A400\TRIM Deletion\Recovered data\12005-$RQ3XBTW.xls,.xls,0.07,OK,
C:\Users\User\OneDrive\Documents\Uni\Dissertation\SSD Files\Kingston A400\TRIM Deletion\Recovered data\12007-$R1ZQB7X.xls,.xls,0.04,OK,
C:\Users\User\OneDrive\Documents\Uni\Dissertation\SSD Files\Kingston A400\TRIM Deletion\Recovered data\12009-$RR797PO.xls,.xls,0.02,OK,
C:\Users\User\OneDrive\Documents\Uni\Dissertation\SSD Files\Kingston A400\TRIM Deletion\Recovered data\12012-$RMRIUEX.xls,.xls,0.04,OK,
C:\Users\User\OneDrive\Documents\Uni\Dissertation\SSD Files\Kingston A400\TRIM Deletion\Recovered data\12015-$R6AW8KW.xls,.xls,0.06,OK,
C:\Users\User\OneDrive\Documents\Uni\Dissertation\SSD Files\Kingston A400\TRIM Deletion\Recovered data\12018-$RP1OBPL.xls,.xls,0.04,OK,
C:\Users\User\OneDrive\Documents\Uni\Dissertation\SSD Files\Kingston A400\TRIM Deletion\Recovered data\12021-$R4XI5XU.xls,.xls,0.12,OK,
C:\Users\User\OneDrive\Documents\Uni\Dissertation\SSD Files\Kingston A400\TRIM Deletion\Recovered data\12024-$RWW9MXH.xls,.xls,0.11,OK,
C:\Users\User\OneDrive\Documents\Uni\Dissertation\SSD Files\Kingston A400\TRIM Deletion\Recovered data\12027-$RVFHXDD.xls,.xls,3.02,OK,
C:\Users\User\OneDrive\Documents\Uni\Dissertation\SSD Files\Kingston A400\TRIM Deletion\Recovered data\1203-$R2T5AEA.doc,.doc,0.06,OK,
C:\Users\User\OneDrive\Documents\Uni\Dissertation\SSD Files\Kingston A400\TRIM Deletion\Recovered data\12030-$RU9M7PL.xls,.xls,0.1,OK,
C:\Users\User\OneDrive\Documents\Uni\Dissertation\SSD Files\Kingston A400\TRIM Deletion\Recovered data\12033-$RXV0YDM.xls,.xls,0.41,OK,
C:\Users\User\OneDrive\Documents\Uni\Dissertation\SSD Files\Kingston A400\TRIM Deletion\Recovered data\12036-$RNIRQ9X.xls,.xls,0.04,OK,
C:\Users\User\OneDrive\Documents\Uni\Dissertation\SSD Files\Kingston A400\TRIM Deletion\Recovered data\12039-$RCL36OR.xls,.xls,0.05,OK,
C:\Users\User\OneDrive\Documents\Uni\Dissertation\SSD Files\Kingston A400\TRIM Deletion\Recovered data\12042-$RXAJ2XQ.xls,.xls,0.21,OK,
C:\Users\User\OneDrive\Documents\Uni\Dissertation\SSD Files\Kingston A400\TRIM Deletion\Recovered data\12045-$RAT5ATD.xls,.xls,0.03,OK,
C:\Users\User\OneDrive\Documents\Uni\Dissertation\SSD Files\Kingston A400\TRIM Deletion\Recovered data\12048-$RTBOXB0.xls,.xls,0.22,OK,
C:\Users\User\OneDrive\Documents\Uni\Dissertation\SSD Files\Kingston A400\TRIM Deletion\Recovered data\1205-$R3UW5IH.doc,.doc,0.03,OK,
C:\Users\User\OneDrive\Documents\Uni\Dissertation\SSD Files\Kingston A400\TRIM Deletion\Recovered data\12051-$RX3TMKI.xls,.xls,0.19,OK,
C:\Users\User\OneDrive\Documents\Uni\Dissertation\SSD Files\Kingston A400\TRIM Deletion\Recovered data\12054-$RLEZU1U.xls,.xls,0.23,OK,
C:\Users\User\OneDrive\Documents\Uni\Dissertation\SSD Files\Kingston A400\TRIM Deletion\Recovered data\12057-$R1VYEPA.xls,.xls,0.1,OK,
C:\Users\User\OneDrive\Documents\Uni\Dissertation\SSD Files\Kingston A400\TRIM Deletion\Recovered data\12060-$R3NU2X7.xls,.xls,0.04,OK,
C:\Users\User\OneDrive\Documents\Uni\Dissertation\SSD Files\Kingston A400\TRIM Deletion\Recovered data\12063-$RE40TXX.xls,.xls,0.34,OK,
C:\Users\User\OneDrive\Documents\Uni\Dissertation\SSD Files\Kingston A400\TRIM Deletion\Recovered data\12065-$RC0DYI7.xls,.xls,0.26,OK,
C:\Users\User\OneDrive\Documents\Uni\Dissertation\SSD Files\Kingston A400\TRIM Deletion\Recovered data\12068-$RHGTPAW.xls,.xls,0.03,OK,
C:\Users\User\OneDrive\Documents\Uni\Dissertation\SSD Files\Kingston A400\TRIM Deletion\Recovered data\12071-$RPP41A0.xls,.xls,0.36,OK,
C:\Users\User\OneDrive\Documents\Uni\Dissertation\SSD Files\Kingston A400\TRIM Deletion\Recovered data\12074-$RHWRXDL.xls,.xls,0.2,OK,
C:\Users\User\OneDrive\Documents\Uni\Dissertation\SSD Files\Kingston A400\TRIM Deletion\Recovered data\12077-$RGE73VJ.xls,.xls,0.04,OK,
C:\Users\User\OneDrive\Documents\Uni\Dissertation\SSD Files\Kingston A400\TRIM Deletion\Recovered data\12079-$RR5MO22.xls,.xls,0.04,OK,
C:\Users\User\OneDrive\Documents\Uni\Dissertation\SSD Files\Kingston A400\TRIM Deletion\Recovered data\1208-$R7GGTHA.doc,.doc,0.08,OK,
C:\Users\User\OneDrive\Documents\Uni\Dissertation\SSD Files\Kingston A400\TRIM Deletion\Recovered data\12081-$RR2YUUS.xls,.xls,0.03,OK,
C:\Users\User\OneDrive\Documents\Uni\Dissertation\SSD Files\Kingston A400\TRIM Deletion\Recovered data\12084-$RNUPPGL.xls,.xls,0.06,OK,
C:\Users\User\OneDrive\Documents\Uni\Dissertation\SSD Files\Kingston A400\TRIM Deletion\Recovered data\12087-$RESWPMC.xls,.xls,0.04,OK,
C:\Users\User\OneDrive\Documents\Uni\Dissertation\SSD Files\Kingston A400\TRIM Deletion\Recovered data\12090-$RFOA1HY.xls,.xls,0.09,OK,
C:\Users\User\OneDrive\Documents\Uni\Dissertation\SSD Files\Kingston A400\TRIM Deletion\Recovered data\12093-$RU7FUV1.xls,.xls,0.1,OK,
C:\Users\User\OneDrive\Documents\Uni\Dissertation\SSD Files\Kingston A400\TRIM Deletion\Recovered data\12096-$RS9AXNU.xls,.xls,0.05,OK,
C:\Users\User\OneDrive\Documents\Uni\Dissertation\SSD Files\Kingston A400\TRIM Deletion\Recovered data\12099-$ROG7MRK.xls,.xls,3.82,OK,
C:\Users\User\OneDrive\Documents\Uni\Dissertation\SSD Files\Kingston A400\TRIM Deletion\Recovered data\12102-$RXPF203.xls,.xls,4.98,OK,
C:\Users\User\OneDrive\Documents\Uni\Dissertation\SSD Files\Kingston A400\TRIM Deletion\Recovered data\12104-$R0GQHOJ.xls,.xls,8.61,OK,
C:\Users\User\OneDrive\Documents\Uni\Dissertation\SSD Files\Kingston A400\TRIM Deletion\Recovered data\12106-$RXWXR0K.xls,.xls,4.78,OK,
C:\Users\User\OneDrive\Documents\Uni\Dissertation\SSD Files\Kingston A400\TRIM Deletion\Recovered data\12109-$RR04Q1W.xls,.xls,6.85,OK,
C:\Users\User\OneDrive\Documents\Uni\Dissertation\SSD Files\Kingston A400\TRIM Deletion\Recovered data\1211-$RH8IJTU.doc,.doc,0.06,OK,
C:\Users\User\OneDrive\Documents\Uni\Dissertation\SSD Files\Kingston A400\TRIM Deletion\Recovered data\12112-$RIPLT97.xls,.xls,5.68,OK,
C:\Users\User\OneDrive\Documents\Uni\Dissertation\SSD Files\Kingston A400\TRIM Deletion\Recovered data\12115-$RQKS7KH.xls,.xls,7.58,OK,
C:\Users\User\OneDrive\Documents\Uni\Dissertation\SSD Files\Kingston A400\TRIM Deletion\Recovered data\12118-$R9ABE29.xls,.xls,0.03,OK,
C:\Users\User\OneDrive\Documents\Uni\Dissertation\SSD Files\Kingston A400\TRIM Deletion\Recovered data\12121-$RK9T4KI.xls,.xls,0.03,OK,
C:\Users\User\OneDrive\Documents\Uni\Dissertation\SSD Files\Kingston A400\TRIM Deletion\Recovered data\12124-$RNPFHGP.xls,.xls,0.15,OK,
C:\Users\User\OneDrive\Documents\Uni\Dissertation\SSD Files\Kingston A400\TRIM Deletion\Recovered data\12126-$RF1JVOB.xls,.xls,0.32,OK,
C:\Users\User\OneDrive\Documents\Uni\Dissertation\SSD Files\Kingston A400\TRIM Deletion\Recovered data\12129-$RZ3LVN2.xls,.xls,0.09,OK,
C:\Users\User\OneDrive\Documents\Uni\Dissertation\SSD Files\Kingston A400\TRIM Deletion\Recovered data\12132-$RZXHY66.xls,.xls,0.1,OK,
C:\Users\User\OneDrive\Documents\Uni\Dissertation\SSD Files\Kingston A400\TRIM Deletion\Recovered data\12135-$RSJLEIT.xls,.xls,0.02,OK,
C:\Users\User\OneDrive\Documents\Uni\Dissertation\SSD Files\Kingston A400\TRIM Deletion\Recovered data\12138-$R0KJ9SX.xls,.xls,0.02,OK,
C:\Users\User\OneDrive\Documents\Uni\Dissertation\SSD Files\Kingston A400\TRIM Deletion\Recovered data\1214-$R48HQMB.doc,.doc,0.61,FAILED,"(-2147352567, 'Exception occurred.', (0, 'Microsoft Word', 'Office has detected a problem with this file. To help protect your computer this file cannot be opened.\r (C:\\Users\\User\\...\\1214-$R48HQMB.doc)', 'wdmain11.chm', 25775, -2146821993), None)"
C:\Users\User\OneDrive\Documents\Uni\Dissertation\SSD Files\Kingston A400\TRIM Deletion\Recovered data\12140-$RN5B33L.xls,.xls,0.04,OK,
C:\Users\User\OneDrive\Documents\Uni\Dissertation\SSD Files\Kingston A400\TRIM Deletion\Recovered data\12143-$R7G42TF.xls,.xls,0.67,OK,
C:\Users\User\OneDrive\Documents\Uni\Dissertation\SSD Files\Kingston A400\TRIM Deletion\Recovered data\12146-$RPPBJ54.xls,.xls,0.04,OK,
C:\Users\User\OneDrive\Documents\Uni\Dissertation\SSD Files\Kingston A400\TRIM Deletion\Recovered data\12149-$R8MT050.xls,.xls,0.02,OK,
C:\Users\User\OneDrive\Documents\Uni\Dissertation\SSD Files\Kingston A400\TRIM Deletion\Recovered data\12152-$RO84XYG.xls,.xls,0.05,OK,
C:\Users\User\OneDrive\Documents\Uni\Dissertation\SSD Files\Kingston A400\TRIM Deletion\Recovered data\12155-$RYVXDGK.xls,.xls,0.02,OK,
C:\Users\User\OneDrive\Documents\Uni\Dissertation\SSD Files\Kingston A400\TRIM Deletion\Recovered data\12158-$RR1AP3X.xls,.xls,0.11,OK,
C:\Users\User\OneDrive\Documents\Uni\Dissertation\SSD Files\Kingston A400\TRIM Deletion\Recovered data\12161-$RSQ07H4.xls,.xls,0.04,OK,
C:\Users\User\OneDrive\Documents\Uni\Dissertation\SSD Files\Kingston A400\TRIM Deletion\Recovered data\12164-$RWY27AQ.xls,.xls,0.03,OK,
C:\Users\User\OneDrive\Documents\Uni\Dissertation\SSD Files\Kingston A400\TRIM Deletion\Recovered data\12167-$RD3F5ZL.xls,.xls,0.03,OK,
C:\Users\User\OneDrive\Documents\Uni\Dissertation\SSD Files\Kingston A400\TRIM Deletion\Recovered data\1217-$R0L3YOG.doc,.doc,0.37,FAILED,"(-2147352567, 'Exception occurred.', (0, 'Microsoft Word', 'Office has detected a problem with this file. To help protect your computer this file cannot be opened.\r (C:\\Users\\User\\...\\1217-$R0L3YOG.doc)', 'wdmain11.chm', 25775, -2146821993), None)"
C:\Users\User\OneDrive\Documents\Uni\Dissertation\SSD Files\Kingston A400\TRIM Deletion\Recovered data\12170-$RU02321.xls,.xls,0.04,OK,
C:\Users\User\OneDrive\Documents\Uni\Dissertation\SSD Files\Kingston A400\TRIM Deletion\Recovered data\12172-$R7P33CX.xls,.xls,0.05,OK,
C:\Users\User\OneDrive\Documents\Uni\Dissertation\SSD Files\Kingston A400\TRIM Deletion\Recovered data\12175-$RTZ9JJX.xls,.xls,3.72,OK,
C:\Users\User\OneDrive\Documents\Uni\Dissertation\SSD Files\Kingston A400\TRIM Deletion\Recovered data\12177-$R50MWFK.xls,.xls,0.23,OK,
C:\Users\User\OneDrive\Documents\Uni\Dissertation\SSD Files\Kingston A400\TRIM Deletion\Recovered data\12180-$RHMHKU4.xls,.xls,0.03,OK,
C:\Users\User\OneDrive\Documents\Uni\Dissertation\SSD Files\Kingston A400\TRIM Deletion\Recovered data\12183-$RO768PD.xls,.xls,0.09,OK,
C:\Users\User\OneDrive\Documents\Uni\Dissertation\SSD Files\Kingston A400\TRIM Deletion\Recovered data\12185-$RPNQ7ZQ.xls,.xls,0.09,OK,
C:\Users\User\OneDrive\Documents\Uni\Dissertation\SSD Files\Kingston A400\TRIM Deletion\Recovered data\12188-$RJE1BYT.xls,.xls,0.06,OK,
C:\Users\User\OneDrive\Documents\Uni\Dissertation\SSD Files\Kingston A400\TRIM Deletion\Recovered data\12191-$RJ6QBCD.xls,.xls,0.01,OK,
C:\Users\User\OneDrive\Documents\Uni\Dissertation\SSD Files\Kingston A400\TRIM Deletion\Recovered data\12194-$RH9DXRN.xls,.xls,0.62,OK,
C:\Users\User\OneDrive\Documents\Uni\Dissertation\SSD Files\Kingston A400\TRIM Deletion\Recovered data\12197-$RTTQY7Y.xls,.xls,1.15,OK,
C:\Users\User\OneDrive\Documents\Uni\Dissertation\SSD Files\Kingston A400\TRIM Deletion\Recovered data\122-$R793MJQ.doc,.doc,4.85,FAILED,"(-2147352567, 'Exception occurred.', (0, 'Microsoft Word', 'Word experienced an error trying to open the file.\nTry these suggestions.\n* Check the file permissions for the document or drive.\n* Make sure there is sufficient free memory and disk space.\n* Open the file with the Text Recovery converter.\r (C:\\Users\\User\\...\\122-$R793MJQ.doc)', 'wdmain11.chm', 24601, -2146823167), None)"
C:\Users\User\OneDrive\Documents\Uni\Dissertation\SSD Files\Kingston A400\TRIM Deletion\Recovered data\1220-$R7J40ZJ.doc,.doc,0.02,OK,
C:\Users\User\OneDrive\Documents\Uni\Dissertation\SSD Files\Kingston A400\TRIM Deletion\Recovered data\12200-$R4K8YQX.xls,.xls,3.96,OK,
C:\Users\User\OneDrive\Documents\Uni\Dissertation\SSD Files\Kingston A400\TRIM Deletion\Recovered data\12203-$RPL6WYG.xls,.xls,0.14,OK,
C:\Users\User\OneDrive\Documents\Uni\Dissertation\SSD Files\Kingston A400\TRIM Deletion\Recovered data\12205-$RKHEGF8.xls,.xls,12.35,OK,
C:\Users\User\OneDrive\Documents\Uni\Dissertation\SSD Files\Kingston A400\TRIM Deletion\Recovered data\12208-$RJFWCZU.xls,.xls,0.7,OK,
C:\Users\User\OneDrive\Documents\Uni\Dissertation\SSD Files\Kingston A400\TRIM Deletion\Recovered data\12211-$RPO75W9.xls,.xls,2.65,OK,
C:\Users\User\OneDrive\Documents\Uni\Dissertation\SSD Files\Kingston A400\TRIM Deletion\Recovered data\12214-$RFADCG2.xls,.xls,3.22,OK,
C:\Users\User\OneDrive\Documents\Uni\Dissertation\SSD Files\Kingston A400\TRIM Deletion\Recovered data\12216-$RD373NZ.xls,.xls,8.38,OK,
C:\Users\User\OneDrive\Documents\Uni\Dissertation\SSD Files\Kingston A400\TRIM Deletion\Recovered data\12219-$RTJ90DG.xls,.xls,0.4,OK,
C:\Users\User\OneDrive\Documents\Uni\Dissertation\SSD Files\Kingston A400\TRIM Deletion\Recovered data\12222-$R6DLJ4X.xls,.xls,0.6,OK,
C:\Users\User\OneDrive\Documents\Uni\Dissertation\SSD Files\Kingston A400\TRIM Deletion\Recovered data\12225-$RQP5E70.xls,.xls,0.04,OK,
C:\Users\User\OneDrive\Documents\Uni\Dissertation\SSD Files\Kingston A400\TRIM Deletion\Recovered data\12228-$RLTY8GU.xls,.xls,0.1,OK,
C:\Users\User\OneDrive\Documents\Uni\Dissertation\SSD Files\Kingston A400\TRIM Deletion\Recovered data\1223-$R3PCY6Q.doc,.doc,0.25,FAILED,"(-2147352567, 'Exception occurred.', (0, 'Microsoft Word', 'Office has detected a problem with this file. To help protect your computer this file cannot be opened.\r (C:\\Users\\User\\...\\1223-$R3PCY6Q.doc)', 'wdmain11.chm', 25775, -2146821993), None)"
C:\Users\User\OneDrive\Documents\Uni\Dissertation\SSD Files\Kingston A400\TRIM Deletion\Recovered data\12231-$RB6ZK8A.xls,.xls,0.58,OK,
C:\Users\User\OneDrive\Documents\Uni\Dissertation\SSD Files\Kingston A400\TRIM Deletion\Recovered data\12234-$RVZTT0V.xls,.xls,4.88,OK,
C:\Users\User\OneDrive\Documents\Uni\Dissertation\SSD Files\Kingston A400\TRIM Deletion\Recovered data\12236-$RIZ5J2V.xls,.xls,0.09,OK,
C:\Users\User\OneDrive\Documents\Uni\Dissertation\SSD Files\Kingston A400\TRIM Deletion\Recovered data\12238-$RNXRECI.xls,.xls,0.04,OK,
C:\Users\User\OneDrive\Documents\Uni\Dissertation\SSD Files\Kingston A400\TRIM Deletion\Recovered data\12241-$RS1DGE3.xls,.xls,0.4,OK,
C:\Users\User\OneDrive\Documents\Uni\Dissertation\SSD Files\Kingston A400\TRIM Deletion\Recovered data\12244-$RJX7DGF.xls,.xls,0.04,OK,
C:\Users\User\OneDrive\Documents\Uni\Dissertation\SSD Files\Kingston A400\TRIM Deletion\Recovered data\12247-$RFEBMBA.xls,.xls,0.02,OK,
C:\Users\User\OneDrive\Documents\Uni\Dissertation\SSD Files\Kingston A400\TRIM Deletion\Recovered data\12250-$RAIF64D.xls,.xls,0.02,OK,
C:\Users\User\OneDrive\Documents\Uni\Dissertation\SSD Files\Kingston A400\TRIM Deletion\Recovered data\12253-$RJFI12N.xls,.xls,0.1,OK,
C:\Users\User\OneDrive\Documents\Uni\Dissertation\SSD Files\Kingston A400\TRIM Deletion\Recovered data\12255-$R4AZE5W.xls,.xls,0.08,OK,
C:\Users\User\OneDrive\Documents\Uni\Dissertation\SSD Files\Kingston A400\TRIM Deletion\Recovered data\12258-$RWG2CYH.xls,.xls,0.03,OK,
C:\Users\User\OneDrive\Documents\Uni\Dissertation\SSD Files\Kingston A400\TRIM Deletion\Recovered data\1226-$R1BSJ5F.doc,.doc,0.04,OK,
C:\Users\User\OneDrive\Documents\Uni\Dissertation\SSD Files\Kingston A400\TRIM Deletion\Recovered data\12261-$R5CETRN.xls,.xls,0.03,OK,
C:\Users\User\OneDrive\Documents\Uni\Dissertation\SSD Files\Kingston A400\TRIM Deletion\Recovered data\12264-$R992BF8.xls,.xls,0.05,OK,
C:\Users\User\OneDrive\Documents\Uni\Dissertation\SSD Files\Kingston A400\TRIM Deletion\Recovered data\12267-$RWAK1RJ.xls,.xls,0.1,OK,
C:\Users\User\OneDrive\Documents\Uni\Dissertation\SSD Files\Kingston A400\TRIM Deletion\Recovered data\12270-$RVSE5KF.xls,.xls,0.06,OK,
C:\Users\User\OneDrive\Documents\Uni\Dissertation\SSD Files\Kingston A400\TRIM Deletion\Recovered data\12273-$R4PT0DP.xls,.xls,0.06,OK,
C:\Users\User\OneDrive\Documents\Uni\Dissertation\SSD Files\Kingston A400\TRIM Deletion\Recovered data\12276-$R8R3ETY.xls,.xls,0.12,OK,
C:\Users\User\OneDrive\Documents\Uni\Dissertation\SSD Files\Kingston A400\TRIM Deletion\Recovered data\12279-$RPU7OTI.xls,.xls,3.5,OK,
C:\Users\User\OneDrive\Documents\Uni\Dissertation\SSD Files\Kingston A400\TRIM Deletion\Recovered data\12282-$RC183K2.xls,.xls,3.66,OK,
C:\Users\User\OneDrive\Documents\Uni\Dissertation\SSD Files\Kingston A400\TRIM Deletion\Recovered data\12285-$RFAGZ21.xls,.xls,0.31,OK,
C:\Users\User\OneDrive\Documents\Uni\Dissertation\SSD Files\Kingston A400\TRIM Deletion\Recovered data\12288-$RBM6KQI.xls,.xls,0.47,OK,
C:\Users\User\OneDrive\Documents\Uni\Dissertation\SSD Files\Kingston A400\TRIM Deletion\Recovered data\1229-$RHJ0X75.doc,.doc,0.06,OK,
C:\Users\User\OneDrive\Documents\Uni\Dissertation\SSD Files\Kingston A400\TRIM Deletion\Recovered data\12291-$R9N5NLF.xls,.xls,2.55,OK,
C:\Users\User\OneDrive\Documents\Uni\Dissertation\SSD Files\Kingston A400\TRIM Deletion\Recovered data\12294-$RD4CF54.xls,.xls,3.15,OK,
C:\Users\User\OneDrive\Documents\Uni\Dissertation\SSD Files\Kingston A400\TRIM Deletion\Recovered data\12297-$R162PWH.xls,.xls,0.26,OK,
C:\Users\User\OneDrive\Documents\Uni\Dissertation\SSD Files\Kingston A400\TRIM Deletion\Recovered data\12300-$R5MJO2O.xls,.xls,0.03,OK,
C:\Users\User\OneDrive\Documents\Uni\Dissertation\SSD Files\Kingston A400\TRIM Deletion\Recovered data\12302-$R9HDCX9.xls,.xls,0.51,OK,
C:\Users\User\OneDrive\Documents\Uni\Dissertation\SSD Files\Kingston A400\TRIM Deletion\Recovered data\12305-$RTO8XH6.xls,.xls,0.04,OK,
C:\Users\User\OneDrive\Documents\Uni\Dissertation\SSD Files\Kingston A400\TRIM Deletion\Recovered data\12308-$R4SA8QW.xls,.xls,0.02,OK,
C:\Users\User\OneDrive\Documents\Uni\Dissertation\SSD Files\Kingston A400\TRIM Deletion\Recovered data\12311-$RIUP746.xls,.xls,0.09,OK,
C:\Users\User\OneDrive\Documents\Uni\Dissertation\SSD Files\Kingston A400\TRIM Deletion\Recovered data\12314-$RMIVG2Z.xls,.xls,0.07,OK,
C:\Users\User\OneDrive\Documents\Uni\Dissertation\SSD Files\Kingston A400\TRIM Deletion\Recovered data\12316-$RUKNHLT.xls,.xls,0.29,OK,
C:\Users\User\OneDrive\Documents\Uni\Dissertation\SSD Files\Kingston A400\TRIM Deletion\Recovered data\12319-$RZR5SXZ.xls,.xls,0.12,OK,
C:\Users\User\OneDrive\Documents\Uni\Dissertation\SSD Files\Kingston A400\TRIM Deletion\Recovered data\1232-$R58G43S.doc,.doc,0.11,OK,
C:\Users\User\OneDrive\Documents\Uni\Dissertation\SSD Files\Kingston A400\TRIM Deletion\Recovered data\12322-$RY0L3FJ.xls,.xls,1.81,OK,
C:\Users\User\OneDrive\Documents\Uni\Dissertation\SSD Files\Kingston A400\TRIM Deletion\Recovered data\12325-$RWY8C0D.xls,.xls,2.21,OK,
C:\Users\User\OneDrive\Documents\Uni\Dissertation\SSD Files\Kingston A400\TRIM Deletion\Recovered data\12328-$R4A69AS.xls,.xls,0.09,OK,
C:\Users\User\OneDrive\Documents\Uni\Dissertation\SSD Files\Kingston A400\TRIM Deletion\Recovered data\12331-$R08SJDK.xls,.xls,4.41,OK,
C:\Users\User\OneDrive\Documents\Uni\Dissertation\SSD Files\Kingston A400\TRIM Deletion\Recovered data\12334-$RR54KNT.xls,.xls,0.09,OK,
C:\Users\User\OneDrive\Documents\Uni\Dissertation\SSD Files\Kingston A400\TRIM Deletion\Recovered data\12337-$RT9OVPZ.xls,.xls,0.73,OK,
C:\Users\User\OneDrive\Documents\Uni\Dissertation\SSD Files\Kingston A400\TRIM Deletion\Recovered data\1234-$RY8KY1X.doc,.doc,12.59,OK,
C:\Users\User\OneDrive\Documents\Uni\Dissertation\SSD Files\Kingston A400\TRIM Deletion\Recovered data\12340-$R4YOH8F.xls,.xls,0.35,OK,
C:\Users\User\OneDrive\Documents\Uni\Dissertation\SSD Files\Kingston A400\TRIM Deletion\Recovered data\12343-$RJQOKHT.xls,.xls,0.05,OK,
C:\Users\User\OneDrive\Documents\Uni\Dissertation\SSD Files\Kingston A400\TRIM Deletion\Recovered data\12346-$RXEY6ZZ.xls,.xls,0.25,OK,
C:\Users\User\OneDrive\Documents\Uni\Dissertation\SSD Files\Kingston A400\TRIM Deletion\Recovered data\12349-$RBFYZ6X.xls,.xls,0.02,OK,
C:\Users\User\OneDrive\Documents\Uni\Dissertation\SSD Files\Kingston A400\TRIM Deletion\Recovered data\12352-$RSJRYBD.xls,.xls,0.02,OK,
C:\Users\User\OneDrive\Documents\Uni\Dissertation\SSD Files\Kingston A400\TRIM Deletion\Recovered data\12355-$R5DKQ3H.xls,.xls,0.02,OK,
C:\Users\User\OneDrive\Documents\Uni\Dissertation\SSD Files\Kingston A400\TRIM Deletion\Recovered data\12358-$R75PG8N.xls,.xls,0.1,OK,
C:\Users\User\OneDrive\Documents\Uni\Dissertation\SSD Files\Kingston A400\TRIM Deletion\Recovered data\12361-$RKH1HOH.xls,.xls,0.05,OK,
C:\Users\User\OneDrive\Documents\Uni\Dissertation\SSD Files\Kingston A400\TRIM Deletion\Recovered data\12364-$RP1D7J1.xls,.xls,0.06,OK,
C:\Users\User\OneDrive\Documents\Uni\Dissertation\SSD Files\Kingston A400\TRIM Deletion\Recovered data\12367-$RTLWGQZ.xls,.xls,0.02,OK,
C:\Users\User\OneDrive\Documents\Uni\Dissertation\SSD Files\Kingston A400\TRIM Deletion\Recovered data\1237-$R2BR23H.doc,.doc,0.11,FAILED,"(-2147352567, 'Exception occurred.', (0, 'Microsoft Word', 'Office has detected a problem with this file. To help protect your computer this file cannot be opened.\r (C:\\Users\\User\\...\\1237-$R2BR23H.doc)', 'wdmain11.chm', 25775, -2146821993), None)"
C:\Users\User\OneDrive\Documents\Uni\Dissertation\SSD Files\Kingston A400\TRIM Deletion\Recovered data\12370-$R3GPTXQ.xls,.xls,0.11,OK,
C:\Users\User\OneDrive\Documents\Uni\Dissertation\SSD Files\Kingston A400\TRIM Deletion\Recovered data\12373-$RZ9BVJQ.xls,.xls,0.02,OK,
C:\Users\User\OneDrive\Documents\Uni\Dissertation\SSD Files\Kingston A400\TRIM Deletion\Recovered data\12376-$R6CDIWQ.xls,.xls,1.16,OK,
C:\Users\User\OneDrive\Documents\Uni\Dissertation\SSD Files\Kingston A400\TRIM Deletion\Recovered data\12379-$RWX55PT.xls,.xls,0.03,OK,
C:\Users\User\OneDrive\Documents\Uni\Dissertation\SSD Files\Kingston A400\TRIM Deletion\Recovered data\12382-$R459EL1.xls,.xls,0.01,OK,
C:\Users\User\OneDrive\Documents\Uni\Dissertation\SSD Files\Kingston A400\TRIM Deletion\Recovered data\12385-$RGOWZ1P.xls,.xls,0.03,OK,
C:\Users\User\OneDrive\Documents\Uni\Dissertation\SSD Files\Kingston A400\TRIM Deletion\Recovered data\12387-$R4A7N5D.xls,.xls,0.15,OK,
C:\Users\User\OneDrive\Documents\Uni\Dissertation\SSD Files\Kingston A400\TRIM Deletion\Recovered data\1239-$RR6GYM7.doc,.doc,0.3,OK,
C:\Users\User\OneDrive\Documents\Uni\Dissertation\SSD Files\Kingston A400\TRIM Deletion\Recovered data\12390-$RS46B3K.xls,.xls,0.04,OK,
C:\Users\User\OneDrive\Documents\Uni\Dissertation\SSD Files\Kingston A400\TRIM Deletion\Recovered data\12393-$RYYEG2F.xls,.xls,0.05,OK,
C:\Users\User\OneDrive\Documents\Uni\Dissertation\SSD Files\Kingston A400\TRIM Deletion\Recovered data\12396-$RIVLA0E.xls,.xls,0.24,OK,
C:\Users\User\OneDrive\Documents\Uni\Dissertation\SSD Files\Kingston A400\TRIM Deletion\Recovered data\12399-$RLOTI70.xls,.xls,1.23,OK,
C:\Users\User\OneDrive\Documents\Uni\Dissertation\SSD Files\Kingston A400\TRIM Deletion\Recovered data\12402-$RXQ8FV9.xls,.xls,0.08,OK,
C:\Users\User\OneDrive\Documents\Uni\Dissertation\SSD Files\Kingston A400\TRIM Deletion\Recovered data\12405-$RGPBGEA.xls,.xls,0.12,OK,
C:\Users\User\OneDrive\Documents\Uni\Dissertation\SSD Files\Kingston A400\TRIM Deletion\Recovered data\12408-$RNXBFOY.xls,.xls,0.16,OK,
C:\Users\User\OneDrive\Documents\Uni\Dissertation\SSD Files\Kingston A400\TRIM Deletion\Recovered data\12411-$R4XRLBW.xls,.xls,1.75,OK,
C:\Users\User\OneDrive\Documents\Uni\Dissertation\SSD Files\Kingston A400\TRIM Deletion\Recovered data\12414-$RG4OMXS.xls,.xls,0.75,OK,
C:\Users\User\OneDrive\Documents\Uni\Dissertation\SSD Files\Kingston A400\TRIM Deletion\Recovered data\12417-$RXRS587.xls,.xls,0.03,OK,
C:\Users\User\OneDrive\Documents\Uni\Dissertation\SSD Files\Kingston A400\TRIM Deletion\Recovered data\1242-$RZD5UX5.doc,.doc,0.16,OK,
C:\Users\User\OneDrive\Documents\Uni\Dissertation\SSD Files\Kingston A400\TRIM Deletion\Recovered data\12420-$R3HYDHZ.xls,.xls,0.03,OK,
C:\Users\User\OneDrive\Documents\Uni\Dissertation\SSD Files\Kingston A400\TRIM Deletion\Recovered data\12423-$RLPY9RB.xls,.xls,0.3,OK,
C:\Users\User\OneDrive\Documents\Uni\Dissertation\SSD Files\Kingston A400\TRIM Deletion\Recovered data\12426-$RD94QBG.xls,.xls,0.72,OK,
C:\Users\User\OneDrive\Documents\Uni\Dissertation\SSD Files\Kingston A400\TRIM Deletion\Recovered data\12429-$RVWHZ7J.xls,.xls,0.84,OK,
C:\Users\User\OneDrive\Documents\Uni\Dissertation\SSD Files\Kingston A400\TRIM Deletion\Recovered data\12431-$RRQ91GE.xls,.xls,0.24,OK,
C:\Users\User\OneDrive\Documents\Uni\Dissertation\SSD Files\Kingston A400\TRIM Deletion\Recovered data\12434-$R6MS1ET.xls,.xls,0.1,OK,
C:\Users\User\OneDrive\Documents\Uni\Dissertation\SSD Files\Kingston A400\TRIM Deletion\Recovered data\12437-$RU0FW6V.xls,.xls,2.81,OK,
C:\Users\User\OneDrive\Documents\Uni\Dissertation\SSD Files\Kingston A400\TRIM Deletion\Recovered data\12440-$RJMK1O9.xls,.xls,0.01,OK,
C:\Users\User\OneDrive\Documents\Uni\Dissertation\SSD Files\Kingston A400\TRIM Deletion\Recovered data\12442-$R537M73.xls,.xls,0.27,OK,
C:\Users\User\OneDrive\Documents\Uni\Dissertation\SSD Files\Kingston A400\TRIM Deletion\Recovered data\12445-$R6M7QH6.xls,.xls,0.11,OK,
C:\Users\User\OneDrive\Documents\Uni\Dissertation\SSD Files\Kingston A400\TRIM Deletion\Recovered data\12448-$RQPQEPV.xls,.xls,0.02,OK,
C:\Users\User\OneDrive\Documents\Uni\Dissertation\SSD Files\Kingston A400\TRIM Deletion\Recovered data\1245-$RU1LM6L.doc,.doc,0.25,OK,
C:\Users\User\OneDrive\Documents\Uni\Dissertation\SSD Files\Kingston A400\TRIM Deletion\Recovered data\12451-$RWY5GXX.xls,.xls,0.05,OK,
C:\Users\User\OneDrive\Documents\Uni\Dissertation\SSD Files\Kingston A400\TRIM Deletion\Recovered data\12454-$RQFJ0P6.xls,.xls,0.04,OK,
C:\Users\User\OneDrive\Documents\Uni\Dissertation\SSD Files\Kingston A400\TRIM Deletion\Recovered data\12457-$R0L4ESV.xls,.xls,0.04,OK,
C:\Users\User\OneDrive\Documents\Uni\Dissertation\SSD Files\Kingston A400\TRIM Deletion\Recovered data\12460-$RZV9LBB.xls,.xls,0.04,OK,
C:\Users\User\OneDrive\Documents\Uni\Dissertation\SSD Files\Kingston A400\TRIM Deletion\Recovered data\12463-$RWU57PV.xls,.xls,0.04,OK,
C:\Users\User\OneDrive\Documents\Uni\Dissertation\SSD Files\Kingston A400\TRIM Deletion\Recovered data\12466-$R0XNB90.xls,.xls,0.22,OK,
C:\Users\User\OneDrive\Documents\Uni\Dissertation\SSD Files\Kingston A400\TRIM Deletion\Recovered data\12469-$RU8GKZO.xls,.xls,0.23,OK,
C:\Users\User\OneDrive\Documents\Uni\Dissertation\SSD Files\Kingston A400\TRIM Deletion\Recovered data\12472-$RZPZZ2C.xls,.xls,0.07,OK,
C:\Users\User\OneDrive\Documents\Uni\Dissertation\SSD Files\Kingston A400\TRIM Deletion\Recovered data\12474-$RZDVJE0.xls,.xls,2.82,OK,
C:\Users\User\OneDrive\Documents\Uni\Dissertation\SSD Files\Kingston A400\TRIM Deletion\Recovered data\12477-$RO47M81.xls,.xls,0.02,OK,
C:\Users\User\OneDrive\Documents\Uni\Dissertation\SSD Files\Kingston A400\TRIM Deletion\Recovered data\1248-$RUBNMAI.doc,.doc,6.34,OK,
C:\Users\User\OneDrive\Documents\Uni\Dissertation\SSD Files\Kingston A400\TRIM Deletion\Recovered data\12480-$RVKWIK7.xls,.xls,0.43,OK,
C:\Users\User\OneDrive\Documents\Uni\Dissertation\SSD Files\Kingston A400\TRIM Deletion\Recovered data\12482-$RQTJ7YL.xls,.xls,0.78,OK,
C:\Users\User\OneDrive\Documents\Uni\Dissertation\SSD Files\Kingston A400\TRIM Deletion\Recovered data\12485-$R1RFUTD.xls,.xls,0.09,OK,
C:\Users\User\OneDrive\Documents\Uni\Dissertation\SSD Files\Kingston A400\TRIM Deletion\Recovered data\12488-$RPEF7BL.xls,.xls,0.2,OK,
C:\Users\User\OneDrive\Documents\Uni\Dissertation\SSD Files\Kingston A400\TRIM Deletion\Recovered data\12490-$RS1JWW2.xls,.xls,0.02,OK,
C:\Users\User\OneDrive\Documents\Uni\Dissertation\SSD Files\Kingston A400\TRIM Deletion\Recovered data\12493-$RBJCWYI.xls,.xls,0.02,OK,
C:\Users\User\OneDrive\Documents\Uni\Dissertation\SSD Files\Kingston A400\TRIM Deletion\Recovered data\12496-$R8F2EJJ.xls,.xls,0.14,OK,
C:\Users\User\OneDrive\Documents\Uni\Dissertation\SSD Files\Kingston A400\TRIM Deletion\Recovered data\12499-$RP5DOAJ.xls,.xls,0.02,OK,
C:\Users\User\OneDrive\Documents\Uni\Dissertation\SSD Files\Kingston A400\TRIM Deletion\Recovered data\125-$RM00PS1.doc,.doc,0.03,OK,
C:\Users\User\OneDrive\Documents\Uni\Dissertation\SSD Files\Kingston A400\TRIM Deletion\Recovered data\12501-$R3UYT0W.xls,.xls,0.03,OK,
C:\Users\User\OneDrive\Documents\Uni\Dissertation\SSD Files\Kingston A400\TRIM Deletion\Recovered data\12504-$RASHIQ4.xls,.xls,0.26,OK,
C:\Users\User\OneDrive\Documents\Uni\Dissertation\SSD Files\Kingston A400\TRIM Deletion\Recovered data\12507-$RRKQ8YU.xls,.xls,0.02,OK,
C:\Users\User\OneDrive\Documents\Uni\Dissertation\SSD Files\Kingston A400\TRIM Deletion\Recovered data\12509-$RKNLQ88.xls,.xls,0.3,OK,
C:\Users\User\OneDrive\Documents\Uni\Dissertation\SSD Files\Kingston A400\TRIM Deletion\Recovered data\1251-$RPNYVCW.doc,.doc,0.04,OK,
C:\Users\User\OneDrive\Documents\Uni\Dissertation\SSD Files\Kingston A400\TRIM Deletion\Recovered data\12512-$RU00JMV.xls,.xls,0.03,OK,
C:\Users\User\OneDrive\Documents\Uni\Dissertation\SSD Files\Kingston A400\TRIM Deletion\Recovered data\12515-$R9DI677.xls,.xls,0.03,OK,
C:\Users\User\OneDrive\Documents\Uni\Dissertation\SSD Files\Kingston A400\TRIM Deletion\Recovered data\12517-$RB6A9TP.xls,.xls,0.03,OK,
C:\Users\User\OneDrive\Documents\Uni\Dissertation\SSD Files\Kingston A400\TRIM Deletion\Recovered data\12520-$RR9LSMF.xls,.xls,0.04,OK,
C:\Users\User\OneDrive\Documents\Uni\Dissertation\SSD Files\Kingston A400\TRIM Deletion\Recovered data\12523-$RCIPFTH.xls,.xls,0.1,OK,
C:\Users\User\OneDrive\Documents\Uni\Dissertation\SSD Files\Kingston A400\TRIM Deletion\Recovered data\12526-$RVUVSU4.xls,.xls,0.11,OK,
C:\Users\User\OneDrive\Documents\Uni\Dissertation\SSD Files\Kingston A400\TRIM Deletion\Recovered data\12529-$RBZNQRG.xls,.xls,0.05,OK,
C:\Users\User\OneDrive\Documents\Uni\Dissertation\SSD Files\Kingston A400\TRIM Deletion\Recovered data\12532-$RAOQVU7.xls,.xls,0.02,OK,
C:\Users\User\OneDrive\Documents\Uni\Dissertation\SSD Files\Kingston A400\TRIM Deletion\Recovered data\12535-$RAN8OVW.xls,.xls,0.13,OK,
C:\Users\User\OneDrive\Documents\Uni\Dissertation\SSD Files\Kingston A400\TRIM Deletion\Recovered data\12538-$RB35204.xls,.xls,0.03,OK,
C:\Users\User\OneDrive\Documents\Uni\Dissertation\SSD Files\Kingston A400\TRIM Deletion\Recovered data\1254-$R53Y00X.doc,.doc,0.04,OK,
C:\Users\User\OneDrive\Documents\Uni\Dissertation\SSD Files\Kingston A400\TRIM Deletion\Recovered data\12541-$R7HW8QM.xls,.xls,0.01,OK,
C:\Users\User\OneDrive\Documents\Uni\Dissertation\SSD Files\Kingston A400\TRIM Deletion\Recovered data\12544-$RN1H5Y0.xls,.xls,0.09,OK,
C:\Users\User\OneDrive\Documents\Uni\Dissertation\SSD Files\Kingston A400\TRIM Deletion\Recovered data\12547-$RWI6RV5.xls,.xls,0.02,OK,
C:\Users\User\OneDrive\Documents\Uni\Dissertation\SSD Files\Kingston A400\TRIM Deletion\Recovered data\12549-$RYLBGMV.xls,.xls,0.06,OK,
C:\Users\User\OneDrive\Documents\Uni\Dissertation\SSD Files\Kingston A400\TRIM Deletion\Recovered data\12552-$RFEB9G9.xls,.xls,0.05,OK,
C:\Users\User\OneDrive\Documents\Uni\Dissertation\SSD Files\Kingston A400\TRIM Deletion\Recovered data\12555-$R8LNSNW.xls,.xls,0.02,OK,
C:\Users\User\OneDrive\Documents\Uni\Dissertation\SSD Files\Kingston A400\TRIM Deletion\Recovered data\12558-$RIVPCEA.xls,.xls,0.38,OK,
C:\Users\User\OneDrive\Documents\Uni\Dissertation\SSD Files\Kingston A400\TRIM Deletion\Recovered data\1256-$RDG1BOH.doc,.doc,0.37,OK,
C:\Users\User\OneDrive\Documents\Uni\Dissertation\SSD Files\Kingston A400\TRIM Deletion\Recovered data\12561-$RCI848A.xls,.xls,0.07,OK,
C:\Users\User\OneDrive\Documents\Uni\Dissertation\SSD Files\Kingston A400\TRIM Deletion\Recovered data\12564-$R0HRI7T.xls,.xls,0.03,OK,
C:\Users\User\OneDrive\Documents\Uni\Dissertation\SSD Files\Kingston A400\TRIM Deletion\Recovered data\12567-$RH2IDI8.xls,.xls,0.06,OK,
C:\Users\User\OneDrive\Documents\Uni\Dissertation\SSD Files\Kingston A400\TRIM Deletion\Recovered data\12570-$RR1A2TU.xls,.xls,0.03,OK,
C:\Users\User\OneDrive\Documents\Uni\Dissertation\SSD Files\Kingston A400\TRIM Deletion\Recovered data\12573-$RPFUN4K.xls,.xls,0.02,OK,
C:\Users\User\OneDrive\Documents\Uni\Dissertation\SSD Files\Kingston A400\TRIM Deletion\Recovered data\12576-$RSDP5D8.xls,.xls,0.03,OK,
C:\Users\User\OneDrive\Documents\Uni\Dissertation\SSD Files\Kingston A400\TRIM Deletion\Recovered data\12578-$RJB2J1V.xls,.xls,0.02,OK,
C:\Users\User\OneDrive\Documents\Uni\Dissertation\SSD Files\Kingston A400\TRIM Deletion\Recovered data\12581-$R3EGYVR.xls,.xls,0.17,OK,
C:\Users\User\OneDrive\Documents\Uni\Dissertation\SSD Files\Kingston A400\TRIM Deletion\Recovered data\12584-$R08TGFU.xls,.xls,0.03,OK,
C:\Users\User\OneDrive\Documents\Uni\Dissertation\SSD Files\Kingston A400\TRIM Deletion\Recovered data\12587-$RKHVD2E.xls,.xls,0.02,OK,
C:\Users\User\OneDrive\Documents\Uni\Dissertation\SSD Files\Kingston A400\TRIM Deletion\Recovered data\1259-$RNCP81X.doc,.doc,0.37,OK,
C:\Users\User\OneDrive\Documents\Uni\Dissertation\SSD Files\Kingston A400\TRIM Deletion\Recovered data\12590-$R5QAS7U.xls,.xls,0.02,OK,
C:\Users\User\OneDrive\Documents\Uni\Dissertation\SSD Files\Kingston A400\TRIM Deletion\Recovered data\12593-$RR1KSAG.xls,.xls,0.05,OK,
C:\Users\User\OneDrive\Documents\Uni\Dissertation\SSD Files\Kingston A400\TRIM Deletion\Recovered data\12596-$RZ1433Q.xls,.xls,0.11,OK,
C:\Users\User\OneDrive\Documents\Uni\Dissertation\SSD Files\Kingston A400\TRIM Deletion\Recovered data\12599-$R4SBTR0.xls,.xls,0.91,OK,
C:\Users\User\OneDrive\Documents\Uni\Dissertation\SSD Files\Kingston A400\TRIM Deletion\Recovered data\12602-$RI1OEUY.xls,.xls,0.27,OK,
C:\Users\User\OneDrive\Documents\Uni\Dissertation\SSD Files\Kingston A400\TRIM Deletion\Recovered data\12605-$RGI9C5P.xls,.xls,5.99,OK,
C:\Users\User\OneDrive\Documents\Uni\Dissertation\SSD Files\Kingston A400\TRIM Deletion\Recovered data\12608-$R75FRRI.xls,.xls,0.09,OK,
C:\Users\User\OneDrive\Documents\Uni\Dissertation\SSD Files\Kingston A400\TRIM Deletion\Recovered data\12610-$RAHJUUQ.xls,.xls,0.08,OK,
C:\Users\User\OneDrive\Documents\Uni\Dissertation\SSD Files\Kingston A400\TRIM Deletion\Recovered data\12613-$R6INDNN.xls,.xls,0.02,OK,
C:\Users\User\OneDrive\Documents\Uni\Dissertation\SSD Files\Kingston A400\TRIM Deletion\Recovered data\12616-$RZSAL9R.xls,.xls,0.08,OK,
C:\Users\User\OneDrive\Documents\Uni\Dissertation\SSD Files\Kingston A400\TRIM Deletion\Recovered data\12619-$RZ1DR6W.xls,.xls,0.08,OK,
C:\Users\User\OneDrive\Documents\Uni\Dissertation\SSD Files\Kingston A400\TRIM Deletion\Recovered data\1262-$RN8F9BI.doc,.doc,0.04,OK,
C:\Users\User\OneDrive\Documents\Uni\Dissertation\SSD Files\Kingston A400\TRIM Deletion\Recovered data\12622-$RYYLTJC.xls,.xls,0.11,OK,
C:\Users\User\OneDrive\Documents\Uni\Dissertation\SSD Files\Kingston A400\TRIM Deletion\Recovered data\12625-$RLEMNGM.xls,.xls,0.27,OK,
C:\Users\User\OneDrive\Documents\Uni\Dissertation\SSD Files\Kingston A400\TRIM Deletion\Recovered data\12627-$RB66WJV.xls,.xls,0.02,OK,
C:\Users\User\OneDrive\Documents\Uni\Dissertation\SSD Files\Kingston A400\TRIM Deletion\Recovered data\12630-$RGZLS9V.xls,.xls,0.16,OK,
C:\Users\User\OneDrive\Documents\Uni\Dissertation\SSD Files\Kingston A400\TRIM Deletion\Recovered data\12633-$RCKN85V.xls,.xls,0.03,OK,
C:\Users\User\OneDrive\Documents\Uni\Dissertation\SSD Files\Kingston A400\TRIM Deletion\Recovered data\12636-$R1P4RRG.xls,.xls,0.03,OK,
C:\Users\User\OneDrive\Documents\Uni\Dissertation\SSD Files\Kingston A400\TRIM Deletion\Recovered data\12638-$RE72ZOK.xls,.xls,0.02,OK,
C:\Users\User\OneDrive\Documents\Uni\Dissertation\SSD Files\Kingston A400\TRIM Deletion\Recovered data\12641-$R4CNHZS.xls,.xls,0.07,OK,
C:\Users\User\OneDrive\Documents\Uni\Dissertation\SSD Files\Kingston A400\TRIM Deletion\Recovered data\12644-$R160BJ1.xls,.xls,1.57,OK,
C:\Users\User\OneDrive\Documents\Uni\Dissertation\SSD Files\Kingston A400\TRIM Deletion\Recovered data\12647-$RTJ3222.xls,.xls,1.58,OK,
C:\Users\User\OneDrive\Documents\Uni\Dissertation\SSD Files\Kingston A400\TRIM Deletion\Recovered data\1265-$RZMSL5X.doc,.doc,0.09,OK,
C:\Users\User\OneDrive\Documents\Uni\Dissertation\SSD Files\Kingston A400\TRIM Deletion\Recovered data\12650-$RXFDXH1.xls,.xls,0.02,OK,
C:\Users\User\OneDrive\Documents\Uni\Dissertation\SSD Files\Kingston A400\TRIM Deletion\Recovered data\12653-$RIUI5VM.xls,.xls,0.03,OK,
C:\Users\User\OneDrive\Documents\Uni\Dissertation\SSD Files\Kingston A400\TRIM Deletion\Recovered data\12656-$RH5TVY4.xls,.xls,0.05,OK,
C:\Users\User\OneDrive\Documents\Uni\Dissertation\SSD Files\Kingston A400\TRIM Deletion\Recovered data\12659-$R3JAVDK.xls,.xls,0.06,OK,
C:\Users\User\OneDrive\Documents\Uni\Dissertation\SSD Files\Kingston A400\TRIM Deletion\Recovered data\12662-$R424DR7.xls,.xls,0.09,OK,
C:\Users\User\OneDrive\Documents\Uni\Dissertation\SSD Files\Kingston A400\TRIM Deletion\Recovered data\12665-$RYO4QVM.xls,.xls,0.03,OK,
C:\Users\User\OneDrive\Documents\Uni\Dissertation\SSD Files\Kingston A400\TRIM Deletion\Recovered data\12668-$RDPNGC4.xls,.xls,0.05,OK,
C:\Users\User\OneDrive\Documents\Uni\Dissertation\SSD Files\Kingston A400\TRIM Deletion\Recovered data\12671-$RLWP80C.xls,.xls,0.03,OK,
C:\Users\User\OneDrive\Documents\Uni\Dissertation\SSD Files\Kingston A400\TRIM Deletion\Recovered data\12674-$R7MJOXK.xls,.xls,3.97,OK,
C:\Users\User\OneDrive\Documents\Uni\Dissertation\SSD Files\Kingston A400\TRIM Deletion\Recovered data\12677-$R4NP6NT.xls,.xls,3.84,OK,
C:\Users\User\OneDrive\Documents\Uni\Dissertation\SSD Files\Kingston A400\TRIM Deletion\Recovered data\1268-$RQZWZWD.doc,.doc,0.03,OK,
C:\Users\User\OneDrive\Documents\Uni\Dissertation\SSD Files\Kingston A400\TRIM Deletion\Recovered data\12680-$RP9SNVP.xls,.xls,0.03,OK,
C:\Users\User\OneDrive\Documents\Uni\Dissertation\SSD Files\Kingston A400\TRIM Deletion\Recovered data\12682-$R4AEKB7.xls,.xls,5.69,OK,
C:\Users\User\OneDrive\Documents\Uni\Dissertation\SSD Files\Kingston A400\TRIM Deletion\Recovered data\12685-$RFOO5IL.xls,.xls,0.1,OK,
C:\Users\User\OneDrive\Documents\Uni\Dissertation\SSD Files\Kingston A400\TRIM Deletion\Recovered data\12688-$RSS675B.xls,.xls,13.02,OK,
C:\Users\User\OneDrive\Documents\Uni\Dissertation\SSD Files\Kingston A400\TRIM Deletion\Recovered data\12691-$ROUWI6Q.xls,.xls,0.03,OK,
C:\Users\User\OneDrive\Documents\Uni\Dissertation\SSD Files\Kingston A400\TRIM Deletion\Recovered data\12694-$R5PE0XC.xls,.xls,0.46,OK,
C:\Users\User\OneDrive\Documents\Uni\Dissertation\SSD Files\Kingston A400\TRIM Deletion\Recovered data\12697-$R8BDTR4.xls,.xls,0.07,OK,
C:\Users\User\OneDrive\Documents\Uni\Dissertation\SSD Files\Kingston A400\TRIM Deletion\Recovered data\1270-$RW4LCA6.doc,.doc,0.82,OK,
C:\Users\User\OneDrive\Documents\Uni\Dissertation\SSD Files\Kingston A400\TRIM Deletion\Recovered data\12700-$RUUCNZL.xls,.xls,0.09,OK,
C:\Users\User\OneDrive\Documents\Uni\Dissertation\SSD Files\Kingston A400\TRIM Deletion\Recovered data\12703-$RT5F3LF.xls,.xls,0.03,OK,
C:\Users\User\OneDrive\Documents\Uni\Dissertation\SSD Files\Kingston A400\TRIM Deletion\Recovered data\12706-$RVMNG2W.xls,.xls,0.03,OK,
C:\Users\User\OneDrive\Documents\Uni\Dissertation\SSD Files\Kingston A400\TRIM Deletion\Recovered data\12709-$RLN1C5V.xls,.xls,0.21,OK,
C:\Users\User\OneDrive\Documents\Uni\Dissertation\SSD Files\Kingston A400\TRIM Deletion\Recovered data\12712-$ROACON8.xls,.xls,0.21,OK,
C:\Users\User\OneDrive\Documents\Uni\Dissertation\SSD Files\Kingston A400\TRIM Deletion\Recovered data\12714-$RCRW6X1.xls,.xls,0.05,OK,
C:\Users\User\OneDrive\Documents\Uni\Dissertation\SSD Files\Kingston A400\TRIM Deletion\Recovered data\12717-$R7F74SB.xls,.xls,0.03,OK,
C:\Users\User\OneDrive\Documents\Uni\Dissertation\SSD Files\Kingston A400\TRIM Deletion\Recovered data\12719-$R8QLDZH.xls,.xls,0.08,OK,
C:\Users\User\OneDrive\Documents\Uni\Dissertation\SSD Files\Kingston A400\TRIM Deletion\Recovered data\12722-$RCFFC3R.xls,.xls,0.03,OK,
C:\Users\User\OneDrive\Documents\Uni\Dissertation\SSD Files\Kingston A400\TRIM Deletion\Recovered data\12725-$R7PZS1V.xls,.xls,0.14,OK,
C:\Users\User\OneDrive\Documents\Uni\Dissertation\SSD Files\Kingston A400\TRIM Deletion\Recovered data\12728-$RZRXSG0.xls,.xls,0.09,OK,
C:\Users\User\OneDrive\Documents\Uni\Dissertation\SSD Files\Kingston A400\TRIM Deletion\Recovered data\1273-$R8T6ZGJ.doc,.doc,0.7,FAILED,"(-2147352567, 'Exception occurred.', (0, 'Microsoft Word', 'Office has detected a problem with this file. To help protect your computer this file cannot be opened.\r (C:\\Users\\User\\...\\1273-$R8T6ZGJ.doc)', 'wdmain11.chm', 25775, -2146821993), None)"
C:\Users\User\OneDrive\Documents\Uni\Dissertation\SSD Files\Kingston A400\TRIM Deletion\Recovered data\12731-$RHH2PN2.xls,.xls,0.21,OK,
C:\Users\User\OneDrive\Documents\Uni\Dissertation\SSD Files\Kingston A400\TRIM Deletion\Recovered data\12733-$R40CX87.xls,.xls,1.0,OK,
C:\Users\User\OneDrive\Documents\Uni\Dissertation\SSD Files\Kingston A400\TRIM Deletion\Recovered data\12736-$R8YIE27.xls,.xls,0.27,OK,
C:\Users\User\OneDrive\Documents\Uni\Dissertation\SSD Files\Kingston A400\TRIM Deletion\Recovered data\12739-$RJXTXDG.xls,.xls,0.07,OK,
C:\Users\User\OneDrive\Documents\Uni\Dissertation\SSD Files\Kingston A400\TRIM Deletion\Recovered data\12742-$R5Q47EE.xls,.xls,0.39,OK,
C:\Users\User\OneDrive\Documents\Uni\Dissertation\SSD Files\Kingston A400\TRIM Deletion\Recovered data\12745-$RMMYACK.xls,.xls,0.34,OK,
C:\Users\User\OneDrive\Documents\Uni\Dissertation\SSD Files\Kingston A400\TRIM Deletion\Recovered data\12747-$RX7F2HK.xls,.xls,0.13,OK,
C:\Users\User\OneDrive\Documents\Uni\Dissertation\SSD Files\Kingston A400\TRIM Deletion\Recovered data\12750-$RCW1D13.xls,.xls,0.05,OK,
C:\Users\User\OneDrive\Documents\Uni\Dissertation\SSD Files\Kingston A400\TRIM Deletion\Recovered data\12753-$RCLEIH3.xls,.xls,0.1,OK,
C:\Users\User\OneDrive\Documents\Uni\Dissertation\SSD Files\Kingston A400\TRIM Deletion\Recovered data\12756-$RD3LJUR.xls,.xls,0.06,OK,
C:\Users\User\OneDrive\Documents\Uni\Dissertation\SSD Files\Kingston A400\TRIM Deletion\Recovered data\12759-$RK9CWKA.xls,.xls,0.3,OK,
C:\Users\User\OneDrive\Documents\Uni\Dissertation\SSD Files\Kingston A400\TRIM Deletion\Recovered data\1276-$RFZ01IV.doc,.doc,0.04,OK,
C:\Users\User\OneDrive\Documents\Uni\Dissertation\SSD Files\Kingston A400\TRIM Deletion\Recovered data\12761-$RT9KZIN.xls,.xls,0.14,OK,
C:\Users\User\OneDrive\Documents\Uni\Dissertation\SSD Files\Kingston A400\TRIM Deletion\Recovered data\12764-$RGY2TY2.xls,.xls,0.37,OK,
C:\Users\User\OneDrive\Documents\Uni\Dissertation\SSD Files\Kingston A400\TRIM Deletion\Recovered data\12767-$RJ4BNCI.xls,.xls,0.02,OK,
C:\Users\User\OneDrive\Documents\Uni\Dissertation\SSD Files\Kingston A400\TRIM Deletion\Recovered data\12770-$RY3QTQH.xls,.xls,0.03,OK,
C:\Users\User\OneDrive\Documents\Uni\Dissertation\SSD Files\Kingston A400\TRIM Deletion\Recovered data\12773-$RKNOJMD.xls,.xls,0.02,OK,
C:\Users\User\OneDrive\Documents\Uni\Dissertation\SSD Files\Kingston A400\TRIM Deletion\Recovered data\12776-$RTSKTTM.xls,.xls,0.08,OK,
C:\Users\User\OneDrive\Documents\Uni\Dissertation\SSD Files\Kingston A400\TRIM Deletion\Recovered data\12779-$R110OFA.xls,.xls,0.07,OK,
C:\Users\User\OneDrive\Documents\Uni\Dissertation\SSD Files\Kingston A400\TRIM Deletion\Recovered data\12782-$RW7F1VG.xls,.xls,0.03,OK,
C:\Users\User\OneDrive\Documents\Uni\Dissertation\SSD Files\Kingston A400\TRIM Deletion\Recovered data\12785-$RWKJHTB.xls,.xls,0.16,OK,
C:\Users\User\OneDrive\Documents\Uni\Dissertation\SSD Files\Kingston A400\TRIM Deletion\Recovered data\12788-$R598WWY.xls,.xls,0.32,OK,
C:\Users\User\OneDrive\Documents\Uni\Dissertation\SSD Files\Kingston A400\TRIM Deletion\Recovered data\1279-$RCT8YF9.doc,.doc,0.05,OK,
C:\Users\User\OneDrive\Documents\Uni\Dissertation\SSD Files\Kingston A400\TRIM Deletion\Recovered data\12791-$RBNHVUY.xls,.xls,8.34,OK,
C:\Users\User\OneDrive\Documents\Uni\Dissertation\SSD Files\Kingston A400\TRIM Deletion\Recovered data\12794-$RNTIUC2.xls,.xls,4.47,OK,
C:\Users\User\OneDrive\Documents\Uni\Dissertation\SSD Files\Kingston A400\TRIM Deletion\Recovered data\12797-$RHNQTRH.xls,.xls,2.14,OK,
C:\Users\User\OneDrive\Documents\Uni\Dissertation\SSD Files\Kingston A400\TRIM Deletion\Recovered data\128-$R5K8BK1.doc,.doc,0.05,OK,
C:\Users\User\OneDrive\Documents\Uni\Dissertation\SSD Files\Kingston A400\TRIM Deletion\Recovered data\12800-$R2YINT1.xls,.xls,0.35,OK,
C:\Users\User\OneDrive\Documents\Uni\Dissertation\SSD Files\Kingston A400\TRIM Deletion\Recovered data\12803-$RL6QKZV.xls,.xls,0.03,OK,
C:\Users\User\OneDrive\Documents\Uni\Dissertation\SSD Files\Kingston A400\TRIM Deletion\Recovered data\12806-$R03NL4O.xls,.xls,0.02,OK,
C:\Users\User\OneDrive\Documents\Uni\Dissertation\SSD Files\Kingston A400\TRIM Deletion\Recovered data\12809-$R7H3IBT.xls,.xls,0.14,OK,
C:\Users\User\OneDrive\Documents\Uni\Dissertation\SSD Files\Kingston A400\TRIM Deletion\Recovered data\12811-$R49VCE6.xls,.xls,2.4,OK,
C:\Users\User\OneDrive\Documents\Uni\Dissertation\SSD Files\Kingston A400\TRIM Deletion\Recovered data\12814-$RJFPNVB.xls,.xls,0.14,OK,
C:\Users\User\OneDrive\Documents\Uni\Dissertation\SSD Files\Kingston A400\TRIM Deletion\Recovered data\12817-$RITL1MZ.xls,.xls,0.08,OK,
C:\Users\User\OneDrive\Documents\Uni\Dissertation\SSD Files\Kingston A400\TRIM Deletion\Recovered data\12819-$RY39WK1.xls,.xls,0.07,OK,
C:\Users\User\OneDrive\Documents\Uni\Dissertation\SSD Files\Kingston A400\TRIM Deletion\Recovered data\1282-$RTJ3ZI9.doc,.doc,0.56,OK,
C:\Users\User\OneDrive\Documents\Uni\Dissertation\SSD Files\Kingston A400\TRIM Deletion\Recovered data\12821-$RYWI3LT.xls,.xls,0.05,OK,
C:\Users\User\OneDrive\Documents\Uni\Dissertation\SSD Files\Kingston A400\TRIM Deletion\Recovered data\12824-$RLUXSGW.xls,.xls,0.98,OK,
C:\Users\User\OneDrive\Documents\Uni\Dissertation\SSD Files\Kingston A400\TRIM Deletion\Recovered data\12827-$RKTGM8B.xls,.xls,0.02,OK,
C:\Users\User\OneDrive\Documents\Uni\Dissertation\SSD Files\Kingston A400\TRIM Deletion\Recovered data\12830-$RZASTJP.xls,.xls,0.01,OK,
C:\Users\User\OneDrive\Documents\Uni\Dissertation\SSD Files\Kingston A400\TRIM Deletion\Recovered data\12833-$R3VQLPV.xls,.xls,0.17,OK,
C:\Users\User\OneDrive\Documents\Uni\Dissertation\SSD Files\Kingston A400\TRIM Deletion\Recovered data\12836-$RZ5GO9W.xls,.xls,0.11,OK,
C:\Users\User\OneDrive\Documents\Uni\Dissertation\SSD Files\Kingston A400\TRIM Deletion\Recovered data\12839-$RX4EIJT.xls,.xls,0.12,OK,
C:\Users\User\OneDrive\Documents\Uni\Dissertation\SSD Files\Kingston A400\TRIM Deletion\Recovered data\12842-$RONTF4B.xls,.xls,0.03,OK,
C:\Users\User\OneDrive\Documents\Uni\Dissertation\SSD Files\Kingston A400\TRIM Deletion\Recovered data\12845-$RXK2H57.xls,.xls,0.03,OK,
C:\Users\User\OneDrive\Documents\Uni\Dissertation\SSD Files\Kingston A400\TRIM Deletion\Recovered data\12848-$RSVV2QP.xls,.xls,0.21,OK,
C:\Users\User\OneDrive\Documents\Uni\Dissertation\SSD Files\Kingston A400\TRIM Deletion\Recovered data\1285-$RP0V4LM.doc,.doc,0.03,OK,
C:\Users\User\OneDrive\Documents\Uni\Dissertation\SSD Files\Kingston A400\TRIM Deletion\Recovered data\12851-$RSU6JHL.xls,.xls,0.07,OK,
C:\Users\User\OneDrive\Documents\Uni\Dissertation\SSD Files\Kingston A400\TRIM Deletion\Recovered data\12854-$RF0GC9X.xls,.xls,0.09,OK,
C:\Users\User\OneDrive\Documents\Uni\Dissertation\SSD Files\Kingston A400\TRIM Deletion\Recovered data\12857-$RN5U6TX.xls,.xls,1.12,OK,
C:\Users\User\OneDrive\Documents\Uni\Dissertation\SSD Files\Kingston A400\TRIM Deletion\Recovered data\12860-$RLPLW96.xls,.xls,0.56,OK,
C:\Users\User\OneDrive\Documents\Uni\Dissertation\SSD Files\Kingston A400\TRIM Deletion\Recovered data\12863-$R8Y2YXS.xls,.xls,0.7,OK,
C:\Users\User\OneDrive\Documents\Uni\Dissertation\SSD Files\Kingston A400\TRIM Deletion\Recovered data\12866-$RKDAHT3.xls,.xls,0.02,OK,
C:\Users\User\OneDrive\Documents\Uni\Dissertation\SSD Files\Kingston A400\TRIM Deletion\Recovered data\12869-$R27BA8E.xls,.xls,0.12,OK,
C:\Users\User\OneDrive\Documents\Uni\Dissertation\SSD Files\Kingston A400\TRIM Deletion\Recovered data\1287-$RGO9NCJ.doc,.doc,0.19,OK,
C:\Users\User\OneDrive\Documents\Uni\Dissertation\SSD Files\Kingston A400\TRIM Deletion\Recovered data\12872-$R5VQZ70.xls,.xls,0.05,OK,
C:\Users\User\OneDrive\Documents\Uni\Dissertation\SSD Files\Kingston A400\TRIM Deletion\Recovered data\12875-$RML7R9W.xls,.xls,0.13,OK,
C:\Users\User\OneDrive\Documents\Uni\Dissertation\SSD Files\Kingston A400\TRIM Deletion\Recovered data\12878-$RAUYNYG.xls,.xls,0.03,OK,
C:\Users\User\OneDrive\Documents\Uni\Dissertation\SSD Files\Kingston A400\TRIM Deletion\Recovered data\12881-$R6O6KNQ.xls,.xls,1.34,OK,
C:\Users\User\OneDrive\Documents\Uni\Dissertation\SSD Files\Kingston A400\TRIM Deletion\Recovered data\12884-$R3BYLRQ.xls,.xls,0.34,OK,
C:\Users\User\OneDrive\Documents\Uni\Dissertation\SSD Files\Kingston A400\TRIM Deletion\Recovered data\12887-$RNBLFCZ.xls,.xls,0.17,OK,
C:\Users\User\OneDrive\Documents\Uni\Dissertation\SSD Files\Kingston A400\TRIM Deletion\Recovered data\12890-$R2KWBCT.xls,.xls,0.08,OK,
C:\Users\User\OneDrive\Documents\Uni\Dissertation\SSD Files\Kingston A400\TRIM Deletion\Recovered data\12893-$ROEMHX2.xls,.xls,0.04,OK,
C:\Users\User\OneDrive\Documents\Uni\Dissertation\SSD Files\Kingston A400\TRIM Deletion\Recovered data\12896-$RAK4J9O.xls,.xls,0.21,OK,
C:\Users\User\OneDrive\Documents\Uni\Dissertation\SSD Files\Kingston A400\TRIM Deletion\Recovered data\12899-$R5Y5ISO.xls,.xls,0.03,OK,
C:\Users\User\OneDrive\Documents\Uni\Dissertation\SSD Files\Kingston A400\TRIM Deletion\Recovered data\1290-$RLYKT3U.doc,.doc,0.42,OK,
C:\Users\User\OneDrive\Documents\Uni\Dissertation\SSD Files\Kingston A400\TRIM Deletion\Recovered data\12902-$R6GG79A.xls,.xls,0.03,OK,
C:\Users\User\OneDrive\Documents\Uni\Dissertation\SSD Files\Kingston A400\TRIM Deletion\Recovered data\12905-$RFIUJW1.xls,.xls,0.03,OK,
C:\Users\User\OneDrive\Documents\Uni\Dissertation\SSD Files\Kingston A400\TRIM Deletion\Recovered data\12908-$R80P3UF.xls,.xls,0.04,OK,
C:\Users\User\OneDrive\Documents\Uni\Dissertation\SSD Files\Kingston A400\TRIM Deletion\Recovered data\12911-$RV7YEP1.xls,.xls,0.05,OK,
C:\Users\User\OneDrive\Documents\Uni\Dissertation\SSD Files\Kingston A400\TRIM Deletion\Recovered data\12914-$ROG3XOB.xls,.xls,0.62,OK,
C:\Users\User\OneDrive\Documents\Uni\Dissertation\SSD Files\Kingston A400\TRIM Deletion\Recovered data\12917-$RWP44QC.xls,.xls,0.37,OK,
C:\Users\User\OneDrive\Documents\Uni\Dissertation\SSD Files\Kingston A400\TRIM Deletion\Recovered data\12920-$RR0TCGR.xls,.xls,0.2,OK,
C:\Users\User\OneDrive\Documents\Uni\Dissertation\SSD Files\Kingston A400\TRIM Deletion\Recovered data\12923-$RBN2PIT.xls,.xls,0.03,OK,
C:\Users\User\OneDrive\Documents\Uni\Dissertation\SSD Files\Kingston A400\TRIM Deletion\Recovered data\12926-$R1SUYK3.xls,.xls,0.06,OK,
C:\Users\User\OneDrive\Documents\Uni\Dissertation\SSD Files\Kingston A400\TRIM Deletion\Recovered data\12929-$RLZIZ3M.xls,.xls,0.01,OK,
C:\Users\User\OneDrive\Documents\Uni\Dissertation\SSD Files\Kingston A400\TRIM Deletion\Recovered data\1293-$RFZKZDP.doc,.doc,0.26,OK,
C:\Users\User\OneDrive\Documents\Uni\Dissertation\SSD Files\Kingston A400\TRIM Deletion\Recovered data\12932-$RKTO6JY.xls,.xls,0.06,OK,
C:\Users\User\OneDrive\Documents\Uni\Dissertation\SSD Files\Kingston A400\TRIM Deletion\Recovered data\12935-$R905Z3Y.xls,.xls,0.2,OK,
C:\Users\User\OneDrive\Documents\Uni\Dissertation\SSD Files\Kingston A400\TRIM Deletion\Recovered data\12938-$RBZUPWN.xls,.xls,0.91,OK,
C:\Users\User\OneDrive\Documents\Uni\Dissertation\SSD Files\Kingston A400\TRIM Deletion\Recovered data\12940-$RX413I8.xls,.xls,0.14,OK,
C:\Users\User\OneDrive\Documents\Uni\Dissertation\SSD Files\Kingston A400\TRIM Deletion\Recovered data\12943-$RE5KMEY.xls,.xls,0.25,OK,
C:\Users\User\OneDrive\Documents\Uni\Dissertation\SSD Files\Kingston A400\TRIM Deletion\Recovered data\12945-$RL0G4KW.xls,.xls,0.06,OK,
C:\Users\User\OneDrive\Documents\Uni\Dissertation\SSD Files\Kingston A400\TRIM Deletion\Recovered data\12948-$R0GSHJQ.xls,.xls,0.06,OK,
C:\Users\User\OneDrive\Documents\Uni\Dissertation\SSD Files\Kingston A400\TRIM Deletion\Recovered data\12951-$R4UB8H1.xls,.xls,0.04,OK,
C:\Users\User\OneDrive\Documents\Uni\Dissertation\SSD Files\Kingston A400\TRIM Deletion\Recovered data\12953-$RCFMUP4.xls,.xls,0.04,OK,
C:\Users\User\OneDrive\Documents\Uni\Dissertation\SSD Files\Kingston A400\TRIM Deletion\Recovered data\12956-$RGW8TE0.xls,.xls,0.04,OK,
C:\Users\User\OneDrive\Documents\Uni\Dissertation\SSD Files\Kingston A400\TRIM Deletion\Recovered data\12958-$RU8GXAX.xls,.xls,0.05,OK,
C:\Users\User\OneDrive\Documents\Uni\Dissertation\SSD Files\Kingston A400\TRIM Deletion\Recovered data\1296-$RJ5MFDG.doc,.doc,0.66,OK,
C:\Users\User\OneDrive\Documents\Uni\Dissertation\SSD Files\Kingston A400\TRIM Deletion\Recovered data\12961-$RPPCWNI.xls,.xls,0.05,OK,
C:\Users\User\OneDrive\Documents\Uni\Dissertation\SSD Files\Kingston A400\TRIM Deletion\Recovered data\12963-$RNPTWR4.xls,.xls,6.12,OK,
C:\Users\User\OneDrive\Documents\Uni\Dissertation\SSD Files\Kingston A400\TRIM Deletion\Recovered data\12966-$RJ737PJ.xls,.xls,0.08,OK,
C:\Users\User\OneDrive\Documents\Uni\Dissertation\SSD Files\Kingston A400\TRIM Deletion\Recovered data\12969-$RQA1GWS.xls,.xls,0.08,OK,
C:\Users\User\OneDrive\Documents\Uni\Dissertation\SSD Files\Kingston A400\TRIM Deletion\Recovered data\12972-$RJ1GD8J.xls,.xls,0.06,OK,
C:\Users\User\OneDrive\Documents\Uni\Dissertation\SSD Files\Kingston A400\TRIM Deletion\Recovered data\12975-$RQOUKNA.xls,.xls,0.07,OK,
C:\Users\User\OneDrive\Documents\Uni\Dissertation\SSD Files\Kingston A400\TRIM Deletion\Recovered data\12978-$RWWP4U1.xls,.xls,0.2,OK,
C:\Users\User\OneDrive\Documents\Uni\Dissertation\SSD Files\Kingston A400\TRIM Deletion\Recovered data\12980-$RI406H6.xls,.xls,4.14,OK,
C:\Users\User\OneDrive\Documents\Uni\Dissertation\SSD Files\Kingston A400\TRIM Deletion\Recovered data\12983-$RCEANKK.xls,.xls,3.2,OK,
C:\Users\User\OneDrive\Documents\Uni\Dissertation\SSD Files\Kingston A400\TRIM Deletion\Recovered data\12986-$ROW5E2G.xls,.xls,3.14,OK,
C:\Users\User\OneDrive\Documents\Uni\Dissertation\SSD Files\Kingston A400\TRIM Deletion\Recovered data\12989-$R6S3TEI.xls,.xls,0.07,OK,
C:\Users\User\OneDrive\Documents\Uni\Dissertation\SSD Files\Kingston A400\TRIM Deletion\Recovered data\1299-$RGNMBRS.doc,.doc,0.16,OK,
C:\Users\User\OneDrive\Documents\Uni\Dissertation\SSD Files\Kingston A400\TRIM Deletion\Recovered data\12992-$R4SB3G0.xls,.xls,0.12,OK,
C:\Users\User\OneDrive\Documents\Uni\Dissertation\SSD Files\Kingston A400\TRIM Deletion\Recovered data\12994-$R9JXFNI.xls,.xls,0.72,OK,
C:\Users\User\OneDrive\Documents\Uni\Dissertation\SSD Files\Kingston A400\TRIM Deletion\Recovered data\12997-$RSIZOKX.xls,.xls,0.1,OK,
C:\Users\User\OneDrive\Documents\Uni\Dissertation\SSD Files\Kingston A400\TRIM Deletion\Recovered data\12999-$RSMHQO2.xls,.xls,0.04,OK,
C:\Users\User\OneDrive\Documents\Uni\Dissertation\SSD Files\Kingston A400\TRIM Deletion\Recovered data\13002-$RINQFZ1.xls,.xls,0.34,OK,
C:\Users\User\OneDrive\Documents\Uni\Dissertation\SSD Files\Kingston A400\TRIM Deletion\Recovered data\13005-$R0MTKUI.xls,.xls,0.33,OK,
C:\Users\User\OneDrive\Documents\Uni\Dissertation\SSD Files\Kingston A400\TRIM Deletion\Recovered data\13008-$RDM3C8G.xls,.xls,2.84,OK,
C:\Users\User\OneDrive\Documents\Uni\Dissertation\SSD Files\Kingston A400\TRIM Deletion\Recovered data\13011-$RAQAJBH.xls,.xls,3.16,OK,
C:\Users\User\OneDrive\Documents\Uni\Dissertation\SSD Files\Kingston A400\TRIM Deletion\Recovered data\13014-$R1H6VUY.xls,.xls,0.04,OK,
C:\Users\User\OneDrive\Documents\Uni\Dissertation\SSD Files\Kingston A400\TRIM Deletion\Recovered data\13017-$RB1J8LW.xls,.xls,0.45,OK,
C:\Users\User\OneDrive\Documents\Uni\Dissertation\SSD Files\Kingston A400\TRIM Deletion\Recovered data\1302-$RURVI1Y.doc,.doc,0.03,OK,
C:\Users\User\OneDrive\Documents\Uni\Dissertation\SSD Files\Kingston A400\TRIM Deletion\Recovered data\13020-$RMN9Z8P.xls,.xls,0.48,OK,
C:\Users\User\OneDrive\Documents\Uni\Dissertation\SSD Files\Kingston A400\TRIM Deletion\Recovered data\13023-$R90EZ54.xls,.xls,0.07,OK,
C:\Users\User\OneDrive\Documents\Uni\Dissertation\SSD Files\Kingston A400\TRIM Deletion\Recovered data\13026-$RQTBF50.xls,.xls,0.04,OK,
C:\Users\User\OneDrive\Documents\Uni\Dissertation\SSD Files\Kingston A400\TRIM Deletion\Recovered data\13029-$RB1C51C.xls,.xls,0.04,OK,
C:\Users\User\OneDrive\Documents\Uni\Dissertation\SSD Files\Kingston A400\TRIM Deletion\Recovered data\13032-$RKKGRT7.xls,.xls,0.74,OK,
C:\Users\User\OneDrive\Documents\Uni\Dissertation\SSD Files\Kingston A400\TRIM Deletion\Recovered data\13035-$RBMIF7U.xls,.xls,0.12,OK,
C:\Users\User\OneDrive\Documents\Uni\Dissertation\SSD Files\Kingston A400\TRIM Deletion\Recovered data\13038-$R84PHSJ.xls,.xls,4.26,OK,
C:\Users\User\OneDrive\Documents\Uni\Dissertation\SSD Files\Kingston A400\TRIM Deletion\Recovered data\13040-$R1DOYF0.xls,.xls,0.03,OK,
C:\Users\User\OneDrive\Documents\Uni\Dissertation\SSD Files\Kingston A400\TRIM Deletion\Recovered data\13043-$RPHE9DH.xls,.xls,0.33,OK,
C:\Users\User\OneDrive\Documents\Uni\Dissertation\SSD Files\Kingston A400\TRIM Deletion\Recovered data\13046-$R8MZSNN.xls,.xls,0.05,OK,
C:\Users\User\OneDrive\Documents\Uni\Dissertation\SSD Files\Kingston A400\TRIM Deletion\Recovered data\13048-$RT9J7LW.xls,.xls,0.01,OK,
C:\Users\User\OneDrive\Documents\Uni\Dissertation\SSD Files\Kingston A400\TRIM Deletion\Recovered data\1305-$R2I43D1.doc,.doc,0.04,OK,
C:\Users\User\OneDrive\Documents\Uni\Dissertation\SSD Files\Kingston A400\TRIM Deletion\Recovered data\13051-$RPY639L.xls,.xls,0.22,OK,
C:\Users\User\OneDrive\Documents\Uni\Dissertation\SSD Files\Kingston A400\TRIM Deletion\Recovered data\13054-$RWD73FI.xls,.xls,0.21,OK,
C:\Users\User\OneDrive\Documents\Uni\Dissertation\SSD Files\Kingston A400\TRIM Deletion\Recovered data\13057-$RUOT7GI.xls,.xls,0.02,OK,
C:\Users\User\OneDrive\Documents\Uni\Dissertation\SSD Files\Kingston A400\TRIM Deletion\Recovered data\13059-$RPF5KV3.xls,.xls,0.01,OK,
C:\Users\User\OneDrive\Documents\Uni\Dissertation\SSD Files\Kingston A400\TRIM Deletion\Recovered data\13062-$R17AGCY.xls,.xls,0.02,OK,
C:\Users\User\OneDrive\Documents\Uni\Dissertation\SSD Files\Kingston A400\TRIM Deletion\Recovered data\13065-$R7OT4ER.xls,.xls,12.76,OK,
C:\Users\User\OneDrive\Documents\Uni\Dissertation\SSD Files\Kingston A400\TRIM Deletion\Recovered data\13068-$RWZBPHQ.xls,.xls,0.07,OK,
C:\Users\User\OneDrive\Documents\Uni\Dissertation\SSD Files\Kingston A400\TRIM Deletion\Recovered data\13071-$RCMB3SA.xls,.xls,0.11,OK,
C:\Users\User\OneDrive\Documents\Uni\Dissertation\SSD Files\Kingston A400\TRIM Deletion\Recovered data\13074-$RP74S8M.xls,.xls,1.38,OK,
C:\Users\User\OneDrive\Documents\Uni\Dissertation\SSD Files\Kingston A400\TRIM Deletion\Recovered data\13077-$ROW9H0O.xls,.xls,0.02,OK,
C:\Users\User\OneDrive\Documents\Uni\Dissertation\SSD Files\Kingston A400\TRIM Deletion\Recovered data\1308-$RBSZAS6.doc,.doc,0.05,OK,
C:\Users\User\OneDrive\Documents\Uni\Dissertation\SSD Files\Kingston A400\TRIM Deletion\Recovered data\13080-$RIXBQ9Z.xls,.xls,0.34,OK,
C:\Users\User\OneDrive\Documents\Uni\Dissertation\SSD Files\Kingston A400\TRIM Deletion\Recovered data\13082-$RQF65VJ.xls,.xls,0.03,OK,
C:\Users\User\OneDrive\Documents\Uni\Dissertation\SSD Files\Kingston A400\TRIM Deletion\Recovered data\13085-$RADA7FS.xls,.xls,0.04,OK,
C:\Users\User\OneDrive\Documents\Uni\Dissertation\SSD Files\Kingston A400\TRIM Deletion\Recovered data\13088-$R64OUOL.xls,.xls,0.11,OK,
C:\Users\User\OneDrive\Documents\Uni\Dissertation\SSD Files\Kingston A400\TRIM Deletion\Recovered data\13091-$RQNFHI7.xls,.xls,0.04,OK,
C:\Users\User\OneDrive\Documents\Uni\Dissertation\SSD Files\Kingston A400\TRIM Deletion\Recovered data\13094-$RQG1A6G.xls,.xls,0.12,OK,
C:\Users\User\OneDrive\Documents\Uni\Dissertation\SSD Files\Kingston A400\TRIM Deletion\Recovered data\13097-$R3SU88C.xls,.xls,0.06,OK,
C:\Users\User\OneDrive\Documents\Uni\Dissertation\SSD Files\Kingston A400\TRIM Deletion\Recovered data\131-$ROKHHF8.doc,.doc,0.03,OK,
C:\Users\User\OneDrive\Documents\Uni\Dissertation\SSD Files\Kingston A400\TRIM Deletion\Recovered data\13100-$RTSKQOX.xls,.xls,0.16,OK,
C:\Users\User\OneDrive\Documents\Uni\Dissertation\SSD Files\Kingston A400\TRIM Deletion\Recovered data\13103-$ROWFHLZ.xls,.xls,0.2,OK,
C:\Users\User\OneDrive\Documents\Uni\Dissertation\SSD Files\Kingston A400\TRIM Deletion\Recovered data\13106-$RF9JY1K.xls,.xls,0.08,OK,
C:\Users\User\OneDrive\Documents\Uni\Dissertation\SSD Files\Kingston A400\TRIM Deletion\Recovered data\13109-$R0HLSNE.xls,.xls,0.2,OK,
C:\Users\User\OneDrive\Documents\Uni\Dissertation\SSD Files\Kingston A400\TRIM Deletion\Recovered data\1311-$RASN4RX.doc,.doc,0.04,OK,
C:\Users\User\OneDrive\Documents\Uni\Dissertation\SSD Files\Kingston A400\TRIM Deletion\Recovered data\13111-$ROCC6FV.xls,.xls,0.11,OK,
C:\Users\User\OneDrive\Documents\Uni\Dissertation\SSD Files\Kingston A400\TRIM Deletion\Recovered data\13114-$RUDED4R.xls,.xls,8.75,OK,
C:\Users\User\OneDrive\Documents\Uni\Dissertation\SSD Files\Kingston A400\TRIM Deletion\Recovered data\13117-$RZI9LTY.xls,.xls,0.1,OK,
C:\Users\User\OneDrive\Documents\Uni\Dissertation\SSD Files\Kingston A400\TRIM Deletion\Recovered data\13120-$R0NZ69Z.xls,.xls,2.05,OK,
C:\Users\User\OneDrive\Documents\Uni\Dissertation\SSD Files\Kingston A400\TRIM Deletion\Recovered data\13123-$RPSIVFA.xls,.xls,0.04,OK,
C:\Users\User\OneDrive\Documents\Uni\Dissertation\SSD Files\Kingston A400\TRIM Deletion\Recovered data\13126-$RQP03Z2.xls,.xls,0.04,OK,
C:\Users\User\OneDrive\Documents\Uni\Dissertation\SSD Files\Kingston A400\TRIM Deletion\Recovered data\13129-$REO8TEK.xls,.xls,0.11,OK,
C:\Users\User\OneDrive\Documents\Uni\Dissertation\SSD Files\Kingston A400\TRIM Deletion\Recovered data\1313-$RPMM5Y5.doc,.doc,0.02,OK,
C:\Users\User\OneDrive\Documents\Uni\Dissertation\SSD Files\Kingston A400\TRIM Deletion\Recovered data\13132-$R0WQBSO.xls,.xls,0.19,OK,
C:\Users\User\OneDrive\Documents\Uni\Dissertation\SSD Files\Kingston A400\TRIM Deletion\Recovered data\13135-$R2SXNZ7.xls,.xls,0.02,OK,
C:\Users\User\OneDrive\Documents\Uni\Dissertation\SSD Files\Kingston A400\TRIM Deletion\Recovered data\13138-$RS6J4R1.xls,.xls,0.06,OK,
C:\Users\User\OneDrive\Documents\Uni\Dissertation\SSD Files\Kingston A400\TRIM Deletion\Recovered data\13141-$RAHRRSN.xls,.xls,0.15,OK,
C:\Users\User\OneDrive\Documents\Uni\Dissertation\SSD Files\Kingston A400\TRIM Deletion\Recovered data\13143-$R4VRUM6.xls,.xls,0.02,OK,
C:\Users\User\OneDrive\Documents\Uni\Dissertation\SSD Files\Kingston A400\TRIM Deletion\Recovered data\13146-$RD8RJUQ.xls,.xls,0.22,OK,
C:\Users\User\OneDrive\Documents\Uni\Dissertation\SSD Files\Kingston A400\TRIM Deletion\Recovered data\13149-$RFT110L.xls,.xls,1.11,OK,
C:\Users\User\OneDrive\Documents\Uni\Dissertation\SSD Files\Kingston A400\TRIM Deletion\Recovered data\13152-$RABQV42.xls,.xls,0.03,OK,
C:\Users\User\OneDrive\Documents\Uni\Dissertation\SSD Files\Kingston A400\TRIM Deletion\Recovered data\13155-$R4KQ7J1.xls,.xls,0.04,OK,
C:\Users\User\OneDrive\Documents\Uni\Dissertation\SSD Files\Kingston A400\TRIM Deletion\Recovered data\13158-$RDJMUPD.xls,.xls,0.21,OK,
C:\Users\User\OneDrive\Documents\Uni\Dissertation\SSD Files\Kingston A400\TRIM Deletion\Recovered data\1316-$R34C2UL.doc,.doc,0.1,FAILED,"(-2147352567, 'Exception occurred.', (0, 'Microsoft Word', 'Office has detected a problem with this file. To help protect your computer this file cannot be opened.\r (C:\\Users\\User\\...\\1316-$R34C2UL.doc)', 'wdmain11.chm', 25775, -2146821993), None)"
C:\Users\User\OneDrive\Documents\Uni\Dissertation\SSD Files\Kingston A400\TRIM Deletion\Recovered data\13161-$RMY470Z.xls,.xls,0.07,OK,
C:\Users\User\OneDrive\Documents\Uni\Dissertation\SSD Files\Kingston A400\TRIM Deletion\Recovered data\13163-$RTU3GOQ.xls,.xls,0.02,OK,
C:\Users\User\OneDrive\Documents\Uni\Dissertation\SSD Files\Kingston A400\TRIM Deletion\Recovered data\13165-$R240T14.xls,.xls,0.04,OK,
C:\Users\User\OneDrive\Documents\Uni\Dissertation\SSD Files\Kingston A400\TRIM Deletion\Recovered data\13168-$RNAOU5T.xls,.xls,0.49,OK,
C:\Users\User\OneDrive\Documents\Uni\Dissertation\SSD Files\Kingston A400\TRIM Deletion\Recovered data\13171-$RV2ZW9B.xls,.xls,0.28,OK,
C:\Users\User\OneDrive\Documents\Uni\Dissertation\SSD Files\Kingston A400\TRIM Deletion\Recovered data\13173-$RR7WDUC.xls,.xls,0.41,OK,
C:\Users\User\OneDrive\Documents\Uni\Dissertation\SSD Files\Kingston A400\TRIM Deletion\Recovered data\13176-$R3ORXM2.xls,.xls,0.07,OK,
C:\Users\User\OneDrive\Documents\Uni\Dissertation\SSD Files\Kingston A400\TRIM Deletion\Recovered data\13179-$RXWGMP8.xls,.xls,0.13,OK,
C:\Users\User\OneDrive\Documents\Uni\Dissertation\SSD Files\Kingston A400\TRIM Deletion\Recovered data\13182-$RY5W889.xls,.xls,0.12,OK,
C:\Users\User\OneDrive\Documents\Uni\Dissertation\SSD Files\Kingston A400\TRIM Deletion\Recovered data\13184-$RH88F2E.xls,.xls,0.33,OK,
C:\Users\User\OneDrive\Documents\Uni\Dissertation\SSD Files\Kingston A400\TRIM Deletion\Recovered data\13187-$RQBQPL7.xls,.xls,0.22,OK,
C:\Users\User\OneDrive\Documents\Uni\Dissertation\SSD Files\Kingston A400\TRIM Deletion\Recovered data\1319-$R200ZCC.doc,.doc,0.05,OK,
C:\Users\User\OneDrive\Documents\Uni\Dissertation\SSD Files\Kingston A400\TRIM Deletion\Recovered data\13190-$RFTPKF1.xls,.xls,0.04,OK,
C:\Users\User\OneDrive\Documents\Uni\Dissertation\SSD Files\Kingston A400\TRIM Deletion\Recovered data\13192-$RJLWYGN.xls,.xls,0.04,OK,
C:\Users\User\OneDrive\Documents\Uni\Dissertation\SSD Files\Kingston A400\TRIM Deletion\Recovered data\13195-$RRPIWMH.xls,.xls,0.05,OK,
C:\Users\User\OneDrive\Documents\Uni\Dissertation\SSD Files\Kingston A400\TRIM Deletion\Recovered data\13198-$RPJ0UK6.xls,.xls,0.05,OK,
C:\Users\User\OneDrive\Documents\Uni\Dissertation\SSD Files\Kingston A400\TRIM Deletion\Recovered data\13201-$RTJ405J.xls,.xls,0.12,OK,
C:\Users\User\OneDrive\Documents\Uni\Dissertation\SSD Files\Kingston A400\TRIM Deletion\Recovered data\13204-$REOO7BO.xls,.xls,9.02,OK,
C:\Users\User\OneDrive\Documents\Uni\Dissertation\SSD Files\Kingston A400\TRIM Deletion\Recovered data\13207-$RGFGVSV.xls,.xls,0.11,OK,
C:\Users\User\OneDrive\Documents\Uni\Dissertation\SSD Files\Kingston A400\TRIM Deletion\Recovered data\13210-$RTLKJ3R.xls,.xls,0.04,OK,
C:\Users\User\OneDrive\Documents\Uni\Dissertation\SSD Files\Kingston A400\TRIM Deletion\Recovered data\13213-$R1M9HZ2.xls,.xls,0.05,OK,
C:\Users\User\OneDrive\Documents\Uni\Dissertation\SSD Files\Kingston A400\TRIM Deletion\Recovered data\13216-$R54LO1J.xls,.xls,0.07,OK,
C:\Users\User\OneDrive\Documents\Uni\Dissertation\SSD Files\Kingston A400\TRIM Deletion\Recovered data\13219-$RPR6CTF.xls,.xls,0.04,OK,
C:\Users\User\OneDrive\Documents\Uni\Dissertation\SSD Files\Kingston A400\TRIM Deletion\Recovered data\1322-$R9SMDA6.doc,.doc,0.04,OK,
C:\Users\User\OneDrive\Documents\Uni\Dissertation\SSD Files\Kingston A400\TRIM Deletion\Recovered data\13222-$RHK0YVK.xls,.xls,0.21,OK,
C:\Users\User\OneDrive\Documents\Uni\Dissertation\SSD Files\Kingston A400\TRIM Deletion\Recovered data\13224-$RRO5Y30.xls,.xls,0.36,OK,
C:\Users\User\OneDrive\Documents\Uni\Dissertation\SSD Files\Kingston A400\TRIM Deletion\Recovered data\13226-$RGPBJAH.xls,.xls,0.42,OK,
C:\Users\User\OneDrive\Documents\Uni\Dissertation\SSD Files\Kingston A400\TRIM Deletion\Recovered data\13229-$RB18CBC.xls,.xls,0.03,OK,
C:\Users\User\OneDrive\Documents\Uni\Dissertation\SSD Files\Kingston A400\TRIM Deletion\Recovered data\13232-$RYDMG8T.xls,.xls,0.18,OK,
C:\Users\User\OneDrive\Documents\Uni\Dissertation\SSD Files\Kingston A400\TRIM Deletion\Recovered data\13235-$RIZEC8N.xls,.xls,0.11,OK,
C:\Users\User\OneDrive\Documents\Uni\Dissertation\SSD Files\Kingston A400\TRIM Deletion\Recovered data\13238-$RIYD8K5.xls,.xls,0.05,OK,
C:\Users\User\OneDrive\Documents\Uni\Dissertation\SSD Files\Kingston A400\TRIM Deletion\Recovered data\13240-$R61DC01.xls,.xls,0.02,OK,
C:\Users\User\OneDrive\Documents\Uni\Dissertation\SSD Files\Kingston A400\TRIM Deletion\Recovered data\13243-$RV6M0IY.xls,.xls,0.74,OK,
C:\Users\User\OneDrive\Documents\Uni\Dissertation\SSD Files\Kingston A400\TRIM Deletion\Recovered data\13245-$RC70OMU.xls,.xls,6.13,OK,
C:\Users\User\OneDrive\Documents\Uni\Dissertation\SSD Files\Kingston A400\TRIM Deletion\Recovered data\13248-$RKK53NI.xls,.xls,0.04,OK,
C:\Users\User\OneDrive\Documents\Uni\Dissertation\SSD Files\Kingston A400\TRIM Deletion\Recovered data\1325-$RDWLQ6B.doc,.doc,0.03,OK,
C:\Users\User\OneDrive\Documents\Uni\Dissertation\SSD Files\Kingston A400\TRIM Deletion\Recovered data\13251-$RQ0EBWP.xls,.xls,0.09,OK,
C:\Users\User\OneDrive\Documents\Uni\Dissertation\SSD Files\Kingston A400\TRIM Deletion\Recovered data\13254-$RSPJLQS.xls,.xls,0.09,OK,
C:\Users\User\OneDrive\Documents\Uni\Dissertation\SSD Files\Kingston A400\TRIM Deletion\Recovered data\13257-$RNGS1DC.xls,.xls,0.07,OK,
C:\Users\User\OneDrive\Documents\Uni\Dissertation\SSD Files\Kingston A400\TRIM Deletion\Recovered data\13259-$RXPZSCD.xls,.xls,0.12,OK,
C:\Users\User\OneDrive\Documents\Uni\Dissertation\SSD Files\Kingston A400\TRIM Deletion\Recovered data\13262-$RRMZIL8.xls,.xls,0.18,OK,
C:\Users\User\OneDrive\Documents\Uni\Dissertation\SSD Files\Kingston A400\TRIM Deletion\Recovered data\13265-$RFTA3Q4.xls,.xls,1.84,OK,
C:\Users\User\OneDrive\Documents\Uni\Dissertation\SSD Files\Kingston A400\TRIM Deletion\Recovered data\13268-$RX0K5NU.xls,.xls,0.05,OK,
C:\Users\User\OneDrive\Documents\Uni\Dissertation\SSD Files\Kingston A400\TRIM Deletion\Recovered data\13271-$R1JL0BV.xls,.xls,0.02,OK,
C:\Users\User\OneDrive\Documents\Uni\Dissertation\SSD Files\Kingston A400\TRIM Deletion\Recovered data\13274-$RDGPYOM.xls,.xls,0.03,OK,
C:\Users\User\OneDrive\Documents\Uni\Dissertation\SSD Files\Kingston A400\TRIM Deletion\Recovered data\13277-$RNCISCO.xls,.xls,0.05,OK,
C:\Users\User\OneDrive\Documents\Uni\Dissertation\SSD Files\Kingston A400\TRIM Deletion\Recovered data\1328-$RJNHRST.doc,.doc,0.04,OK,
C:\Users\User\OneDrive\Documents\Uni\Dissertation\SSD Files\Kingston A400\TRIM Deletion\Recovered data\13280-$RGWEYTK.xls,.xls,0.11,OK,
C:\Users\User\OneDrive\Documents\Uni\Dissertation\SSD Files\Kingston A400\TRIM Deletion\Recovered data\13283-$RB5K86S.xls,.xls,0.12,OK,
C:\Users\User\OneDrive\Documents\Uni\Dissertation\SSD Files\Kingston A400\TRIM Deletion\Recovered data\13285-$R7NB8SP.xls,.xls,0.03,OK,
C:\Users\User\OneDrive\Documents\Uni\Dissertation\SSD Files\Kingston A400\TRIM Deletion\Recovered data\13287-$R9KXZO1.xls,.xls,0.06,OK,
C:\Users\User\OneDrive\Documents\Uni\Dissertation\SSD Files\Kingston A400\TRIM Deletion\Recovered data\13290-$R4PV4F4.xls,.xls,0.1,OK,
C:\Users\User\OneDrive\Documents\Uni\Dissertation\SSD Files\Kingston A400\TRIM Deletion\Recovered data\13293-$RRBXPB9.xls,.xls,0.2,OK,
C:\Users\User\OneDrive\Documents\Uni\Dissertation\SSD Files\Kingston A400\TRIM Deletion\Recovered data\13296-$RSOR6KH.xls,.xls,0.16,OK,
C:\Users\User\OneDrive\Documents\Uni\Dissertation\SSD Files\Kingston A400\TRIM Deletion\Recovered data\13299-$RUY9G4N.xls,.xls,0.08,OK,
C:\Users\User\OneDrive\Documents\Uni\Dissertation\SSD Files\Kingston A400\TRIM Deletion\Recovered data\13302-$RCS2I02.xls,.xls,0.07,OK,
C:\Users\User\OneDrive\Documents\Uni\Dissertation\SSD Files\Kingston A400\TRIM Deletion\Recovered data\13305-$REW4ZSW.xls,.xls,0.07,OK,
C:\Users\User\OneDrive\Documents\Uni\Dissertation\SSD Files\Kingston A400\TRIM Deletion\Recovered data\13308-$RY65LE2.xls,.xls,0.11,OK,
C:\Users\User\OneDrive\Documents\Uni\Dissertation\SSD Files\Kingston A400\TRIM Deletion\Recovered data\1331-$RU3WT8S.doc,.doc,0.6,OK,
C:\Users\User\OneDrive\Documents\Uni\Dissertation\SSD Files\Kingston A400\TRIM Deletion\Recovered data\13311-$RV4MLSW.xls,.xls,0.11,OK,
C:\Users\User\OneDrive\Documents\Uni\Dissertation\SSD Files\Kingston A400\TRIM Deletion\Recovered data\13313-$RIM56XY.xls,.xls,0.06,OK,
C:\Users\User\OneDrive\Documents\Uni\Dissertation\SSD Files\Kingston A400\TRIM Deletion\Recovered data\13316-$RN4J363.xls,.xls,0.07,OK,
C:\Users\User\OneDrive\Documents\Uni\Dissertation\SSD Files\Kingston A400\TRIM Deletion\Recovered data\13319-$RSQZBCJ.xls,.xls,0.1,OK,
C:\Users\User\OneDrive\Documents\Uni\Dissertation\SSD Files\Kingston A400\TRIM Deletion\Recovered data\13322-$RWAW6CU.xls,.xls,0.16,OK,
C:\Users\User\OneDrive\Documents\Uni\Dissertation\SSD Files\Kingston A400\TRIM Deletion\Recovered data\13325-$RI20ZIZ.xls,.xls,0.14,OK,
C:\Users\User\OneDrive\Documents\Uni\Dissertation\SSD Files\Kingston A400\TRIM Deletion\Recovered data\13328-$RATOZXU.xls,.xls,0.04,OK,
C:\Users\User\OneDrive\Documents\Uni\Dissertation\SSD Files\Kingston A400\TRIM Deletion\Recovered data\13331-$RL6XV5O.xls,.xls,0.04,OK,
C:\Users\User\OneDrive\Documents\Uni\Dissertation\SSD Files\Kingston A400\TRIM Deletion\Recovered data\13334-$RJ1DYGO.xls,.xls,0.06,OK,
C:\Users\User\OneDrive\Documents\Uni\Dissertation\SSD Files\Kingston A400\TRIM Deletion\Recovered data\13337-$RLX5HGD.xls,.xls,0.12,OK,
C:\Users\User\OneDrive\Documents\Uni\Dissertation\SSD Files\Kingston A400\TRIM Deletion\Recovered data\1334-$R7YE0PL.doc,.doc,0.06,OK,
C:\Users\User\OneDrive\Documents\Uni\Dissertation\SSD Files\Kingston A400\TRIM Deletion\Recovered data\13340-$RX9D5WR.xls,.xls,0.11,OK,
C:\Users\User\OneDrive\Documents\Uni\Dissertation\SSD Files\Kingston A400\TRIM Deletion\Recovered data\13343-$R2Q5APS.xls,.xls,0.69,OK,
C:\Users\User\OneDrive\Documents\Uni\Dissertation\SSD Files\Kingston A400\TRIM Deletion\Recovered data\13346-$R14OD1Y.xls,.xls,0.02,OK,
C:\Users\User\OneDrive\Documents\Uni\Dissertation\SSD Files\Kingston A400\TRIM Deletion\Recovered data\13349-$R73FW98.xls,.xls,0.02,OK,
C:\Users\User\OneDrive\Documents\Uni\Dissertation\SSD Files\Kingston A400\TRIM Deletion\Recovered data\13352-$RR3S9P0.xls,.xls,0.09,OK,
C:\Users\User\OneDrive\Documents\Uni\Dissertation\SSD Files\Kingston A400\TRIM Deletion\Recovered data\13355-$RE4URJ4.xls,.xls,0.65,OK,
C:\Users\User\OneDrive\Documents\Uni\Dissertation\SSD Files\Kingston A400\TRIM Deletion\Recovered data\13358-$RN11P3Y.xls,.xls,0.02,OK,
C:\Users\User\OneDrive\Documents\Uni\Dissertation\SSD Files\Kingston A400\TRIM Deletion\Recovered data\13361-$RBT8KZO.xls,.xls,0.05,OK,
C:\Users\User\OneDrive\Documents\Uni\Dissertation\SSD Files\Kingston A400\TRIM Deletion\Recovered data\13364-$R65YAP9.xls,.xls,0.05,OK,
C:\Users\User\OneDrive\Documents\Uni\Dissertation\SSD Files\Kingston A400\TRIM Deletion\Recovered data\13366-$RLACWOO.xls,.xls,0.11,OK,
C:\Users\User\OneDrive\Documents\Uni\Dissertation\SSD Files\Kingston A400\TRIM Deletion\Recovered data\13369-$RIT4F08.xls,.xls,0.21,OK,
C:\Users\User\OneDrive\Documents\Uni\Dissertation\SSD Files\Kingston A400\TRIM Deletion\Recovered data\1337-$ROFDOSI.doc,.doc,0.05,OK,
C:\Users\User\OneDrive\Documents\Uni\Dissertation\SSD Files\Kingston A400\TRIM Deletion\Recovered data\13372-$RBM8EDT.xls,.xls,0.08,OK,
C:\Users\User\OneDrive\Documents\Uni\Dissertation\SSD Files\Kingston A400\TRIM Deletion\Recovered data\13375-$RFG70FP.xls,.xls,0.04,OK,
C:\Users\User\OneDrive\Documents\Uni\Dissertation\SSD Files\Kingston A400\TRIM Deletion\Recovered data\13378-$RPDPEK8.xls,.xls,0.2,OK,
C:\Users\User\OneDrive\Documents\Uni\Dissertation\SSD Files\Kingston A400\TRIM Deletion\Recovered data\13381-$RX6LWQ1.xls,.xls,2.96,OK,
C:\Users\User\OneDrive\Documents\Uni\Dissertation\SSD Files\Kingston A400\TRIM Deletion\Recovered data\13384-$RMN6B4U.xls,.xls,4.75,OK,
C:\Users\User\OneDrive\Documents\Uni\Dissertation\SSD Files\Kingston A400\TRIM Deletion\Recovered data\13387-$RVSANZZ.xls,.xls,2.81,OK,
C:\Users\User\OneDrive\Documents\Uni\Dissertation\SSD Files\Kingston A400\TRIM Deletion\Recovered data\13390-$R4L2SI0.xls,.xls,2.67,OK,
C:\Users\User\OneDrive\Documents\Uni\Dissertation\SSD Files\Kingston A400\TRIM Deletion\Recovered data\13393-$RGSRBLB.xls,.xls,2.75,OK,
C:\Users\User\OneDrive\Documents\Uni\Dissertation\SSD Files\Kingston A400\TRIM Deletion\Recovered data\13396-$RUOJN1I.xls,.xls,0.03,OK,
C:\Users\User\OneDrive\Documents\Uni\Dissertation\SSD Files\Kingston A400\TRIM Deletion\Recovered data\13399-$RQR50NI.xls,.xls,0.59,OK,
C:\Users\User\OneDrive\Documents\Uni\Dissertation\SSD Files\Kingston A400\TRIM Deletion\Recovered data\134-$RGPFVO1.doc,.doc,0.04,OK,
C:\Users\User\OneDrive\Documents\Uni\Dissertation\SSD Files\Kingston A400\TRIM Deletion\Recovered data\1340-$RCKPBNL.doc,.doc,0.03,OK,
C:\Users\User\OneDrive\Documents\Uni\Dissertation\SSD Files\Kingston A400\TRIM Deletion\Recovered data\13402-$RBY7ESA.xls,.xls,0.03,OK,
C:\Users\User\OneDrive\Documents\Uni\Dissertation\SSD Files\Kingston A400\TRIM Deletion\Recovered data\13405-$R6OCBH0.xls,.xls,0.01,OK,
C:\Users\User\OneDrive\Documents\Uni\Dissertation\SSD Files\Kingston A400\TRIM Deletion\Recovered data\13408-$R6CHDYH.xls,.xls,0.02,OK,
C:\Users\User\OneDrive\Documents\Uni\Dissertation\SSD Files\Kingston A400\TRIM Deletion\Recovered data\13410-$RL0U7N1.xls,.xls,0.03,OK,
C:\Users\User\OneDrive\Documents\Uni\Dissertation\SSD Files\Kingston A400\TRIM Deletion\Recovered data\13413-$RPN7ZVE.xls,.xls,0.58,OK,
C:\Users\User\OneDrive\Documents\Uni\Dissertation\SSD Files\Kingston A400\TRIM Deletion\Recovered data\13415-$R73Q6XB.xls,.xls,0.02,OK,
C:\Users\User\OneDrive\Documents\Uni\Dissertation\SSD Files\Kingston A400\TRIM Deletion\Recovered data\13418-$RSJK0JV.xls,.xls,0.47,OK,
C:\Users\User\OneDrive\Documents\Uni\Dissertation\SSD Files\Kingston A400\TRIM Deletion\Recovered data\13421-$RPVM0JL.xls,.xls,0.03,OK,
C:\Users\User\OneDrive\Documents\Uni\Dissertation\SSD Files\Kingston A400\TRIM Deletion\Recovered data\13423-$RJCRIJY.xls,.xls,0.05,OK,
C:\Users\User\OneDrive\Documents\Uni\Dissertation\SSD Files\Kingston A400\TRIM Deletion\Recovered data\13426-$RJONUTB.xls,.xls,0.04,OK,
C:\Users\User\OneDrive\Documents\Uni\Dissertation\SSD Files\Kingston A400\TRIM Deletion\Recovered data\13429-$RP12LKB.xls,.xls,0.02,OK,
C:\Users\User\OneDrive\Documents\Uni\Dissertation\SSD Files\Kingston A400\TRIM Deletion\Recovered data\1343-$R4GEPH4.doc,.doc,0.06,OK,
C:\Users\User\OneDrive\Documents\Uni\Dissertation\SSD Files\Kingston A400\TRIM Deletion\Recovered data\13431-$R2WE43V.xls,.xls,0.06,OK,
C:\Users\User\OneDrive\Documents\Uni\Dissertation\SSD Files\Kingston A400\TRIM Deletion\Recovered data\13434-$RH2NECV.xls,.xls,0.04,OK,
C:\Users\User\OneDrive\Documents\Uni\Dissertation\SSD Files\Kingston A400\TRIM Deletion\Recovered data\13437-$R0V2946.xls,.xls,0.03,OK,
C:\Users\User\OneDrive\Documents\Uni\Dissertation\SSD Files\Kingston A400\TRIM Deletion\Recovered data\13439-$RHW9175.xls,.xls,0.04,OK,
C:\Users\User\OneDrive\Documents\Uni\Dissertation\SSD Files\Kingston A400\TRIM Deletion\Recovered data\13441-$RD7FIQ1.xls,.xls,0.07,OK,
C:\Users\User\OneDrive\Documents\Uni\Dissertation\SSD Files\Kingston A400\TRIM Deletion\Recovered data\13443-$R9N9I4A.xls,.xls,0.16,OK,
C:\Users\User\OneDrive\Documents\Uni\Dissertation\SSD Files\Kingston A400\TRIM Deletion\Recovered data\13446-$R83DH97.xls,.xls,0.3,OK,
C:\Users\User\OneDrive\Documents\Uni\Dissertation\SSD Files\Kingston A400\TRIM Deletion\Recovered data\13449-$RL13D2J.xls,.xls,1.74,OK,
C:\Users\User\OneDrive\Documents\Uni\Dissertation\SSD Files\Kingston A400\TRIM Deletion\Recovered data\13452-$REDIHKS.xls,.xls,0.03,OK,
C:\Users\User\OneDrive\Documents\Uni\Dissertation\SSD Files\Kingston A400\TRIM Deletion\Recovered data\13455-$RV3QU2M.xls,.xls,0.05,OK,
C:\Users\User\OneDrive\Documents\Uni\Dissertation\SSD Files\Kingston A400\TRIM Deletion\Recovered data\13458-$RQUPFQN.xls,.xls,0.07,OK,
C:\Users\User\OneDrive\Documents\Uni\Dissertation\SSD Files\Kingston A400\TRIM Deletion\Recovered data\1346-$R96B410.doc,.doc,0.03,OK,
C:\Users\User\OneDrive\Documents\Uni\Dissertation\SSD Files\Kingston A400\TRIM Deletion\Recovered data\13461-$RDH8138.xls,.xls,0.15,OK,
C:\Users\User\OneDrive\Documents\Uni\Dissertation\SSD Files\Kingston A400\TRIM Deletion\Recovered data\13464-$RBB0MX3.xls,.xls,0.57,OK,
C:\Users\User\OneDrive\Documents\Uni\Dissertation\SSD Files\Kingston A400\TRIM Deletion\Recovered data\13466-$R7IWFZQ.xls,.xls,0.19,OK,
C:\Users\User\OneDrive\Documents\Uni\Dissertation\SSD Files\Kingston A400\TRIM Deletion\Recovered data\13469-$RE69N3J.xls,.xls,0.05,OK,
C:\Users\User\OneDrive\Documents\Uni\Dissertation\SSD Files\Kingston A400\TRIM Deletion\Recovered data\13472-$R6YG689.xls,.xls,0.15,OK,
C:\Users\User\OneDrive\Documents\Uni\Dissertation\SSD Files\Kingston A400\TRIM Deletion\Recovered data\13475-$RQDMSJC.xls,.xls,0.11,OK,
C:\Users\User\OneDrive\Documents\Uni\Dissertation\SSD Files\Kingston A400\TRIM Deletion\Recovered data\13478-$R0S1D3G.xls,.xls,0.05,OK,
C:\Users\User\OneDrive\Documents\Uni\Dissertation\SSD Files\Kingston A400\TRIM Deletion\Recovered data\1348-$R1HBLEV.doc,.doc,0.07,OK,
C:\Users\User\OneDrive\Documents\Uni\Dissertation\SSD Files\Kingston A400\TRIM Deletion\Recovered data\13481-$R0AX2HA.xls,.xls,1.97,OK,
C:\Users\User\OneDrive\Documents\Uni\Dissertation\SSD Files\Kingston A400\TRIM Deletion\Recovered data\13484-$RWNYKE6.xls,.xls,0.04,OK,
C:\Users\User\OneDrive\Documents\Uni\Dissertation\SSD Files\Kingston A400\TRIM Deletion\Recovered data\13487-$RWA021U.xls,.xls,1.11,OK,
C:\Users\User\OneDrive\Documents\Uni\Dissertation\SSD Files\Kingston A400\TRIM Deletion\Recovered data\13490-$RQADNDZ.xls,.xls,0.02,OK,
C:\Users\User\OneDrive\Documents\Uni\Dissertation\SSD Files\Kingston A400\TRIM Deletion\Recovered data\13493-$RRK8GNS.xls,.xls,2.28,OK,
C:\Users\User\OneDrive\Documents\Uni\Dissertation\SSD Files\Kingston A400\TRIM Deletion\Recovered data\13496-$RNFSF58.xls,.xls,1.15,OK,
C:\Users\User\OneDrive\Documents\Uni\Dissertation\SSD Files\Kingston A400\TRIM Deletion\Recovered data\13499-$RQ9HVWT.xls,.xls,0.01,OK,
C:\Users\User\OneDrive\Documents\Uni\Dissertation\SSD Files\Kingston A400\TRIM Deletion\Recovered data\13502-$RQ7QFUD.xls,.xls,0.93,OK,
C:\Users\User\OneDrive\Documents\Uni\Dissertation\SSD Files\Kingston A400\TRIM Deletion\Recovered data\13505-$REB3R4Z.xls,.xls,0.07,OK,
C:\Users\User\OneDrive\Documents\Uni\Dissertation\SSD Files\Kingston A400\TRIM Deletion\Recovered data\13507-$R8MY0W6.xls,.xls,0.1,OK,
C:\Users\User\OneDrive\Documents\Uni\Dissertation\SSD Files\Kingston A400\TRIM Deletion\Recovered data\1351-$RLQTJV1.doc,.doc,0.05,OK,
C:\Users\User\OneDrive\Documents\Uni\Dissertation\SSD Files\Kingston A400\TRIM Deletion\Recovered data\13510-$RCEWZ0H.xls,.xls,2.15,OK,
C:\Users\User\OneDrive\Documents\Uni\Dissertation\SSD Files\Kingston A400\TRIM Deletion\Recovered data\13512-$RW2H1NI.xls,.xls,1.53,OK,
C:\Users\User\OneDrive\Documents\Uni\Dissertation\SSD Files\Kingston A400\TRIM Deletion\Recovered data\13515-$RN2CMYE.xls,.xls,0.05,OK,
C:\Users\User\OneDrive\Documents\Uni\Dissertation\SSD Files\Kingston A400\TRIM Deletion\Recovered data\13518-$R34UJTS.xls,.xls,1.43,OK,
C:\Users\User\OneDrive\Documents\Uni\Dissertation\SSD Files\Kingston A400\TRIM Deletion\Recovered data\13520-$RYFPNBM.xls,.xls,0.03,OK,
C:\Users\User\OneDrive\Documents\Uni\Dissertation\SSD Files\Kingston A400\TRIM Deletion\Recovered data\13523-$RKFZCRA.xls,.xls,0.06,OK,
C:\Users\User\OneDrive\Documents\Uni\Dissertation\SSD Files\Kingston A400\TRIM Deletion\Recovered data\13526-$RWL5B5Z.xls,.xls,0.04,OK,
C:\Users\User\OneDrive\Documents\Uni\Dissertation\SSD Files\Kingston A400\TRIM Deletion\Recovered data\13529-$RZ3VKM3.xls,.xls,0.05,OK,
C:\Users\User\OneDrive\Documents\Uni\Dissertation\SSD Files\Kingston A400\TRIM Deletion\Recovered data\13531-$RCMXQSF.xls,.xls,0.68,OK,
C:\Users\User\OneDrive\Documents\Uni\Dissertation\SSD Files\Kingston A400\TRIM Deletion\Recovered data\13534-$R7SG7PB.xls,.xls,0.06,OK,
C:\Users\User\OneDrive\Documents\Uni\Dissertation\SSD Files\Kingston A400\TRIM Deletion\Recovered data\13537-$RYB47MM.xls,.xls,0.06,OK,
C:\Users\User\OneDrive\Documents\Uni\Dissertation\SSD Files\Kingston A400\TRIM Deletion\Recovered data\1354-$RBCFP14.doc,.doc,0.08,OK,
C:\Users\User\OneDrive\Documents\Uni\Dissertation\SSD Files\Kingston A400\TRIM Deletion\Recovered data\13540-$R7S6BSZ.xls,.xls,0.02,OK,
C:\Users\User\OneDrive\Documents\Uni\Dissertation\SSD Files\Kingston A400\TRIM Deletion\Recovered data\13543-$RP57A6Q.xls,.xls,0.28,OK,
C:\Users\User\OneDrive\Documents\Uni\Dissertation\SSD Files\Kingston A400\TRIM Deletion\Recovered data\13546-$REZAGMV.xls,.xls,0.03,OK,
C:\Users\User\OneDrive\Documents\Uni\Dissertation\SSD Files\Kingston A400\TRIM Deletion\Recovered data\13549-$RHXBQIH.xls,.xls,0.13,OK,
C:\Users\User\OneDrive\Documents\Uni\Dissertation\SSD Files\Kingston A400\TRIM Deletion\Recovered data\13552-$RLA1BZE.xls,.xls,0.51,OK,
C:\Users\User\OneDrive\Documents\Uni\Dissertation\SSD Files\Kingston A400\TRIM Deletion\Recovered data\13555-$RTIBHSP.xls,.xls,0.06,OK,
C:\Users\User\OneDrive\Documents\Uni\Dissertation\SSD Files\Kingston A400\TRIM Deletion\Recovered data\13558-$RWVDO50.xls,.xls,0.07,OK,
C:\Users\User\OneDrive\Documents\Uni\Dissertation\SSD Files\Kingston A400\TRIM Deletion\Recovered data\13561-$RHVQFM4.xls,.xls,0.24,OK,
C:\Users\User\OneDrive\Documents\Uni\Dissertation\SSD Files\Kingston A400\TRIM Deletion\Recovered data\13564-$R8878O5.xls,.xls,0.03,OK,
C:\Users\User\OneDrive\Documents\Uni\Dissertation\SSD Files\Kingston A400\TRIM Deletion\Recovered data\13567-$R4IDDWM.xls,.xls,0.89,OK,
C:\Users\User\OneDrive\Documents\Uni\Dissertation\SSD Files\Kingston A400\TRIM Deletion\Recovered data\1357-$RRDCNM8.doc,.doc,0.03,OK,
C:\Users\User\OneDrive\Documents\Uni\Dissertation\SSD Files\Kingston A400\TRIM Deletion\Recovered data\13570-$R21GB5B.xls,.xls,0.02,OK,
C:\Users\User\OneDrive\Documents\Uni\Dissertation\SSD Files\Kingston A400\TRIM Deletion\Recovered data\13573-$RA2QY0U.xls,.xls,0.02,OK,
C:\Users\User\OneDrive\Documents\Uni\Dissertation\SSD Files\Kingston A400\TRIM Deletion\Recovered data\13576-$RJX0WQO.xls,.xls,0.04,OK,
C:\Users\User\OneDrive\Documents\Uni\Dissertation\SSD Files\Kingston A400\TRIM Deletion\Recovered data\13579-$RJLXA7G.xls,.xls,0.02,OK,
C:\Users\User\OneDrive\Documents\Uni\Dissertation\SSD Files\Kingston A400\TRIM Deletion\Recovered data\13581-$R8DWDMT.xls,.xls,0.12,OK,
C:\Users\User\OneDrive\Documents\Uni\Dissertation\SSD Files\Kingston A400\TRIM Deletion\Recovered data\13583-$R1F8MOU.xls,.xls,0.12,OK,
C:\Users\User\OneDrive\Documents\Uni\Dissertation\SSD Files\Kingston A400\TRIM Deletion\Recovered data\13586-$RBSLZHX.xls,.xls,8.54,OK,
C:\Users\User\OneDrive\Documents\Uni\Dissertation\SSD Files\Kingston A400\TRIM Deletion\Recovered data\13589-$R4NL0VF.xls,.xls,0.08,OK,
C:\Users\User\OneDrive\Documents\Uni\Dissertation\SSD Files\Kingston A400\TRIM Deletion\Recovered data\13592-$R7NZB9V.xls,.xls,0.05,OK,
C:\Users\User\OneDrive\Documents\Uni\Dissertation\SSD Files\Kingston A400\TRIM Deletion\Recovered data\13595-$RWOK1GM.xls,.xls,0.06,OK,
C:\Users\User\OneDrive\Documents\Uni\Dissertation\SSD Files\Kingston A400\TRIM Deletion\Recovered data\13598-$R68GT7I.xls,.xls,8.99,OK,
C:\Users\User\OneDrive\Documents\Uni\Dissertation\SSD Files\Kingston A400\TRIM Deletion\Recovered data\1360-$RNWI6TG.doc,.doc,0.04,OK,
C:\Users\User\OneDrive\Documents\Uni\Dissertation\SSD Files\Kingston A400\TRIM Deletion\Recovered data\13601-$RE17CB7.xls,.xls,0.58,OK,
C:\Users\User\OneDrive\Documents\Uni\Dissertation\SSD Files\Kingston A400\TRIM Deletion\Recovered data\13604-$RVKV4IU.xls,.xls,0.12,OK,
C:\Users\User\OneDrive\Documents\Uni\Dissertation\SSD Files\Kingston A400\TRIM Deletion\Recovered data\13607-$RLBIXW9.xls,.xls,0.97,OK,
C:\Users\User\OneDrive\Documents\Uni\Dissertation\SSD Files\Kingston A400\TRIM Deletion\Recovered data\13610-$RX21P3R.xls,.xls,13.1,OK,
C:\Users\User\OneDrive\Documents\Uni\Dissertation\SSD Files\Kingston A400\TRIM Deletion\Recovered data\13613-$RJFAWWL.xls,.xls,0.03,OK,
C:\Users\User\OneDrive\Documents\Uni\Dissertation\SSD Files\Kingston A400\TRIM Deletion\Recovered data\13616-$ROD2BZH.xls,.xls,0.08,OK,
C:\Users\User\OneDrive\Documents\Uni\Dissertation\SSD Files\Kingston A400\TRIM Deletion\Recovered data\13619-$RXJJNGQ.xls,.xls,0.02,OK,
C:\Users\User\OneDrive\Documents\Uni\Dissertation\SSD Files\Kingston A400\TRIM Deletion\Recovered data\13622-$RZHJ4OX.xls,.xls,0.07,OK,
C:\Users\User\OneDrive\Documents\Uni\Dissertation\SSD Files\Kingston A400\TRIM Deletion\Recovered data\13625-$RU7CL87.xls,.xls,0.09,OK,
C:\Users\User\OneDrive\Documents\Uni\Dissertation\SSD Files\Kingston A400\TRIM Deletion\Recovered data\13628-$RL3VRHN.xls,.xls,0.14,OK,
C:\Users\User\OneDrive\Documents\Uni\Dissertation\SSD Files\Kingston A400\TRIM Deletion\Recovered data\1363-$R27MR58.doc,.doc,0.04,OK,
C:\Users\User\OneDrive\Documents\Uni\Dissertation\SSD Files\Kingston A400\TRIM Deletion\Recovered data\13631-$RJXQGTF.xls,.xls,0.02,OK,
C:\Users\User\OneDrive\Documents\Uni\Dissertation\SSD Files\Kingston A400\TRIM Deletion\Recovered data\13634-$RQL9E47.xls,.xls,0.34,OK,
C:\Users\User\OneDrive\Documents\Uni\Dissertation\SSD Files\Kingston A400\TRIM Deletion\Recovered data\13636-$REROTBG.xls,.xls,0.09,OK,
C:\Users\User\OneDrive\Documents\Uni\Dissertation\SSD Files\Kingston A400\TRIM Deletion\Recovered data\13638-$RANYA01.xls,.xls,0.11,OK,
C:\Users\User\OneDrive\Documents\Uni\Dissertation\SSD Files\Kingston A400\TRIM Deletion\Recovered data\13641-$R7ZIZ6W.xls,.xls,0.03,OK,
C:\Users\User\OneDrive\Documents\Uni\Dissertation\SSD Files\Kingston A400\TRIM Deletion\Recovered data\13644-$RZ6NPRH.xls,.xls,0.02,OK,
C:\Users\User\OneDrive\Documents\Uni\Dissertation\SSD Files\Kingston A400\TRIM Deletion\Recovered data\13647-$RRQNTO4.xls,.xls,0.09,OK,
C:\Users\User\OneDrive\Documents\Uni\Dissertation\SSD Files\Kingston A400\TRIM Deletion\Recovered data\1365-$RG4H2XT.doc,.doc,0.04,OK,
C:\Users\User\OneDrive\Documents\Uni\Dissertation\SSD Files\Kingston A400\TRIM Deletion\Recovered data\13650-$RVM9AQ1.xls,.xls,0.11,OK,
C:\Users\User\OneDrive\Documents\Uni\Dissertation\SSD Files\Kingston A400\TRIM Deletion\Recovered data\13653-$R6BT3W7.xls,.xls,1.85,OK,
C:\Users\User\OneDrive\Documents\Uni\Dissertation\SSD Files\Kingston A400\TRIM Deletion\Recovered data\13656-$RK4IIGZ.xls,.xls,1.15,OK,
C:\Users\User\OneDrive\Documents\Uni\Dissertation\SSD Files\Kingston A400\TRIM Deletion\Recovered data\13659-$REY17DK.xls,.xls,2.44,OK,
C:\Users\User\OneDrive\Documents\Uni\Dissertation\SSD Files\Kingston A400\TRIM Deletion\Recovered data\13662-$RO6NU1S.xls,.xls,0.25,OK,
C:\Users\User\OneDrive\Documents\Uni\Dissertation\SSD Files\Kingston A400\TRIM Deletion\Recovered data\13665-$RY2JNDY.xls,.xls,0.13,OK,
C:\Users\User\OneDrive\Documents\Uni\Dissertation\SSD Files\Kingston A400\TRIM Deletion\Recovered data\13668-$RI66M8Z.xls,.xls,0.28,OK,
C:\Users\User\OneDrive\Documents\Uni\Dissertation\SSD Files\Kingston A400\TRIM Deletion\Recovered data\13671-$RVFER42.xls,.xls,0.04,OK,
C:\Users\User\OneDrive\Documents\Uni\Dissertation\SSD Files\Kingston A400\TRIM Deletion\Recovered data\13674-$ROFJZET.xls,.xls,0.04,OK,
C:\Users\User\OneDrive\Documents\Uni\Dissertation\SSD Files\Kingston A400\TRIM Deletion\Recovered data\13677-$RNAATCD.xls,.xls,0.02,OK,
C:\Users\User\OneDrive\Documents\Uni\Dissertation\SSD Files\Kingston A400\TRIM Deletion\Recovered data\1368-$RUVHNZN.doc,.doc,0.17,OK,
C:\Users\User\OneDrive\Documents\Uni\Dissertation\SSD Files\Kingston A400\TRIM Deletion\Recovered data\13680-$RP3UPMH.xls,.xls,0.17,OK,
C:\Users\User\OneDrive\Documents\Uni\Dissertation\SSD Files\Kingston A400\TRIM Deletion\Recovered data\13683-$RWG6P36.xls,.xls,0.12,OK,
C:\Users\User\OneDrive\Documents\Uni\Dissertation\SSD Files\Kingston A400\TRIM Deletion\Recovered data\13686-$RSUJ7G8.xls,.xls,0.03,OK,
C:\Users\User\OneDrive\Documents\Uni\Dissertation\SSD Files\Kingston A400\TRIM Deletion\Recovered data\13689-$RXC6QRO.xls,.xls,0.03,OK,
C:\Users\User\OneDrive\Documents\Uni\Dissertation\SSD Files\Kingston A400\TRIM Deletion\Recovered data\13692-$RXX3O3R.xls,.xls,1.01,OK,
C:\Users\User\OneDrive\Documents\Uni\Dissertation\SSD Files\Kingston A400\TRIM Deletion\Recovered data\13695-$RA3PC0Q.xls,.xls,2.84,OK,
C:\Users\User\OneDrive\Documents\Uni\Dissertation\SSD Files\Kingston A400\TRIM Deletion\Recovered data\13698-$RIRYCFK.xls,.xls,0.02,OK,
C:\Users\User\OneDrive\Documents\Uni\Dissertation\SSD Files\Kingston A400\TRIM Deletion\Recovered data\137-$RU6LOXW.doc,.doc,0.06,OK,
C:\Users\User\OneDrive\Documents\Uni\Dissertation\SSD Files\Kingston A400\TRIM Deletion\Recovered data\13701-$RSUVTF7.xls,.xls,0.1,OK,
C:\Users\User\OneDrive\Documents\Uni\Dissertation\SSD Files\Kingston A400\TRIM Deletion\Recovered data\13704-$R9336BU.xls,.xls,0.05,OK,
C:\Users\User\OneDrive\Documents\Uni\Dissertation\SSD Files\Kingston A400\TRIM Deletion\Recovered data\13707-$RURTEWJ.xls,.xls,0.28,OK,
C:\Users\User\OneDrive\Documents\Uni\Dissertation\SSD Files\Kingston A400\TRIM Deletion\Recovered data\1371-$RQUKEOX.doc,.doc,0.11,OK,
C:\Users\User\OneDrive\Documents\Uni\Dissertation\SSD Files\Kingston A400\TRIM Deletion\Recovered data\13710-$R8GTJBK.xls,.xls,2.17,OK,
C:\Users\User\OneDrive\Documents\Uni\Dissertation\SSD Files\Kingston A400\TRIM Deletion\Recovered data\13713-$RSS7ZE3.xls,.xls,0.63,OK,
C:\Users\User\OneDrive\Documents\Uni\Dissertation\SSD Files\Kingston A400\TRIM Deletion\Recovered data\13716-$RCMO04W.xls,.xls,0.02,OK,
C:\Users\User\OneDrive\Documents\Uni\Dissertation\SSD Files\Kingston A400\TRIM Deletion\Recovered data\13719-$R2Z4GBA.xls,.xls,0.08,OK,
C:\Users\User\OneDrive\Documents\Uni\Dissertation\SSD Files\Kingston A400\TRIM Deletion\Recovered data\13722-$RZ5S90D.xls,.xls,0.11,OK,
C:\Users\User\OneDrive\Documents\Uni\Dissertation\SSD Files\Kingston A400\TRIM Deletion\Recovered data\13725-$RDANHTD.xls,.xls,0.41,OK,
C:\Users\User\OneDrive\Documents\Uni\Dissertation\SSD Files\Kingston A400\TRIM Deletion\Recovered data\13728-$RUL71M2.xls,.xls,0.07,OK,
C:\Users\User\OneDrive\Documents\Uni\Dissertation\SSD Files\Kingston A400\TRIM Deletion\Recovered data\13731-$R7L1GMW.xls,.xls,9.65,OK,
C:\Users\User\OneDrive\Documents\Uni\Dissertation\SSD Files\Kingston A400\TRIM Deletion\Recovered data\13734-$ROPBF14.xls,.xls,0.62,OK,
C:\Users\User\OneDrive\Documents\Uni\Dissertation\SSD Files\Kingston A400\TRIM Deletion\Recovered data\13737-$R527Y1Q.xls,.xls,0.18,OK,
C:\Users\User\OneDrive\Documents\Uni\Dissertation\SSD Files\Kingston A400\TRIM Deletion\Recovered data\1374-$RJ69T21.doc,.doc,0.23,OK,
C:\Users\User\OneDrive\Documents\Uni\Dissertation\SSD Files\Kingston A400\TRIM Deletion\Recovered data\13740-$RECS80L.xls,.xls,1.79,OK,
C:\Users\User\OneDrive\Documents\Uni\Dissertation\SSD Files\Kingston A400\TRIM Deletion\Recovered data\13743-$RQXO3CQ.xls,.xls,0.21,OK,
C:\Users\User\OneDrive\Documents\Uni\Dissertation\SSD Files\Kingston A400\TRIM Deletion\Recovered data\13745-$RWNCUUE.xls,.xls,4.3,OK,
C:\Users\User\OneDrive\Documents\Uni\Dissertation\SSD Files\Kingston A400\TRIM Deletion\Recovered data\13748-$RNK3BL7.xls,.xls,0.07,OK,
C:\Users\User\OneDrive\Documents\Uni\Dissertation\SSD Files\Kingston A400\TRIM Deletion\Recovered data\13751-$RGS6OJB.xls,.xls,13.01,OK,
C:\Users\User\OneDrive\Documents\Uni\Dissertation\SSD Files\Kingston A400\TRIM Deletion\Recovered data\13754-$RCZB2OW.xls,.xls,0.13,OK,
C:\Users\User\OneDrive\Documents\Uni\Dissertation\SSD Files\Kingston A400\TRIM Deletion\Recovered data\13757-$R3TDR4B.xls,.xls,0.02,OK,
C:\Users\User\OneDrive\Documents\Uni\Dissertation\SSD Files\Kingston A400\TRIM Deletion\Recovered data\13760-$RHIV0ZK.xls,.xls,1.72,OK,
C:\Users\User\OneDrive\Documents\Uni\Dissertation\SSD Files\Kingston A400\TRIM Deletion\Recovered data\13762-$RPR8TIG.xls,.xls,0.12,OK,
C:\Users\User\OneDrive\Documents\Uni\Dissertation\SSD Files\Kingston A400\TRIM Deletion\Recovered data\13765-$R2F2MYS.xls,.xls,0.66,OK,
C:\Users\User\OneDrive\Documents\Uni\Dissertation\SSD Files\Kingston A400\TRIM Deletion\Recovered data\13768-$R6XUH9X.xls,.xls,0.04,OK,
C:\Users\User\OneDrive\Documents\Uni\Dissertation\SSD Files\Kingston A400\TRIM Deletion\Recovered data\1377-$RF3QLWX.doc,.doc,0.24,OK,
C:\Users\User\OneDrive\Documents\Uni\Dissertation\SSD Files\Kingston A400\TRIM Deletion\Recovered data\13771-$RK1RDPK.xls,.xls,0.09,OK,
C:\Users\User\OneDrive\Documents\Uni\Dissertation\SSD Files\Kingston A400\TRIM Deletion\Recovered data\13774-$REOQCXR.xls,.xls,0.09,OK,
C:\Users\User\OneDrive\Documents\Uni\Dissertation\SSD Files\Kingston A400\TRIM Deletion\Recovered data\13777-$REY0W8R.xls,.xls,0.37,OK,
C:\Users\User\OneDrive\Documents\Uni\Dissertation\SSD Files\Kingston A400\TRIM Deletion\Recovered data\13780-$RQR6RFK.xls,.xls,0.51,OK,
C:\Users\User\OneDrive\Documents\Uni\Dissertation\SSD Files\Kingston A400\TRIM Deletion\Recovered data\13783-$R9GSJ2O.xls,.xls,0.06,OK,
C:\Users\User\OneDrive\Documents\Uni\Dissertation\SSD Files\Kingston A400\TRIM Deletion\Recovered data\13786-$RDE8UXE.xls,.xls,1.13,OK,
C:\Users\User\OneDrive\Documents\Uni\Dissertation\SSD Files\Kingston A400\TRIM Deletion\Recovered data\13789-$RRPZG91.xls,.xls,3.98,OK,
C:\Users\User\OneDrive\Documents\Uni\Dissertation\SSD Files\Kingston A400\TRIM Deletion\Recovered data\13792-$RC44UBK.xls,.xls,0.73,OK,
C:\Users\User\OneDrive\Documents\Uni\Dissertation\SSD Files\Kingston A400\TRIM Deletion\Recovered data\13794-$RFM7P95.xls,.xls,0.07,OK,
C:\Users\User\OneDrive\Documents\Uni\Dissertation\SSD Files\Kingston A400\TRIM Deletion\Recovered data\13797-$RGV8NHU.xls,.xls,22.36,OK,
C:\Users\User\OneDrive\Documents\Uni\Dissertation\SSD Files\Kingston A400\TRIM Deletion\Recovered data\1380-$RT310TX.doc,.doc,0.04,OK,
C:\Users\User\OneDrive\Documents\Uni\Dissertation\SSD Files\Kingston A400\TRIM Deletion\Recovered data\13800-$RV1ZLZ8.xls,.xls,0.42,OK,
C:\Users\User\OneDrive\Documents\Uni\Dissertation\SSD Files\Kingston A400\TRIM Deletion\Recovered data\13803-$R9U5XE1.xls,.xls,0.04,OK,
C:\Users\User\OneDrive\Documents\Uni\Dissertation\SSD Files\Kingston A400\TRIM Deletion\Recovered data\13805-$RQQVYZJ.xls,.xls,0.11,OK,
C:\Users\User\OneDrive\Documents\Uni\Dissertation\SSD Files\Kingston A400\TRIM Deletion\Recovered data\13808-$R1WQ44R.xls,.xls,0.02,OK,
C:\Users\User\OneDrive\Documents\Uni\Dissertation\SSD Files\Kingston A400\TRIM Deletion\Recovered data\13811-$R9Y3HC7.xls,.xls,0.07,OK,
C:\Users\User\OneDrive\Documents\Uni\Dissertation\SSD Files\Kingston A400\TRIM Deletion\Recovered data\13814-$RKCYG3H.xls,.xls,12.16,OK,
C:\Users\User\OneDrive\Documents\Uni\Dissertation\SSD Files\Kingston A400\TRIM Deletion\Recovered data\13817-$RXTZ38R.xls,.xls,0.04,OK,
C:\Users\User\OneDrive\Documents\Uni\Dissertation\SSD Files\Kingston A400\TRIM Deletion\Recovered data\13820-$R0HZ0F6.xls,.xls,0.06,OK,
C:\Users\User\OneDrive\Documents\Uni\Dissertation\SSD Files\Kingston A400\TRIM Deletion\Recovered data\13822-$RCIXLLE.xls,.xls,0.02,OK,
C:\Users\User\OneDrive\Documents\Uni\Dissertation\SSD Files\Kingston A400\TRIM Deletion\Recovered data\13825-$R5PIKXN.xls,.xls,0.05,OK,
C:\Users\User\OneDrive\Documents\Uni\Dissertation\SSD Files\Kingston A400\TRIM Deletion\Recovered data\13828-$RT5P8NS.xls,.xls,1.53,OK,
C:\Users\User\OneDrive\Documents\Uni\Dissertation\SSD Files\Kingston A400\TRIM Deletion\Recovered data\1383-$R87X5ZM.doc,.doc,0.22,FAILED,"(-2147352567, 'Exception occurred.', (0, 'Microsoft Word', 'Office has detected a problem with this file. To help protect your computer this file cannot be opened.\r (C:\\Users\\User\\...\\1383-$R87X5ZM.doc)', 'wdmain11.chm', 25775, -2146821993), None)"
C:\Users\User\OneDrive\Documents\Uni\Dissertation\SSD Files\Kingston A400\TRIM Deletion\Recovered data\13831-$RVUH0WO.xls,.xls,0.04,OK,
C:\Users\User\OneDrive\Documents\Uni\Dissertation\SSD Files\Kingston A400\TRIM Deletion\Recovered data\13834-$RHQEUZO.xls,.xls,0.03,OK,
C:\Users\User\OneDrive\Documents\Uni\Dissertation\SSD Files\Kingston A400\TRIM Deletion\Recovered data\13837-$RQ76LRO.xls,.xls,0.02,OK,
C:\Users\User\OneDrive\Documents\Uni\Dissertation\SSD Files\Kingston A400\TRIM Deletion\Recovered data\13840-$RR57PHP.xls,.xls,0.02,OK,
C:\Users\User\OneDrive\Documents\Uni\Dissertation\SSD Files\Kingston A400\TRIM Deletion\Recovered data\13843-$RJAMWJ7.xls,.xls,0.06,OK,
C:\Users\User\OneDrive\Documents\Uni\Dissertation\SSD Files\Kingston A400\TRIM Deletion\Recovered data\13846-$R3KIMID.xls,.xls,0.02,OK,
C:\Users\User\OneDrive\Documents\Uni\Dissertation\SSD Files\Kingston A400\TRIM Deletion\Recovered data\13849-$RTGMZPK.xls,.xls,0.03,OK,
C:\Users\User\OneDrive\Documents\Uni\Dissertation\SSD Files\Kingston A400\TRIM Deletion\Recovered data\13852-$RP9MZA8.xls,.xls,0.02,OK,
C:\Users\User\OneDrive\Documents\Uni\Dissertation\SSD Files\Kingston A400\TRIM Deletion\Recovered data\13855-$R55YUAZ.xls,.xls,0.43,OK,
C:\Users\User\OneDrive\Documents\Uni\Dissertation\SSD Files\Kingston A400\TRIM Deletion\Recovered data\13858-$RXGQ2BI.xls,.xls,0.02,OK,
C:\Users\User\OneDrive\Documents\Uni\Dissertation\SSD Files\Kingston A400\TRIM Deletion\Recovered data\1386-$RXO17Y7.doc,.doc,0.23,OK,
C:\Users\User\OneDrive\Documents\Uni\Dissertation\SSD Files\Kingston A400\TRIM Deletion\Recovered data\13860-$RQL4S4T.xls,.xls,0.02,OK,
C:\Users\User\OneDrive\Documents\Uni\Dissertation\SSD Files\Kingston A400\TRIM Deletion\Recovered data\13863-$RZHP94M.xls,.xls,0.05,OK,
C:\Users\User\OneDrive\Documents\Uni\Dissertation\SSD Files\Kingston A400\TRIM Deletion\Recovered data\13866-$RHYQOHX.xls,.xls,0.03,OK,
C:\Users\User\OneDrive\Documents\Uni\Dissertation\SSD Files\Kingston A400\TRIM Deletion\Recovered data\13868-$RX7X850.xls,.xls,0.16,OK,
C:\Users\User\OneDrive\Documents\Uni\Dissertation\SSD Files\Kingston A400\TRIM Deletion\Recovered data\13870-$RFXYTQ5.xls,.xls,0.06,OK,
C:\Users\User\OneDrive\Documents\Uni\Dissertation\SSD Files\Kingston A400\TRIM Deletion\Recovered data\13873-$RTGTMHK.xls,.xls,0.19,OK,
C:\Users\User\OneDrive\Documents\Uni\Dissertation\SSD Files\Kingston A400\TRIM Deletion\Recovered data\13876-$R0ZI48E.xls,.xls,0.12,OK,
C:\Users\User\OneDrive\Documents\Uni\Dissertation\SSD Files\Kingston A400\TRIM Deletion\Recovered data\13879-$RT6ZLTY.xls,.xls,0.02,OK,
C:\Users\User\OneDrive\Documents\Uni\Dissertation\SSD Files\Kingston A400\TRIM Deletion\Recovered data\13882-$RE4JNXI.xls,.xls,0.02,OK,
C:\Users\User\OneDrive\Documents\Uni\Dissertation\SSD Files\Kingston A400\TRIM Deletion\Recovered data\13885-$RTF9YI1.xls,.xls,0.02,OK,
C:\Users\User\OneDrive\Documents\Uni\Dissertation\SSD Files\Kingston A400\TRIM Deletion\Recovered data\13888-$RK3BVJV.xls,.xls,0.06,OK,
C:\Users\User\OneDrive\Documents\Uni\Dissertation\SSD Files\Kingston A400\TRIM Deletion\Recovered data\1389-$R0XJC6P.doc,.doc,0.21,FAILED,"(-2147352567, 'Exception occurred.', (0, 'Microsoft Word', 'Office has detected a problem with this file. To help protect your computer this file cannot be opened.\r (C:\\Users\\User\\...\\1389-$R0XJC6P.doc)', 'wdmain11.chm', 25775, -2146821993), None)"
C:\Users\User\OneDrive\Documents\Uni\Dissertation\SSD Files\Kingston A400\TRIM Deletion\Recovered data\13891-$R28AF16.xls,.xls,0.03,OK,
C:\Users\User\OneDrive\Documents\Uni\Dissertation\SSD Files\Kingston A400\TRIM Deletion\Recovered data\13894-$RDV2FB3.xls,.xls,0.04,OK,
C:\Users\User\OneDrive\Documents\Uni\Dissertation\SSD Files\Kingston A400\TRIM Deletion\Recovered data\13897-$RHDYCQM.xls,.xls,0.03,OK,
C:\Users\User\OneDrive\Documents\Uni\Dissertation\SSD Files\Kingston A400\TRIM Deletion\Recovered data\13900-$RJ2U67C.xls,.xls,0.03,OK,
C:\Users\User\OneDrive\Documents\Uni\Dissertation\SSD Files\Kingston A400\TRIM Deletion\Recovered data\13903-$RTNK0EY.xls,.xls,0.03,OK,
C:\Users\User\OneDrive\Documents\Uni\Dissertation\SSD Files\Kingston A400\TRIM Deletion\Recovered data\13906-$RNBTT61.xls,.xls,0.13,OK,
C:\Users\User\OneDrive\Documents\Uni\Dissertation\SSD Files\Kingston A400\TRIM Deletion\Recovered data\13909-$RKNATF5.xls,.xls,0.2,OK,
C:\Users\User\OneDrive\Documents\Uni\Dissertation\SSD Files\Kingston A400\TRIM Deletion\Recovered data\13912-$RNZ9KCF.xls,.xls,0.2,OK,
C:\Users\User\OneDrive\Documents\Uni\Dissertation\SSD Files\Kingston A400\TRIM Deletion\Recovered data\13914-$RYZL504.xls,.xls,0.07,OK,
C:\Users\User\OneDrive\Documents\Uni\Dissertation\SSD Files\Kingston A400\TRIM Deletion\Recovered data\13917-$RVMC807.xls,.xls,0.1,OK,
C:\Users\User\OneDrive\Documents\Uni\Dissertation\SSD Files\Kingston A400\TRIM Deletion\Recovered data\1392-$R7K4WOP.doc,.doc,0.21,FAILED,"(-2147352567, 'Exception occurred.', (0, 'Microsoft Word', 'Office has detected a problem with this file. To help protect your computer this file cannot be opened.\r (C:\\Users\\User\\...\\1392-$R7K4WOP.doc)', 'wdmain11.chm', 25775, -2146821993), None)"
C:\Users\User\OneDrive\Documents\Uni\Dissertation\SSD Files\Kingston A400\TRIM Deletion\Recovered data\13920-$RXMB6PJ.xls,.xls,0.06,OK,
C:\Users\User\OneDrive\Documents\Uni\Dissertation\SSD Files\Kingston A400\TRIM Deletion\Recovered data\13923-$RGJQPLY.xls,.xls,0.03,OK,
C:\Users\User\OneDrive\Documents\Uni\Dissertation\SSD Files\Kingston A400\TRIM Deletion\Recovered data\13925-$R1RO7I4.xls,.xls,0.08,OK,
C:\Users\User\OneDrive\Documents\Uni\Dissertation\SSD Files\Kingston A400\TRIM Deletion\Recovered data\13928-$R7C6B9W.xls,.xls,0.03,OK,
C:\Users\User\OneDrive\Documents\Uni\Dissertation\SSD Files\Kingston A400\TRIM Deletion\Recovered data\13931-$RJHZNX4.xls,.xls,0.02,OK,
C:\Users\User\OneDrive\Documents\Uni\Dissertation\SSD Files\Kingston A400\TRIM Deletion\Recovered data\13934-$R4Z6Z82.xls,.xls,0.02,OK,
C:\Users\User\OneDrive\Documents\Uni\Dissertation\SSD Files\Kingston A400\TRIM Deletion\Recovered data\13937-$R7BECK9.xls,.xls,0.02,OK,
C:\Users\User\OneDrive\Documents\Uni\Dissertation\SSD Files\Kingston A400\TRIM Deletion\Recovered data\13939-$RD7WQJB.xls,.xls,0.02,OK,
C:\Users\User\OneDrive\Documents\Uni\Dissertation\SSD Files\Kingston A400\TRIM Deletion\Recovered data\1394-$RO06XO7.doc,.doc,0.12,OK,
C:\Users\User\OneDrive\Documents\Uni\Dissertation\SSD Files\Kingston A400\TRIM Deletion\Recovered data\13941-$R5DKMDS.xls,.xls,0.51,OK,
C:\Users\User\OneDrive\Documents\Uni\Dissertation\SSD Files\Kingston A400\TRIM Deletion\Recovered data\13944-$RMHWOEH.xls,.xls,0.09,OK,
C:\Users\User\OneDrive\Documents\Uni\Dissertation\SSD Files\Kingston A400\TRIM Deletion\Recovered data\13947-$RG5PV7H.xls,.xls,0.09,OK,
C:\Users\User\OneDrive\Documents\Uni\Dissertation\SSD Files\Kingston A400\TRIM Deletion\Recovered data\13950-$RSTAM0C.xls,.xls,0.02,OK,
C:\Users\User\OneDrive\Documents\Uni\Dissertation\SSD Files\Kingston A400\TRIM Deletion\Recovered data\13953-$R6BZIQK.xls,.xls,0.02,OK,
C:\Users\User\OneDrive\Documents\Uni\Dissertation\SSD Files\Kingston A400\TRIM Deletion\Recovered data\13956-$RKT8Z73.xls,.xls,0.05,OK,
C:\Users\User\OneDrive\Documents\Uni\Dissertation\SSD Files\Kingston A400\TRIM Deletion\Recovered data\13959-$RJRMFM3.xls,.xls,0.02,OK,
C:\Users\User\OneDrive\Documents\Uni\Dissertation\SSD Files\Kingston A400\TRIM Deletion\Recovered data\13962-$RB8T54Q.xls,.xls,0.03,OK,
C:\Users\User\OneDrive\Documents\Uni\Dissertation\SSD Files\Kingston A400\TRIM Deletion\Recovered data\13965-$RGE6U9H.xls,.xls,0.11,OK,
C:\Users\User\OneDrive\Documents\Uni\Dissertation\SSD Files\Kingston A400\TRIM Deletion\Recovered data\13968-$RCWOQTZ.xls,.xls,0.54,OK,
C:\Users\User\OneDrive\Documents\Uni\Dissertation\SSD Files\Kingston A400\TRIM Deletion\Recovered data\1397-$RWARTUH.doc,.doc,0.15,OK,
C:\Users\User\OneDrive\Documents\Uni\Dissertation\SSD Files\Kingston A400\TRIM Deletion\Recovered data\13971-$RVR4MRY.xls,.xls,0.02,OK,
C:\Users\User\OneDrive\Documents\Uni\Dissertation\SSD Files\Kingston A400\TRIM Deletion\Recovered data\13974-$R32XKIZ.xls,.xls,0.04,OK,
C:\Users\User\OneDrive\Documents\Uni\Dissertation\SSD Files\Kingston A400\TRIM Deletion\Recovered data\13977-$RSTHP5X.xls,.xls,0.1,OK,
C:\Users\User\OneDrive\Documents\Uni\Dissertation\SSD Files\Kingston A400\TRIM Deletion\Recovered data\13979-$RZ7Q8FC.xls,.xls,0.02,OK,
C:\Users\User\OneDrive\Documents\Uni\Dissertation\SSD Files\Kingston A400\TRIM Deletion\Recovered data\13982-$RT197J4.xls,.xls,0.12,OK,
C:\Users\User\OneDrive\Documents\Uni\Dissertation\SSD Files\Kingston A400\TRIM Deletion\Recovered data\13984-$RB0AMWM.xls,.xls,0.14,OK,
C:\Users\User\OneDrive\Documents\Uni\Dissertation\SSD Files\Kingston A400\TRIM Deletion\Recovered data\13987-$RGSK4J4.xls,.xls,0.56,OK,
C:\Users\User\OneDrive\Documents\Uni\Dissertation\SSD Files\Kingston A400\TRIM Deletion\Recovered data\13990-$RQJUADC.xls,.xls,0.15,OK,
C:\Users\User\OneDrive\Documents\Uni\Dissertation\SSD Files\Kingston A400\TRIM Deletion\Recovered data\13993-$RJHOS1X.xls,.xls,0.12,OK,
C:\Users\User\OneDrive\Documents\Uni\Dissertation\SSD Files\Kingston A400\TRIM Deletion\Recovered data\13996-$R6EVFVS.xls,.xls,0.29,OK,
C:\Users\User\OneDrive\Documents\Uni\Dissertation\SSD Files\Kingston A400\TRIM Deletion\Recovered data\13999-$R2XI23R.xls,.xls,0.04,OK,
C:\Users\User\OneDrive\Documents\Uni\Dissertation\SSD Files\Kingston A400\TRIM Deletion\Recovered data\140-$R8BLAL0.doc,.doc,2.15,FAILED,"(-2147352567, 'Exception occurred.', (0, 'Microsoft Word', 'Word experienced an error trying to open the file.\nTry these suggestions.\n* Check the file permissions for the document or drive.\n* Make sure there is sufficient free memory and disk space.\n* Open the file with the Text Recovery converter.\r (C:\\Users\\User\\...\\140-$R8BLAL0.doc)', 'wdmain11.chm', 24601, -2146823167), None)"
C:\Users\User\OneDrive\Documents\Uni\Dissertation\SSD Files\Kingston A400\TRIM Deletion\Recovered data\1400-$R81LKPL.doc,.doc,0.04,OK,
C:\Users\User\OneDrive\Documents\Uni\Dissertation\SSD Files\Kingston A400\TRIM Deletion\Recovered data\14002-$RC89GQQ.xls,.xls,0.41,OK,
C:\Users\User\OneDrive\Documents\Uni\Dissertation\SSD Files\Kingston A400\TRIM Deletion\Recovered data\14005-$R15QFYY.xls,.xls,0.46,OK,
C:\Users\User\OneDrive\Documents\Uni\Dissertation\SSD Files\Kingston A400\TRIM Deletion\Recovered data\14008-$RDXU0S6.xls,.xls,0.03,OK,
C:\Users\User\OneDrive\Documents\Uni\Dissertation\SSD Files\Kingston A400\TRIM Deletion\Recovered data\14011-$R37XZNX.xls,.xls,0.06,OK,
C:\Users\User\OneDrive\Documents\Uni\Dissertation\SSD Files\Kingston A400\TRIM Deletion\Recovered data\14014-$RQ9FIOZ.xls,.xls,12.18,OK,
C:\Users\User\OneDrive\Documents\Uni\Dissertation\SSD Files\Kingston A400\TRIM Deletion\Recovered data\14017-$R25RDQ7.xls,.xls,0.1,OK,
C:\Users\User\OneDrive\Documents\Uni\Dissertation\SSD Files\Kingston A400\TRIM Deletion\Recovered data\14020-$R2CR3CJ.xls,.xls,0.05,OK,
C:\Users\User\OneDrive\Documents\Uni\Dissertation\SSD Files\Kingston A400\TRIM Deletion\Recovered data\14023-$RPZOULI.xls,.xls,3.68,OK,
C:\Users\User\OneDrive\Documents\Uni\Dissertation\SSD Files\Kingston A400\TRIM Deletion\Recovered data\14026-$RFUN2UN.xls,.xls,0.05,OK,
C:\Users\User\OneDrive\Documents\Uni\Dissertation\SSD Files\Kingston A400\TRIM Deletion\Recovered data\14029-$RZ9UCIJ.xls,.xls,0.29,OK,
C:\Users\User\OneDrive\Documents\Uni\Dissertation\SSD Files\Kingston A400\TRIM Deletion\Recovered data\1403-$R6VM514.doc,.doc,0.52,FAILED,"(-2147352567, 'Exception occurred.', (0, 'Microsoft Word', 'Word experienced an error trying to open the file.\nTry these suggestions.\n* Check the file permissions for the document or drive.\n* Make sure there is sufficient free memory and disk space.\n* Open the file with the Text Recovery converter.\r (C:\\Users\\User\\...\\1403-$R6VM514.doc)', 'wdmain11.chm', 24601, -2146823167), None)"
C:\Users\User\OneDrive\Documents\Uni\Dissertation\SSD Files\Kingston A400\TRIM Deletion\Recovered data\14032-$RXW64SO.xls,.xls,0.07,OK,
C:\Users\User\OneDrive\Documents\Uni\Dissertation\SSD Files\Kingston A400\TRIM Deletion\Recovered data\14035-$RI4FWGF.xls,.xls,0.04,OK,
C:\Users\User\OneDrive\Documents\Uni\Dissertation\SSD Files\Kingston A400\TRIM Deletion\Recovered data\14038-$RT76C64.xls,.xls,0.07,OK,
C:\Users\User\OneDrive\Documents\Uni\Dissertation\SSD Files\Kingston A400\TRIM Deletion\Recovered data\14041-$R984UN7.xls,.xls,0.05,OK,
C:\Users\User\OneDrive\Documents\Uni\Dissertation\SSD Files\Kingston A400\TRIM Deletion\Recovered data\14044-$RH97H1A.xls,.xls,0.02,OK,
C:\Users\User\OneDrive\Documents\Uni\Dissertation\SSD Files\Kingston A400\TRIM Deletion\Recovered data\14046-$RXKQCI8.xls,.xls,0.01,OK,
C:\Users\User\OneDrive\Documents\Uni\Dissertation\SSD Files\Kingston A400\TRIM Deletion\Recovered data\14049-$RUGLNG3.xls,.xls,0.68,OK,
C:\Users\User\OneDrive\Documents\Uni\Dissertation\SSD Files\Kingston A400\TRIM Deletion\Recovered data\14052-$R3SKAP1.xls,.xls,0.03,OK,
C:\Users\User\OneDrive\Documents\Uni\Dissertation\SSD Files\Kingston A400\TRIM Deletion\Recovered data\14055-$R9KLHJL.xls,.xls,0.12,OK,
C:\Users\User\OneDrive\Documents\Uni\Dissertation\SSD Files\Kingston A400\TRIM Deletion\Recovered data\14058-$RQ23CA9.xls,.xls,6.63,OK,
C:\Users\User\OneDrive\Documents\Uni\Dissertation\SSD Files\Kingston A400\TRIM Deletion\Recovered data\1406-$RDSHVEJ.doc,.doc,0.73,OK,
C:\Users\User\OneDrive\Documents\Uni\Dissertation\SSD Files\Kingston A400\TRIM Deletion\Recovered data\14061-$R64NHW5.xls,.xls,0.03,OK,
C:\Users\User\OneDrive\Documents\Uni\Dissertation\SSD Files\Kingston A400\TRIM Deletion\Recovered data\14064-$RY11EFV.xls,.xls,0.04,OK,
C:\Users\User\OneDrive\Documents\Uni\Dissertation\SSD Files\Kingston A400\TRIM Deletion\Recovered data\14066-$RNIYOKO.xls,.xls,3.48,OK,
C:\Users\User\OneDrive\Documents\Uni\Dissertation\SSD Files\Kingston A400\TRIM Deletion\Recovered data\14069-$ROET438.xls,.xls,0.1,OK,
C:\Users\User\OneDrive\Documents\Uni\Dissertation\SSD Files\Kingston A400\TRIM Deletion\Recovered data\14072-$RYDIXF3.xls,.xls,0.17,OK,
C:\Users\User\OneDrive\Documents\Uni\Dissertation\SSD Files\Kingston A400\TRIM Deletion\Recovered data\14075-$R99V0PN.xls,.xls,0.09,OK,
C:\Users\User\OneDrive\Documents\Uni\Dissertation\SSD Files\Kingston A400\TRIM Deletion\Recovered data\14078-$RFIKGHG.xls,.xls,0.06,OK,
C:\Users\User\OneDrive\Documents\Uni\Dissertation\SSD Files\Kingston A400\TRIM Deletion\Recovered data\1408-$RMHGVCQ.doc,.doc,0.14,OK,
C:\Users\User\OneDrive\Documents\Uni\Dissertation\SSD Files\Kingston A400\TRIM Deletion\Recovered data\14081-$RA9ZFU1.xls,.xls,0.46,OK,
C:\Users\User\OneDrive\Documents\Uni\Dissertation\SSD Files\Kingston A400\TRIM Deletion\Recovered data\14084-$R923J75.xls,.xls,0.63,OK,
C:\Users\User\OneDrive\Documents\Uni\Dissertation\SSD Files\Kingston A400\TRIM Deletion\Recovered data\14087-$R1059WK.xls,.xls,0.04,OK,
C:\Users\User\OneDrive\Documents\Uni\Dissertation\SSD Files\Kingston A400\TRIM Deletion\Recovered data\14090-$RPAO87L.xls,.xls,0.14,OK,
C:\Users\User\OneDrive\Documents\Uni\Dissertation\SSD Files\Kingston A400\TRIM Deletion\Recovered data\14093-$RP3AHJU.xls,.xls,0.04,OK,
C:\Users\User\OneDrive\Documents\Uni\Dissertation\SSD Files\Kingston A400\TRIM Deletion\Recovered data\14096-$R4SEKRW.xls,.xls,0.49,OK,
C:\Users\User\OneDrive\Documents\Uni\Dissertation\SSD Files\Kingston A400\TRIM Deletion\Recovered data\14099-$RLC3SDC.xls,.xls,0.02,OK,
C:\Users\User\OneDrive\Documents\Uni\Dissertation\SSD Files\Kingston A400\TRIM Deletion\Recovered data\14101-$RF2X96S.xls,.xls,0.07,OK,
C:\Users\User\OneDrive\Documents\Uni\Dissertation\SSD Files\Kingston A400\TRIM Deletion\Recovered data\14104-$R0E6FEK.xls,.xls,0.02,OK,
C:\Users\User\OneDrive\Documents\Uni\Dissertation\SSD Files\Kingston A400\TRIM Deletion\Recovered data\14107-$RK0BD0S.xls,.xls,0.04,OK,
C:\Users\User\OneDrive\Documents\Uni\Dissertation\SSD Files\Kingston A400\TRIM Deletion\Recovered data\1411-$ROQAHV7.doc,.doc,0.45,OK,
C:\Users\User\OneDrive\Documents\Uni\Dissertation\SSD Files\Kingston A400\TRIM Deletion\Recovered data\14110-$R0QVMIY.xls,.xls,0.05,OK,
C:\Users\User\OneDrive\Documents\Uni\Dissertation\SSD Files\Kingston A400\TRIM Deletion\Recovered data\14113-$RO2XQ64.xls,.xls,0.27,OK,
C:\Users\User\OneDrive\Documents\Uni\Dissertation\SSD Files\Kingston A400\TRIM Deletion\Recovered data\14116-$RT7PHS9.xls,.xls,0.27,OK,
C:\Users\User\OneDrive\Documents\Uni\Dissertation\SSD Files\Kingston A400\TRIM Deletion\Recovered data\14119-$RRIR62A.xls,.xls,0.24,OK,
C:\Users\User\OneDrive\Documents\Uni\Dissertation\SSD Files\Kingston A400\TRIM Deletion\Recovered data\14122-$R0P6SLP.xls,.xls,0.02,OK,
C:\Users\User\OneDrive\Documents\Uni\Dissertation\SSD Files\Kingston A400\TRIM Deletion\Recovered data\14124-$RKGK6QX.xls,.xls,1.63,OK,
C:\Users\User\OneDrive\Documents\Uni\Dissertation\SSD Files\Kingston A400\TRIM Deletion\Recovered data\14127-$R9SBMYS.xls,.xls,0.04,OK,
C:\Users\User\OneDrive\Documents\Uni\Dissertation\SSD Files\Kingston A400\TRIM Deletion\Recovered data\14130-$R1A2Y10.xls,.xls,0.08,OK,
C:\Users\User\OneDrive\Documents\Uni\Dissertation\SSD Files\Kingston A400\TRIM Deletion\Recovered data\14133-$RHKG5LX.xls,.xls,0.08,OK,
C:\Users\User\OneDrive\Documents\Uni\Dissertation\SSD Files\Kingston A400\TRIM Deletion\Recovered data\14136-$RM7FKAZ.xls,.xls,0.02,OK,
C:\Users\User\OneDrive\Documents\Uni\Dissertation\SSD Files\Kingston A400\TRIM Deletion\Recovered data\14138-$RWZQ42A.xls,.xls,0.3,OK,
C:\Users\User\OneDrive\Documents\Uni\Dissertation\SSD Files\Kingston A400\TRIM Deletion\Recovered data\1414-$RRN4J1P.doc,.doc,0.1,OK,
C:\Users\User\OneDrive\Documents\Uni\Dissertation\SSD Files\Kingston A400\TRIM Deletion\Recovered data\14141-$R7XVE4I.xls,.xls,0.03,OK,
C:\Users\User\OneDrive\Documents\Uni\Dissertation\SSD Files\Kingston A400\TRIM Deletion\Recovered data\14144-$RHUQIU1.xls,.xls,5.18,OK,
C:\Users\User\OneDrive\Documents\Uni\Dissertation\SSD Files\Kingston A400\TRIM Deletion\Recovered data\14147-$R4ZYLGY.xls,.xls,0.15,OK,
C:\Users\User\OneDrive\Documents\Uni\Dissertation\SSD Files\Kingston A400\TRIM Deletion\Recovered data\14150-$RBUUK5Q.xls,.xls,0.03,OK,
C:\Users\User\OneDrive\Documents\Uni\Dissertation\SSD Files\Kingston A400\TRIM Deletion\Recovered data\14153-$RT3WSQL.xls,.xls,0.05,OK,
C:\Users\User\OneDrive\Documents\Uni\Dissertation\SSD Files\Kingston A400\TRIM Deletion\Recovered data\14156-$RSCIUOJ.xls,.xls,0.15,OK,
C:\Users\User\OneDrive\Documents\Uni\Dissertation\SSD Files\Kingston A400\TRIM Deletion\Recovered data\14159-$ROO6XP1.xls,.xls,0.29,OK,
C:\Users\User\OneDrive\Documents\Uni\Dissertation\SSD Files\Kingston A400\TRIM Deletion\Recovered data\14161-$RTT8U96.xls,.xls,0.1,OK,
C:\Users\User\OneDrive\Documents\Uni\Dissertation\SSD Files\Kingston A400\TRIM Deletion\Recovered data\14164-$RWWRC0R.xls,.xls,0.02,OK,
C:\Users\User\OneDrive\Documents\Uni\Dissertation\SSD Files\Kingston A400\TRIM Deletion\Recovered data\14167-$R7VHWDZ.xls,.xls,0.03,OK,
C:\Users\User\OneDrive\Documents\Uni\Dissertation\SSD Files\Kingston A400\TRIM Deletion\Recovered data\14169-$RIYYJ6Z.xls,.xls,0.06,OK,
C:\Users\User\OneDrive\Documents\Uni\Dissertation\SSD Files\Kingston A400\TRIM Deletion\Recovered data\1417-$RSXG9BF.doc,.doc,0.35,OK,
C:\Users\User\OneDrive\Documents\Uni\Dissertation\SSD Files\Kingston A400\TRIM Deletion\Recovered data\14172-$RZSDRHQ.xls,.xls,1.48,OK,
C:\Users\User\OneDrive\Documents\Uni\Dissertation\SSD Files\Kingston A400\TRIM Deletion\Recovered data\14175-$R0EMP9B.xls,.xls,0.06,OK,
C:\Users\User\OneDrive\Documents\Uni\Dissertation\SSD Files\Kingston A400\TRIM Deletion\Recovered data\14178-$RAGU6ZU.xls,.xls,1.17,OK,
C:\Users\User\OneDrive\Documents\Uni\Dissertation\SSD Files\Kingston A400\TRIM Deletion\Recovered data\14181-$RBNMJ44.xls,.xls,0.02,OK,
C:\Users\User\OneDrive\Documents\Uni\Dissertation\SSD Files\Kingston A400\TRIM Deletion\Recovered data\14184-$RJI5WY1.xls,.xls,0.04,OK,
C:\Users\User\OneDrive\Documents\Uni\Dissertation\SSD Files\Kingston A400\TRIM Deletion\Recovered data\14187-$R231Z5V.xls,.xls,1.8,OK,
C:\Users\User\OneDrive\Documents\Uni\Dissertation\SSD Files\Kingston A400\TRIM Deletion\Recovered data\14190-$RY634AY.xls,.xls,3.19,OK,
C:\Users\User\OneDrive\Documents\Uni\Dissertation\SSD Files\Kingston A400\TRIM Deletion\Recovered data\14193-$RYEJHS1.xls,.xls,3.05,OK,
C:\Users\User\OneDrive\Documents\Uni\Dissertation\SSD Files\Kingston A400\TRIM Deletion\Recovered data\14196-$RODOZUH.xls,.xls,0.02,OK,
C:\Users\User\OneDrive\Documents\Uni\Dissertation\SSD Files\Kingston A400\TRIM Deletion\Recovered data\14198-$REIHZY2.xls,.xls,0.03,OK,
C:\Users\User\OneDrive\Documents\Uni\Dissertation\SSD Files\Kingston A400\TRIM Deletion\Recovered data\1420-$RS4PB4A.doc,.doc,0.14,OK,
C:\Users\User\OneDrive\Documents\Uni\Dissertation\SSD Files\Kingston A400\TRIM Deletion\Recovered data\14201-$RCTYFUC.xls,.xls,0.02,OK,
C:\Users\User\OneDrive\Documents\Uni\Dissertation\SSD Files\Kingston A400\TRIM Deletion\Recovered data\14204-$R1L6LLF.xls,.xls,0.02,OK,
C:\Users\User\OneDrive\Documents\Uni\Dissertation\SSD Files\Kingston A400\TRIM Deletion\Recovered data\14207-$R5TALAK.xls,.xls,0.06,OK,
C:\Users\User\OneDrive\Documents\Uni\Dissertation\SSD Files\Kingston A400\TRIM Deletion\Recovered data\14210-$R93947Q.xls,.xls,0.27,OK,
C:\Users\User\OneDrive\Documents\Uni\Dissertation\SSD Files\Kingston A400\TRIM Deletion\Recovered data\14213-$RUSLYUK.xls,.xls,0.29,OK,
C:\Users\User\OneDrive\Documents\Uni\Dissertation\SSD Files\Kingston A400\TRIM Deletion\Recovered data\14216-$R9GXJ4R.xls,.xls,0.18,OK,
C:\Users\User\OneDrive\Documents\Uni\Dissertation\SSD Files\Kingston A400\TRIM Deletion\Recovered data\14219-$RUNGBMA.xls,.xls,0.14,OK,
C:\Users\User\OneDrive\Documents\Uni\Dissertation\SSD Files\Kingston A400\TRIM Deletion\Recovered data\14222-$RWAGPBZ.xls,.xls,0.06,OK,
C:\Users\User\OneDrive\Documents\Uni\Dissertation\SSD Files\Kingston A400\TRIM Deletion\Recovered data\14225-$RUHO23E.xls,.xls,0.04,OK,
C:\Users\User\OneDrive\Documents\Uni\Dissertation\SSD Files\Kingston A400\TRIM Deletion\Recovered data\14228-$RVS4KAK.xls,.xls,0.46,OK,
C:\Users\User\OneDrive\Documents\Uni\Dissertation\SSD Files\Kingston A400\TRIM Deletion\Recovered data\1423-$R73ZAHL.doc,.doc,0.02,OK,
C:\Users\User\OneDrive\Documents\Uni\Dissertation\SSD Files\Kingston A400\TRIM Deletion\Recovered data\14231-$RNE761D.xls,.xls,0.27,OK,
C:\Users\User\OneDrive\Documents\Uni\Dissertation\SSD Files\Kingston A400\TRIM Deletion\Recovered data\14234-$RQ3E5KR.xls,.xls,0.25,OK,
C:\Users\User\OneDrive\Documents\Uni\Dissertation\SSD Files\Kingston A400\TRIM Deletion\Recovered data\14237-$R5A12JT.xls,.xls,0.25,OK,
C:\Users\User\OneDrive\Documents\Uni\Dissertation\SSD Files\Kingston A400\TRIM Deletion\Recovered data\14239-$R6VBGJT.xls,.xls,0.13,OK,
C:\Users\User\OneDrive\Documents\Uni\Dissertation\SSD Files\Kingston A400\TRIM Deletion\Recovered data\14241-$R1ETVT6.xls,.xls,0.34,OK,
C:\Users\User\OneDrive\Documents\Uni\Dissertation\SSD Files\Kingston A400\TRIM Deletion\Recovered data\14244-$RLAY0ZU.xls,.xls,0.03,OK,
C:\Users\User\OneDrive\Documents\Uni\Dissertation\SSD Files\Kingston A400\TRIM Deletion\Recovered data\14247-$RVE3N88.xls,.xls,0.08,OK,
C:\Users\User\OneDrive\Documents\Uni\Dissertation\SSD Files\Kingston A400\TRIM Deletion\Recovered data\14250-$RR3P93T.xls,.xls,0.04,OK,
C:\Users\User\OneDrive\Documents\Uni\Dissertation\SSD Files\Kingston A400\TRIM Deletion\Recovered data\14253-$RLEFVW1.xls,.xls,0.08,OK,
C:\Users\User\OneDrive\Documents\Uni\Dissertation\SSD Files\Kingston A400\TRIM Deletion\Recovered data\14256-$R0DC9Q8.xls,.xls,0.06,OK,
C:\Users\User\OneDrive\Documents\Uni\Dissertation\SSD Files\Kingston A400\TRIM Deletion\Recovered data\14259-$RSISEU4.xls,.xls,0.03,OK,
C:\Users\User\OneDrive\Documents\Uni\Dissertation\SSD Files\Kingston A400\TRIM Deletion\Recovered data\1426-$RKO63B0.doc,.doc,0.02,OK,
C:\Users\User\OneDrive\Documents\Uni\Dissertation\SSD Files\Kingston A400\TRIM Deletion\Recovered data\14262-$RS366FJ.xls,.xls,0.09,OK,
C:\Users\User\OneDrive\Documents\Uni\Dissertation\SSD Files\Kingston A400\TRIM Deletion\Recovered data\14265-$RTYFTO3.xls,.xls,0.16,OK,
C:\Users\User\OneDrive\Documents\Uni\Dissertation\SSD Files\Kingston A400\TRIM Deletion\Recovered data\14268-$ROZL9ZG.xls,.xls,0.05,OK,
C:\Users\User\OneDrive\Documents\Uni\Dissertation\SSD Files\Kingston A400\TRIM Deletion\Recovered data\14271-$R00DWFO.xls,.xls,1.85,OK,
C:\Users\User\OneDrive\Documents\Uni\Dissertation\SSD Files\Kingston A400\TRIM Deletion\Recovered data\14274-$RXU8IJB.xls,.xls,0.02,OK,
C:\Users\User\OneDrive\Documents\Uni\Dissertation\SSD Files\Kingston A400\TRIM Deletion\Recovered data\14277-$RTAX24U.xls,.xls,0.29,OK,
C:\Users\User\OneDrive\Documents\Uni\Dissertation\SSD Files\Kingston A400\TRIM Deletion\Recovered data\14280-$R1Y5DAI.xls,.xls,0.1,OK,
C:\Users\User\OneDrive\Documents\Uni\Dissertation\SSD Files\Kingston A400\TRIM Deletion\Recovered data\14283-$RVDW5P5.xls,.xls,0.04,OK,
C:\Users\User\OneDrive\Documents\Uni\Dissertation\SSD Files\Kingston A400\TRIM Deletion\Recovered data\14286-$R152K9G.xls,.xls,21.9,OK,
C:\Users\User\OneDrive\Documents\Uni\Dissertation\SSD Files\Kingston A400\TRIM Deletion\Recovered data\14289-$R07H607.xls,.xls,0.1,OK,
C:\Users\User\OneDrive\Documents\Uni\Dissertation\SSD Files\Kingston A400\TRIM Deletion\Recovered data\1429-$RP9SCAF.doc,.doc,0.08,OK,
C:\Users\User\OneDrive\Documents\Uni\Dissertation\SSD Files\Kingston A400\TRIM Deletion\Recovered data\14292-$RXW2EMX.xls,.xls,3.34,OK,
C:\Users\User\OneDrive\Documents\Uni\Dissertation\SSD Files\Kingston A400\TRIM Deletion\Recovered data\14294-$R3OWP1Z.xls,.xls,0.84,OK,
C:\Users\User\OneDrive\Documents\Uni\Dissertation\SSD Files\Kingston A400\TRIM Deletion\Recovered data\14296-$RIIJEO9.xls,.xls,0.4,OK,
C:\Users\User\OneDrive\Documents\Uni\Dissertation\SSD Files\Kingston A400\TRIM Deletion\Recovered data\14299-$RLUWOFR.xls,.xls,0.11,OK,
C:\Users\User\OneDrive\Documents\Uni\Dissertation\SSD Files\Kingston A400\TRIM Deletion\Recovered data\143-$R0Z25VA.doc,.doc,0.09,OK,
C:\Users\User\OneDrive\Documents\Uni\Dissertation\SSD Files\Kingston A400\TRIM Deletion\Recovered data\14302-$RSK6474.xls,.xls,0.02,OK,
C:\Users\User\OneDrive\Documents\Uni\Dissertation\SSD Files\Kingston A400\TRIM Deletion\Recovered data\14305-$R303O4U.xls,.xls,0.1,OK,
C:\Users\User\OneDrive\Documents\Uni\Dissertation\SSD Files\Kingston A400\TRIM Deletion\Recovered data\14308-$RWNT8S8.xls,.xls,0.04,OK,
C:\Users\User\OneDrive\Documents\Uni\Dissertation\SSD Files\Kingston A400\TRIM Deletion\Recovered data\14311-$RU2E1MK.xls,.xls,0.02,OK,
C:\Users\User\OneDrive\Documents\Uni\Dissertation\SSD Files\Kingston A400\TRIM Deletion\Recovered data\14313-$RZWSRIF.xls,.xls,0.29,OK,
C:\Users\User\OneDrive\Documents\Uni\Dissertation\SSD Files\Kingston A400\TRIM Deletion\Recovered data\14316-$RU541H7.xls,.xls,0.05,OK,
C:\Users\User\OneDrive\Documents\Uni\Dissertation\SSD Files\Kingston A400\TRIM Deletion\Recovered data\14319-$RSNFJWT.xls,.xls,0.21,OK,
C:\Users\User\OneDrive\Documents\Uni\Dissertation\SSD Files\Kingston A400\TRIM Deletion\Recovered data\1432-$RCSURF5.doc,.doc,0.04,OK,
C:\Users\User\OneDrive\Documents\Uni\Dissertation\SSD Files\Kingston A400\TRIM Deletion\Recovered data\14322-$RRIH4P1.xls,.xls,0.09,OK,
C:\Users\User\OneDrive\Documents\Uni\Dissertation\SSD Files\Kingston A400\TRIM Deletion\Recovered data\14324-$RPSFT51.xls,.xls,0.16,OK,
C:\Users\User\OneDrive\Documents\Uni\Dissertation\SSD Files\Kingston A400\TRIM Deletion\Recovered data\14326-$R6WDFP7.xls,.xls,0.06,OK,
C:\Users\User\OneDrive\Documents\Uni\Dissertation\SSD Files\Kingston A400\TRIM Deletion\Recovered data\14329-$R1AKBLK.xls,.xls,0.02,OK,
C:\Users\User\OneDrive\Documents\Uni\Dissertation\SSD Files\Kingston A400\TRIM Deletion\Recovered data\14332-$RIAC8DY.xls,.xls,0.03,OK,
C:\Users\User\OneDrive\Documents\Uni\Dissertation\SSD Files\Kingston A400\TRIM Deletion\Recovered data\14334-$RCHRGT0.xls,.xls,0.03,OK,
C:\Users\User\OneDrive\Documents\Uni\Dissertation\SSD Files\Kingston A400\TRIM Deletion\Recovered data\14337-$RI73WLA.xls,.xls,0.02,OK,
C:\Users\User\OneDrive\Documents\Uni\Dissertation\SSD Files\Kingston A400\TRIM Deletion\Recovered data\14340-$RRZA7VI.xls,.xls,0.46,OK,
C:\Users\User\OneDrive\Documents\Uni\Dissertation\SSD Files\Kingston A400\TRIM Deletion\Recovered data\14342-$RE7HT4B.xls,.xls,0.17,OK,
C:\Users\User\OneDrive\Documents\Uni\Dissertation\SSD Files\Kingston A400\TRIM Deletion\Recovered data\14345-$RKMFSDU.xls,.xls,0.16,OK,
C:\Users\User\OneDrive\Documents\Uni\Dissertation\SSD Files\Kingston A400\TRIM Deletion\Recovered data\14347-$RLH3XXF.xls,.xls,0.14,OK,
C:\Users\User\OneDrive\Documents\Uni\Dissertation\SSD Files\Kingston A400\TRIM Deletion\Recovered data\14349-$RRJDMF1.xls,.xls,0.05,OK,
C:\Users\User\OneDrive\Documents\Uni\Dissertation\SSD Files\Kingston A400\TRIM Deletion\Recovered data\1435-$R13O9VV.doc,.doc,0.08,FAILED,"(-2147352567, 'Exception occurred.', (0, 'Microsoft Word', 'Office has detected a problem with this file. To help protect your computer this file cannot be opened.\r (C:\\Users\\User\\...\\1435-$R13O9VV.doc)', 'wdmain11.chm', 25775, -2146821993), None)"
C:\Users\User\OneDrive\Documents\Uni\Dissertation\SSD Files\Kingston A400\TRIM Deletion\Recovered data\14352-$RCPCU3P.xls,.xls,0.05,OK,
C:\Users\User\OneDrive\Documents\Uni\Dissertation\SSD Files\Kingston A400\TRIM Deletion\Recovered data\14355-$RKTXO4F.xls,.xls,0.15,OK,
C:\Users\User\OneDrive\Documents\Uni\Dissertation\SSD Files\Kingston A400\TRIM Deletion\Recovered data\14358-$R14N98E.xls,.xls,0.32,OK,
C:\Users\User\OneDrive\Documents\Uni\Dissertation\SSD Files\Kingston A400\TRIM Deletion\Recovered data\14361-$RWNE9LQ.xls,.xls,0.04,OK,
C:\Users\User\OneDrive\Documents\Uni\Dissertation\SSD Files\Kingston A400\TRIM Deletion\Recovered data\14364-$RZEDXO3.xls,.xls,0.73,OK,
C:\Users\User\OneDrive\Documents\Uni\Dissertation\SSD Files\Kingston A400\TRIM Deletion\Recovered data\14367-$RJR95P6.xls,.xls,1.86,OK,
C:\Users\User\OneDrive\Documents\Uni\Dissertation\SSD Files\Kingston A400\TRIM Deletion\Recovered data\14370-$RZ8X1K8.xls,.xls,0.46,OK,
C:\Users\User\OneDrive\Documents\Uni\Dissertation\SSD Files\Kingston A400\TRIM Deletion\Recovered data\14373-$RXFNYVH.xls,.xls,1.01,OK,
C:\Users\User\OneDrive\Documents\Uni\Dissertation\SSD Files\Kingston A400\TRIM Deletion\Recovered data\14376-$RBCMT5E.xls,.xls,0.06,OK,
C:\Users\User\OneDrive\Documents\Uni\Dissertation\SSD Files\Kingston A400\TRIM Deletion\Recovered data\14379-$RCB6SI0.xls,.xls,1.72,OK,
C:\Users\User\OneDrive\Documents\Uni\Dissertation\SSD Files\Kingston A400\TRIM Deletion\Recovered data\1438-$RY4ROU9.doc,.doc,0.07,OK,
C:\Users\User\OneDrive\Documents\Uni\Dissertation\SSD Files\Kingston A400\TRIM Deletion\Recovered data\14382-$RQML4EK.xls,.xls,1.88,OK,
C:\Users\User\OneDrive\Documents\Uni\Dissertation\SSD Files\Kingston A400\TRIM Deletion\Recovered data\14384-$R4XQBOS.xls,.xls,0.03,OK,
C:\Users\User\OneDrive\Documents\Uni\Dissertation\SSD Files\Kingston A400\TRIM Deletion\Recovered data\14387-$RMST7J9.xls,.xls,0.05,OK,
C:\Users\User\OneDrive\Documents\Uni\Dissertation\SSD Files\Kingston A400\TRIM Deletion\Recovered data\14390-$R6EOVB2.xls,.xls,2.12,OK,
C:\Users\User\OneDrive\Documents\Uni\Dissertation\SSD Files\Kingston A400\TRIM Deletion\Recovered data\14393-$R8TNGOF.xls,.xls,0.07,OK,
C:\Users\User\OneDrive\Documents\Uni\Dissertation\SSD Files\Kingston A400\TRIM Deletion\Recovered data\14396-$RM8AGAN.xls,.xls,7.55,OK,
C:\Users\User\OneDrive\Documents\Uni\Dissertation\SSD Files\Kingston A400\TRIM Deletion\Recovered data\14399-$RH4JZJY.xls,.xls,0.04,OK,
C:\Users\User\OneDrive\Documents\Uni\Dissertation\SSD Files\Kingston A400\TRIM Deletion\Recovered data\14402-$R5OIBSZ.xls,.xls,0.04,OK,
C:\Users\User\OneDrive\Documents\Uni\Dissertation\SSD Files\Kingston A400\TRIM Deletion\Recovered data\14404-$R08ZABV.xls,.xls,0.26,OK,
C:\Users\User\OneDrive\Documents\Uni\Dissertation\SSD Files\Kingston A400\TRIM Deletion\Recovered data\14407-$R9ACP7W.xls,.xls,0.29,OK,
C:\Users\User\OneDrive\Documents\Uni\Dissertation\SSD Files\Kingston A400\TRIM Deletion\Recovered data\1441-$RC4QGWH.doc,.doc,0.03,OK,
C:\Users\User\OneDrive\Documents\Uni\Dissertation\SSD Files\Kingston A400\TRIM Deletion\Recovered data\14410-$R532C8K.xls,.xls,0.26,OK,
C:\Users\User\OneDrive\Documents\Uni\Dissertation\SSD Files\Kingston A400\TRIM Deletion\Recovered data\14413-$RY4YUFK.xls,.xls,0.12,OK,
C:\Users\User\OneDrive\Documents\Uni\Dissertation\SSD Files\Kingston A400\TRIM Deletion\Recovered data\14416-$RN7LOXX.xls,.xls,2.68,OK,
C:\Users\User\OneDrive\Documents\Uni\Dissertation\SSD Files\Kingston A400\TRIM Deletion\Recovered data\14419-$RTL07BT.xls,.xls,0.03,OK,
C:\Users\User\OneDrive\Documents\Uni\Dissertation\SSD Files\Kingston A400\TRIM Deletion\Recovered data\14422-$R1XO9XB.xls,.xls,0.44,OK,
C:\Users\User\OneDrive\Documents\Uni\Dissertation\SSD Files\Kingston A400\TRIM Deletion\Recovered data\14425-$R00QQ9L.xls,.xls,0.11,OK,
C:\Users\User\OneDrive\Documents\Uni\Dissertation\SSD Files\Kingston A400\TRIM Deletion\Recovered data\14428-$RHABOM4.xls,.xls,0.14,OK,
C:\Users\User\OneDrive\Documents\Uni\Dissertation\SSD Files\Kingston A400\TRIM Deletion\Recovered data\14431-$RMYHOIZ.xls,.xls,0.5,OK,
C:\Users\User\OneDrive\Documents\Uni\Dissertation\SSD Files\Kingston A400\TRIM Deletion\Recovered data\14434-$R8RHHET.xls,.xls,0.05,OK,
C:\Users\User\OneDrive\Documents\Uni\Dissertation\SSD Files\Kingston A400\TRIM Deletion\Recovered data\14437-$RC8P38S.xls,.xls,0.22,OK,
C:\Users\User\OneDrive\Documents\Uni\Dissertation\SSD Files\Kingston A400\TRIM Deletion\Recovered data\1444-$RAZYHE7.doc,.doc,0.67,FAILED,"(-2147352567, 'Exception occurred.', (0, 'Microsoft Word', 'Word experienced an error trying to open the file.\nTry these suggestions.\n* Check the file permissions for the document or drive.\n* Make sure there is sufficient free memory and disk space.\n* Open the file with the Text Recovery converter.\r (C:\\Users\\User\\...\\1444-$RAZYHE7.doc)', 'wdmain11.chm', 24601, -2146823167), None)"
C:\Users\User\OneDrive\Documents\Uni\Dissertation\SSD Files\Kingston A400\TRIM Deletion\Recovered data\14440-$R5ZR290.xls,.xls,0.1,OK,
C:\Users\User\OneDrive\Documents\Uni\Dissertation\SSD Files\Kingston A400\TRIM Deletion\Recovered data\1447-$R3AMFOO.doc,.doc,0.06,OK,
C:\Users\User\OneDrive\Documents\Uni\Dissertation\SSD Files\Kingston A400\TRIM Deletion\Recovered data\1450-$RJV7JAU.doc,.doc,0.55,OK,
C:\Users\User\OneDrive\Documents\Uni\Dissertation\SSD Files\Kingston A400\TRIM Deletion\Recovered data\1452-$RZAABS7.doc,.doc,0.45,OK,
C:\Users\User\OneDrive\Documents\Uni\Dissertation\SSD Files\Kingston A400\TRIM Deletion\Recovered data\1455-$R3JYKVM.doc,.doc,0.03,OK,
C:\Users\User\OneDrive\Documents\Uni\Dissertation\SSD Files\Kingston A400\TRIM Deletion\Recovered data\1458-$R8UTU8Q.doc,.doc,0.05,OK,
C:\Users\User\OneDrive\Documents\Uni\Dissertation\SSD Files\Kingston A400\TRIM Deletion\Recovered data\146-$R2M7NUN.doc,.doc,0.16,FAILED,"(-2147352567, 'Exception occurred.', (0, 'Microsoft Word', 'Office has detected a problem with this file. To help protect your computer this file cannot be opened.\r (C:\\Users\\User\\...\\146-$R2M7NUN.doc)', 'wdmain11.chm', 25775, -2146821993), None)"
C:\Users\User\OneDrive\Documents\Uni\Dissertation\SSD Files\Kingston A400\TRIM Deletion\Recovered data\1461-$R8XX6T8.doc,.doc,0.19,FAILED,"(-2147352567, 'Exception occurred.', (0, 'Microsoft Word', 'Office has detected a problem with this file. To help protect your computer this file cannot be opened.\r (C:\\Users\\User\\...\\1461-$R8XX6T8.doc)', 'wdmain11.chm', 25775, -2146821993), None)"
C:\Users\User\OneDrive\Documents\Uni\Dissertation\SSD Files\Kingston A400\TRIM Deletion\Recovered data\1464-$RD51U6H.doc,.doc,0.11,OK,
C:\Users\User\OneDrive\Documents\Uni\Dissertation\SSD Files\Kingston A400\TRIM Deletion\Recovered data\1467-$RHSUNQW.doc,.doc,0.04,OK,
C:\Users\User\OneDrive\Documents\Uni\Dissertation\SSD Files\Kingston A400\TRIM Deletion\Recovered data\1470-$RX7UQCL.doc,.doc,0.06,OK,
C:\Users\User\OneDrive\Documents\Uni\Dissertation\SSD Files\Kingston A400\TRIM Deletion\Recovered data\1473-$RE53BRM.doc,.doc,0.07,OK,
C:\Users\User\OneDrive\Documents\Uni\Dissertation\SSD Files\Kingston A400\TRIM Deletion\Recovered data\1476-$R1B51W5.doc,.doc,0.04,OK,
C:\Users\User\OneDrive\Documents\Uni\Dissertation\SSD Files\Kingston A400\TRIM Deletion\Recovered data\1479-$RGRISZZ.doc,.doc,0.23,OK,
C:\Users\User\OneDrive\Documents\Uni\Dissertation\SSD Files\Kingston A400\TRIM Deletion\Recovered data\1482-$RESGNHM.doc,.doc,0.07,OK,
C:\Users\User\OneDrive\Documents\Uni\Dissertation\SSD Files\Kingston A400\TRIM Deletion\Recovered data\1485-$RNJI7A9.doc,.doc,0.04,OK,
C:\Users\User\OneDrive\Documents\Uni\Dissertation\SSD Files\Kingston A400\TRIM Deletion\Recovered data\1488-$R2BXWZ5.doc,.doc,0.04,OK,
C:\Users\User\OneDrive\Documents\Uni\Dissertation\SSD Files\Kingston A400\TRIM Deletion\Recovered data\149-$RII0P44.doc,.doc,2.5,OK,
C:\Users\User\OneDrive\Documents\Uni\Dissertation\SSD Files\Kingston A400\TRIM Deletion\Recovered data\1491-$RIPHDXH.doc,.doc,0.04,OK,
C:\Users\User\OneDrive\Documents\Uni\Dissertation\SSD Files\Kingston A400\TRIM Deletion\Recovered data\1494-$RAESQHP.doc,.doc,0.19,FAILED,"(-2147352567, 'Exception occurred.', (0, 'Microsoft Word', 'Office has detected a problem with this file. To help protect your computer this file cannot be opened.\r (C:\\Users\\User\\...\\1494-$RAESQHP.doc)', 'wdmain11.chm', 25775, -2146821993), None)"
C:\Users\User\OneDrive\Documents\Uni\Dissertation\SSD Files\Kingston A400\TRIM Deletion\Recovered data\1497-$RUGBHNV.doc,.doc,0.09,OK,
C:\Users\User\OneDrive\Documents\Uni\Dissertation\SSD Files\Kingston A400\TRIM Deletion\Recovered data\1500-$RPDNXQU.doc,.doc,0.54,OK,
C:\Users\User\OneDrive\Documents\Uni\Dissertation\SSD Files\Kingston A400\TRIM Deletion\Recovered data\1503-$R3XJU9D.doc,.doc,0.17,FAILED,"(-2147352567, 'Exception occurred.', (0, 'Microsoft Word', 'Word experienced an error trying to open the file.\nTry these suggestions.\n* Check the file permissions for the document or drive.\n* Make sure there is sufficient free memory and disk space.\n* Open the file with the Text Recovery converter.\r (C:\\Users\\User\\...\\1503-$R3XJU9D.doc)', 'wdmain11.chm', 24601, -2146823167), None)"
C:\Users\User\OneDrive\Documents\Uni\Dissertation\SSD Files\Kingston A400\TRIM Deletion\Recovered data\1505-$R50L0QH.doc,.doc,0.1,OK,
C:\Users\User\OneDrive\Documents\Uni\Dissertation\SSD Files\Kingston A400\TRIM Deletion\Recovered data\1508-$RUTDB7X.doc,.doc,0.06,OK,
C:\Users\User\OneDrive\Documents\Uni\Dissertation\SSD Files\Kingston A400\TRIM Deletion\Recovered data\1511-$RGS9XAS.doc,.doc,0.03,OK,
C:\Users\User\OneDrive\Documents\Uni\Dissertation\SSD Files\Kingston A400\TRIM Deletion\Recovered data\1514-$R7CXTXD.doc,.doc,0.13,FAILED,"(-2147352567, 'Exception occurred.', (0, 'Microsoft Word', 'Office has detected a problem with this file. To help protect your computer this file cannot be opened.\r (C:\\Users\\User\\...\\1514-$R7CXTXD.doc)', 'wdmain11.chm', 25775, -2146821993), None)"
C:\Users\User\OneDrive\Documents\Uni\Dissertation\SSD Files\Kingston A400\TRIM Deletion\Recovered data\1517-$RD0YUF1.doc,.doc,0.05,OK,
C:\Users\User\OneDrive\Documents\Uni\Dissertation\SSD Files\Kingston A400\TRIM Deletion\Recovered data\152-$RBD2JAF.doc,.doc,0.1,OK,
C:\Users\User\OneDrive\Documents\Uni\Dissertation\SSD Files\Kingston A400\TRIM Deletion\Recovered data\1520-$RAKYQE0.doc,.doc,0.04,OK,
C:\Users\User\OneDrive\Documents\Uni\Dissertation\SSD Files\Kingston A400\TRIM Deletion\Recovered data\1523-$RT6HGBC.doc,.doc,0.07,OK,
C:\Users\User\OneDrive\Documents\Uni\Dissertation\SSD Files\Kingston A400\TRIM Deletion\Recovered data\1526-$RGP04VN.doc,.doc,0.38,OK,
C:\Users\User\OneDrive\Documents\Uni\Dissertation\SSD Files\Kingston A400\TRIM Deletion\Recovered data\1529-$R91WY3K.doc,.doc,0.13,OK,
C:\Users\User\OneDrive\Documents\Uni\Dissertation\SSD Files\Kingston A400\TRIM Deletion\Recovered data\1532-$RK9DL07.doc,.doc,0.04,OK,
C:\Users\User\OneDrive\Documents\Uni\Dissertation\SSD Files\Kingston A400\TRIM Deletion\Recovered data\1535-$RNRI9Z6.doc,.doc,0.05,OK,
C:\Users\User\OneDrive\Documents\Uni\Dissertation\SSD Files\Kingston A400\TRIM Deletion\Recovered data\1538-$RRQD37X.doc,.doc,0.06,OK,
C:\Users\User\OneDrive\Documents\Uni\Dissertation\SSD Files\Kingston A400\TRIM Deletion\Recovered data\1541-$R9NC7ST.doc,.doc,0.07,OK,
C:\Users\User\OneDrive\Documents\Uni\Dissertation\SSD Files\Kingston A400\TRIM Deletion\Recovered data\1543-$RZI6VPW.doc,.doc,0.02,OK,
C:\Users\User\OneDrive\Documents\Uni\Dissertation\SSD Files\Kingston A400\TRIM Deletion\Recovered data\1546-$RKK2DWN.doc,.doc,0.02,OK,
C:\Users\User\OneDrive\Documents\Uni\Dissertation\SSD Files\Kingston A400\TRIM Deletion\Recovered data\1548-$RRIUDH2.doc,.doc,0.04,OK,
C:\Users\User\OneDrive\Documents\Uni\Dissertation\SSD Files\Kingston A400\TRIM Deletion\Recovered data\155-$R66ZNP1.doc,.doc,0.71,FAILED,"(-2147352567, 'Exception occurred.', (0, 'Microsoft Word', 'Office has detected a problem with this file. To help protect your computer this file cannot be opened.\r (C:\\Users\\User\\...\\155-$R66ZNP1.doc)', 'wdmain11.chm', 25775, -2146821993), None)"
C:\Users\User\OneDrive\Documents\Uni\Dissertation\SSD Files\Kingston A400\TRIM Deletion\Recovered data\1551-$RHGCJBJ.doc,.doc,0.03,OK,
C:\Users\User\OneDrive\Documents\Uni\Dissertation\SSD Files\Kingston A400\TRIM Deletion\Recovered data\1554-$RNBQX17.doc,.doc,0.02,OK,
C:\Users\User\OneDrive\Documents\Uni\Dissertation\SSD Files\Kingston A400\TRIM Deletion\Recovered data\1557-$RNR5V9V.doc,.doc,0.03,OK,
C:\Users\User\OneDrive\Documents\Uni\Dissertation\SSD Files\Kingston A400\TRIM Deletion\Recovered data\1560-$RSR7M9E.doc,.doc,0.03,OK,
C:\Users\User\OneDrive\Documents\Uni\Dissertation\SSD Files\Kingston A400\TRIM Deletion\Recovered data\1563-$R2K4QPR.doc,.doc,0.06,OK,
C:\Users\User\OneDrive\Documents\Uni\Dissertation\SSD Files\Kingston A400\TRIM Deletion\Recovered data\1566-$R5SQLRW.doc,.doc,0.06,OK,
C:\Users\User\OneDrive\Documents\Uni\Dissertation\SSD Files\Kingston A400\TRIM Deletion\Recovered data\1569-$RJEZ2WB.doc,.doc,0.07,OK,
C:\Users\User\OneDrive\Documents\Uni\Dissertation\SSD Files\Kingston A400\TRIM Deletion\Recovered data\1572-$R0L3T0P.doc,.doc,0.03,OK,
C:\Users\User\OneDrive\Documents\Uni\Dissertation\SSD Files\Kingston A400\TRIM Deletion\Recovered data\1575-$R582MYR.doc,.doc,0.04,OK,
C:\Users\User\OneDrive\Documents\Uni\Dissertation\SSD Files\Kingston A400\TRIM Deletion\Recovered data\1578-$RWTAU3T.doc,.doc,0.03,OK,
C:\Users\User\OneDrive\Documents\Uni\Dissertation\SSD Files\Kingston A400\TRIM Deletion\Recovered data\158-$R3EWM9Z.doc,.doc,0.04,OK,
C:\Users\User\OneDrive\Documents\Uni\Dissertation\SSD Files\Kingston A400\TRIM Deletion\Recovered data\1580-$RSSBQZV.doc,.doc,0.06,OK,
C:\Users\User\OneDrive\Documents\Uni\Dissertation\SSD Files\Kingston A400\TRIM Deletion\Recovered data\1583-$RZJQVS2.doc,.doc,0.03,OK,
C:\Users\User\OneDrive\Documents\Uni\Dissertation\SSD Files\Kingston A400\TRIM Deletion\Recovered data\1585-$RTFNV3G.doc,.doc,0.17,OK,
C:\Users\User\OneDrive\Documents\Uni\Dissertation\SSD Files\Kingston A400\TRIM Deletion\Recovered data\1588-$RSWKJ69.doc,.doc,0.17,OK,
C:\Users\User\OneDrive\Documents\Uni\Dissertation\SSD Files\Kingston A400\TRIM Deletion\Recovered data\1591-$RS7I6QM.doc,.doc,0.09,OK,
C:\Users\User\OneDrive\Documents\Uni\Dissertation\SSD Files\Kingston A400\TRIM Deletion\Recovered data\1594-$RK8XST4.doc,.doc,0.04,OK,
C:\Users\User\OneDrive\Documents\Uni\Dissertation\SSD Files\Kingston A400\TRIM Deletion\Recovered data\1597-$RLA6F2P.doc,.doc,1.18,OK,
C:\Users\User\OneDrive\Documents\Uni\Dissertation\SSD Files\Kingston A400\TRIM Deletion\Recovered data\1600-$R0S6YE4.doc,.doc,0.04,OK,
C:\Users\User\OneDrive\Documents\Uni\Dissertation\SSD Files\Kingston A400\TRIM Deletion\Recovered data\1603-$RRDD29S.doc,.doc,0.18,OK,
C:\Users\User\OneDrive\Documents\Uni\Dissertation\SSD Files\Kingston A400\TRIM Deletion\Recovered data\1606-$RWP4SGY.doc,.doc,0.1,OK,
C:\Users\User\OneDrive\Documents\Uni\Dissertation\SSD Files\Kingston A400\TRIM Deletion\Recovered data\1609-$RHBNL9F.doc,.doc,0.07,OK,
C:\Users\User\OneDrive\Documents\Uni\Dissertation\SSD Files\Kingston A400\TRIM Deletion\Recovered data\161-$RNRMXSU.doc,.doc,0.05,OK,
C:\Users\User\OneDrive\Documents\Uni\Dissertation\SSD Files\Kingston A400\TRIM Deletion\Recovered data\1612-$RVCDO5Q.doc,.doc,0.19,OK,
C:\Users\User\OneDrive\Documents\Uni\Dissertation\SSD Files\Kingston A400\TRIM Deletion\Recovered data\1615-$RLPBVC3.doc,.doc,0.26,OK,
C:\Users\User\OneDrive\Documents\Uni\Dissertation\SSD Files\Kingston A400\TRIM Deletion\Recovered data\1618-$RBDO2ZU.doc,.doc,0.22,OK,
C:\Users\User\OneDrive\Documents\Uni\Dissertation\SSD Files\Kingston A400\TRIM Deletion\Recovered data\1621-$RPYW6RN.doc,.doc,0.57,OK,
C:\Users\User\OneDrive\Documents\Uni\Dissertation\SSD Files\Kingston A400\TRIM Deletion\Recovered data\1624-$RYQB6LT.doc,.doc,0.02,OK,
C:\Users\User\OneDrive\Documents\Uni\Dissertation\SSD Files\Kingston A400\TRIM Deletion\Recovered data\1627-$RU2H6CJ.doc,.doc,0.3,OK,
C:\Users\User\OneDrive\Documents\Uni\Dissertation\SSD Files\Kingston A400\TRIM Deletion\Recovered data\163-$RTKQ4DF.doc,.doc,0.97,OK,
C:\Users\User\OneDrive\Documents\Uni\Dissertation\SSD Files\Kingston A400\TRIM Deletion\Recovered data\1630-$RF3GJOU.doc,.doc,0.25,OK,
C:\Users\User\OneDrive\Documents\Uni\Dissertation\SSD Files\Kingston A400\TRIM Deletion\Recovered data\1633-$RLFGKA2.doc,.doc,0.02,OK,
C:\Users\User\OneDrive\Documents\Uni\Dissertation\SSD Files\Kingston A400\TRIM Deletion\Recovered data\1636-$RUZ2VL7.doc,.doc,0.02,OK,
C:\Users\User\OneDrive\Documents\Uni\Dissertation\SSD Files\Kingston A400\TRIM Deletion\Recovered data\1639-$R66944C.doc,.doc,0.05,OK,
C:\Users\User\OneDrive\Documents\Uni\Dissertation\SSD Files\Kingston A400\TRIM Deletion\Recovered data\1642-$RWR5P58.doc,.doc,0.04,OK,
C:\Users\User\OneDrive\Documents\Uni\Dissertation\SSD Files\Kingston A400\TRIM Deletion\Recovered data\1645-$RSF0LC0.doc,.doc,0.08,OK,
C:\Users\User\OneDrive\Documents\Uni\Dissertation\SSD Files\Kingston A400\TRIM Deletion\Recovered data\1648-$R9VW1X3.doc,.doc,0.23,OK,
C:\Users\User\OneDrive\Documents\Uni\Dissertation\SSD Files\Kingston A400\TRIM Deletion\Recovered data\1651-$R5LQPM4.doc,.doc,0.38,FAILED,"(-2147352567, 'Exception occurred.', (0, 'Microsoft Word', 'Office has detected a problem with this file. To help protect your computer this file cannot be opened.\r (C:\\Users\\User\\...\\1651-$R5LQPM4.doc)', 'wdmain11.chm', 25775, -2146821993), None)"
C:\Users\User\OneDrive\Documents\Uni\Dissertation\SSD Files\Kingston A400\TRIM Deletion\Recovered data\1654-$R248EV5.doc,.doc,0.39,FAILED,"(-2147352567, 'Exception occurred.', (0, 'Microsoft Word', 'Word experienced an error trying to open the file.\nTry these suggestions.\n* Check the file permissions for the document or drive.\n* Make sure there is sufficient free memory and disk space.\n* Open the file with the Text Recovery converter.\r (C:\\Users\\User\\...\\1654-$R248EV5.doc)', 'wdmain11.chm', 24601, -2146823167), None)"
C:\Users\User\OneDrive\Documents\Uni\Dissertation\SSD Files\Kingston A400\TRIM Deletion\Recovered data\1657-$RZ95RNO.doc,.doc,0.26,OK,
C:\Users\User\OneDrive\Documents\Uni\Dissertation\SSD Files\Kingston A400\TRIM Deletion\Recovered data\166-$RJPA2N8.doc,.doc,0.03,OK,
C:\Users\User\OneDrive\Documents\Uni\Dissertation\SSD Files\Kingston A400\TRIM Deletion\Recovered data\1660-$R3CEHDH.doc,.doc,0.11,OK,
C:\Users\User\OneDrive\Documents\Uni\Dissertation\SSD Files\Kingston A400\TRIM Deletion\Recovered data\1663-$RZ9ZQRG.doc,.doc,0.05,OK,
C:\Users\User\OneDrive\Documents\Uni\Dissertation\SSD Files\Kingston A400\TRIM Deletion\Recovered data\1666-$RWGRENF.doc,.doc,0.52,OK,
C:\Users\User\OneDrive\Documents\Uni\Dissertation\SSD Files\Kingston A400\TRIM Deletion\Recovered data\1669-$RMLS30C.doc,.doc,0.06,OK,
C:\Users\User\OneDrive\Documents\Uni\Dissertation\SSD Files\Kingston A400\TRIM Deletion\Recovered data\1672-$R7UU3EN.doc,.doc,0.14,FAILED,"(-2147352567, 'Exception occurred.', (0, 'Microsoft Word', 'Word experienced an error trying to open the file.\nTry these suggestions.\n* Check the file permissions for the document or drive.\n* Make sure there is sufficient free memory and disk space.\n* Open the file with the Text Recovery converter.\r (C:\\Users\\User\\...\\1672-$R7UU3EN.doc)', 'wdmain11.chm', 24601, -2146823167), None)"
C:\Users\User\OneDrive\Documents\Uni\Dissertation\SSD Files\Kingston A400\TRIM Deletion\Recovered data\1675-$RXALTF0.doc,.doc,0.11,OK,
C:\Users\User\OneDrive\Documents\Uni\Dissertation\SSD Files\Kingston A400\TRIM Deletion\Recovered data\1678-$RZHDTHQ.doc,.doc,0.05,OK,
C:\Users\User\OneDrive\Documents\Uni\Dissertation\SSD Files\Kingston A400\TRIM Deletion\Recovered data\1681-$RI6JNPV.doc,.doc,0.48,OK,
C:\Users\User\OneDrive\Documents\Uni\Dissertation\SSD Files\Kingston A400\TRIM Deletion\Recovered data\1683-$R9YEEVF.doc,.doc,1.43,FAILED,"(-2147352567, 'Exception occurred.', (0, 'Microsoft Word', 'Office has detected a problem with this file. To help protect your computer this file cannot be opened.\r (C:\\Users\\User\\...\\1683-$R9YEEVF.doc)', 'wdmain11.chm', 25775, -2146821993), None)"
C:\Users\User\OneDrive\Documents\Uni\Dissertation\SSD Files\Kingston A400\TRIM Deletion\Recovered data\1686-$RJTMXQP.doc,.doc,0.03,OK,
C:\Users\User\OneDrive\Documents\Uni\Dissertation\SSD Files\Kingston A400\TRIM Deletion\Recovered data\1689-$RUMPHK6.doc,.doc,0.25,OK,
C:\Users\User\OneDrive\Documents\Uni\Dissertation\SSD Files\Kingston A400\TRIM Deletion\Recovered data\169-$RVXHAJM.doc,.doc,0.2,OK,
C:\Users\User\OneDrive\Documents\Uni\Dissertation\SSD Files\Kingston A400\TRIM Deletion\Recovered data\1692-$R6RCQZX.doc,.doc,0.05,OK,
C:\Users\User\OneDrive\Documents\Uni\Dissertation\SSD Files\Kingston A400\TRIM Deletion\Recovered data\1695-$RGPN873.doc,.doc,0.09,OK,
C:\Users\User\OneDrive\Documents\Uni\Dissertation\SSD Files\Kingston A400\TRIM Deletion\Recovered data\1698-$RPHDDJI.doc,.doc,0.03,OK,
C:\Users\User\OneDrive\Documents\Uni\Dissertation\SSD Files\Kingston A400\TRIM Deletion\Recovered data\1701-$RWRPSKR.doc,.doc,2.67,OK,
C:\Users\User\OneDrive\Documents\Uni\Dissertation\SSD Files\Kingston A400\TRIM Deletion\Recovered data\1704-$RXIJ2A1.doc,.doc,0.05,OK,
C:\Users\User\OneDrive\Documents\Uni\Dissertation\SSD Files\Kingston A400\TRIM Deletion\Recovered data\1707-$RLN1NZL.doc,.doc,0.07,OK,
C:\Users\User\OneDrive\Documents\Uni\Dissertation\SSD Files\Kingston A400\TRIM Deletion\Recovered data\1710-$RZR7RTD.doc,.doc,0.07,OK,
C:\Users\User\OneDrive\Documents\Uni\Dissertation\SSD Files\Kingston A400\TRIM Deletion\Recovered data\1713-$RPUD82B.doc,.doc,0.04,OK,
C:\Users\User\OneDrive\Documents\Uni\Dissertation\SSD Files\Kingston A400\TRIM Deletion\Recovered data\1716-$RWU8P9U.doc,.doc,1.26,OK,
C:\Users\User\OneDrive\Documents\Uni\Dissertation\SSD Files\Kingston A400\TRIM Deletion\Recovered data\1719-$RSR4OCO.doc,.doc,0.07,OK,
C:\Users\User\OneDrive\Documents\Uni\Dissertation\SSD Files\Kingston A400\TRIM Deletion\Recovered data\172-$R8WF7OL.doc,.doc,0.04,OK,
C:\Users\User\OneDrive\Documents\Uni\Dissertation\SSD Files\Kingston A400\TRIM Deletion\Recovered data\1722-$R3OUDU7.doc,.doc,0.02,OK,
C:\Users\User\OneDrive\Documents\Uni\Dissertation\SSD Files\Kingston A400\TRIM Deletion\Recovered data\1725-$RDCLM4L.doc,.doc,0.03,OK,
C:\Users\User\OneDrive\Documents\Uni\Dissertation\SSD Files\Kingston A400\TRIM Deletion\Recovered data\1728-$RHGX9PM.doc,.doc,0.03,OK,
C:\Users\User\OneDrive\Documents\Uni\Dissertation\SSD Files\Kingston A400\TRIM Deletion\Recovered data\1731-$RIGW47H.doc,.doc,0.02,OK,
C:\Users\User\OneDrive\Documents\Uni\Dissertation\SSD Files\Kingston A400\TRIM Deletion\Recovered data\1734-$RV5Y53U.doc,.doc,0.02,OK,
C:\Users\User\OneDrive\Documents\Uni\Dissertation\SSD Files\Kingston A400\TRIM Deletion\Recovered data\1737-$RCSAXMX.doc,.doc,0.08,OK,
C:\Users\User\OneDrive\Documents\Uni\Dissertation\SSD Files\Kingston A400\TRIM Deletion\Recovered data\1740-$RNLHKT4.doc,.doc,0.04,OK,
C:\Users\User\OneDrive\Documents\Uni\Dissertation\SSD Files\Kingston A400\TRIM Deletion\Recovered data\1742-$R68ACT4.doc,.doc,0.07,OK,
C:\Users\User\OneDrive\Documents\Uni\Dissertation\SSD Files\Kingston A400\TRIM Deletion\Recovered data\1744-$RHY4EM1.doc,.doc,0.18,OK,
C:\Users\User\OneDrive\Documents\Uni\Dissertation\SSD Files\Kingston A400\TRIM Deletion\Recovered data\1747-$RZT58QG.doc,.doc,0.03,OK,
C:\Users\User\OneDrive\Documents\Uni\Dissertation\SSD Files\Kingston A400\TRIM Deletion\Recovered data\175-$R8UZP5E.doc,.doc,0.1,FAILED,"(-2147352567, 'Exception occurred.', (0, 'Microsoft Word', 'Office has detected a problem with this file. To help protect your computer this file cannot be opened.\r (C:\\Users\\User\\...\\175-$R8UZP5E.doc)', 'wdmain11.chm', 25775, -2146821993), None)"
C:\Users\User\OneDrive\Documents\Uni\Dissertation\SSD Files\Kingston A400\TRIM Deletion\Recovered data\1750-$RACS13O.doc,.doc,0.03,OK,
C:\Users\User\OneDrive\Documents\Uni\Dissertation\SSD Files\Kingston A400\TRIM Deletion\Recovered data\1752-$RWZMZ2X.doc,.doc,0.02,OK,
C:\Users\User\OneDrive\Documents\Uni\Dissertation\SSD Files\Kingston A400\TRIM Deletion\Recovered data\1755-$R9DB56T.doc,.doc,0.44,FAILED,"(-2147352567, 'Exception occurred.', (0, 'Microsoft Word', 'Office has detected a problem with this file. To help protect your computer this file cannot be opened.\r (C:\\Users\\User\\...\\1755-$R9DB56T.doc)', 'wdmain11.chm', 25775, -2146821993), None)"
C:\Users\User\OneDrive\Documents\Uni\Dissertation\SSD Files\Kingston A400\TRIM Deletion\Recovered data\1758-$R1QES4Q.doc,.doc,0.87,FAILED,"(-2147352567, 'Exception occurred.', (0, 'Microsoft Word', 'Office has detected a problem with this file. To help protect your computer this file cannot be opened.\r (C:\\Users\\User\\...\\1758-$R1QES4Q.doc)', 'wdmain11.chm', 25775, -2146821993), None)"
C:\Users\User\OneDrive\Documents\Uni\Dissertation\SSD Files\Kingston A400\TRIM Deletion\Recovered data\1761-$RS8TDUH.doc,.doc,0.19,OK,
C:\Users\User\OneDrive\Documents\Uni\Dissertation\SSD Files\Kingston A400\TRIM Deletion\Recovered data\1764-$RKR3RVL.doc,.doc,0.02,OK,
C:\Users\User\OneDrive\Documents\Uni\Dissertation\SSD Files\Kingston A400\TRIM Deletion\Recovered data\1766-$RAP3HDH.doc,.doc,0.06,OK,
C:\Users\User\OneDrive\Documents\Uni\Dissertation\SSD Files\Kingston A400\TRIM Deletion\Recovered data\1769-$REI3W41.doc,.doc,0.18,OK,
C:\Users\User\OneDrive\Documents\Uni\Dissertation\SSD Files\Kingston A400\TRIM Deletion\Recovered data\1772-$RC21HBH.doc,.doc,0.14,OK,
C:\Users\User\OneDrive\Documents\Uni\Dissertation\SSD Files\Kingston A400\TRIM Deletion\Recovered data\1775-$RIQUGNG.doc,.doc,0.15,OK,
C:\Users\User\OneDrive\Documents\Uni\Dissertation\SSD Files\Kingston A400\TRIM Deletion\Recovered data\1778-$R1CL359.doc,.doc,0.03,OK,
C:\Users\User\OneDrive\Documents\Uni\Dissertation\SSD Files\Kingston A400\TRIM Deletion\Recovered data\178-$RMDS3LA.doc,.doc,0.13,OK,
C:\Users\User\OneDrive\Documents\Uni\Dissertation\SSD Files\Kingston A400\TRIM Deletion\Recovered data\1781-$RWQF7X3.doc,.doc,0.08,OK,
C:\Users\User\OneDrive\Documents\Uni\Dissertation\SSD Files\Kingston A400\TRIM Deletion\Recovered data\1784-$RZV3841.doc,.doc,0.45,OK,
C:\Users\User\OneDrive\Documents\Uni\Dissertation\SSD Files\Kingston A400\TRIM Deletion\Recovered data\1787-$RRTGCAA.doc,.doc,0.03,OK,
C:\Users\User\OneDrive\Documents\Uni\Dissertation\SSD Files\Kingston A400\TRIM Deletion\Recovered data\1790-$RB58085.doc,.doc,0.78,FAILED,"(-2147352567, 'Exception occurred.', (0, 'Microsoft Word', 'Office has detected a problem with this file. To help protect your computer this file cannot be opened.\r (C:\\Users\\User\\...\\1790-$RB58085.doc)', 'wdmain11.chm', 25775, -2146821993), None)"
C:\Users\User\OneDrive\Documents\Uni\Dissertation\SSD Files\Kingston A400\TRIM Deletion\Recovered data\1793-$RGDWXJP.doc,.doc,0.62,OK,
C:\Users\User\OneDrive\Documents\Uni\Dissertation\SSD Files\Kingston A400\TRIM Deletion\Recovered data\1796-$RJZD0P7.doc,.doc,0.14,OK,
C:\Users\User\OneDrive\Documents\Uni\Dissertation\SSD Files\Kingston A400\TRIM Deletion\Recovered data\1799-$R97PSY1.doc,.doc,0.12,FAILED,"(-2147352567, 'Exception occurred.', (0, 'Microsoft Word', 'Office has detected a problem with this file. To help protect your computer this file cannot be opened.\r (C:\\Users\\User\\...\\1799-$R97PSY1.doc)', 'wdmain11.chm', 25775, -2146821993), None)"
C:\Users\User\OneDrive\Documents\Uni\Dissertation\SSD Files\Kingston A400\TRIM Deletion\Recovered data\1802-$R3D2YTD.doc,.doc,0.1,FAILED,"(-2147352567, 'Exception occurred.', (0, 'Microsoft Word', 'Office has detected a problem with this file. To help protect your computer this file cannot be opened.\r (C:\\Users\\User\\...\\1802-$R3D2YTD.doc)', 'wdmain11.chm', 25775, -2146821993), None)"
C:\Users\User\OneDrive\Documents\Uni\Dissertation\SSD Files\Kingston A400\TRIM Deletion\Recovered data\1804-$RMQX3BZ.doc,.doc,0.18,OK,
C:\Users\User\OneDrive\Documents\Uni\Dissertation\SSD Files\Kingston A400\TRIM Deletion\Recovered data\1807-$RU72BP1.doc,.doc,0.03,OK,
C:\Users\User\OneDrive\Documents\Uni\Dissertation\SSD Files\Kingston A400\TRIM Deletion\Recovered data\181-$RSX7PFQ.doc,.doc,0.06,OK,
C:\Users\User\OneDrive\Documents\Uni\Dissertation\SSD Files\Kingston A400\TRIM Deletion\Recovered data\1810-$R3KXPP1.doc,.doc,0.04,OK,
C:\Users\User\OneDrive\Documents\Uni\Dissertation\SSD Files\Kingston A400\TRIM Deletion\Recovered data\1813-$R66C3J1.doc,.doc,0.06,OK,
C:\Users\User\OneDrive\Documents\Uni\Dissertation\SSD Files\Kingston A400\TRIM Deletion\Recovered data\1816-$RDLKVE8.doc,.doc,0.17,OK,
C:\Users\User\OneDrive\Documents\Uni\Dissertation\SSD Files\Kingston A400\TRIM Deletion\Recovered data\1819-$RN1ICGJ.doc,.doc,1.12,OK,
C:\Users\User\OneDrive\Documents\Uni\Dissertation\SSD Files\Kingston A400\TRIM Deletion\Recovered data\1822-$RBZYV14.doc,.doc,0.03,OK,
C:\Users\User\OneDrive\Documents\Uni\Dissertation\SSD Files\Kingston A400\TRIM Deletion\Recovered data\1825-$R4GBMAC.doc,.doc,0.02,OK,
C:\Users\User\OneDrive\Documents\Uni\Dissertation\SSD Files\Kingston A400\TRIM Deletion\Recovered data\1828-$R9XE510.doc,.doc,0.03,OK,
C:\Users\User\OneDrive\Documents\Uni\Dissertation\SSD Files\Kingston A400\TRIM Deletion\Recovered data\1831-$R39HGE6.doc,.doc,0.06,OK,
C:\Users\User\OneDrive\Documents\Uni\Dissertation\SSD Files\Kingston A400\TRIM Deletion\Recovered data\1833-$RRD8POI.doc,.doc,0.03,OK,
C:\Users\User\OneDrive\Documents\Uni\Dissertation\SSD Files\Kingston A400\TRIM Deletion\Recovered data\1836-$R5ZZ20G.doc,.doc,0.02,OK,
C:\Users\User\OneDrive\Documents\Uni\Dissertation\SSD Files\Kingston A400\TRIM Deletion\Recovered data\1839-$R7HEZVZ.doc,.doc,0.23,FAILED,"(-2147352567, 'Exception occurred.', (0, 'Microsoft Word', 'Office has detected a problem with this file. To help protect your computer this file cannot be opened.\r (C:\\Users\\User\\...\\1839-$R7HEZVZ.doc)', 'wdmain11.chm', 25775, -2146821993), None)"
C:\Users\User\OneDrive\Documents\Uni\Dissertation\SSD Files\Kingston A400\TRIM Deletion\Recovered data\184-$R7VWSED.doc,.doc,0.05,OK,
C:\Users\User\OneDrive\Documents\Uni\Dissertation\SSD Files\Kingston A400\TRIM Deletion\Recovered data\1842-$RKMJZA4.doc,.doc,0.35,OK,
C:\Users\User\OneDrive\Documents\Uni\Dissertation\SSD Files\Kingston A400\TRIM Deletion\Recovered data\1845-$R62OUFX.doc,.doc,0.05,OK,
C:\Users\User\OneDrive\Documents\Uni\Dissertation\SSD Files\Kingston A400\TRIM Deletion\Recovered data\1848-$ROSDUHD.doc,.doc,0.41,OK,
C:\Users\User\OneDrive\Documents\Uni\Dissertation\SSD Files\Kingston A400\TRIM Deletion\Recovered data\1850-$RDPEXP7.doc,.doc,0.39,OK,
C:\Users\User\OneDrive\Documents\Uni\Dissertation\SSD Files\Kingston A400\TRIM Deletion\Recovered data\1852-$R5PR1B1.doc,.doc,0.04,OK,
C:\Users\User\OneDrive\Documents\Uni\Dissertation\SSD Files\Kingston A400\TRIM Deletion\Recovered data\1855-$RDH31Y7.doc,.doc,0.4,OK,
C:\Users\User\OneDrive\Documents\Uni\Dissertation\SSD Files\Kingston A400\TRIM Deletion\Recovered data\1858-$RJXX91X.doc,.doc,0.13,OK,
C:\Users\User\OneDrive\Documents\Uni\Dissertation\SSD Files\Kingston A400\TRIM Deletion\Recovered data\186-$RS5W9IS.doc,.doc,0.13,OK,
C:\Users\User\OneDrive\Documents\Uni\Dissertation\SSD Files\Kingston A400\TRIM Deletion\Recovered data\1861-$RPJBNSB.doc,.doc,0.03,OK,
C:\Users\User\OneDrive\Documents\Uni\Dissertation\SSD Files\Kingston A400\TRIM Deletion\Recovered data\1864-$R4GGMX6.doc,.doc,0.02,OK,
C:\Users\User\OneDrive\Documents\Uni\Dissertation\SSD Files\Kingston A400\TRIM Deletion\Recovered data\1867-$R3K4IAC.doc,.doc,0.05,OK,
C:\Users\User\OneDrive\Documents\Uni\Dissertation\SSD Files\Kingston A400\TRIM Deletion\Recovered data\1870-$R8FG1WX.doc,.doc,0.05,OK,
C:\Users\User\OneDrive\Documents\Uni\Dissertation\SSD Files\Kingston A400\TRIM Deletion\Recovered data\1873-$RD22QQK.doc,.doc,0.41,OK,
C:\Users\User\OneDrive\Documents\Uni\Dissertation\SSD Files\Kingston A400\TRIM Deletion\Recovered data\1876-$RR9SN5F.doc,.doc,0.1,OK,
C:\Users\User\OneDrive\Documents\Uni\Dissertation\SSD Files\Kingston A400\TRIM Deletion\Recovered data\1879-$R08IMR4.doc,.doc,0.84,FAILED,"(-2147352567, 'Exception occurred.', (0, 'Microsoft Word', 'Office has detected a problem with this file. To help protect your computer this file cannot be opened.\r (C:\\Users\\User\\...\\1879-$R08IMR4.doc)', 'wdmain11.chm', 25775, -2146821993), None)"
C:\Users\User\OneDrive\Documents\Uni\Dissertation\SSD Files\Kingston A400\TRIM Deletion\Recovered data\1882-$RL63STN.doc,.doc,0.32,OK,
C:\Users\User\OneDrive\Documents\Uni\Dissertation\SSD Files\Kingston A400\TRIM Deletion\Recovered data\1885-$RP79O3Q.doc,.doc,0.31,OK,
C:\Users\User\OneDrive\Documents\Uni\Dissertation\SSD Files\Kingston A400\TRIM Deletion\Recovered data\1888-$R8L4IT4.doc,.doc,0.02,OK,
C:\Users\User\OneDrive\Documents\Uni\Dissertation\SSD Files\Kingston A400\TRIM Deletion\Recovered data\189-$R43YYKB.doc,.doc,0.3,FAILED,"(-2147352567, 'Exception occurred.', (0, 'Microsoft Word', 'Office has detected a problem with this file. To help protect your computer this file cannot be opened.\r (C:\\Users\\User\\...\\189-$R43YYKB.doc)', 'wdmain11.chm', 25775, -2146821993), None)"
C:\Users\User\OneDrive\Documents\Uni\Dissertation\SSD Files\Kingston A400\TRIM Deletion\Recovered data\1891-$R4TD36J.doc,.doc,0.16,FAILED,"(-2147352567, 'Exception occurred.', (0, 'Microsoft Word', 'Office has detected a problem with this file. To help protect your computer this file cannot be opened.\r (C:\\Users\\User\\...\\1891-$R4TD36J.doc)', 'wdmain11.chm', 25775, -2146821993), None)"
C:\Users\User\OneDrive\Documents\Uni\Dissertation\SSD Files\Kingston A400\TRIM Deletion\Recovered data\1894-$RSA340V.doc,.doc,0.03,OK,
C:\Users\User\OneDrive\Documents\Uni\Dissertation\SSD Files\Kingston A400\TRIM Deletion\Recovered data\1897-$RNNIMU1.doc,.doc,0.03,OK,
C:\Users\User\OneDrive\Documents\Uni\Dissertation\SSD Files\Kingston A400\TRIM Deletion\Recovered data\1900-$R58NGF4.doc,.doc,0.44,FAILED,"(-2147352567, 'Exception occurred.', (0, 'Microsoft Word', 'Office has detected a problem with this file. To help protect your computer this file cannot be opened.\r (C:\\Users\\User\\...\\1900-$R58NGF4.doc)', 'wdmain11.chm', 25775, -2146821993), None)"
C:\Users\User\OneDrive\Documents\Uni\Dissertation\SSD Files\Kingston A400\TRIM Deletion\Recovered data\1903-$RRK3P7V.doc,.doc,0.02,OK,
C:\Users\User\OneDrive\Documents\Uni\Dissertation\SSD Files\Kingston A400\TRIM Deletion\Recovered data\1906-$RAULQY2.doc,.doc,0.26,OK,
C:\Users\User\OneDrive\Documents\Uni\Dissertation\SSD Files\Kingston A400\TRIM Deletion\Recovered data\1909-$R0F19JH.doc,.doc,0.1,FAILED,"(-2147352567, 'Exception occurred.', (0, 'Microsoft Word', 'Office has detected a problem with this file. To help protect your computer this file cannot be opened.\r (C:\\Users\\User\\...\\1909-$R0F19JH.doc)', 'wdmain11.chm', 25775, -2146821993), None)"
C:\Users\User\OneDrive\Documents\Uni\Dissertation\SSD Files\Kingston A400\TRIM Deletion\Recovered data\191-$RF99QRS.doc,.doc,0.8,OK,
C:\Users\User\OneDrive\Documents\Uni\Dissertation\SSD Files\Kingston A400\TRIM Deletion\Recovered data\1911-$RVQV8NF.doc,.doc,0.07,OK,
C:\Users\User\OneDrive\Documents\Uni\Dissertation\SSD Files\Kingston A400\TRIM Deletion\Recovered data\1914-$REKNW31.doc,.doc,0.13,OK,
C:\Users\User\OneDrive\Documents\Uni\Dissertation\SSD Files\Kingston A400\TRIM Deletion\Recovered data\1917-$R6MW67Z.doc,.doc,1.32,FAILED,"(-2147352567, 'Exception occurred.', (0, 'Microsoft Word', 'Word experienced an error trying to open the file.\nTry these suggestions.\n* Check the file permissions for the document or drive.\n* Make sure there is sufficient free memory and disk space.\n* Open the file with the Text Recovery converter.\r (C:\\Users\\User\\...\\1917-$R6MW67Z.doc)', 'wdmain11.chm', 24601, -2146823167), None)"
C:\Users\User\OneDrive\Documents\Uni\Dissertation\SSD Files\Kingston A400\TRIM Deletion\Recovered data\1920-$R1MWQD7.xls,.xls,0.05,OK,
C:\Users\User\OneDrive\Documents\Uni\Dissertation\SSD Files\Kingston A400\TRIM Deletion\Recovered data\1923-$RZZ59Q2.xls,.xls,0.04,OK,
C:\Users\User\OneDrive\Documents\Uni\Dissertation\SSD Files\Kingston A400\TRIM Deletion\Recovered data\1926-$R7AV1GT.xls,.xls,0.05,OK,
C:\Users\User\OneDrive\Documents\Uni\Dissertation\SSD Files\Kingston A400\TRIM Deletion\Recovered data\1929-$RLOOIDM.xls,.xls,0.17,OK,
C:\Users\User\OneDrive\Documents\Uni\Dissertation\SSD Files\Kingston A400\TRIM Deletion\Recovered data\1932-$R256LLL.xls,.xls,0.04,OK,
C:\Users\User\OneDrive\Documents\Uni\Dissertation\SSD Files\Kingston A400\TRIM Deletion\Recovered data\1935-$RI14OS2.xls,.xls,0.02,OK,
C:\Users\User\OneDrive\Documents\Uni\Dissertation\SSD Files\Kingston A400\TRIM Deletion\Recovered data\1938-$RWJWHKA.xls,.xls,0.02,OK,
C:\Users\User\OneDrive\Documents\Uni\Dissertation\SSD Files\Kingston A400\TRIM Deletion\Recovered data\194-$R1DHAEL.doc,.doc,0.1,OK,
C:\Users\User\OneDrive\Documents\Uni\Dissertation\SSD Files\Kingston A400\TRIM Deletion\Recovered data\1941-$RK5BFKK.xls,.xls,0.11,OK,
C:\Users\User\OneDrive\Documents\Uni\Dissertation\SSD Files\Kingston A400\TRIM Deletion\Recovered data\1944-$RB2FBAB.xls,.xls,0.45,FAILED,"(-2147352567, 'Exception occurred.', (0, 'Microsoft Excel', 'Office has detected a problem with this file. To help protect your computer this file cannot be opened.', 'xlmain11.chm', 0, -2146827284), None)"
C:\Users\User\OneDrive\Documents\Uni\Dissertation\SSD Files\Kingston A400\TRIM Deletion\Recovered data\1947-$R3B3KVQ.xls,.xls,0.02,OK,
C:\Users\User\OneDrive\Documents\Uni\Dissertation\SSD Files\Kingston A400\TRIM Deletion\Recovered data\1950-$RRQHH0Q.xls,.xls,0.02,OK,
C:\Users\User\OneDrive\Documents\Uni\Dissertation\SSD Files\Kingston A400\TRIM Deletion\Recovered data\1953-$RK3HJ3S.xls,.xls,0.03,OK,
C:\Users\User\OneDrive\Documents\Uni\Dissertation\SSD Files\Kingston A400\TRIM Deletion\Recovered data\1956-$RDU608V.xls,.xls,0.07,OK,
C:\Users\User\OneDrive\Documents\Uni\Dissertation\SSD Files\Kingston A400\TRIM Deletion\Recovered data\1959-$RA4GZEJ.xls,.xls,0.02,OK,
C:\Users\User\OneDrive\Documents\Uni\Dissertation\SSD Files\Kingston A400\TRIM Deletion\Recovered data\1962-$RT1RSXP.xls,.xls,0.22,OK,
C:\Users\User\OneDrive\Documents\Uni\Dissertation\SSD Files\Kingston A400\TRIM Deletion\Recovered data\1965-$R8RDJDH.xls,.xls,0.06,FAILED,"(-2147352567, 'Exception occurred.', (0, 'Microsoft Excel', 'Open method of Workbooks class failed', 'xlmain11.chm', 0, -2146827284), None)"
C:\Users\User\OneDrive\Documents\Uni\Dissertation\SSD Files\Kingston A400\TRIM Deletion\Recovered data\1968-$R8XX39V.xls,.xls,0.07,OK,
C:\Users\User\OneDrive\Documents\Uni\Dissertation\SSD Files\Kingston A400\TRIM Deletion\Recovered data\197-$R51KTMZ.doc,.doc,0.09,FAILED,"(-2147352567, 'Exception occurred.', (0, 'Microsoft Word', 'Office has detected a problem with this file. To help protect your computer this file cannot be opened.\r (C:\\Users\\User\\...\\197-$R51KTMZ.doc)', 'wdmain11.chm', 25775, -2146821993), None)"
C:\Users\User\OneDrive\Documents\Uni\Dissertation\SSD Files\Kingston A400\TRIM Deletion\Recovered data\1971-$R5Y5KHV.xls,.xls,0.02,FAILED,"(-2147352567, 'Exception occurred.', (0, 'Microsoft Excel', 'Open method of Workbooks class failed', 'xlmain11.chm', 0, -2146827284), None)"
C:\Users\User\OneDrive\Documents\Uni\Dissertation\SSD Files\Kingston A400\TRIM Deletion\Recovered data\1974-$R5KNZB5.xls,.xls,0.42,OK,
C:\Users\User\OneDrive\Documents\Uni\Dissertation\SSD Files\Kingston A400\TRIM Deletion\Recovered data\1977-$RS3P639.xls,.xls,1.8,OK,
C:\Users\User\OneDrive\Documents\Uni\Dissertation\SSD Files\Kingston A400\TRIM Deletion\Recovered data\1980-$RTCEGQ7.xls,.xls,0.03,OK,
C:\Users\User\OneDrive\Documents\Uni\Dissertation\SSD Files\Kingston A400\TRIM Deletion\Recovered data\1983-$REPW7Y7.xls,.xls,0.04,OK,
C:\Users\User\OneDrive\Documents\Uni\Dissertation\SSD Files\Kingston A400\TRIM Deletion\Recovered data\1986-$RQM76DO.xls,.xls,0.04,OK,
C:\Users\User\OneDrive\Documents\Uni\Dissertation\SSD Files\Kingston A400\TRIM Deletion\Recovered data\1989-$RA29OON.xls,.xls,0.04,OK,
C:\Users\User\OneDrive\Documents\Uni\Dissertation\SSD Files\Kingston A400\TRIM Deletion\Recovered data\199-$RBY165G.doc,.doc,0.05,OK,
C:\Users\User\OneDrive\Documents\Uni\Dissertation\SSD Files\Kingston A400\TRIM Deletion\Recovered data\1991-$RDYE3OG.xls,.xls,0.02,OK,
C:\Users\User\OneDrive\Documents\Uni\Dissertation\SSD Files\Kingston A400\TRIM Deletion\Recovered data\1994-$R86MOET.xls,.xls,0.03,OK,
C:\Users\User\OneDrive\Documents\Uni\Dissertation\SSD Files\Kingston A400\TRIM Deletion\Recovered data\1997-$R91HYT2.xls,.xls,0.15,FAILED,"(-2147352567, 'Exception occurred.', (0, 'Microsoft Excel', 'Office has detected a problem with this file. To help protect your computer this file cannot be opened.', 'xlmain11.chm', 0, -2146827284), None)"
C:\Users\User\OneDrive\Documents\Uni\Dissertation\SSD Files\Kingston A400\TRIM Deletion\Recovered data\2000-$ROYRI5A.xls,.xls,0.54,OK,
C:\Users\User\OneDrive\Documents\Uni\Dissertation\SSD Files\Kingston A400\TRIM Deletion\Recovered data\2002-$R6DK0CR.xls,.xls,0.4,FAILED,"(-2147352567, 'Exception occurred.', (0, 'Microsoft Excel', 'Open method of Workbooks class failed', 'xlmain11.chm', 0, -2146827284), None)"
C:\Users\User\OneDrive\Documents\Uni\Dissertation\SSD Files\Kingston A400\TRIM Deletion\Recovered data\2005-$RURLQ69.xls,.xls,0.05,OK,
C:\Users\User\OneDrive\Documents\Uni\Dissertation\SSD Files\Kingston A400\TRIM Deletion\Recovered data\2008-$REGD8KD.xls,.xls,0.03,OK,
C:\Users\User\OneDrive\Documents\Uni\Dissertation\SSD Files\Kingston A400\TRIM Deletion\Recovered data\2011-$RMFZK8P.xls,.xls,0.03,OK,
C:\Users\User\OneDrive\Documents\Uni\Dissertation\SSD Files\Kingston A400\TRIM Deletion\Recovered data\2014-$RGD5XTZ.xls,.xls,0.03,OK,
C:\Users\User\OneDrive\Documents\Uni\Dissertation\SSD Files\Kingston A400\TRIM Deletion\Recovered data\2017-$RWYGRMK.xls,.xls,0.03,OK,
C:\Users\User\OneDrive\Documents\Uni\Dissertation\SSD Files\Kingston A400\TRIM Deletion\Recovered data\202-$RCEDOKR.doc,.doc,0.06,OK,
C:\Users\User\OneDrive\Documents\Uni\Dissertation\SSD Files\Kingston A400\TRIM Deletion\Recovered data\2020-$REF6YTG.xls,.xls,0.03,OK,
C:\Users\User\OneDrive\Documents\Uni\Dissertation\SSD Files\Kingston A400\TRIM Deletion\Recovered data\2023-$RJB30IX.xls,.xls,0.26,OK,
C:\Users\User\OneDrive\Documents\Uni\Dissertation\SSD Files\Kingston A400\TRIM Deletion\Recovered data\2026-$RNIEAWU.xls,.xls,1.49,OK,
C:\Users\User\OneDrive\Documents\Uni\Dissertation\SSD Files\Kingston A400\TRIM Deletion\Recovered data\2029-$R6IRAEM.xls,.xls,0.08,OK,
C:\Users\User\OneDrive\Documents\Uni\Dissertation\SSD Files\Kingston A400\TRIM Deletion\Recovered data\2031-$REDV0ZP.xls,.xls,0.08,OK,
C:\Users\User\OneDrive\Documents\Uni\Dissertation\SSD Files\Kingston A400\TRIM Deletion\Recovered data\2034-$RBQHXEF.xls,.xls,0.02,OK,
C:\Users\User\OneDrive\Documents\Uni\Dissertation\SSD Files\Kingston A400\TRIM Deletion\Recovered data\2037-$R2EK0R1.xls,.xls,0.05,OK,
C:\Users\User\OneDrive\Documents\Uni\Dissertation\SSD Files\Kingston A400\TRIM Deletion\Recovered data\2040-$RU9N0EX.xls,.xls,0.03,OK,
C:\Users\User\OneDrive\Documents\Uni\Dissertation\SSD Files\Kingston A400\TRIM Deletion\Recovered data\2043-$RDYL9QA.xls,.xls,0.04,OK,
C:\Users\User\OneDrive\Documents\Uni\Dissertation\SSD Files\Kingston A400\TRIM Deletion\Recovered data\2045-$RDMWPFU.xls,.xls,0.17,OK,
C:\Users\User\OneDrive\Documents\Uni\Dissertation\SSD Files\Kingston A400\TRIM Deletion\Recovered data\2047-$RHROZNX.xls,.xls,4.2,OK,
C:\Users\User\OneDrive\Documents\Uni\Dissertation\SSD Files\Kingston A400\TRIM Deletion\Recovered data\205-$R9Y0LKG.doc,.doc,0.06,OK,
C:\Users\User\OneDrive\Documents\Uni\Dissertation\SSD Files\Kingston A400\TRIM Deletion\Recovered data\2050-$RQ80VRV.xls,.xls,0.03,OK,
C:\Users\User\OneDrive\Documents\Uni\Dissertation\SSD Files\Kingston A400\TRIM Deletion\Recovered data\2052-$ROJ8XYQ.xls,.xls,0.04,OK,
C:\Users\User\OneDrive\Documents\Uni\Dissertation\SSD Files\Kingston A400\TRIM Deletion\Recovered data\2054-$R8TIN40.xls,.xls,0.03,OK,
C:\Users\User\OneDrive\Documents\Uni\Dissertation\SSD Files\Kingston A400\TRIM Deletion\Recovered data\2057-$RI8R3Y5.xls,.xls,0.02,OK,
C:\Users\User\OneDrive\Documents\Uni\Dissertation\SSD Files\Kingston A400\TRIM Deletion\Recovered data\2060-$R357D01.xls,.xls,0.12,FAILED,"(-2147352567, 'Exception occurred.', (0, 'Microsoft Excel', 'Open method of Workbooks class failed', 'xlmain11.chm', 0, -2146827284), None)"
C:\Users\User\OneDrive\Documents\Uni\Dissertation\SSD Files\Kingston A400\TRIM Deletion\Recovered data\2063-$RCZRGHN.xls,.xls,0.03,OK,
C:\Users\User\OneDrive\Documents\Uni\Dissertation\SSD Files\Kingston A400\TRIM Deletion\Recovered data\2066-$RQYCHQ0.xls,.xls,0.03,OK,
C:\Users\User\OneDrive\Documents\Uni\Dissertation\SSD Files\Kingston A400\TRIM Deletion\Recovered data\2069-$RCC8Y03.xls,.xls,0.36,OK,
C:\Users\User\OneDrive\Documents\Uni\Dissertation\SSD Files\Kingston A400\TRIM Deletion\Recovered data\2071-$RWLQG77.xls,.xls,0.12,OK,
C:\Users\User\OneDrive\Documents\Uni\Dissertation\SSD Files\Kingston A400\TRIM Deletion\Recovered data\2073-$R3TWR14.xls,.xls,0.13,FAILED,"(-2147352567, 'Exception occurred.', (0, 'Microsoft Excel', 'Unable to read file.', 'xlmain11.chm', 0, -2146827284), None)"
C:\Users\User\OneDrive\Documents\Uni\Dissertation\SSD Files\Kingston A400\TRIM Deletion\Recovered data\2076-$RMDJBNR.xls,.xls,0.02,OK,
C:\Users\User\OneDrive\Documents\Uni\Dissertation\SSD Files\Kingston A400\TRIM Deletion\Recovered data\2079-$R495Q06.xls,.xls,0.02,OK,
C:\Users\User\OneDrive\Documents\Uni\Dissertation\SSD Files\Kingston A400\TRIM Deletion\Recovered data\208-$RJ5VQ5H.doc,.doc,0.02,OK,
C:\Users\User\OneDrive\Documents\Uni\Dissertation\SSD Files\Kingston A400\TRIM Deletion\Recovered data\2081-$RHLF7M9.xls,.xls,0.05,OK,
C:\Users\User\OneDrive\Documents\Uni\Dissertation\SSD Files\Kingston A400\TRIM Deletion\Recovered data\2084-$RVIH531.xls,.xls,0.03,OK,
C:\Users\User\OneDrive\Documents\Uni\Dissertation\SSD Files\Kingston A400\TRIM Deletion\Recovered data\2087-$RUHLEX6.xls,.xls,0.03,OK,
C:\Users\User\OneDrive\Documents\Uni\Dissertation\SSD Files\Kingston A400\TRIM Deletion\Recovered data\2090-$RR2EX1T.xls,.xls,0.17,OK,
C:\Users\User\OneDrive\Documents\Uni\Dissertation\SSD Files\Kingston A400\TRIM Deletion\Recovered data\2093-$RBPFEWB.xls,.xls,0.2,OK,
C:\Users\User\OneDrive\Documents\Uni\Dissertation\SSD Files\Kingston A400\TRIM Deletion\Recovered data\2096-$R3C16HR.xls,.xls,0.2,FAILED,"(-2147352567, 'Exception occurred.', (0, 'Microsoft Excel', 'Office has detected a problem with this file. To help protect your computer this file cannot be opened.', 'xlmain11.chm', 0, -2146827284), None)"
C:\Users\User\OneDrive\Documents\Uni\Dissertation\SSD Files\Kingston A400\TRIM Deletion\Recovered data\2099-$RMW03HN.xls,.xls,0.14,OK,
C:\Users\User\OneDrive\Documents\Uni\Dissertation\SSD Files\Kingston A400\TRIM Deletion\Recovered data\2101-$RHJ2QK9.xls,.xls,0.14,OK,
C:\Users\User\OneDrive\Documents\Uni\Dissertation\SSD Files\Kingston A400\TRIM Deletion\Recovered data\2104-$RPNX0K9.xls,.xls,0.25,OK,
C:\Users\User\OneDrive\Documents\Uni\Dissertation\SSD Files\Kingston A400\TRIM Deletion\Recovered data\2107-$RTR8FY4.xls,.xls,0.1,OK,
C:\Users\User\OneDrive\Documents\Uni\Dissertation\SSD Files\Kingston A400\TRIM Deletion\Recovered data\2109-$RNF49FK.xls,.xls,0.04,OK,
C:\Users\User\OneDrive\Documents\Uni\Dissertation\SSD Files\Kingston A400\TRIM Deletion\Recovered data\211-$R50P4UC.doc,.doc,0.09,OK,
C:\Users\User\OneDrive\Documents\Uni\Dissertation\SSD Files\Kingston A400\TRIM Deletion\Recovered data\2112-$R653GDU.xls,.xls,0.09,OK,
C:\Users\User\OneDrive\Documents\Uni\Dissertation\SSD Files\Kingston A400\TRIM Deletion\Recovered data\2115-$RDRVD84.xls,.xls,0.05,OK,
C:\Users\User\OneDrive\Documents\Uni\Dissertation\SSD Files\Kingston A400\TRIM Deletion\Recovered data\2118-$RU4U484.xls,.xls,0.31,OK,
C:\Users\User\OneDrive\Documents\Uni\Dissertation\SSD Files\Kingston A400\TRIM Deletion\Recovered data\2121-$RXV5BP6.xls,.xls,0.05,OK,
C:\Users\User\OneDrive\Documents\Uni\Dissertation\SSD Files\Kingston A400\TRIM Deletion\Recovered data\2124-$RIO039A.xls,.xls,0.02,OK,
C:\Users\User\OneDrive\Documents\Uni\Dissertation\SSD Files\Kingston A400\TRIM Deletion\Recovered data\2127-$R7A1LYF.xls,.xls,0.05,OK,
C:\Users\User\OneDrive\Documents\Uni\Dissertation\SSD Files\Kingston A400\TRIM Deletion\Recovered data\213-$R9EWB9Z.doc,.doc,0.03,OK,
C:\Users\User\OneDrive\Documents\Uni\Dissertation\SSD Files\Kingston A400\TRIM Deletion\Recovered data\2130-$RBKYL05.xls,.xls,0.03,OK,
C:\Users\User\OneDrive\Documents\Uni\Dissertation\SSD Files\Kingston A400\TRIM Deletion\Recovered data\2133-$RUAYWYX.xls,.xls,0.05,OK,
C:\Users\User\OneDrive\Documents\Uni\Dissertation\SSD Files\Kingston A400\TRIM Deletion\Recovered data\2136-$RV035LD.xls,.xls,0.49,OK,
C:\Users\User\OneDrive\Documents\Uni\Dissertation\SSD Files\Kingston A400\TRIM Deletion\Recovered data\2139-$RGS1A8P.xls,.xls,0.5,OK,
C:\Users\User\OneDrive\Documents\Uni\Dissertation\SSD Files\Kingston A400\TRIM Deletion\Recovered data\2142-$RCH0U7K.xls,.xls,0.17,OK,
C:\Users\User\OneDrive\Documents\Uni\Dissertation\SSD Files\Kingston A400\TRIM Deletion\Recovered data\2145-$R8LVPQD.xls,.xls,0.13,FAILED,"(-2147352567, 'Exception occurred.', (0, 'Microsoft Excel', 'Office has detected a problem with this file. To help protect your computer this file cannot be opened.', 'xlmain11.chm', 0, -2146827284), None)"
C:\Users\User\OneDrive\Documents\Uni\Dissertation\SSD Files\Kingston A400\TRIM Deletion\Recovered data\2148-$R49GQBU.xls,.xls,0.26,FAILED,"(-2147352567, 'Exception occurred.', (0, 'Microsoft Excel', 'Office has detected a problem with this file. To help protect your computer this file cannot be opened.', 'xlmain11.chm', 0, -2146827284), None)"
C:\Users\User\OneDrive\Documents\Uni\Dissertation\SSD Files\Kingston A400\TRIM Deletion\Recovered data\2151-$RQ87CDG.xls,.xls,10.18,OK,
C:\Users\User\OneDrive\Documents\Uni\Dissertation\SSD Files\Kingston A400\TRIM Deletion\Recovered data\2154-$RSO6550.xls,.xls,0.03,OK,
C:\Users\User\OneDrive\Documents\Uni\Dissertation\SSD Files\Kingston A400\TRIM Deletion\Recovered data\2157-$R9RYAPB.xls,.xls,0.02,OK,
C:\Users\User\OneDrive\Documents\Uni\Dissertation\SSD Files\Kingston A400\TRIM Deletion\Recovered data\2159-$RGLOU1E.xls,.xls,0.35,OK,
C:\Users\User\OneDrive\Documents\Uni\Dissertation\SSD Files\Kingston A400\TRIM Deletion\Recovered data\216-$RRE3HMV.doc,.doc,0.15,OK,
C:\Users\User\OneDrive\Documents\Uni\Dissertation\SSD Files\Kingston A400\TRIM Deletion\Recovered data\2161-$REIY3BF.xls,.xls,4.86,OK,
C:\Users\User\OneDrive\Documents\Uni\Dissertation\SSD Files\Kingston A400\TRIM Deletion\Recovered data\2164-$R5Q5R5V.xls,.xls,0.1,FAILED,"(-2147352567, 'Exception occurred.', (0, 'Microsoft Excel', 'Open method of Workbooks class failed', 'xlmain11.chm', 0, -2146827284), None)"
C:\Users\User\OneDrive\Documents\Uni\Dissertation\SSD Files\Kingston A400\TRIM Deletion\Recovered data\2167-$R15YYWU.xls,.xls,0.15,FAILED,"(-2147352567, 'Exception occurred.', (0, 'Microsoft Excel', 'Office has detected a problem with this file. To help protect your computer this file cannot be opened.', 'xlmain11.chm', 0, -2146827284), None)"
C:\Users\User\OneDrive\Documents\Uni\Dissertation\SSD Files\Kingston A400\TRIM Deletion\Recovered data\2170-$R8S4UFE.xls,.xls,0.03,OK,
C:\Users\User\OneDrive\Documents\Uni\Dissertation\SSD Files\Kingston A400\TRIM Deletion\Recovered data\2173-$RG95RV1.xls,.xls,0.04,OK,
C:\Users\User\OneDrive\Documents\Uni\Dissertation\SSD Files\Kingston A400\TRIM Deletion\Recovered data\2176-$R7VMZK2.xls,.xls,0.07,FAILED,"(-2147352567, 'Exception occurred.', (0, 'Microsoft Excel', 'Office has detected a problem with this file. To help protect your computer this file cannot be opened.', 'xlmain11.chm', 0, -2146827284), None)"
C:\Users\User\OneDrive\Documents\Uni\Dissertation\SSD Files\Kingston A400\TRIM Deletion\Recovered data\2179-$RQT5H8Y.xls,.xls,0.27,OK,
C:\Users\User\OneDrive\Documents\Uni\Dissertation\SSD Files\Kingston A400\TRIM Deletion\Recovered data\2182-$RTVAJ0V.xls,.xls,0.56,OK,
C:\Users\User\OneDrive\Documents\Uni\Dissertation\SSD Files\Kingston A400\TRIM Deletion\Recovered data\2185-$R7657PT.xls,.xls,0.49,FAILED,"(-2147352567, 'Exception occurred.', (0, 'Microsoft Excel', 'Office has detected a problem with this file. To help protect your computer this file cannot be opened.', 'xlmain11.chm', 0, -2146827284), None)"
C:\Users\User\OneDrive\Documents\Uni\Dissertation\SSD Files\Kingston A400\TRIM Deletion\Recovered data\2188-$RROUPYG.xls,.xls,0.08,OK,
C:\Users\User\OneDrive\Documents\Uni\Dissertation\SSD Files\Kingston A400\TRIM Deletion\Recovered data\219-$RWPW1LP.doc,.doc,0.03,OK,
C:\Users\User\OneDrive\Documents\Uni\Dissertation\SSD Files\Kingston A400\TRIM Deletion\Recovered data\2191-$R0M7N30.xls,.xls,0.05,OK,
C:\Users\User\OneDrive\Documents\Uni\Dissertation\SSD Files\Kingston A400\TRIM Deletion\Recovered data\2194-$R7EDFER.xls,.xls,0.05,OK,
C:\Users\User\OneDrive\Documents\Uni\Dissertation\SSD Files\Kingston A400\TRIM Deletion\Recovered data\2197-$R4HVJQ2.xls,.xls,0.03,OK,
C:\Users\User\OneDrive\Documents\Uni\Dissertation\SSD Files\Kingston A400\TRIM Deletion\Recovered data\2200-$RKKUVCG.xls,.xls,1.04,OK,
C:\Users\User\OneDrive\Documents\Uni\Dissertation\SSD Files\Kingston A400\TRIM Deletion\Recovered data\2203-$RTO4Y57.xls,.xls,0.06,OK,
C:\Users\User\OneDrive\Documents\Uni\Dissertation\SSD Files\Kingston A400\TRIM Deletion\Recovered data\2206-$RL1ROKI.xls,.xls,0.03,OK,
C:\Users\User\OneDrive\Documents\Uni\Dissertation\SSD Files\Kingston A400\TRIM Deletion\Recovered data\2209-$RUBM351.xls,.xls,0.02,OK,
C:\Users\User\OneDrive\Documents\Uni\Dissertation\SSD Files\Kingston A400\TRIM Deletion\Recovered data\2212-$R2A8Q1D.xls,.xls,0.15,FAILED,"(-2147352567, 'Exception occurred.', (0, 'Microsoft Excel', 'Office has detected a problem with this file. To help protect your computer this file cannot be opened.', 'xlmain11.chm', 0, -2146827284), None)"
C:\Users\User\OneDrive\Documents\Uni\Dissertation\SSD Files\Kingston A400\TRIM Deletion\Recovered data\2215-$RG9FTRV.xls,.xls,0.03,OK,
C:\Users\User\OneDrive\Documents\Uni\Dissertation\SSD Files\Kingston A400\TRIM Deletion\Recovered data\2218-$R4SQQEO.xls,.xls,0.02,OK,
C:\Users\User\OneDrive\Documents\Uni\Dissertation\SSD Files\Kingston A400\TRIM Deletion\Recovered data\222-$R6K0M5Q.doc,.doc,0.3,FAILED,"(-2147352567, 'Exception occurred.', (0, 'Microsoft Word', 'Word experienced an error trying to open the file.\nTry these suggestions.\n* Check the file permissions for the document or drive.\n* Make sure there is sufficient free memory and disk space.\n* Open the file with the Text Recovery converter.\r (C:\\Users\\User\\...\\222-$R6K0M5Q.doc)', 'wdmain11.chm', 24601, -2146823167), None)"
C:\Users\User\OneDrive\Documents\Uni\Dissertation\SSD Files\Kingston A400\TRIM Deletion\Recovered data\2221-$RPU5Y7G.xls,.xls,0.05,OK,
C:\Users\User\OneDrive\Documents\Uni\Dissertation\SSD Files\Kingston A400\TRIM Deletion\Recovered data\2224-$RBTTKQF.xls,.xls,0.44,OK,
C:\Users\User\OneDrive\Documents\Uni\Dissertation\SSD Files\Kingston A400\TRIM Deletion\Recovered data\2227-$RDFZXSB.xls,.xls,0.07,OK,
C:\Users\User\OneDrive\Documents\Uni\Dissertation\SSD Files\Kingston A400\TRIM Deletion\Recovered data\2230-$RAP20D1.xls,.xls,0.04,OK,
C:\Users\User\OneDrive\Documents\Uni\Dissertation\SSD Files\Kingston A400\TRIM Deletion\Recovered data\2233-$R7RJ6EK.xls,.xls,0.05,OK,
C:\Users\User\OneDrive\Documents\Uni\Dissertation\SSD Files\Kingston A400\TRIM Deletion\Recovered data\2236-$R3THZ4J.xls,.xls,0.1,OK,
C:\Users\User\OneDrive\Documents\Uni\Dissertation\SSD Files\Kingston A400\TRIM Deletion\Recovered data\2239-$R0T276F.xls,.xls,0.04,OK,
C:\Users\User\OneDrive\Documents\Uni\Dissertation\SSD Files\Kingston A400\TRIM Deletion\Recovered data\2241-$RKXPW6T.xls,.xls,0.08,OK,
C:\Users\User\OneDrive\Documents\Uni\Dissertation\SSD Files\Kingston A400\TRIM Deletion\Recovered data\2244-$RU4CTXQ.xls,.xls,0.13,OK,
C:\Users\User\OneDrive\Documents\Uni\Dissertation\SSD Files\Kingston A400\TRIM Deletion\Recovered data\2247-$RM72QDU.xls,.xls,0.26,OK,
C:\Users\User\OneDrive\Documents\Uni\Dissertation\SSD Files\Kingston A400\TRIM Deletion\Recovered data\225-$RB8XAYB.doc,.doc,0.12,OK,
C:\Users\User\OneDrive\Documents\Uni\Dissertation\SSD Files\Kingston A400\TRIM Deletion\Recovered data\2250-$RO8TAYI.xls,.xls,0.06,OK,
C:\Users\User\OneDrive\Documents\Uni\Dissertation\SSD Files\Kingston A400\TRIM Deletion\Recovered data\2253-$R3NZ988.xls,.xls,0.32,FAILED,"(-2147352567, 'Exception occurred.', (0, 'Microsoft Excel', 'Office has detected a problem with this file. To help protect your computer this file cannot be opened.', 'xlmain11.chm', 0, -2146827284), None)"
C:\Users\User\OneDrive\Documents\Uni\Dissertation\SSD Files\Kingston A400\TRIM Deletion\Recovered data\2256-$RQ2UG6G.xls,.xls,0.07,OK,
C:\Users\User\OneDrive\Documents\Uni\Dissertation\SSD Files\Kingston A400\TRIM Deletion\Recovered data\2259-$ROGOWGX.xls,.xls,0.04,OK,
C:\Users\User\OneDrive\Documents\Uni\Dissertation\SSD Files\Kingston A400\TRIM Deletion\Recovered data\2262-$RQ2NRGU.xls,.xls,0.02,OK,
C:\Users\User\OneDrive\Documents\Uni\Dissertation\SSD Files\Kingston A400\TRIM Deletion\Recovered data\2264-$R4HGCC2.xls,.xls,0.02,OK,
C:\Users\User\OneDrive\Documents\Uni\Dissertation\SSD Files\Kingston A400\TRIM Deletion\Recovered data\2266-$R6V48MB.xls,.xls,0.14,FAILED,"(-2147352567, 'Exception occurred.', (0, 'Microsoft Excel', 'Office has detected a problem with this file. To help protect your computer this file cannot be opened.', 'xlmain11.chm', 0, -2146827284), None)"
C:\Users\User\OneDrive\Documents\Uni\Dissertation\SSD Files\Kingston A400\TRIM Deletion\Recovered data\2269-$RFDYUN4.xls,.xls,0.49,OK,
C:\Users\User\OneDrive\Documents\Uni\Dissertation\SSD Files\Kingston A400\TRIM Deletion\Recovered data\2272-$RGZJ09F.xls,.xls,0.24,OK,
C:\Users\User\OneDrive\Documents\Uni\Dissertation\SSD Files\Kingston A400\TRIM Deletion\Recovered data\2275-$RCYZD94.xls,.xls,0.08,OK,
C:\Users\User\OneDrive\Documents\Uni\Dissertation\SSD Files\Kingston A400\TRIM Deletion\Recovered data\2277-$R27MNSY.xls,.xls,0.03,OK,
C:\Users\User\OneDrive\Documents\Uni\Dissertation\SSD Files\Kingston A400\TRIM Deletion\Recovered data\228-$RIW1FNX.doc,.doc,0.03,OK,
C:\Users\User\OneDrive\Documents\Uni\Dissertation\SSD Files\Kingston A400\TRIM Deletion\Recovered data\2280-$RNRY83G.xls,.xls,0.02,OK,
C:\Users\User\OneDrive\Documents\Uni\Dissertation\SSD Files\Kingston A400\TRIM Deletion\Recovered data\2283-$R7P3TQI.xls,.xls,0.24,FAILED,"(-2147352567, 'Exception occurred.', (0, 'Microsoft Excel', 'Open method of Workbooks class failed', 'xlmain11.chm', 0, -2146827284), None)"
C:\Users\User\OneDrive\Documents\Uni\Dissertation\SSD Files\Kingston A400\TRIM Deletion\Recovered data\2286-$RDK98GL.xls,.xls,0.03,OK,
C:\Users\User\OneDrive\Documents\Uni\Dissertation\SSD Files\Kingston A400\TRIM Deletion\Recovered data\2289-$RFE6LE7.xls,.xls,0.04,OK,
C:\Users\User\OneDrive\Documents\Uni\Dissertation\SSD Files\Kingston A400\TRIM Deletion\Recovered data\2292-$RE5G0RV.xls,.xls,0.08,OK,
C:\Users\User\OneDrive\Documents\Uni\Dissertation\SSD Files\Kingston A400\TRIM Deletion\Recovered data\2295-$RKAEX6R.xls,.xls,0.2,OK,
C:\Users\User\OneDrive\Documents\Uni\Dissertation\SSD Files\Kingston A400\TRIM Deletion\Recovered data\2298-$RMNQ4JP.xls,.xls,0.02,OK,
C:\Users\User\OneDrive\Documents\Uni\Dissertation\SSD Files\Kingston A400\TRIM Deletion\Recovered data\2300-$RK7QIND.xls,.xls,0.02,OK,
C:\Users\User\OneDrive\Documents\Uni\Dissertation\SSD Files\Kingston A400\TRIM Deletion\Recovered data\2303-$RL1TPCW.xls,.xls,0.1,OK,
C:\Users\User\OneDrive\Documents\Uni\Dissertation\SSD Files\Kingston A400\TRIM Deletion\Recovered data\2306-$RCI8ZIJ.xls,.xls,0.26,OK,
C:\Users\User\OneDrive\Documents\Uni\Dissertation\SSD Files\Kingston A400\TRIM Deletion\Recovered data\2309-$RN3A2F6.xls,.xls,0.03,OK,
C:\Users\User\OneDrive\Documents\Uni\Dissertation\SSD Files\Kingston A400\TRIM Deletion\Recovered data\231-$RMP81KO.doc,.doc,0.09,OK,
C:\Users\User\OneDrive\Documents\Uni\Dissertation\SSD Files\Kingston A400\TRIM Deletion\Recovered data\2312-$R9DYRNM.xls,.xls,0.05,OK,
C:\Users\User\OneDrive\Documents\Uni\Dissertation\SSD Files\Kingston A400\TRIM Deletion\Recovered data\2315-$RN60RJC.xls,.xls,0.05,OK,
C:\Users\User\OneDrive\Documents\Uni\Dissertation\SSD Files\Kingston A400\TRIM Deletion\Recovered data\2318-$RDA8KZF.xls,.xls,0.06,OK,
C:\Users\User\OneDrive\Documents\Uni\Dissertation\SSD Files\Kingston A400\TRIM Deletion\Recovered data\2321-$R0UYWLX.xls,.xls,0.02,OK,
C:\Users\User\OneDrive\Documents\Uni\Dissertation\SSD Files\Kingston A400\TRIM Deletion\Recovered data\2324-$R2R9DD3.xls,.xls,0.14,FAILED,"(-2147352567, 'Exception occurred.', (0, 'Microsoft Excel', 'Office has detected a problem with this file. To help protect your computer this file cannot be opened.', 'xlmain11.chm', 0, -2146827284), None)"
C:\Users\User\OneDrive\Documents\Uni\Dissertation\SSD Files\Kingston A400\TRIM Deletion\Recovered data\2327-$RGXZ7FO.xls,.xls,0.06,OK,
C:\Users\User\OneDrive\Documents\Uni\Dissertation\SSD Files\Kingston A400\TRIM Deletion\Recovered data\233-$RNWQZWQ.doc,.doc,0.02,OK,
C:\Users\User\OneDrive\Documents\Uni\Dissertation\SSD Files\Kingston A400\TRIM Deletion\Recovered data\2330-$RSUJ0NO.xls,.xls,0.03,OK,
C:\Users\User\OneDrive\Documents\Uni\Dissertation\SSD Files\Kingston A400\TRIM Deletion\Recovered data\2333-$RLZ0X46.xls,.xls,0.03,OK,
C:\Users\User\OneDrive\Documents\Uni\Dissertation\SSD Files\Kingston A400\TRIM Deletion\Recovered data\2336-$R2X7479.xls,.xls,0.02,OK,
C:\Users\User\OneDrive\Documents\Uni\Dissertation\SSD Files\Kingston A400\TRIM Deletion\Recovered data\2339-$R3SN1YU.xls,.xls,0.04,OK,
C:\Users\User\OneDrive\Documents\Uni\Dissertation\SSD Files\Kingston A400\TRIM Deletion\Recovered data\2341-$RUMWA46.xls,.xls,0.05,OK,
C:\Users\User\OneDrive\Documents\Uni\Dissertation\SSD Files\Kingston A400\TRIM Deletion\Recovered data\2344-$RV93WLY.xls,.xls,0.03,OK,
C:\Users\User\OneDrive\Documents\Uni\Dissertation\SSD Files\Kingston A400\TRIM Deletion\Recovered data\2347-$RUKMFT1.xls,.xls,0.26,OK,
C:\Users\User\OneDrive\Documents\Uni\Dissertation\SSD Files\Kingston A400\TRIM Deletion\Recovered data\2350-$RBFNB77.xls,.xls,2.32,OK,
C:\Users\User\OneDrive\Documents\Uni\Dissertation\SSD Files\Kingston A400\TRIM Deletion\Recovered data\2353-$RN4TX86.xls,.xls,0.05,OK,
C:\Users\User\OneDrive\Documents\Uni\Dissertation\SSD Files\Kingston A400\TRIM Deletion\Recovered data\2356-$R3OYS77.xls,.xls,2.67,FAILED,"(-2147352567, 'Exception occurred.', (0, 'Microsoft Excel', 'Office has detected a problem with this file. To help protect your computer this file cannot be opened.', 'xlmain11.chm', 0, -2146827284), None)"
C:\Users\User\OneDrive\Documents\Uni\Dissertation\SSD Files\Kingston A400\TRIM Deletion\Recovered data\2359-$RN7LNPL.xls,.xls,2.42,OK,
C:\Users\User\OneDrive\Documents\Uni\Dissertation\SSD Files\Kingston A400\TRIM Deletion\Recovered data\236-$R3M0QKW.doc,.doc,0.04,OK,
C:\Users\User\OneDrive\Documents\Uni\Dissertation\SSD Files\Kingston A400\TRIM Deletion\Recovered data\2362-$RR3KG2W.xls,.xls,16.59,OK,
C:\Users\User\OneDrive\Documents\Uni\Dissertation\SSD Files\Kingston A400\TRIM Deletion\Recovered data\2364-$RFOGJN4.xls,.xls,0.04,OK,
C:\Users\User\OneDrive\Documents\Uni\Dissertation\SSD Files\Kingston A400\TRIM Deletion\Recovered data\2367-$RSWX27A.xls,.xls,0.1,OK,
C:\Users\User\OneDrive\Documents\Uni\Dissertation\SSD Files\Kingston A400\TRIM Deletion\Recovered data\2370-$RO2R9QL.xls,.xls,0.02,OK,
C:\Users\User\OneDrive\Documents\Uni\Dissertation\SSD Files\Kingston A400\TRIM Deletion\Recovered data\2373-$RGKIBTP.xls,.xls,0.02,OK,
C:\Users\User\OneDrive\Documents\Uni\Dissertation\SSD Files\Kingston A400\TRIM Deletion\Recovered data\2376-$RJ1WBMU.xls,.xls,0.02,OK,
C:\Users\User\OneDrive\Documents\Uni\Dissertation\SSD Files\Kingston A400\TRIM Deletion\Recovered data\2379-$RAWWBL6.xls,.xls,0.02,OK,
C:\Users\User\OneDrive\Documents\Uni\Dissertation\SSD Files\Kingston A400\TRIM Deletion\Recovered data\2382-$RTH2IZN.xls,.xls,0.12,OK,
C:\Users\User\OneDrive\Documents\Uni\Dissertation\SSD Files\Kingston A400\TRIM Deletion\Recovered data\2385-$R9YCXFQ.xls,.xls,0.04,OK,
C:\Users\User\OneDrive\Documents\Uni\Dissertation\SSD Files\Kingston A400\TRIM Deletion\Recovered data\2388-$R5E3XHC.xls,.xls,0.07,OK,
C:\Users\User\OneDrive\Documents\Uni\Dissertation\SSD Files\Kingston A400\TRIM Deletion\Recovered data\239-$RKOZA1K.doc,.doc,0.37,OK,
C:\Users\User\OneDrive\Documents\Uni\Dissertation\SSD Files\Kingston A400\TRIM Deletion\Recovered data\2391-$RIM309Y.xls,.xls,0.07,OK,
C:\Users\User\OneDrive\Documents\Uni\Dissertation\SSD Files\Kingston A400\TRIM Deletion\Recovered data\2394-$RZI1LOG.xls,.xls,0.06,OK,
C:\Users\User\OneDrive\Documents\Uni\Dissertation\SSD Files\Kingston A400\TRIM Deletion\Recovered data\2397-$RLT03KU.xls,.xls,0.02,OK,
C:\Users\User\OneDrive\Documents\Uni\Dissertation\SSD Files\Kingston A400\TRIM Deletion\Recovered data\2400-$RAKIZ2L.xls,.xls,0.38,FAILED,"(-2147352567, 'Exception occurred.', (0, 'Microsoft Excel', 'Office has detected a problem with this file. To help protect your computer this file cannot be opened.', 'xlmain11.chm', 0, -2146827284), None)"
C:\Users\User\OneDrive\Documents\Uni\Dissertation\SSD Files\Kingston A400\TRIM Deletion\Recovered data\2403-$RT6U0IS.xls,.xls,0.17,OK,
C:\Users\User\OneDrive\Documents\Uni\Dissertation\SSD Files\Kingston A400\TRIM Deletion\Recovered data\2406-$R1E2T5Q.xls,.xls,0.04,OK,
C:\Users\User\OneDrive\Documents\Uni\Dissertation\SSD Files\Kingston A400\TRIM Deletion\Recovered data\2409-$RCR4T3S.xls,.xls,0.02,OK,
C:\Users\User\OneDrive\Documents\Uni\Dissertation\SSD Files\Kingston A400\TRIM Deletion\Recovered data\2412-$RTP7612.xls,.xls,0.02,OK,
C:\Users\User\OneDrive\Documents\Uni\Dissertation\SSD Files\Kingston A400\TRIM Deletion\Recovered data\2415-$RZ0PUI6.xls,.xls,0.23,OK,
C:\Users\User\OneDrive\Documents\Uni\Dissertation\SSD Files\Kingston A400\TRIM Deletion\Recovered data\2418-$R8EHEBA.xls,.xls,0.02,OK,
C:\Users\User\OneDrive\Documents\Uni\Dissertation\SSD Files\Kingston A400\TRIM Deletion\Recovered data\242-$RK1HBWZ.doc,.doc,0.03,OK,
C:\Users\User\OneDrive\Documents\Uni\Dissertation\SSD Files\Kingston A400\TRIM Deletion\Recovered data\2421-$R4KNMDC.xls,.xls,0.66,OK,
C:\Users\User\OneDrive\Documents\Uni\Dissertation\SSD Files\Kingston A400\TRIM Deletion\Recovered data\2424-$R6R0F6X.xls,.xls,0.08,OK,
C:\Users\User\OneDrive\Documents\Uni\Dissertation\SSD Files\Kingston A400\TRIM Deletion\Recovered data\2427-$RSDEVL9.xls,.xls,0.06,OK,
C:\Users\User\OneDrive\Documents\Uni\Dissertation\SSD Files\Kingston A400\TRIM Deletion\Recovered data\2430-$RI99LCW.xls,.xls,0.23,OK,
C:\Users\User\OneDrive\Documents\Uni\Dissertation\SSD Files\Kingston A400\TRIM Deletion\Recovered data\2433-$RVJC007.xls,.xls,0.18,OK,
C:\Users\User\OneDrive\Documents\Uni\Dissertation\SSD Files\Kingston A400\TRIM Deletion\Recovered data\2436-$RG7B8A2.xls,.xls,0.18,OK,
C:\Users\User\OneDrive\Documents\Uni\Dissertation\SSD Files\Kingston A400\TRIM Deletion\Recovered data\2439-$R4LUFFP.xls,.xls,0.96,FAILED,"(-2147352567, 'Exception occurred.', (0, 'Microsoft Excel', 'Office has detected a problem with this file. To help protect your computer this file cannot be opened.', 'xlmain11.chm', 0, -2146827284), None)"
C:\Users\User\OneDrive\Documents\Uni\Dissertation\SSD Files\Kingston A400\TRIM Deletion\Recovered data\2442-$RHDK1SL.xls,.xls,0.09,OK,
C:\Users\User\OneDrive\Documents\Uni\Dissertation\SSD Files\Kingston A400\TRIM Deletion\Recovered data\2445-$R8JN41T.xls,.xls,0.07,OK,
C:\Users\User\OneDrive\Documents\Uni\Dissertation\SSD Files\Kingston A400\TRIM Deletion\Recovered data\2448-$R4BYKD4.xls,.xls,0.09,OK,
C:\Users\User\OneDrive\Documents\Uni\Dissertation\SSD Files\Kingston A400\TRIM Deletion\Recovered data\245-$RN59BYD.doc,.doc,2.29,OK,
C:\Users\User\OneDrive\Documents\Uni\Dissertation\SSD Files\Kingston A400\TRIM Deletion\Recovered data\2451-$RU9HZCS.xls,.xls,0.21,OK,
C:\Users\User\OneDrive\Documents\Uni\Dissertation\SSD Files\Kingston A400\TRIM Deletion\Recovered data\2454-$RUST07W.xls,.xls,0.11,OK,
C:\Users\User\OneDrive\Documents\Uni\Dissertation\SSD Files\Kingston A400\TRIM Deletion\Recovered data\2457-$R4ZST50.xls,.xls,0.11,OK,
C:\Users\User\OneDrive\Documents\Uni\Dissertation\SSD Files\Kingston A400\TRIM Deletion\Recovered data\2459-$RECGOQO.xls,.xls,0.04,OK,
C:\Users\User\OneDrive\Documents\Uni\Dissertation\SSD Files\Kingston A400\TRIM Deletion\Recovered data\2462-$RZKNO9V.xls,.xls,0.21,OK,
C:\Users\User\OneDrive\Documents\Uni\Dissertation\SSD Files\Kingston A400\TRIM Deletion\Recovered data\2465-$RWLL8WF.xls,.xls,9.42,OK,
C:\Users\User\OneDrive\Documents\Uni\Dissertation\SSD Files\Kingston A400\TRIM Deletion\Recovered data\2468-$R7YBXD2.xls,.xls,48.33,FAILED,"(-2147352567, 'Exception occurred.', (0, 'Microsoft Excel', 'Open method of Workbooks class failed', 'xlmain11.chm', 0, -2146827284), None)"
C:\Users\User\OneDrive\Documents\Uni\Dissertation\SSD Files\Kingston A400\TRIM Deletion\Recovered data\2471-$RQZ6J4I.xls,.xls,0.11,OK,
C:\Users\User\OneDrive\Documents\Uni\Dissertation\SSD Files\Kingston A400\TRIM Deletion\Recovered data\2474-$R4B9MRF.xls,.xls,0.09,FAILED,"(-2147352567, 'Exception occurred.', (0, 'Microsoft Excel', 'Office has detected a problem with this file. To help protect your computer this file cannot be opened.', 'xlmain11.chm', 0, -2146827284), None)"
C:\Users\User\OneDrive\Documents\Uni\Dissertation\SSD Files\Kingston A400\TRIM Deletion\Recovered data\2477-$R0LZABX.xls,.xls,0.01,OK,
C:\Users\User\OneDrive\Documents\Uni\Dissertation\SSD Files\Kingston A400\TRIM Deletion\Recovered data\248-$RQ767US.doc,.doc,0.28,OK,
C:\Users\User\OneDrive\Documents\Uni\Dissertation\SSD Files\Kingston A400\TRIM Deletion\Recovered data\2480-$R3D0Q6Q.xls,.xls,0.38,FAILED,"(-2147352567, 'Exception occurred.', (0, 'Microsoft Excel', 'Office has detected a problem with this file. To help protect your computer this file cannot be opened.', 'xlmain11.chm', 0, -2146827284), None)"
C:\Users\User\OneDrive\Documents\Uni\Dissertation\SSD Files\Kingston A400\TRIM Deletion\Recovered data\2483-$RJZ7DF5.xls,.xls,0.03,OK,
C:\Users\User\OneDrive\Documents\Uni\Dissertation\SSD Files\Kingston A400\TRIM Deletion\Recovered data\2486-$RLXWLOT.xls,.xls,0.07,OK,
C:\Users\User\OneDrive\Documents\Uni\Dissertation\SSD Files\Kingston A400\TRIM Deletion\Recovered data\2489-$RGOG0UW.xls,.xls,0.09,OK,
C:\Users\User\OneDrive\Documents\Uni\Dissertation\SSD Files\Kingston A400\TRIM Deletion\Recovered data\2492-$RVU3JBN.xls,.xls,0.07,OK,
C:\Users\User\OneDrive\Documents\Uni\Dissertation\SSD Files\Kingston A400\TRIM Deletion\Recovered data\2494-$R5W5YDF.xls,.xls,0.08,FAILED,"(-2147352567, 'Exception occurred.', (0, 'Microsoft Excel', 'Office has detected a problem with this file. To help protect your computer this file cannot be opened.', 'xlmain11.chm', 0, -2146827284), None)"
C:\Users\User\OneDrive\Documents\Uni\Dissertation\SSD Files\Kingston A400\TRIM Deletion\Recovered data\2497-$R1I0JCD.xls,.xls,0.06,OK,
C:\Users\User\OneDrive\Documents\Uni\Dissertation\SSD Files\Kingston A400\TRIM Deletion\Recovered data\2500-$RDSE4OL.xls,.xls,0.03,OK,
C:\Users\User\OneDrive\Documents\Uni\Dissertation\SSD Files\Kingston A400\TRIM Deletion\Recovered data\2503-$RHDYMLF.xls,.xls,0.02,OK,
C:\Users\User\OneDrive\Documents\Uni\Dissertation\SSD Files\Kingston A400\TRIM Deletion\Recovered data\2506-$R9S78OI.xls,.xls,1.54,FAILED,"(-2147352567, 'Exception occurred.', (0, 'Microsoft Excel', 'Office has detected a problem with this file. To help protect your computer this file cannot be opened.', 'xlmain11.chm', 0, -2146827284), None)"
C:\Users\User\OneDrive\Documents\Uni\Dissertation\SSD Files\Kingston A400\TRIM Deletion\Recovered data\2509-$REFUKA8.xls,.xls,0.02,OK,
C:\Users\User\OneDrive\Documents\Uni\Dissertation\SSD Files\Kingston A400\TRIM Deletion\Recovered data\251-$RZPQZVG.doc,.doc,0.05,OK,
C:\Users\User\OneDrive\Documents\Uni\Dissertation\SSD Files\Kingston A400\TRIM Deletion\Recovered data\2512-$RNFKZVU.xls,.xls,0.91,OK,
C:\Users\User\OneDrive\Documents\Uni\Dissertation\SSD Files\Kingston A400\TRIM Deletion\Recovered data\2515-$R7Y108T.xls,.xls,0.54,FAILED,"(-2147352567, 'Exception occurred.', (0, 'Microsoft Excel', 'Office has detected a problem with this file. To help protect your computer this file cannot be opened.', 'xlmain11.chm', 0, -2146827284), None)"
C:\Users\User\OneDrive\Documents\Uni\Dissertation\SSD Files\Kingston A400\TRIM Deletion\Recovered data\2518-$RLMRT2V.xls,.xls,4.48,OK,
C:\Users\User\OneDrive\Documents\Uni\Dissertation\SSD Files\Kingston A400\TRIM Deletion\Recovered data\2521-$RD7DPTZ.xls,.xls,0.08,OK,
C:\Users\User\OneDrive\Documents\Uni\Dissertation\SSD Files\Kingston A400\TRIM Deletion\Recovered data\2523-$RHTUYP5.xls,.xls,0.01,OK,
C:\Users\User\OneDrive\Documents\Uni\Dissertation\SSD Files\Kingston A400\TRIM Deletion\Recovered data\2526-$RP3UOMJ.xls,.xls,0.02,OK,
C:\Users\User\OneDrive\Documents\Uni\Dissertation\SSD Files\Kingston A400\TRIM Deletion\Recovered data\2528-$RMUG2ZY.xls,.xls,8.71,OK,
C:\Users\User\OneDrive\Documents\Uni\Dissertation\SSD Files\Kingston A400\TRIM Deletion\Recovered data\2531-$RZZLJV3.xls,.xls,4.48,OK,
C:\Users\User\OneDrive\Documents\Uni\Dissertation\SSD Files\Kingston A400\TRIM Deletion\Recovered data\2534-$RV7QFF6.xls,.xls,0.05,OK,
C:\Users\User\OneDrive\Documents\Uni\Dissertation\SSD Files\Kingston A400\TRIM Deletion\Recovered data\2537-$RE55XZO.xls,.xls,0.02,OK,
C:\Users\User\OneDrive\Documents\Uni\Dissertation\SSD Files\Kingston A400\TRIM Deletion\Recovered data\254-$RU7HAKC.doc,.doc,0.08,OK,
C:\Users\User\OneDrive\Documents\Uni\Dissertation\SSD Files\Kingston A400\TRIM Deletion\Recovered data\2540-$RT5TAZV.xls,.xls,0.04,OK,
C:\Users\User\OneDrive\Documents\Uni\Dissertation\SSD Files\Kingston A400\TRIM Deletion\Recovered data\2543-$RLWLVD1.xls,.xls,0.27,OK,
C:\Users\User\OneDrive\Documents\Uni\Dissertation\SSD Files\Kingston A400\TRIM Deletion\Recovered data\2546-$R86U878.xls,.xls,0.21,FAILED,"(-2147352567, 'Exception occurred.', (0, 'Microsoft Excel', 'Open method of Workbooks class failed', 'xlmain11.chm', 0, -2146827284), None)"
C:\Users\User\OneDrive\Documents\Uni\Dissertation\SSD Files\Kingston A400\TRIM Deletion\Recovered data\2549-$RXUOZZX.xls,.xls,0.17,OK,
C:\Users\User\OneDrive\Documents\Uni\Dissertation\SSD Files\Kingston A400\TRIM Deletion\Recovered data\2552-$RR8M9JP.xls,.xls,0.02,OK,
C:\Users\User\OneDrive\Documents\Uni\Dissertation\SSD Files\Kingston A400\TRIM Deletion\Recovered data\2555-$RELV30Q.xls,.xls,0.02,OK,
C:\Users\User\OneDrive\Documents\Uni\Dissertation\SSD Files\Kingston A400\TRIM Deletion\Recovered data\2558-$RKDVA0W.xls,.xls,0.05,OK,
C:\Users\User\OneDrive\Documents\Uni\Dissertation\SSD Files\Kingston A400\TRIM Deletion\Recovered data\2561-$R54ZCI6.xls,.xls,0.04,OK,
C:\Users\User\OneDrive\Documents\Uni\Dissertation\SSD Files\Kingston A400\TRIM Deletion\Recovered data\2564-$ROLKYUT.xls,.xls,0.03,OK,
C:\Users\User\OneDrive\Documents\Uni\Dissertation\SSD Files\Kingston A400\TRIM Deletion\Recovered data\2567-$R821U0H.xls,.xls,8.21,FAILED,"(-2147352567, 'Exception occurred.', (0, 'Microsoft Excel', 'Open method of Workbooks class failed', 'xlmain11.chm', 0, -2146827284), None)"
C:\Users\User\OneDrive\Documents\Uni\Dissertation\SSD Files\Kingston A400\TRIM Deletion\Recovered data\257-$RA2QNAG.doc,.doc,0.08,FAILED,"(-2147352567, 'Exception occurred.', (0, 'Microsoft Word', 'Word experienced an error trying to open the file.\nTry these suggestions.\n* Check the file permissions for the document or drive.\n* Make sure there is sufficient free memory and disk space.\n* Open the file with the Text Recovery converter.\r (C:\\Users\\User\\...\\257-$RA2QNAG.doc)', 'wdmain11.chm', 24601, -2146823167), None)"
C:\Users\User\OneDrive\Documents\Uni\Dissertation\SSD Files\Kingston A400\TRIM Deletion\Recovered data\2570-$RHK8FK5.xls,.xls,12.7,OK,
C:\Users\User\OneDrive\Documents\Uni\Dissertation\SSD Files\Kingston A400\TRIM Deletion\Recovered data\2573-$RVFAA87.xls,.xls,12.74,OK,
C:\Users\User\OneDrive\Documents\Uni\Dissertation\SSD Files\Kingston A400\TRIM Deletion\Recovered data\2576-$R6IDAHP.xls,.xls,0.04,OK,
C:\Users\User\OneDrive\Documents\Uni\Dissertation\SSD Files\Kingston A400\TRIM Deletion\Recovered data\2579-$RC20NOW.xls,.xls,3.41,OK,
C:\Users\User\OneDrive\Documents\Uni\Dissertation\SSD Files\Kingston A400\TRIM Deletion\Recovered data\2582-$RB3NIQC.xls,.xls,0.04,OK,
C:\Users\User\OneDrive\Documents\Uni\Dissertation\SSD Files\Kingston A400\TRIM Deletion\Recovered data\2585-$RK91IWH.xls,.xls,0.07,OK,
C:\Users\User\OneDrive\Documents\Uni\Dissertation\SSD Files\Kingston A400\TRIM Deletion\Recovered data\2588-$R52MIXR.xls,.xls,0.03,OK,
C:\Users\User\OneDrive\Documents\Uni\Dissertation\SSD Files\Kingston A400\TRIM Deletion\Recovered data\2591-$RLI6VD1.xls,.xls,0.03,OK,
C:\Users\User\OneDrive\Documents\Uni\Dissertation\SSD Files\Kingston A400\TRIM Deletion\Recovered data\2594-$RSDWOOD.xls,.xls,0.08,OK,
C:\Users\User\OneDrive\Documents\Uni\Dissertation\SSD Files\Kingston A400\TRIM Deletion\Recovered data\2597-$R7FIFM0.xls,.xls,0.04,OK,
C:\Users\User\OneDrive\Documents\Uni\Dissertation\SSD Files\Kingston A400\TRIM Deletion\Recovered data\260-$RSDY4XI.doc,.doc,0.06,OK,
C:\Users\User\OneDrive\Documents\Uni\Dissertation\SSD Files\Kingston A400\TRIM Deletion\Recovered data\2600-$RPU2VQ1.xls,.xls,0.03,OK,
C:\Users\User\OneDrive\Documents\Uni\Dissertation\SSD Files\Kingston A400\TRIM Deletion\Recovered data\2603-$RIGV5SM.xls,.xls,0.05,OK,
C:\Users\User\OneDrive\Documents\Uni\Dissertation\SSD Files\Kingston A400\TRIM Deletion\Recovered data\2606-$RQ26OLD.xls,.xls,0.16,OK,
C:\Users\User\OneDrive\Documents\Uni\Dissertation\SSD Files\Kingston A400\TRIM Deletion\Recovered data\2609-$R0P798G.xls,.xls,0.08,FAILED,"(-2147352567, 'Exception occurred.', (0, 'Microsoft Excel', 'Open method of Workbooks class failed', 'xlmain11.chm', 0, -2146827284), None)"
C:\Users\User\OneDrive\Documents\Uni\Dissertation\SSD Files\Kingston A400\TRIM Deletion\Recovered data\2611-$RHIVPU4.xls,.xls,0.08,OK,
C:\Users\User\OneDrive\Documents\Uni\Dissertation\SSD Files\Kingston A400\TRIM Deletion\Recovered data\2614-$RMEAHY8.xls,.xls,1.5,OK,
C:\Users\User\OneDrive\Documents\Uni\Dissertation\SSD Files\Kingston A400\TRIM Deletion\Recovered data\2617-$R1CMCBN.xls,.xls,0.03,OK,
C:\Users\User\OneDrive\Documents\Uni\Dissertation\SSD Files\Kingston A400\TRIM Deletion\Recovered data\262-$RCJIWU3.doc,.doc,0.1,OK,
C:\Users\User\OneDrive\Documents\Uni\Dissertation\SSD Files\Kingston A400\TRIM Deletion\Recovered data\2620-$RNXKB4P.xls,.xls,0.05,OK,
C:\Users\User\OneDrive\Documents\Uni\Dissertation\SSD Files\Kingston A400\TRIM Deletion\Recovered data\2623-$R7BXSCU.xls,.xls,0.03,OK,
C:\Users\User\OneDrive\Documents\Uni\Dissertation\SSD Files\Kingston A400\TRIM Deletion\Recovered data\2626-$RC1TLRC.xls,.xls,0.03,OK,
C:\Users\User\OneDrive\Documents\Uni\Dissertation\SSD Files\Kingston A400\TRIM Deletion\Recovered data\2629-$RAYD5SP.xls,.xls,0.09,FAILED,"(-2147352567, 'Exception occurred.', (0, 'Microsoft Excel', 'Open method of Workbooks class failed', 'xlmain11.chm', 0, -2146827284), None)"
C:\Users\User\OneDrive\Documents\Uni\Dissertation\SSD Files\Kingston A400\TRIM Deletion\Recovered data\2632-$RIKDM6M.xls,.xls,1.68,OK,
C:\Users\User\OneDrive\Documents\Uni\Dissertation\SSD Files\Kingston A400\TRIM Deletion\Recovered data\2635-$RN8VZF6.xls,.xls,0.05,OK,
C:\Users\User\OneDrive\Documents\Uni\Dissertation\SSD Files\Kingston A400\TRIM Deletion\Recovered data\2638-$RNSD01O.xls,.xls,0.02,OK,
C:\Users\User\OneDrive\Documents\Uni\Dissertation\SSD Files\Kingston A400\TRIM Deletion\Recovered data\2641-$RI87WLD.xls,.xls,0.01,OK,
C:\Users\User\OneDrive\Documents\Uni\Dissertation\SSD Files\Kingston A400\TRIM Deletion\Recovered data\2644-$RS2TR11.xls,.xls,0.02,OK,
C:\Users\User\OneDrive\Documents\Uni\Dissertation\SSD Files\Kingston A400\TRIM Deletion\Recovered data\2647-$RPKVXI6.xls,.xls,0.07,OK,
C:\Users\User\OneDrive\Documents\Uni\Dissertation\SSD Files\Kingston A400\TRIM Deletion\Recovered data\265-$RU8U831.doc,.doc,0.08,OK,
C:\Users\User\OneDrive\Documents\Uni\Dissertation\SSD Files\Kingston A400\TRIM Deletion\Recovered data\2650-$RLGWW17.xls,.xls,0.05,OK,
C:\Users\User\OneDrive\Documents\Uni\Dissertation\SSD Files\Kingston A400\TRIM Deletion\Recovered data\2652-$R6QM2D6.xls,.xls,0.09,FAILED,"(-2147352567, 'Exception occurred.', (0, 'Microsoft Excel', 'Office has detected a problem with this file. To help protect your computer this file cannot be opened.', 'xlmain11.chm', 0, -2146827284), None)"
C:\Users\User\OneDrive\Documents\Uni\Dissertation\SSD Files\Kingston A400\TRIM Deletion\Recovered data\2654-$RJQZGKE.xls,.xls,0.02,OK,
C:\Users\User\OneDrive\Documents\Uni\Dissertation\SSD Files\Kingston A400\TRIM Deletion\Recovered data\2657-$RIEKRVZ.xls,.xls,0.02,OK,
C:\Users\User\OneDrive\Documents\Uni\Dissertation\SSD Files\Kingston A400\TRIM Deletion\Recovered data\2659-$R03EUTX.xls,.xls,0.03,FAILED,"(-2147352567, 'Exception occurred.', (0, 'Microsoft Excel', 'Unable to read file.', 'xlmain11.chm', 0, -2146827284), None)"
C:\Users\User\OneDrive\Documents\Uni\Dissertation\SSD Files\Kingston A400\TRIM Deletion\Recovered data\2662-$R033R6C.xls,.xls,0.39,OK,
C:\Users\User\OneDrive\Documents\Uni\Dissertation\SSD Files\Kingston A400\TRIM Deletion\Recovered data\2665-$R9LGG0X.xls,.xls,0.16,FAILED,"(-2147352567, 'Exception occurred.', (0, 'Microsoft Excel', 'Open method of Workbooks class failed', 'xlmain11.chm', 0, -2146827284), None)"
C:\Users\User\OneDrive\Documents\Uni\Dissertation\SSD Files\Kingston A400\TRIM Deletion\Recovered data\2668-$RP53LZT.xls,.xls,0.48,OK,
C:\Users\User\OneDrive\Documents\Uni\Dissertation\SSD Files\Kingston A400\TRIM Deletion\Recovered data\2671-$RU3HJMV.xls,.xls,0.53,OK,
C:\Users\User\OneDrive\Documents\Uni\Dissertation\SSD Files\Kingston A400\TRIM Deletion\Recovered data\2674-$RBNPMXQ.xls,.xls,0.04,OK,
C:\Users\User\OneDrive\Documents\Uni\Dissertation\SSD Files\Kingston A400\TRIM Deletion\Recovered data\2677-$RDIDAH4.xls,.xls,0.01,OK,
C:\Users\User\OneDrive\Documents\Uni\Dissertation\SSD Files\Kingston A400\TRIM Deletion\Recovered data\268-$ROCNURW.doc,.doc,0.21,OK,
C:\Users\User\OneDrive\Documents\Uni\Dissertation\SSD Files\Kingston A400\TRIM Deletion\Recovered data\2680-$RSNGHK9.xls,.xls,0.06,OK,
C:\Users\User\OneDrive\Documents\Uni\Dissertation\SSD Files\Kingston A400\TRIM Deletion\Recovered data\2683-$RXNIM98.xls,.xls,0.07,OK,
C:\Users\User\OneDrive\Documents\Uni\Dissertation\SSD Files\Kingston A400\TRIM Deletion\Recovered data\2686-$R6QHCSD.xls,.xls,0.04,OK,
C:\Users\User\OneDrive\Documents\Uni\Dissertation\SSD Files\Kingston A400\TRIM Deletion\Recovered data\2689-$RYRP3IC.xls,.xls,0.06,OK,
C:\Users\User\OneDrive\Documents\Uni\Dissertation\SSD Files\Kingston A400\TRIM Deletion\Recovered data\2692-$R8248XV.xls,.xls,0.11,FAILED,"(-2147352567, 'Exception occurred.', (0, 'Microsoft Excel', 'Office has detected a problem with this file. To help protect your computer this file cannot be opened.', 'xlmain11.chm', 0, -2146827284), None)"
C:\Users\User\OneDrive\Documents\Uni\Dissertation\SSD Files\Kingston A400\TRIM Deletion\Recovered data\2695-$RXR7SQY.xls,.xls,0.04,OK,
C:\Users\User\OneDrive\Documents\Uni\Dissertation\SSD Files\Kingston A400\TRIM Deletion\Recovered data\2698-$RCVJXFN.xls,.xls,0.03,OK,
C:\Users\User\OneDrive\Documents\Uni\Dissertation\SSD Files\Kingston A400\TRIM Deletion\Recovered data\270-$RIG2YXF.doc,.doc,0.04,OK,
C:\Users\User\OneDrive\Documents\Uni\Dissertation\SSD Files\Kingston A400\TRIM Deletion\Recovered data\2701-$R22EQCX.xls,.xls,0.03,OK,
C:\Users\User\OneDrive\Documents\Uni\Dissertation\SSD Files\Kingston A400\TRIM Deletion\Recovered data\2704-$R5BE82I.xls,.xls,0.07,OK,
C:\Users\User\OneDrive\Documents\Uni\Dissertation\SSD Files\Kingston A400\TRIM Deletion\Recovered data\2706-$RUCV073.xls,.xls,0.5,OK,
C:\Users\User\OneDrive\Documents\Uni\Dissertation\SSD Files\Kingston A400\TRIM Deletion\Recovered data\2709-$RMWSY7U.xls,.xls,0.27,OK,
C:\Users\User\OneDrive\Documents\Uni\Dissertation\SSD Files\Kingston A400\TRIM Deletion\Recovered data\2712-$RGVDI5A.xls,.xls,0.2,OK,
C:\Users\User\OneDrive\Documents\Uni\Dissertation\SSD Files\Kingston A400\TRIM Deletion\Recovered data\2715-$RFZ5EW2.xls,.xls,0.22,OK,
C:\Users\User\OneDrive\Documents\Uni\Dissertation\SSD Files\Kingston A400\TRIM Deletion\Recovered data\2718-$R4040L4.xls,.xls,0.18,FAILED,"(-2147352567, 'Exception occurred.', (0, 'Microsoft Excel', 'Office has detected a problem with this file. To help protect your computer this file cannot be opened.', 'xlmain11.chm', 0, -2146827284), None)"
C:\Users\User\OneDrive\Documents\Uni\Dissertation\SSD Files\Kingston A400\TRIM Deletion\Recovered data\2721-$R8ELJBN.xls,.xls,0.03,OK,
C:\Users\User\OneDrive\Documents\Uni\Dissertation\SSD Files\Kingston A400\TRIM Deletion\Recovered data\2724-$R8AYLXI.xls,.xls,0.02,OK,
C:\Users\User\OneDrive\Documents\Uni\Dissertation\SSD Files\Kingston A400\TRIM Deletion\Recovered data\2727-$RGVDY0W.xls,.xls,0.16,OK,
C:\Users\User\OneDrive\Documents\Uni\Dissertation\SSD Files\Kingston A400\TRIM Deletion\Recovered data\273-$RYD6I1C.doc,.doc,0.1,OK,
C:\Users\User\OneDrive\Documents\Uni\Dissertation\SSD Files\Kingston A400\TRIM Deletion\Recovered data\2730-$RGTWCS0.xls,.xls,0.45,OK,
C:\Users\User\OneDrive\Documents\Uni\Dissertation\SSD Files\Kingston A400\TRIM Deletion\Recovered data\2733-$RI4AG37.xls,.xls,0.03,OK,
C:\Users\User\OneDrive\Documents\Uni\Dissertation\SSD Files\Kingston A400\TRIM Deletion\Recovered data\2736-$RP49V9P.xls,.xls,0.03,OK,
C:\Users\User\OneDrive\Documents\Uni\Dissertation\SSD Files\Kingston A400\TRIM Deletion\Recovered data\2739-$RNMZ80B.xls,.xls,0.05,OK,
C:\Users\User\OneDrive\Documents\Uni\Dissertation\SSD Files\Kingston A400\TRIM Deletion\Recovered data\2741-$R0XPOWP.xls,.xls,0.13,FAILED,"(-2147352567, 'Exception occurred.', (0, 'Microsoft Excel', 'Open method of Workbooks class failed', 'xlmain11.chm', 0, -2146827284), None)"
C:\Users\User\OneDrive\Documents\Uni\Dissertation\SSD Files\Kingston A400\TRIM Deletion\Recovered data\2744-$R5VAN64.xls,.xls,0.03,OK,
C:\Users\User\OneDrive\Documents\Uni\Dissertation\SSD Files\Kingston A400\TRIM Deletion\Recovered data\2747-$R30MQZC.xls,.xls,0.16,FAILED,"(-2147352567, 'Exception occurred.', (0, 'Microsoft Excel', 'Open method of Workbooks class failed', 'xlmain11.chm', 0, -2146827284), None)"
C:\Users\User\OneDrive\Documents\Uni\Dissertation\SSD Files\Kingston A400\TRIM Deletion\Recovered data\2750-$R2L1CP6.xls,.xls,0.11,OK,
C:\Users\User\OneDrive\Documents\Uni\Dissertation\SSD Files\Kingston A400\TRIM Deletion\Recovered data\2753-$RV7V5XZ.xls,.xls,0.1,OK,
C:\Users\User\OneDrive\Documents\Uni\Dissertation\SSD Files\Kingston A400\TRIM Deletion\Recovered data\2756-$RP1KY44.xls,.xls,0.03,OK,
C:\Users\User\OneDrive\Documents\Uni\Dissertation\SSD Files\Kingston A400\TRIM Deletion\Recovered data\2759-$RELP74D.xls,.xls,0.07,OK,
C:\Users\User\OneDrive\Documents\Uni\Dissertation\SSD Files\Kingston A400\TRIM Deletion\Recovered data\276-$R0NK5FV.doc,.doc,0.08,OK,
C:\Users\User\OneDrive\Documents\Uni\Dissertation\SSD Files\Kingston A400\TRIM Deletion\Recovered data\2762-$RKFLUPJ.xls,.xls,0.03,OK,
C:\Users\User\OneDrive\Documents\Uni\Dissertation\SSD Files\Kingston A400\TRIM Deletion\Recovered data\2765-$RRTDD9C.xls,.xls,0.04,OK,
C:\Users\User\OneDrive\Documents\Uni\Dissertation\SSD Files\Kingston A400\TRIM Deletion\Recovered data\2768-$ROF9C4F.xls,.xls,0.13,OK,
C:\Users\User\OneDrive\Documents\Uni\Dissertation\SSD Files\Kingston A400\TRIM Deletion\Recovered data\2771-$RXB1836.xls,.xls,0.21,OK,
C:\Users\User\OneDrive\Documents\Uni\Dissertation\SSD Files\Kingston A400\TRIM Deletion\Recovered data\2773-$RLAEHK8.xls,.xls,0.02,OK,
C:\Users\User\OneDrive\Documents\Uni\Dissertation\SSD Files\Kingston A400\TRIM Deletion\Recovered data\2776-$RUTHIW3.xls,.xls,0.03,OK,
C:\Users\User\OneDrive\Documents\Uni\Dissertation\SSD Files\Kingston A400\TRIM Deletion\Recovered data\2779-$RFWA7JF.xls,.xls,0.02,OK,
C:\Users\User\OneDrive\Documents\Uni\Dissertation\SSD Files\Kingston A400\TRIM Deletion\Recovered data\2782-$RQ7O1GM.xls,.xls,1.26,OK,
C:\Users\User\OneDrive\Documents\Uni\Dissertation\SSD Files\Kingston A400\TRIM Deletion\Recovered data\2785-$RVMPOIN.xls,.xls,0.13,OK,
C:\Users\User\OneDrive\Documents\Uni\Dissertation\SSD Files\Kingston A400\TRIM Deletion\Recovered data\2788-$RT3U0GP.xls,.xls,0.17,OK,
C:\Users\User\OneDrive\Documents\Uni\Dissertation\SSD Files\Kingston A400\TRIM Deletion\Recovered data\279-$R1GTW1W.doc,.doc,0.05,OK,
C:\Users\User\OneDrive\Documents\Uni\Dissertation\SSD Files\Kingston A400\TRIM Deletion\Recovered data\2791-$RNFI6EI.xls,.xls,0.17,OK,
C:\Users\User\OneDrive\Documents\Uni\Dissertation\SSD Files\Kingston A400\TRIM Deletion\Recovered data\2794-$RBUDXYS.xls,.xls,0.02,OK,
C:\Users\User\OneDrive\Documents\Uni\Dissertation\SSD Files\Kingston A400\TRIM Deletion\Recovered data\2797-$R9W6DO3.xls,.xls,0.03,OK,
C:\Users\User\OneDrive\Documents\Uni\Dissertation\SSD Files\Kingston A400\TRIM Deletion\Recovered data\2800-$R1DN4E9.xls,.xls,0.46,FAILED,"(-2147352567, 'Exception occurred.', (0, 'Microsoft Excel', 'Office has detected a problem with this file. To help protect your computer this file cannot be opened.', 'xlmain11.chm', 0, -2146827284), None)"
C:\Users\User\OneDrive\Documents\Uni\Dissertation\SSD Files\Kingston A400\TRIM Deletion\Recovered data\2803-$R9ET2I4.xls,.xls,0.39,FAILED,"(-2147352567, 'Exception occurred.', (0, 'Microsoft Excel', 'Office has detected a problem with this file. To help protect your computer this file cannot be opened.', 'xlmain11.chm', 0, -2146827284), None)"
C:\Users\User\OneDrive\Documents\Uni\Dissertation\SSD Files\Kingston A400\TRIM Deletion\Recovered data\2806-$RKL7XX9.xls,.xls,0.18,OK,
C:\Users\User\OneDrive\Documents\Uni\Dissertation\SSD Files\Kingston A400\TRIM Deletion\Recovered data\2809-$R94C7IF.xls,.xls,0.34,FAILED,"(-2147352567, 'Exception occurred.', (0, 'Microsoft Excel', 'Open method of Workbooks class failed', 'xlmain11.chm', 0, -2146827284), None)"
C:\Users\User\OneDrive\Documents\Uni\Dissertation\SSD Files\Kingston A400\TRIM Deletion\Recovered data\2812-$RRVNP78.xls,.xls,0.02,OK,
C:\Users\User\OneDrive\Documents\Uni\Dissertation\SSD Files\Kingston A400\TRIM Deletion\Recovered data\2815-$RXC6YIL.xls,.xls,0.03,OK,
C:\Users\User\OneDrive\Documents\Uni\Dissertation\SSD Files\Kingston A400\TRIM Deletion\Recovered data\2818-$RZ0H386.xls,.xls,0.02,OK,
C:\Users\User\OneDrive\Documents\Uni\Dissertation\SSD Files\Kingston A400\TRIM Deletion\Recovered data\282-$RF6VQOK.doc,.doc,0.3,OK,
C:\Users\User\OneDrive\Documents\Uni\Dissertation\SSD Files\Kingston A400\TRIM Deletion\Recovered data\2821-$R3Q43R9.xls,.xls,0.02,OK,
C:\Users\User\OneDrive\Documents\Uni\Dissertation\SSD Files\Kingston A400\TRIM Deletion\Recovered data\2824-$R45GN41.xls,.xls,0.02,OK,
C:\Users\User\OneDrive\Documents\Uni\Dissertation\SSD Files\Kingston A400\TRIM Deletion\Recovered data\2827-$R8IGHU7.xls,.xls,0.08,OK,
C:\Users\User\OneDrive\Documents\Uni\Dissertation\SSD Files\Kingston A400\TRIM Deletion\Recovered data\2830-$R0ZUQBV.xls,.xls,0.02,OK,
C:\Users\User\OneDrive\Documents\Uni\Dissertation\SSD Files\Kingston A400\TRIM Deletion\Recovered data\2833-$R26ONCF.xls,.xls,0.02,OK,
C:\Users\User\OneDrive\Documents\Uni\Dissertation\SSD Files\Kingston A400\TRIM Deletion\Recovered data\2836-$RIBE20K.xls,.xls,0.02,OK,
C:\Users\User\OneDrive\Documents\Uni\Dissertation\SSD Files\Kingston A400\TRIM Deletion\Recovered data\2839-$RPUOILE.xls,.xls,0.02,OK,
C:\Users\User\OneDrive\Documents\Uni\Dissertation\SSD Files\Kingston A400\TRIM Deletion\Recovered data\284-$R67JTCY.doc,.doc,0.1,FAILED,"(-2147352567, 'Exception occurred.', (0, 'Microsoft Word', 'Office has detected a problem with this file. To help protect your computer this file cannot be opened.\r (C:\\Users\\User\\...\\284-$R67JTCY.doc)', 'wdmain11.chm', 25775, -2146821993), None)"
C:\Users\User\OneDrive\Documents\Uni\Dissertation\SSD Files\Kingston A400\TRIM Deletion\Recovered data\2842-$RJTDZPX.xls,.xls,0.11,OK,
C:\Users\User\OneDrive\Documents\Uni\Dissertation\SSD Files\Kingston A400\TRIM Deletion\Recovered data\2845-$RD5YBOJ.xls,.xls,0.05,OK,
C:\Users\User\OneDrive\Documents\Uni\Dissertation\SSD Files\Kingston A400\TRIM Deletion\Recovered data\2848-$RBWQ3TY.xls,.xls,1.61,OK,
C:\Users\User\OneDrive\Documents\Uni\Dissertation\SSD Files\Kingston A400\TRIM Deletion\Recovered data\2851-$RV6PMFH.xls,.xls,0.01,OK,
C:\Users\User\OneDrive\Documents\Uni\Dissertation\SSD Files\Kingston A400\TRIM Deletion\Recovered data\2854-$RIYGC1C.xls,.xls,0.32,OK,
C:\Users\User\OneDrive\Documents\Uni\Dissertation\SSD Files\Kingston A400\TRIM Deletion\Recovered data\2857-$R1GNSVW.xls,.xls,0.02,OK,
C:\Users\User\OneDrive\Documents\Uni\Dissertation\SSD Files\Kingston A400\TRIM Deletion\Recovered data\2860-$RN8N8XR.xls,.xls,0.55,OK,
C:\Users\User\OneDrive\Documents\Uni\Dissertation\SSD Files\Kingston A400\TRIM Deletion\Recovered data\2863-$RVWTOZQ.xls,.xls,0.07,OK,
C:\Users\User\OneDrive\Documents\Uni\Dissertation\SSD Files\Kingston A400\TRIM Deletion\Recovered data\2865-$RIISEB6.xls,.xls,0.03,OK,
C:\Users\User\OneDrive\Documents\Uni\Dissertation\SSD Files\Kingston A400\TRIM Deletion\Recovered data\2868-$RK795XW.xls,.xls,0.02,OK,
C:\Users\User\OneDrive\Documents\Uni\Dissertation\SSD Files\Kingston A400\TRIM Deletion\Recovered data\287-$RX7ED64.doc,.doc,0.24,OK,
C:\Users\User\OneDrive\Documents\Uni\Dissertation\SSD Files\Kingston A400\TRIM Deletion\Recovered data\2871-$RRBO1PE.xls,.xls,2.84,OK,
C:\Users\User\OneDrive\Documents\Uni\Dissertation\SSD Files\Kingston A400\TRIM Deletion\Recovered data\2874-$R1WM8YN.xls,.xls,0.17,FAILED,"(-2147352567, 'Exception occurred.', (0, 'Microsoft Excel', 'Office has detected a problem with this file. To help protect your computer this file cannot be opened.', 'xlmain11.chm', 0, -2146827284), None)"
C:\Users\User\OneDrive\Documents\Uni\Dissertation\SSD Files\Kingston A400\TRIM Deletion\Recovered data\2877-$R6UK7J7.xls,.xls,0.03,OK,
C:\Users\User\OneDrive\Documents\Uni\Dissertation\SSD Files\Kingston A400\TRIM Deletion\Recovered data\2880-$RS76U41.xls,.xls,0.02,OK,
C:\Users\User\OneDrive\Documents\Uni\Dissertation\SSD Files\Kingston A400\TRIM Deletion\Recovered data\2883-$RX1NRLC.xls,.xls,0.03,OK,
C:\Users\User\OneDrive\Documents\Uni\Dissertation\SSD Files\Kingston A400\TRIM Deletion\Recovered data\2885-$RYDIK5W.xls,.xls,0.1,OK,
C:\Users\User\OneDrive\Documents\Uni\Dissertation\SSD Files\Kingston A400\TRIM Deletion\Recovered data\2888-$R072OTO.xls,.xls,0.04,OK,
C:\Users\User\OneDrive\Documents\Uni\Dissertation\SSD Files\Kingston A400\TRIM Deletion\Recovered data\2890-$R37ITI4.xls,.xls,0.04,FAILED,"(-2147352567, 'Exception occurred.', (0, 'Microsoft Excel', 'Open method of Workbooks class failed', 'xlmain11.chm', 0, -2146827284), None)"
C:\Users\User\OneDrive\Documents\Uni\Dissertation\SSD Files\Kingston A400\TRIM Deletion\Recovered data\2893-$R3MKA8A.xls,.xls,0.08,OK,
C:\Users\User\OneDrive\Documents\Uni\Dissertation\SSD Files\Kingston A400\TRIM Deletion\Recovered data\2896-$RF8N12T.xls,.xls,0.06,OK,
C:\Users\User\OneDrive\Documents\Uni\Dissertation\SSD Files\Kingston A400\TRIM Deletion\Recovered data\2899-$RXNYEWL.xls,.xls,0.09,OK,
C:\Users\User\OneDrive\Documents\Uni\Dissertation\SSD Files\Kingston A400\TRIM Deletion\Recovered data\290-$RK3HOQL.doc,.doc,0.39,OK,
C:\Users\User\OneDrive\Documents\Uni\Dissertation\SSD Files\Kingston A400\TRIM Deletion\Recovered data\2902-$RF1OS4Z.xls,.xls,8.21,OK,
C:\Users\User\OneDrive\Documents\Uni\Dissertation\SSD Files\Kingston A400\TRIM Deletion\Recovered data\2905-$RVBLJQS.xls,.xls,0.05,OK,
C:\Users\User\OneDrive\Documents\Uni\Dissertation\SSD Files\Kingston A400\TRIM Deletion\Recovered data\2908-$RJY2136.xls,.xls,0.02,OK,
C:\Users\User\OneDrive\Documents\Uni\Dissertation\SSD Files\Kingston A400\TRIM Deletion\Recovered data\2911-$REVDI3C.xls,.xls,0.1,OK,
C:\Users\User\OneDrive\Documents\Uni\Dissertation\SSD Files\Kingston A400\TRIM Deletion\Recovered data\2914-$RQ26LNS.xls,.xls,0.04,OK,
C:\Users\User\OneDrive\Documents\Uni\Dissertation\SSD Files\Kingston A400\TRIM Deletion\Recovered data\2916-$RBVRNKP.xls,.xls,0.04,OK,
C:\Users\User\OneDrive\Documents\Uni\Dissertation\SSD Files\Kingston A400\TRIM Deletion\Recovered data\2918-$RHMY7DD.xls,.xls,0.06,OK,
C:\Users\User\OneDrive\Documents\Uni\Dissertation\SSD Files\Kingston A400\TRIM Deletion\Recovered data\2921-$RVYWYJF.xls,.xls,0.28,OK,
C:\Users\User\OneDrive\Documents\Uni\Dissertation\SSD Files\Kingston A400\TRIM Deletion\Recovered data\2924-$RPV7570.xls,.xls,0.04,OK,
C:\Users\User\OneDrive\Documents\Uni\Dissertation\SSD Files\Kingston A400\TRIM Deletion\Recovered data\2927-$RVQVG1W.xls,.xls,0.02,OK,
C:\Users\User\OneDrive\Documents\Uni\Dissertation\SSD Files\Kingston A400\TRIM Deletion\Recovered data\293-$R2OQ0T8.doc,.doc,1.7,FAILED,"(-2147352567, 'Exception occurred.', (0, 'Microsoft Word', 'Office has detected a problem with this file. To help protect your computer this file cannot be opened.\r (C:\\Users\\User\\...\\293-$R2OQ0T8.doc)', 'wdmain11.chm', 25775, -2146821993), None)"
C:\Users\User\OneDrive\Documents\Uni\Dissertation\SSD Files\Kingston A400\TRIM Deletion\Recovered data\2930-$R3B8F82.xls,.xls,0.05,OK,
C:\Users\User\OneDrive\Documents\Uni\Dissertation\SSD Files\Kingston A400\TRIM Deletion\Recovered data\2933-$R11X9CC.xls,.xls,0.02,OK,
C:\Users\User\OneDrive\Documents\Uni\Dissertation\SSD Files\Kingston A400\TRIM Deletion\Recovered data\2936-$RA7ON38.xls,.xls,0.03,OK,
C:\Users\User\OneDrive\Documents\Uni\Dissertation\SSD Files\Kingston A400\TRIM Deletion\Recovered data\2939-$RINRL6Y.xls,.xls,0.07,OK,
C:\Users\User\OneDrive\Documents\Uni\Dissertation\SSD Files\Kingston A400\TRIM Deletion\Recovered data\2942-$RSXW3DO.xls,.xls,0.07,OK,
C:\Users\User\OneDrive\Documents\Uni\Dissertation\SSD Files\Kingston A400\TRIM Deletion\Recovered data\2945-$RIT6P6L.xls,.xls,0.02,OK,
C:\Users\User\OneDrive\Documents\Uni\Dissertation\SSD Files\Kingston A400\TRIM Deletion\Recovered data\2948-$RIGWW81.xls,.xls,0.02,OK,
C:\Users\User\OneDrive\Documents\Uni\Dissertation\SSD Files\Kingston A400\TRIM Deletion\Recovered data\2951-$RDLC7TH.xls,.xls,0.02,OK,
C:\Users\User\OneDrive\Documents\Uni\Dissertation\SSD Files\Kingston A400\TRIM Deletion\Recovered data\2954-$RJVGD1H.xls,.xls,0.07,OK,
C:\Users\User\OneDrive\Documents\Uni\Dissertation\SSD Files\Kingston A400\TRIM Deletion\Recovered data\2957-$RNJKX3Q.xls,.xls,0.05,OK,
C:\Users\User\OneDrive\Documents\Uni\Dissertation\SSD Files\Kingston A400\TRIM Deletion\Recovered data\296-$RG4ANEL.doc,.doc,1.36,OK,
C:\Users\User\OneDrive\Documents\Uni\Dissertation\SSD Files\Kingston A400\TRIM Deletion\Recovered data\2960-$RJXCJFM.xls,.xls,0.18,OK,
C:\Users\User\OneDrive\Documents\Uni\Dissertation\SSD Files\Kingston A400\TRIM Deletion\Recovered data\2963-$RH6E9EY.xls,.xls,0.03,OK,
C:\Users\User\OneDrive\Documents\Uni\Dissertation\SSD Files\Kingston A400\TRIM Deletion\Recovered data\2966-$R2XDZUX.xls,.xls,0.03,OK,
C:\Users\User\OneDrive\Documents\Uni\Dissertation\SSD Files\Kingston A400\TRIM Deletion\Recovered data\2969-$RT6QG08.xls,.xls,2.34,OK,
C:\Users\User\OneDrive\Documents\Uni\Dissertation\SSD Files\Kingston A400\TRIM Deletion\Recovered data\2972-$RJ4O5IF.xls,.xls,0.03,OK,
C:\Users\User\OneDrive\Documents\Uni\Dissertation\SSD Files\Kingston A400\TRIM Deletion\Recovered data\2975-$RZMWZD4.xls,.xls,0.03,OK,
C:\Users\User\OneDrive\Documents\Uni\Dissertation\SSD Files\Kingston A400\TRIM Deletion\Recovered data\2978-$RMKL5T8.xls,.xls,0.07,OK,
C:\Users\User\OneDrive\Documents\Uni\Dissertation\SSD Files\Kingston A400\TRIM Deletion\Recovered data\2981-$RQYN938.xls,.xls,0.22,OK,
C:\Users\User\OneDrive\Documents\Uni\Dissertation\SSD Files\Kingston A400\TRIM Deletion\Recovered data\2984-$RQ9YNN1.xls,.xls,0.04,OK,
C:\Users\User\OneDrive\Documents\Uni\Dissertation\SSD Files\Kingston A400\TRIM Deletion\Recovered data\2987-$RAZ0DO6.xls,.xls,0.04,OK,
C:\Users\User\OneDrive\Documents\Uni\Dissertation\SSD Files\Kingston A400\TRIM Deletion\Recovered data\299-$R531K1M.doc,.doc,0.13,FAILED,"(-2147352567, 'Exception occurred.', (0, 'Microsoft Word', 'Office has detected a problem with this file. To help protect your computer this file cannot be opened.\r (C:\\Users\\User\\...\\299-$R531K1M.doc)', 'wdmain11.chm', 25775, -2146821993), None)"
C:\Users\User\OneDrive\Documents\Uni\Dissertation\SSD Files\Kingston A400\TRIM Deletion\Recovered data\2990-$RCSX0BD.xls,.xls,0.4,OK,
C:\Users\User\OneDrive\Documents\Uni\Dissertation\SSD Files\Kingston A400\TRIM Deletion\Recovered data\2993-$RAURL9W.xls,.xls,1.03,FAILED,"(-2147352567, 'Exception occurred.', (0, 'Microsoft Excel', 'Unable to read file.', 'xlmain11.chm', 0, -2146827284), None)"
C:\Users\User\OneDrive\Documents\Uni\Dissertation\SSD Files\Kingston A400\TRIM Deletion\Recovered data\2996-$R1IQXN6.xls,.xls,0.04,OK,
C:\Users\User\OneDrive\Documents\Uni\Dissertation\SSD Files\Kingston A400\TRIM Deletion\Recovered data\2999-$RZ63YQB.xls,.xls,0.08,OK,
C:\Users\User\OneDrive\Documents\Uni\Dissertation\SSD Files\Kingston A400\TRIM Deletion\Recovered data\3002-$RXUEF6U.xls,.xls,0.28,OK,
C:\Users\User\OneDrive\Documents\Uni\Dissertation\SSD Files\Kingston A400\TRIM Deletion\Recovered data\3005-$RUQ8KC9.xls,.xls,0.06,OK,
C:\Users\User\OneDrive\Documents\Uni\Dissertation\SSD Files\Kingston A400\TRIM Deletion\Recovered data\3008-$R63Z1MT.xls,.xls,0.14,FAILED,"(-2147352567, 'Exception occurred.', (0, 'Microsoft Excel', 'Open method of Workbooks class failed', 'xlmain11.chm', 0, -2146827284), None)"
C:\Users\User\OneDrive\Documents\Uni\Dissertation\SSD Files\Kingston A400\TRIM Deletion\Recovered data\3011-$R6QGSUC.xls,.xls,0.03,OK,
C:\Users\User\OneDrive\Documents\Uni\Dissertation\SSD Files\Kingston A400\TRIM Deletion\Recovered data\3014-$RWXFI9Q.xls,.xls,0.02,OK,
C:\Users\User\OneDrive\Documents\Uni\Dissertation\SSD Files\Kingston A400\TRIM Deletion\Recovered data\3017-$RTL7J2A.xls,.xls,0.03,OK,
C:\Users\User\OneDrive\Documents\Uni\Dissertation\SSD Files\Kingston A400\TRIM Deletion\Recovered data\3019-$RD76L96.xls,.xls,0.03,OK,
C:\Users\User\OneDrive\Documents\Uni\Dissertation\SSD Files\Kingston A400\TRIM Deletion\Recovered data\302-$RBCTZFY.doc,.doc,0.32,OK,
C:\Users\User\OneDrive\Documents\Uni\Dissertation\SSD Files\Kingston A400\TRIM Deletion\Recovered data\3022-$RDPQHK3.xls,.xls,0.31,OK,
C:\Users\User\OneDrive\Documents\Uni\Dissertation\SSD Files\Kingston A400\TRIM Deletion\Recovered data\3025-$R1424ZI.xls,.xls,0.03,OK,
C:\Users\User\OneDrive\Documents\Uni\Dissertation\SSD Files\Kingston A400\TRIM Deletion\Recovered data\3028-$RZYE8AS.xls,.xls,0.12,OK,
C:\Users\User\OneDrive\Documents\Uni\Dissertation\SSD Files\Kingston A400\TRIM Deletion\Recovered data\3031-$RBUS517.xls,.xls,0.08,OK,
C:\Users\User\OneDrive\Documents\Uni\Dissertation\SSD Files\Kingston A400\TRIM Deletion\Recovered data\3034-$RTH9I05.xls,.xls,0.45,OK,
C:\Users\User\OneDrive\Documents\Uni\Dissertation\SSD Files\Kingston A400\TRIM Deletion\Recovered data\3037-$RO2VBJ0.xls,.xls,0.05,OK,
C:\Users\User\OneDrive\Documents\Uni\Dissertation\SSD Files\Kingston A400\TRIM Deletion\Recovered data\3039-$RWSTCZY.xls,.xls,0.13,OK,
C:\Users\User\OneDrive\Documents\Uni\Dissertation\SSD Files\Kingston A400\TRIM Deletion\Recovered data\3042-$RJKY83R.xls,.xls,0.03,OK,
C:\Users\User\OneDrive\Documents\Uni\Dissertation\SSD Files\Kingston A400\TRIM Deletion\Recovered data\3045-$RAS6UFF.xls,.xls,0.02,OK,
C:\Users\User\OneDrive\Documents\Uni\Dissertation\SSD Files\Kingston A400\TRIM Deletion\Recovered data\3048-$R8Q8GQC.xls,.xls,0.04,OK,
C:\Users\User\OneDrive\Documents\Uni\Dissertation\SSD Files\Kingston A400\TRIM Deletion\Recovered data\305-$R2KH7RI.doc,.doc,0.63,FAILED,"(-2147352567, 'Exception occurred.', (0, 'Microsoft Word', 'Office has detected a problem with this file. To help protect your computer this file cannot be opened.\r (C:\\Users\\User\\...\\305-$R2KH7RI.doc)', 'wdmain11.chm', 25775, -2146821993), None)"
C:\Users\User\OneDrive\Documents\Uni\Dissertation\SSD Files\Kingston A400\TRIM Deletion\Recovered data\3051-$R1Y066P.xls,.xls,0.02,OK,
C:\Users\User\OneDrive\Documents\Uni\Dissertation\SSD Files\Kingston A400\TRIM Deletion\Recovered data\3054-$RX36CCQ.xls,.xls,0.03,OK,
C:\Users\User\OneDrive\Documents\Uni\Dissertation\SSD Files\Kingston A400\TRIM Deletion\Recovered data\3057-$RAMYUAM.xls,.xls,0.04,OK,
C:\Users\User\OneDrive\Documents\Uni\Dissertation\SSD Files\Kingston A400\TRIM Deletion\Recovered data\3060-$RDVRD15.xls,.xls,0.1,OK,
C:\Users\User\OneDrive\Documents\Uni\Dissertation\SSD Files\Kingston A400\TRIM Deletion\Recovered data\3062-$R6JU67G.xls,.xls,0.28,FAILED,"(-2147352567, 'Exception occurred.', (0, 'Microsoft Excel', 'Open method of Workbooks class failed', 'xlmain11.chm', 0, -2146827284), None)"
C:\Users\User\OneDrive\Documents\Uni\Dissertation\SSD Files\Kingston A400\TRIM Deletion\Recovered data\3065-$RZIC4HC.xls,.xls,0.1,OK,
C:\Users\User\OneDrive\Documents\Uni\Dissertation\SSD Files\Kingston A400\TRIM Deletion\Recovered data\3068-$RAVBT9N.xls,.xls,3.62,FAILED,"(-2147352567, 'Exception occurred.', (0, 'Microsoft Excel', 'Open method of Workbooks class failed', 'xlmain11.chm', 0, -2146827284), None)"
C:\Users\User\OneDrive\Documents\Uni\Dissertation\SSD Files\Kingston A400\TRIM Deletion\Recovered data\3071-$RSY57TK.xls,.xls,1.6,OK,
C:\Users\User\OneDrive\Documents\Uni\Dissertation\SSD Files\Kingston A400\TRIM Deletion\Recovered data\3074-$R2UJHLV.xls,.xls,1.17,FAILED,"(-2147352567, 'Exception occurred.', (0, 'Microsoft Excel', 'Office has detected a problem with this file. To help protect your computer this file cannot be opened.', 'xlmain11.chm', 0, -2146827284), None)"
C:\Users\User\OneDrive\Documents\Uni\Dissertation\SSD Files\Kingston A400\TRIM Deletion\Recovered data\3077-$RN1JAAU.xls,.xls,0.08,OK,
C:\Users\User\OneDrive\Documents\Uni\Dissertation\SSD Files\Kingston A400\TRIM Deletion\Recovered data\308-$RNRSN23.doc,.doc,0.04,OK,
C:\Users\User\OneDrive\Documents\Uni\Dissertation\SSD Files\Kingston A400\TRIM Deletion\Recovered data\3080-$RDMMS5I.xls,.xls,0.17,OK,
C:\Users\User\OneDrive\Documents\Uni\Dissertation\SSD Files\Kingston A400\TRIM Deletion\Recovered data\3083-$REDD0FV.xls,.xls,0.17,OK,
C:\Users\User\OneDrive\Documents\Uni\Dissertation\SSD Files\Kingston A400\TRIM Deletion\Recovered data\3086-$RR5B7X2.xls,.xls,0.53,OK,
C:\Users\User\OneDrive\Documents\Uni\Dissertation\SSD Files\Kingston A400\TRIM Deletion\Recovered data\3089-$R5JE56W.xls,.xls,0.12,FAILED,"(-2147352567, 'Exception occurred.', (0, 'Microsoft Excel', 'Office has detected a problem with this file. To help protect your computer this file cannot be opened.', 'xlmain11.chm', 0, -2146827284), None)"
C:\Users\User\OneDrive\Documents\Uni\Dissertation\SSD Files\Kingston A400\TRIM Deletion\Recovered data\3092-$R4EOUM5.xls,.xls,0.04,OK,
C:\Users\User\OneDrive\Documents\Uni\Dissertation\SSD Files\Kingston A400\TRIM Deletion\Recovered data\3095-$RPH0BSO.xls,.xls,0.17,OK,
C:\Users\User\OneDrive\Documents\Uni\Dissertation\SSD Files\Kingston A400\TRIM Deletion\Recovered data\3098-$R8DZ0OZ.xls,.xls,0.11,FAILED,"(-2147352567, 'Exception occurred.', (0, 'Microsoft Excel', 'Open method of Workbooks class failed', 'xlmain11.chm', 0, -2146827284), None)"
C:\Users\User\OneDrive\Documents\Uni\Dissertation\SSD Files\Kingston A400\TRIM Deletion\Recovered data\3100-$REZJN54.xls,.xls,0.41,OK,
C:\Users\User\OneDrive\Documents\Uni\Dissertation\SSD Files\Kingston A400\TRIM Deletion\Recovered data\3103-$RIRXVHP.xls,.xls,0.06,OK,
C:\Users\User\OneDrive\Documents\Uni\Dissertation\SSD Files\Kingston A400\TRIM Deletion\Recovered data\3106-$RW2UXSM.xls,.xls,0.02,OK,
C:\Users\User\OneDrive\Documents\Uni\Dissertation\SSD Files\Kingston A400\TRIM Deletion\Recovered data\3109-$RS8DC06.xls,.xls,0.05,OK,
C:\Users\User\OneDrive\Documents\Uni\Dissertation\SSD Files\Kingston A400\TRIM Deletion\Recovered data\311-$RVE3B7P.doc,.doc,0.2,OK,
C:\Users\User\OneDrive\Documents\Uni\Dissertation\SSD Files\Kingston A400\TRIM Deletion\Recovered data\3112-$R1E0GPQ.xls,.xls,8.03,FAILED,"(-2147352567, 'Exception occurred.', (0, 'Microsoft Excel', 'Open method of Workbooks class failed', 'xlmain11.chm', 0, -2146827284), None)"
C:\Users\User\OneDrive\Documents\Uni\Dissertation\SSD Files\Kingston A400\TRIM Deletion\Recovered data\3114-$RWXCOP8.xls,.xls,0.02,OK,
C:\Users\User\OneDrive\Documents\Uni\Dissertation\SSD Files\Kingston A400\TRIM Deletion\Recovered data\3117-$RJZ1YD9.xls,.xls,4.5,OK,
C:\Users\User\OneDrive\Documents\Uni\Dissertation\SSD Files\Kingston A400\TRIM Deletion\Recovered data\3120-$RI9TDRA.xls,.xls,0.06,OK,
C:\Users\User\OneDrive\Documents\Uni\Dissertation\SSD Files\Kingston A400\TRIM Deletion\Recovered data\3123-$R8P2QSD.xls,.xls,0.03,OK,
C:\Users\User\OneDrive\Documents\Uni\Dissertation\SSD Files\Kingston A400\TRIM Deletion\Recovered data\3126-$R50WWDO.xls,.xls,0.13,FAILED,"(-2147352567, 'Exception occurred.', (0, 'Microsoft Excel', 'Office has detected a problem with this file. To help protect your computer this file cannot be opened.', 'xlmain11.chm', 0, -2146827284), None)"
C:\Users\User\OneDrive\Documents\Uni\Dissertation\SSD Files\Kingston A400\TRIM Deletion\Recovered data\3129-$R7BA8UP.xls,.xls,0.06,OK,
C:\Users\User\OneDrive\Documents\Uni\Dissertation\SSD Files\Kingston A400\TRIM Deletion\Recovered data\3132-$RCH3WU5.xls,.xls,0.02,OK,
C:\Users\User\OneDrive\Documents\Uni\Dissertation\SSD Files\Kingston A400\TRIM Deletion\Recovered data\3135-$R3YJO4H.xls,.xls,0.02,OK,
C:\Users\User\OneDrive\Documents\Uni\Dissertation\SSD Files\Kingston A400\TRIM Deletion\Recovered data\3138-$RWYPIZC.xls,.xls,0.16,OK,
C:\Users\User\OneDrive\Documents\Uni\Dissertation\SSD Files\Kingston A400\TRIM Deletion\Recovered data\314-$RJC5G2F.doc,.doc,1.21,OK,
C:\Users\User\OneDrive\Documents\Uni\Dissertation\SSD Files\Kingston A400\TRIM Deletion\Recovered data\3141-$R7U7TBI.xls,.xls,0.04,OK,
C:\Users\User\OneDrive\Documents\Uni\Dissertation\SSD Files\Kingston A400\TRIM Deletion\Recovered data\3144-$RTJKWCS.xls,.xls,0.04,OK,
C:\Users\User\OneDrive\Documents\Uni\Dissertation\SSD Files\Kingston A400\TRIM Deletion\Recovered data\3147-$ROD6KW9.xls,.xls,1.64,OK,
C:\Users\User\OneDrive\Documents\Uni\Dissertation\SSD Files\Kingston A400\TRIM Deletion\Recovered data\3150-$RJXJBAY.xls,.xls,0.01,OK,
C:\Users\User\OneDrive\Documents\Uni\Dissertation\SSD Files\Kingston A400\TRIM Deletion\Recovered data\3153-$RF64CUN.xls,.xls,0.02,OK,
C:\Users\User\OneDrive\Documents\Uni\Dissertation\SSD Files\Kingston A400\TRIM Deletion\Recovered data\3156-$RQ3SCEL.xls,.xls,0.03,OK,
C:\Users\User\OneDrive\Documents\Uni\Dissertation\SSD Files\Kingston A400\TRIM Deletion\Recovered data\3159-$ROFUSL1.xls,.xls,0.65,OK,
C:\Users\User\OneDrive\Documents\Uni\Dissertation\SSD Files\Kingston A400\TRIM Deletion\Recovered data\3162-$RLFW3NB.xls,.xls,2.11,OK,
C:\Users\User\OneDrive\Documents\Uni\Dissertation\SSD Files\Kingston A400\TRIM Deletion\Recovered data\3165-$RHGNFR1.xls,.xls,0.06,OK,
C:\Users\User\OneDrive\Documents\Uni\Dissertation\SSD Files\Kingston A400\TRIM Deletion\Recovered data\3168-$R3XQKVT.xls,.xls,0.1,FAILED,"(-2147352567, 'Exception occurred.', (0, 'Microsoft Excel', 'Office has detected a problem with this file. To help protect your computer this file cannot be opened.', 'xlmain11.chm', 0, -2146827284), None)"
C:\Users\User\OneDrive\Documents\Uni\Dissertation\SSD Files\Kingston A400\TRIM Deletion\Recovered data\317-$R68MEIA.doc,.doc,0.4,FAILED,"(-2147352567, 'Exception occurred.', (0, 'Microsoft Word', 'Office has detected a problem with this file. To help protect your computer this file cannot be opened.\r (C:\\Users\\User\\...\\317-$R68MEIA.doc)', 'wdmain11.chm', 25775, -2146821993), None)"
C:\Users\User\OneDrive\Documents\Uni\Dissertation\SSD Files\Kingston A400\TRIM Deletion\Recovered data\3171-$RLEMHUW.xls,.xls,0.02,OK,
C:\Users\User\OneDrive\Documents\Uni\Dissertation\SSD Files\Kingston A400\TRIM Deletion\Recovered data\3174-$RTEDVQJ.xls,.xls,0.03,OK,
C:\Users\User\OneDrive\Documents\Uni\Dissertation\SSD Files\Kingston A400\TRIM Deletion\Recovered data\3177-$RAB59KK.xls,.xls,0.04,OK,
C:\Users\User\OneDrive\Documents\Uni\Dissertation\SSD Files\Kingston A400\TRIM Deletion\Recovered data\3180-$RCY2JWR.xls,.xls,0.02,OK,
C:\Users\User\OneDrive\Documents\Uni\Dissertation\SSD Files\Kingston A400\TRIM Deletion\Recovered data\3183-$R0VQ6VK.xls,.xls,0.37,FAILED,"(-2147352567, 'Exception occurred.', (0, 'Microsoft Excel', 'Office has detected a problem with this file. To help protect your computer this file cannot be opened.', 'xlmain11.chm', 0, -2146827284), None)"
C:\Users\User\OneDrive\Documents\Uni\Dissertation\SSD Files\Kingston A400\TRIM Deletion\Recovered data\3186-$RULXHYI.xls,.xls,13.0,OK,
C:\Users\User\OneDrive\Documents\Uni\Dissertation\SSD Files\Kingston A400\TRIM Deletion\Recovered data\3189-$RLAT9FD.xls,.xls,0.05,OK,
C:\Users\User\OneDrive\Documents\Uni\Dissertation\SSD Files\Kingston A400\TRIM Deletion\Recovered data\3192-$R28PU2H.xls,.xls,0.05,OK,
C:\Users\User\OneDrive\Documents\Uni\Dissertation\SSD Files\Kingston A400\TRIM Deletion\Recovered data\3194-$R2P09Z5.xls,.xls,0.05,OK,
C:\Users\User\OneDrive\Documents\Uni\Dissertation\SSD Files\Kingston A400\TRIM Deletion\Recovered data\3197-$R5YJCGI.xls,.xls,0.03,OK,
C:\Users\User\OneDrive\Documents\Uni\Dissertation\SSD Files\Kingston A400\TRIM Deletion\Recovered data\320-$RK0RAB8.doc,.doc,0.55,OK,
C:\Users\User\OneDrive\Documents\Uni\Dissertation\SSD Files\Kingston A400\TRIM Deletion\Recovered data\3200-$R3Y5VUX.xls,.xls,13.44,FAILED,"(-2147352567, 'Exception occurred.', (0, 'Microsoft Excel', 'Open method of Workbooks class failed', 'xlmain11.chm', 0, -2146827284), None)"
C:\Users\User\OneDrive\Documents\Uni\Dissertation\SSD Files\Kingston A400\TRIM Deletion\Recovered data\3203-$RWLGRQ0.xls,.xls,0.08,OK,
C:\Users\User\OneDrive\Documents\Uni\Dissertation\SSD Files\Kingston A400\TRIM Deletion\Recovered data\3205-$RVINTZC.xls,.xls,17.46,OK,
C:\Users\User\OneDrive\Documents\Uni\Dissertation\SSD Files\Kingston A400\TRIM Deletion\Recovered data\3207-$RMGXLOR.xls,.xls,0.04,OK,
C:\Users\User\OneDrive\Documents\Uni\Dissertation\SSD Files\Kingston A400\TRIM Deletion\Recovered data\3209-$R72BFSQ.xls,.xls,13.08,FAILED,"(-2147352567, 'Exception occurred.', (0, 'Microsoft Excel', 'Open method of Workbooks class failed', 'xlmain11.chm', 0, -2146827284), None)"
C:\Users\User\OneDrive\Documents\Uni\Dissertation\SSD Files\Kingston A400\TRIM Deletion\Recovered data\3212-$RKL3CIN.xls,.xls,0.42,OK,
C:\Users\User\OneDrive\Documents\Uni\Dissertation\SSD Files\Kingston A400\TRIM Deletion\Recovered data\3215-$RA4W9V9.xls,.xls,0.02,OK,
C:\Users\User\OneDrive\Documents\Uni\Dissertation\SSD Files\Kingston A400\TRIM Deletion\Recovered data\3218-$RF2UG9W.xls,.xls,0.02,OK,
C:\Users\User\OneDrive\Documents\Uni\Dissertation\SSD Files\Kingston A400\TRIM Deletion\Recovered data\3221-$RWQ3OEH.xls,.xls,0.02,OK,
C:\Users\User\OneDrive\Documents\Uni\Dissertation\SSD Files\Kingston A400\TRIM Deletion\Recovered data\3224-$RERE2HJ.xls,.xls,0.03,OK,
C:\Users\User\OneDrive\Documents\Uni\Dissertation\SSD Files\Kingston A400\TRIM Deletion\Recovered data\3227-$RGOL6YH.xls,.xls,0.03,OK,
C:\Users\User\OneDrive\Documents\Uni\Dissertation\SSD Files\Kingston A400\TRIM Deletion\Recovered data\323-$R4GU629.doc,.doc,0.12,FAILED,"(-2147352567, 'Exception occurred.', (0, 'Microsoft Word', 'Office has detected a problem with this file. To help protect your computer this file cannot be opened.\r (C:\\Users\\User\\...\\323-$R4GU629.doc)', 'wdmain11.chm', 25775, -2146821993), None)"
C:\Users\User\OneDrive\Documents\Uni\Dissertation\SSD Files\Kingston A400\TRIM Deletion\Recovered data\3230-$R79DV4W.xls,.xls,1.22,FAILED,"(-2147352567, 'Exception occurred.', (0, 'Microsoft Excel', 'Office has detected a problem with this file. To help protect your computer this file cannot be opened.', 'xlmain11.chm', 0, -2146827284), None)"
C:\Users\User\OneDrive\Documents\Uni\Dissertation\SSD Files\Kingston A400\TRIM Deletion\Recovered data\3233-$RCIGSHS.xls,.xls,1.13,OK,
C:\Users\User\OneDrive\Documents\Uni\Dissertation\SSD Files\Kingston A400\TRIM Deletion\Recovered data\3236-$R2JNOP3.xls,.xls,0.1,OK,
C:\Users\User\OneDrive\Documents\Uni\Dissertation\SSD Files\Kingston A400\TRIM Deletion\Recovered data\3239-$RCNMOTD.xls,.xls,0.1,OK,
C:\Users\User\OneDrive\Documents\Uni\Dissertation\SSD Files\Kingston A400\TRIM Deletion\Recovered data\3242-$R6VE2F2.xls,.xls,0.14,FAILED,"(-2147352567, 'Exception occurred.', (0, 'Microsoft Excel', 'Office has detected a problem with this file. To help protect your computer this file cannot be opened.', 'xlmain11.chm', 0, -2146827284), None)"
C:\Users\User\OneDrive\Documents\Uni\Dissertation\SSD Files\Kingston A400\TRIM Deletion\Recovered data\3245-$R9TALMQ.xls,.xls,0.08,FAILED,"(-2147352567, 'Exception occurred.', (0, 'Microsoft Excel', 'Office has detected a problem with this file. To help protect your computer this file cannot be opened.', 'xlmain11.chm', 0, -2146827284), None)"
C:\Users\User\OneDrive\Documents\Uni\Dissertation\SSD Files\Kingston A400\TRIM Deletion\Recovered data\3248-$RWBAHCM.xls,.xls,0.08,OK,
C:\Users\User\OneDrive\Documents\Uni\Dissertation\SSD Files\Kingston A400\TRIM Deletion\Recovered data\3251-$RSLUP8I.xls,.xls,0.1,OK,
C:\Users\User\OneDrive\Documents\Uni\Dissertation\SSD Files\Kingston A400\TRIM Deletion\Recovered data\3254-$RGL972A.xls,.xls,0.05,OK,
C:\Users\User\OneDrive\Documents\Uni\Dissertation\SSD Files\Kingston A400\TRIM Deletion\Recovered data\3257-$RGXCIJ3.xls,.xls,0.03,OK,
C:\Users\User\OneDrive\Documents\Uni\Dissertation\SSD Files\Kingston A400\TRIM Deletion\Recovered data\326-$RAX4WZV.doc,.doc,0.75,FAILED,"(-2147352567, 'Exception occurred.', (0, 'Microsoft Word', 'Office has detected a problem with this file. To help protect your computer this file cannot be opened.\r (C:\\Users\\User\\...\\326-$RAX4WZV.doc)', 'wdmain11.chm', 25775, -2146821993), None)"
C:\Users\User\OneDrive\Documents\Uni\Dissertation\SSD Files\Kingston A400\TRIM Deletion\Recovered data\3260-$R1UNVXH.xls,.xls,0.02,OK,
C:\Users\User\OneDrive\Documents\Uni\Dissertation\SSD Files\Kingston A400\TRIM Deletion\Recovered data\3262-$R4238BC.xls,.xls,0.41,FAILED,"(-2147352567, 'Exception occurred.', (0, 'Microsoft Excel', 'Office has detected a problem with this file. To help protect your computer this file cannot be opened.', 'xlmain11.chm', 0, -2146827284), None)"
C:\Users\User\OneDrive\Documents\Uni\Dissertation\SSD Files\Kingston A400\TRIM Deletion\Recovered data\3265-$RASLTDS.xls,.xls,0.17,FAILED,"(-2147352567, 'Exception occurred.', (0, 'Microsoft Excel', 'Office has detected a problem with this file. To help protect your computer this file cannot be opened.', 'xlmain11.chm', 0, -2146827284), None)"
C:\Users\User\OneDrive\Documents\Uni\Dissertation\SSD Files\Kingston A400\TRIM Deletion\Recovered data\3267-$RAF3JIT.xls,.xls,0.02,OK,
C:\Users\User\OneDrive\Documents\Uni\Dissertation\SSD Files\Kingston A400\TRIM Deletion\Recovered data\3270-$RTNMSKO.xls,.xls,0.03,OK,
C:\Users\User\OneDrive\Documents\Uni\Dissertation\SSD Files\Kingston A400\TRIM Deletion\Recovered data\3273-$RYHET18.xls,.xls,0.02,OK,
C:\Users\User\OneDrive\Documents\Uni\Dissertation\SSD Files\Kingston A400\TRIM Deletion\Recovered data\3276-$RS6E4C1.xls,.xls,0.02,OK,
C:\Users\User\OneDrive\Documents\Uni\Dissertation\SSD Files\Kingston A400\TRIM Deletion\Recovered data\3279-$RZ43V58.xls,.xls,0.02,OK,
C:\Users\User\OneDrive\Documents\Uni\Dissertation\SSD Files\Kingston A400\TRIM Deletion\Recovered data\3282-$R2UV2FU.xls,.xls,0.02,OK,
C:\Users\User\OneDrive\Documents\Uni\Dissertation\SSD Files\Kingston A400\TRIM Deletion\Recovered data\3285-$R0KHLRR.xls,.xls,0.61,FAILED,"(-2147352567, 'Exception occurred.', (0, 'Microsoft Excel', 'Open method of Workbooks class failed', 'xlmain11.chm', 0, -2146827284), None)"
C:\Users\User\OneDrive\Documents\Uni\Dissertation\SSD Files\Kingston A400\TRIM Deletion\Recovered data\3288-$RVLLL1Q.xls,.xls,0.02,OK,
C:\Users\User\OneDrive\Documents\Uni\Dissertation\SSD Files\Kingston A400\TRIM Deletion\Recovered data\329-$R2PJNV7.doc,.doc,0.24,FAILED,"(-2147352567, 'Exception occurred.', (0, 'Microsoft Word', 'Office has detected a problem with this file. To help protect your computer this file cannot be opened.\r (C:\\Users\\User\\...\\329-$R2PJNV7.doc)', 'wdmain11.chm', 25775, -2146821993), None)"
C:\Users\User\OneDrive\Documents\Uni\Dissertation\SSD Files\Kingston A400\TRIM Deletion\Recovered data\3291-$RM489NA.xls,.xls,0.03,OK,
C:\Users\User\OneDrive\Documents\Uni\Dissertation\SSD Files\Kingston A400\TRIM Deletion\Recovered data\3294-$R2ETYTW.xls,.xls,0.04,OK,
C:\Users\User\OneDrive\Documents\Uni\Dissertation\SSD Files\Kingston A400\TRIM Deletion\Recovered data\3297-$RHLOWWJ.xls,.xls,0.64,OK,
C:\Users\User\OneDrive\Documents\Uni\Dissertation\SSD Files\Kingston A400\TRIM Deletion\Recovered data\3300-$RMSIQQE.xls,.xls,0.05,OK,
C:\Users\User\OneDrive\Documents\Uni\Dissertation\SSD Files\Kingston A400\TRIM Deletion\Recovered data\3302-$R3WHXF6.xls,.xls,2.35,FAILED,"(-2147352567, 'Exception occurred.', (0, 'Microsoft Excel', 'Office has detected a problem with this file. To help protect your computer this file cannot be opened.', 'xlmain11.chm', 0, -2146827284), None)"
C:\Users\User\OneDrive\Documents\Uni\Dissertation\SSD Files\Kingston A400\TRIM Deletion\Recovered data\3305-$RB7QKBY.xls,.xls,0.03,OK,
C:\Users\User\OneDrive\Documents\Uni\Dissertation\SSD Files\Kingston A400\TRIM Deletion\Recovered data\3308-$ROH4TEZ.xls,.xls,0.02,OK,
C:\Users\User\OneDrive\Documents\Uni\Dissertation\SSD Files\Kingston A400\TRIM Deletion\Recovered data\331-$RXOBPN8.doc,.doc,0.12,OK,
C:\Users\User\OneDrive\Documents\Uni\Dissertation\SSD Files\Kingston A400\TRIM Deletion\Recovered data\3311-$RK9HN83.xls,.xls,2.42,OK,
C:\Users\User\OneDrive\Documents\Uni\Dissertation\SSD Files\Kingston A400\TRIM Deletion\Recovered data\3314-$RKDQZ55.xls,.xls,0.04,OK,
C:\Users\User\OneDrive\Documents\Uni\Dissertation\SSD Files\Kingston A400\TRIM Deletion\Recovered data\3317-$RSWW7L9.xls,.xls,0.03,OK,
C:\Users\User\OneDrive\Documents\Uni\Dissertation\SSD Files\Kingston A400\TRIM Deletion\Recovered data\3320-$R83IXJP.xls,.xls,0.06,OK,
C:\Users\User\OneDrive\Documents\Uni\Dissertation\SSD Files\Kingston A400\TRIM Deletion\Recovered data\3323-$R4XKA94.xls,.xls,0.06,OK,
C:\Users\User\OneDrive\Documents\Uni\Dissertation\SSD Files\Kingston A400\TRIM Deletion\Recovered data\3326-$RQRFZY2.xls,.xls,0.17,OK,
C:\Users\User\OneDrive\Documents\Uni\Dissertation\SSD Files\Kingston A400\TRIM Deletion\Recovered data\3329-$RUK7XBL.xls,.xls,0.02,OK,
C:\Users\User\OneDrive\Documents\Uni\Dissertation\SSD Files\Kingston A400\TRIM Deletion\Recovered data\333-$RFYWOXK.doc,.doc,0.35,OK,
C:\Users\User\OneDrive\Documents\Uni\Dissertation\SSD Files\Kingston A400\TRIM Deletion\Recovered data\3332-$RC1LL18.xls,.xls,0.03,OK,
C:\Users\User\OneDrive\Documents\Uni\Dissertation\SSD Files\Kingston A400\TRIM Deletion\Recovered data\3335-$RPUI7JJ.xls,.xls,0.06,OK,
C:\Users\User\OneDrive\Documents\Uni\Dissertation\SSD Files\Kingston A400\TRIM Deletion\Recovered data\3338-$RBD853B.xls,.xls,0.02,OK,
C:\Users\User\OneDrive\Documents\Uni\Dissertation\SSD Files\Kingston A400\TRIM Deletion\Recovered data\3341-$RYWBDHH.xls,.xls,0.02,OK,
C:\Users\User\OneDrive\Documents\Uni\Dissertation\SSD Files\Kingston A400\TRIM Deletion\Recovered data\3343-$RB2RRL0.xls,.xls,0.03,OK,
C:\Users\User\OneDrive\Documents\Uni\Dissertation\SSD Files\Kingston A400\TRIM Deletion\Recovered data\3346-$RYLSY8A.xls,.xls,0.12,OK,
C:\Users\User\OneDrive\Documents\Uni\Dissertation\SSD Files\Kingston A400\TRIM Deletion\Recovered data\3349-$R20FHHE.xls,.xls,0.06,OK,
C:\Users\User\OneDrive\Documents\Uni\Dissertation\SSD Files\Kingston A400\TRIM Deletion\Recovered data\335-$RW3H8NM.doc,.doc,0.73,OK,
C:\Users\User\OneDrive\Documents\Uni\Dissertation\SSD Files\Kingston A400\TRIM Deletion\Recovered data\3352-$R7IYNHN.xls,.xls,0.04,OK,
C:\Users\User\OneDrive\Documents\Uni\Dissertation\SSD Files\Kingston A400\TRIM Deletion\Recovered data\3355-$RDW4KPG.xls,.xls,0.06,OK,
C:\Users\User\OneDrive\Documents\Uni\Dissertation\SSD Files\Kingston A400\TRIM Deletion\Recovered data\3358-$RA6BM5U.xls,.xls,0.07,OK,
C:\Users\User\OneDrive\Documents\Uni\Dissertation\SSD Files\Kingston A400\TRIM Deletion\Recovered data\3361-$R5QWHNG.xls,.xls,0.41,FAILED,"(-2147352567, 'Exception occurred.', (0, 'Microsoft Excel', 'Office has detected a problem with this file. To help protect your computer this file cannot be opened.', 'xlmain11.chm', 0, -2146827284), None)"
C:\Users\User\OneDrive\Documents\Uni\Dissertation\SSD Files\Kingston A400\TRIM Deletion\Recovered data\3364-$R14ON9K.xls,.xls,0.22,FAILED,"(-2147352567, 'Exception occurred.', (0, 'Microsoft Excel', 'Open method of Workbooks class failed', 'xlmain11.chm', 0, -2146827284), None)"
C:\Users\User\OneDrive\Documents\Uni\Dissertation\SSD Files\Kingston A400\TRIM Deletion\Recovered data\3367-$R8TL9LX.xls,.xls,0.14,FAILED,"(-2147352567, 'Exception occurred.', (0, 'Microsoft Excel', 'Open method of Workbooks class failed', 'xlmain11.chm', 0, -2146827284), None)"
C:\Users\User\OneDrive\Documents\Uni\Dissertation\SSD Files\Kingston A400\TRIM Deletion\Recovered data\337-$RYLY5N3.doc,.doc,0.04,OK,
C:\Users\User\OneDrive\Documents\Uni\Dissertation\SSD Files\Kingston A400\TRIM Deletion\Recovered data\3370-$RB2C29A.xls,.xls,0.11,OK,
C:\Users\User\OneDrive\Documents\Uni\Dissertation\SSD Files\Kingston A400\TRIM Deletion\Recovered data\3373-$R6HCGBZ.xls,.xls,0.34,FAILED,"(-2147352567, 'Exception occurred.', (0, 'Microsoft Excel', 'Office has detected a problem with this file. To help protect your computer this file cannot be opened.', 'xlmain11.chm', 0, -2146827284), None)"
C:\Users\User\OneDrive\Documents\Uni\Dissertation\SSD Files\Kingston A400\TRIM Deletion\Recovered data\3376-$R9OQSAD.xls,.xls,0.09,OK,
C:\Users\User\OneDrive\Documents\Uni\Dissertation\SSD Files\Kingston A400\TRIM Deletion\Recovered data\3379-$RK7K7NU.xls,.xls,0.23,OK,
C:\Users\User\OneDrive\Documents\Uni\Dissertation\SSD Files\Kingston A400\TRIM Deletion\Recovered data\3382-$RJ8AXQR.xls,.xls,0.03,OK,
C:\Users\User\OneDrive\Documents\Uni\Dissertation\SSD Files\Kingston A400\TRIM Deletion\Recovered data\3385-$R0VD5JL.xls,.xls,0.2,FAILED,"(-2147352567, 'Exception occurred.', (0, 'Microsoft Excel', 'Office has detected a problem with this file. To help protect your computer this file cannot be opened.', 'xlmain11.chm', 0, -2146827284), None)"
C:\Users\User\OneDrive\Documents\Uni\Dissertation\SSD Files\Kingston A400\TRIM Deletion\Recovered data\3387-$RTKDHIV.xls,.xls,0.02,OK,
C:\Users\User\OneDrive\Documents\Uni\Dissertation\SSD Files\Kingston A400\TRIM Deletion\Recovered data\3389-$RYJ7OCI.xls,.xls,0.04,OK,
C:\Users\User\OneDrive\Documents\Uni\Dissertation\SSD Files\Kingston A400\TRIM Deletion\Recovered data\3392-$RKUHO8J.xls,.xls,0.02,OK,
C:\Users\User\OneDrive\Documents\Uni\Dissertation\SSD Files\Kingston A400\TRIM Deletion\Recovered data\3395-$RGWHBWD.xls,.xls,0.05,OK,
C:\Users\User\OneDrive\Documents\Uni\Dissertation\SSD Files\Kingston A400\TRIM Deletion\Recovered data\3398-$RC4DCUM.xls,.xls,0.03,OK,
C:\Users\User\OneDrive\Documents\Uni\Dissertation\SSD Files\Kingston A400\TRIM Deletion\Recovered data\340-$RX2CUGD.doc,.doc,0.15,OK,
C:\Users\User\OneDrive\Documents\Uni\Dissertation\SSD Files\Kingston A400\TRIM Deletion\Recovered data\3401-$RCFM5R9.xls,.xls,0.03,OK,
C:\Users\User\OneDrive\Documents\Uni\Dissertation\SSD Files\Kingston A400\TRIM Deletion\Recovered data\3404-$RPMT7HO.xls,.xls,0.03,OK,
C:\Users\User\OneDrive\Documents\Uni\Dissertation\SSD Files\Kingston A400\TRIM Deletion\Recovered data\3407-$RH53MKS.xls,.xls,3.69,OK,
C:\Users\User\OneDrive\Documents\Uni\Dissertation\SSD Files\Kingston A400\TRIM Deletion\Recovered data\3410-$RQMCSGW.xls,.xls,0.05,OK,
C:\Users\User\OneDrive\Documents\Uni\Dissertation\SSD Files\Kingston A400\TRIM Deletion\Recovered data\3413-$R1BQWB9.xls,.xls,0.1,FAILED,"(-2147352567, 'Exception occurred.', (0, 'Microsoft Excel', 'Unable to read file.', 'xlmain11.chm', 0, -2146827284), None)"
C:\Users\User\OneDrive\Documents\Uni\Dissertation\SSD Files\Kingston A400\TRIM Deletion\Recovered data\3416-$RG8Q928.xls,.xls,0.03,OK,
C:\Users\User\OneDrive\Documents\Uni\Dissertation\SSD Files\Kingston A400\TRIM Deletion\Recovered data\3419-$RNSYLHO.xls,.xls,0.02,OK,
C:\Users\User\OneDrive\Documents\Uni\Dissertation\SSD Files\Kingston A400\TRIM Deletion\Recovered data\3422-$RJN4HFL.xls,.xls,0.17,OK,
C:\Users\User\OneDrive\Documents\Uni\Dissertation\SSD Files\Kingston A400\TRIM Deletion\Recovered data\3425-$RX4JKTX.xls,.xls,0.01,OK,
C:\Users\User\OneDrive\Documents\Uni\Dissertation\SSD Files\Kingston A400\TRIM Deletion\Recovered data\3428-$RNSFYQU.xls,.xls,0.5,OK,
C:\Users\User\OneDrive\Documents\Uni\Dissertation\SSD Files\Kingston A400\TRIM Deletion\Recovered data\343-$RL0UJUE.doc,.doc,0.04,OK,
C:\Users\User\OneDrive\Documents\Uni\Dissertation\SSD Files\Kingston A400\TRIM Deletion\Recovered data\3430-$R42D6T3.xls,.xls,0.03,OK,
C:\Users\User\OneDrive\Documents\Uni\Dissertation\SSD Files\Kingston A400\TRIM Deletion\Recovered data\3433-$RU6JFJV.xls,.xls,0.02,OK,
C:\Users\User\OneDrive\Documents\Uni\Dissertation\SSD Files\Kingston A400\TRIM Deletion\Recovered data\3435-$RSL0UU6.xls,.xls,0.03,OK,
C:\Users\User\OneDrive\Documents\Uni\Dissertation\SSD Files\Kingston A400\TRIM Deletion\Recovered data\3438-$R3AHD6W.xls,.xls,0.05,OK,
C:\Users\User\OneDrive\Documents\Uni\Dissertation\SSD Files\Kingston A400\TRIM Deletion\Recovered data\3441-$RXGV45S.xls,.xls,0.13,OK,
C:\Users\User\OneDrive\Documents\Uni\Dissertation\SSD Files\Kingston A400\TRIM Deletion\Recovered data\3444-$R1TGVFU.xls,.xls,0.46,FAILED,"(-2147352567, 'Exception occurred.', (0, 'Microsoft Excel', 'Office has detected a problem with this file. To help protect your computer this file cannot be opened.', 'xlmain11.chm', 0, -2146827284), None)"
C:\Users\User\OneDrive\Documents\Uni\Dissertation\SSD Files\Kingston A400\TRIM Deletion\Recovered data\3447-$RIDWMXZ.xls,.xls,0.04,OK,
C:\Users\User\OneDrive\Documents\Uni\Dissertation\SSD Files\Kingston A400\TRIM Deletion\Recovered data\3450-$RG8KXLG.xls,.xls,0.04,OK,
C:\Users\User\OneDrive\Documents\Uni\Dissertation\SSD Files\Kingston A400\TRIM Deletion\Recovered data\3453-$RRLWWN9.xls,.xls,10.59,OK,
C:\Users\User\OneDrive\Documents\Uni\Dissertation\SSD Files\Kingston A400\TRIM Deletion\Recovered data\3456-$RLTBEEG.xls,.xls,0.05,OK,
C:\Users\User\OneDrive\Documents\Uni\Dissertation\SSD Files\Kingston A400\TRIM Deletion\Recovered data\3459-$R2Z24SC.xls,.xls,0.4,FAILED,"(-2147352567, 'Exception occurred.', (0, 'Microsoft Excel', 'Office has detected a problem with this file. To help protect your computer this file cannot be opened.', 'xlmain11.chm', 0, -2146827284), None)"
C:\Users\User\OneDrive\Documents\Uni\Dissertation\SSD Files\Kingston A400\TRIM Deletion\Recovered data\346-$RQPG9BW.doc,.doc,0.03,OK,
C:\Users\User\OneDrive\Documents\Uni\Dissertation\SSD Files\Kingston A400\TRIM Deletion\Recovered data\3462-$RCIGG9O.xls,.xls,0.05,OK,
C:\Users\User\OneDrive\Documents\Uni\Dissertation\SSD Files\Kingston A400\TRIM Deletion\Recovered data\3465-$RN7P3HS.xls,.xls,0.48,OK,
C:\Users\User\OneDrive\Documents\Uni\Dissertation\SSD Files\Kingston A400\TRIM Deletion\Recovered data\3468-$RLZJR86.xls,.xls,1.7,OK,
C:\Users\User\OneDrive\Documents\Uni\Dissertation\SSD Files\Kingston A400\TRIM Deletion\Recovered data\3471-$R5RW1KS.xls,.xls,0.03,OK,
C:\Users\User\OneDrive\Documents\Uni\Dissertation\SSD Files\Kingston A400\TRIM Deletion\Recovered data\3474-$RWLEVBT.xls,.xls,0.12,OK,
C:\Users\User\OneDrive\Documents\Uni\Dissertation\SSD Files\Kingston A400\TRIM Deletion\Recovered data\3476-$RH7EN7L.xls,.xls,28.42,OK,
C:\Users\User\OneDrive\Documents\Uni\Dissertation\SSD Files\Kingston A400\TRIM Deletion\Recovered data\3479-$RX2QLK0.xls,.xls,0.26,OK,
C:\Users\User\OneDrive\Documents\Uni\Dissertation\SSD Files\Kingston A400\TRIM Deletion\Recovered data\3482-$RK2AFYH.xls,.xls,0.18,OK,
C:\Users\User\OneDrive\Documents\Uni\Dissertation\SSD Files\Kingston A400\TRIM Deletion\Recovered data\3484-$R4X1VAM.xls,.xls,0.15,FAILED,"(-2147352567, 'Exception occurred.', (0, 'Microsoft Excel', 'Open method of Workbooks class failed', 'xlmain11.chm', 0, -2146827284), None)"
C:\Users\User\OneDrive\Documents\Uni\Dissertation\SSD Files\Kingston A400\TRIM Deletion\Recovered data\3487-$R8K9MAM.xls,.xls,0.05,OK,
C:\Users\User\OneDrive\Documents\Uni\Dissertation\SSD Files\Kingston A400\TRIM Deletion\Recovered data\3489-$RV8FRDX.xls,.xls,0.04,OK,
C:\Users\User\OneDrive\Documents\Uni\Dissertation\SSD Files\Kingston A400\TRIM Deletion\Recovered data\349-$RVSUARD.doc,.doc,0.08,OK,
C:\Users\User\OneDrive\Documents\Uni\Dissertation\SSD Files\Kingston A400\TRIM Deletion\Recovered data\3492-$RMBZVPI.xls,.xls,0.03,OK,
C:\Users\User\OneDrive\Documents\Uni\Dissertation\SSD Files\Kingston A400\TRIM Deletion\Recovered data\3495-$RTBOYX4.xls,.xls,0.08,OK,
C:\Users\User\OneDrive\Documents\Uni\Dissertation\SSD Files\Kingston A400\TRIM Deletion\Recovered data\3498-$RQONUMR.xls,.xls,0.1,OK,
C:\Users\User\OneDrive\Documents\Uni\Dissertation\SSD Files\Kingston A400\TRIM Deletion\Recovered data\3501-$RHQONDS.xls,.xls,0.03,OK,
C:\Users\User\OneDrive\Documents\Uni\Dissertation\SSD Files\Kingston A400\TRIM Deletion\Recovered data\3504-$R47OU7Y.xls,.xls,0.03,OK,
C:\Users\User\OneDrive\Documents\Uni\Dissertation\SSD Files\Kingston A400\TRIM Deletion\Recovered data\3507-$R1FFIAY.xls,.xls,0.03,OK,
C:\Users\User\OneDrive\Documents\Uni\Dissertation\SSD Files\Kingston A400\TRIM Deletion\Recovered data\3510-$R1BCE0D.xls,.xls,0.02,OK,
C:\Users\User\OneDrive\Documents\Uni\Dissertation\SSD Files\Kingston A400\TRIM Deletion\Recovered data\3513-$RGKZW8B.xls,.xls,0.06,OK,
C:\Users\User\OneDrive\Documents\Uni\Dissertation\SSD Files\Kingston A400\TRIM Deletion\Recovered data\3516-$RO22GXZ.xls,.xls,0.16,OK,
C:\Users\User\OneDrive\Documents\Uni\Dissertation\SSD Files\Kingston A400\TRIM Deletion\Recovered data\3519-$RSDGMW7.xls,.xls,0.03,OK,
C:\Users\User\OneDrive\Documents\Uni\Dissertation\SSD Files\Kingston A400\TRIM Deletion\Recovered data\352-$REV8MEY.doc,.doc,0.05,OK,
C:\Users\User\OneDrive\Documents\Uni\Dissertation\SSD Files\Kingston A400\TRIM Deletion\Recovered data\3522-$RYW6FHV.xls,.xls,0.04,OK,
C:\Users\User\OneDrive\Documents\Uni\Dissertation\SSD Files\Kingston A400\TRIM Deletion\Recovered data\3524-$RG5DVY6.xls,.xls,0.03,OK,
C:\Users\User\OneDrive\Documents\Uni\Dissertation\SSD Files\Kingston A400\TRIM Deletion\Recovered data\3527-$R96T77Y.xls,.xls,0.14,FAILED,"(-2147352567, 'Exception occurred.', (0, 'Microsoft Excel', 'Office has detected a problem with this file. To help protect your computer this file cannot be opened.', 'xlmain11.chm', 0, -2146827284), None)"
C:\Users\User\OneDrive\Documents\Uni\Dissertation\SSD Files\Kingston A400\TRIM Deletion\Recovered data\3529-$ROQDYS3.xls,.xls,0.03,OK,
C:\Users\User\OneDrive\Documents\Uni\Dissertation\SSD Files\Kingston A400\TRIM Deletion\Recovered data\3531-$RJQ4LZ0.xls,.xls,0.11,OK,
C:\Users\User\OneDrive\Documents\Uni\Dissertation\SSD Files\Kingston A400\TRIM Deletion\Recovered data\3534-$REUNTME.xls,.xls,0.07,OK,
C:\Users\User\OneDrive\Documents\Uni\Dissertation\SSD Files\Kingston A400\TRIM Deletion\Recovered data\3537-$RUVIV00.xls,.xls,0.03,OK,
C:\Users\User\OneDrive\Documents\Uni\Dissertation\SSD Files\Kingston A400\TRIM Deletion\Recovered data\3540-$RLNMV7M.xls,.xls,0.07,OK,
C:\Users\User\OneDrive\Documents\Uni\Dissertation\SSD Files\Kingston A400\TRIM Deletion\Recovered data\3543-$RE5ZFOD.xls,.xls,0.02,OK,
C:\Users\User\OneDrive\Documents\Uni\Dissertation\SSD Files\Kingston A400\TRIM Deletion\Recovered data\3546-$RWU37J5.xls,.xls,0.02,OK,
C:\Users\User\OneDrive\Documents\Uni\Dissertation\SSD Files\Kingston A400\TRIM Deletion\Recovered data\3549-$R9L8R10.xls,.xls,0.16,FAILED,"(-2147352567, 'Exception occurred.', (0, 'Microsoft Excel', 'Office has detected a problem with this file. To help protect your computer this file cannot be opened.', 'xlmain11.chm', 0, -2146827284), None)"
C:\Users\User\OneDrive\Documents\Uni\Dissertation\SSD Files\Kingston A400\TRIM Deletion\Recovered data\355-$RGL423H.doc,.doc,0.03,OK,
C:\Users\User\OneDrive\Documents\Uni\Dissertation\SSD Files\Kingston A400\TRIM Deletion\Recovered data\3552-$RZV642D.xls,.xls,0.19,OK,
C:\Users\User\OneDrive\Documents\Uni\Dissertation\SSD Files\Kingston A400\TRIM Deletion\Recovered data\3555-$RULIOAB.xls,.xls,1.25,OK,
C:\Users\User\OneDrive\Documents\Uni\Dissertation\SSD Files\Kingston A400\TRIM Deletion\Recovered data\3558-$RS95V8I.xls,.xls,0.06,OK,
C:\Users\User\OneDrive\Documents\Uni\Dissertation\SSD Files\Kingston A400\TRIM Deletion\Recovered data\3561-$RTTBV5E.xls,.xls,0.05,OK,
C:\Users\User\OneDrive\Documents\Uni\Dissertation\SSD Files\Kingston A400\TRIM Deletion\Recovered data\3564-$R1JBBK4.xls,.xls,1.05,FAILED,"(-2147352567, 'Exception occurred.', (0, 'Microsoft Excel', 'Open method of Workbooks class failed', 'xlmain11.chm', 0, -2146827284), None)"
C:\Users\User\OneDrive\Documents\Uni\Dissertation\SSD Files\Kingston A400\TRIM Deletion\Recovered data\3567-$RANMN41.xls,.xls,0.79,OK,
C:\Users\User\OneDrive\Documents\Uni\Dissertation\SSD Files\Kingston A400\TRIM Deletion\Recovered data\3570-$RLGVAUT.xls,.xls,0.79,OK,
C:\Users\User\OneDrive\Documents\Uni\Dissertation\SSD Files\Kingston A400\TRIM Deletion\Recovered data\3573-$RB6KXJN.xls,.xls,0.38,OK,
C:\Users\User\OneDrive\Documents\Uni\Dissertation\SSD Files\Kingston A400\TRIM Deletion\Recovered data\3576-$R0DNAI1.xls,.xls,0.02,OK,
C:\Users\User\OneDrive\Documents\Uni\Dissertation\SSD Files\Kingston A400\TRIM Deletion\Recovered data\3579-$R603H6F.xls,.xls,0.02,OK,
C:\Users\User\OneDrive\Documents\Uni\Dissertation\SSD Files\Kingston A400\TRIM Deletion\Recovered data\358-$RE09DIT.doc,.doc,0.1,OK,
C:\Users\User\OneDrive\Documents\Uni\Dissertation\SSD Files\Kingston A400\TRIM Deletion\Recovered data\3582-$RM2LAY8.xls,.xls,0.02,OK,
C:\Users\User\OneDrive\Documents\Uni\Dissertation\SSD Files\Kingston A400\TRIM Deletion\Recovered data\3585-$R48QP3V.xls,.xls,0.03,OK,
C:\Users\User\OneDrive\Documents\Uni\Dissertation\SSD Files\Kingston A400\TRIM Deletion\Recovered data\3588-$RFC9WGJ.xls,.xls,0.05,OK,
C:\Users\User\OneDrive\Documents\Uni\Dissertation\SSD Files\Kingston A400\TRIM Deletion\Recovered data\3591-$RFN1B1N.xls,.xls,0.12,OK,
C:\Users\User\OneDrive\Documents\Uni\Dissertation\SSD Files\Kingston A400\TRIM Deletion\Recovered data\3594-$RNJN3Q3.xls,.xls,0.08,OK,
C:\Users\User\OneDrive\Documents\Uni\Dissertation\SSD Files\Kingston A400\TRIM Deletion\Recovered data\3597-$RIXMHT9.xls,.xls,0.02,OK,
C:\Users\User\OneDrive\Documents\Uni\Dissertation\SSD Files\Kingston A400\TRIM Deletion\Recovered data\3599-$RQ51RUR.xls,.xls,0.02,OK,
C:\Users\User\OneDrive\Documents\Uni\Dissertation\SSD Files\Kingston A400\TRIM Deletion\Recovered data\3602-$R26O0JZ.xls,.xls,0.03,OK,
C:\Users\User\OneDrive\Documents\Uni\Dissertation\SSD Files\Kingston A400\TRIM Deletion\Recovered data\3605-$RFQNWA3.xls,.xls,0.04,OK,
C:\Users\User\OneDrive\Documents\Uni\Dissertation\SSD Files\Kingston A400\TRIM Deletion\Recovered data\3608-$RTY4G0I.xls,.xls,0.04,OK,
C:\Users\User\OneDrive\Documents\Uni\Dissertation\SSD Files\Kingston A400\TRIM Deletion\Recovered data\361-$RKSL878.doc,.doc,0.29,OK,
C:\Users\User\OneDrive\Documents\Uni\Dissertation\SSD Files\Kingston A400\TRIM Deletion\Recovered data\3611-$R1JCKH3.xls,.xls,0.03,OK,
C:\Users\User\OneDrive\Documents\Uni\Dissertation\SSD Files\Kingston A400\TRIM Deletion\Recovered data\3614-$RJ43X73.xls,.xls,0.02,OK,
C:\Users\User\OneDrive\Documents\Uni\Dissertation\SSD Files\Kingston A400\TRIM Deletion\Recovered data\3617-$R3APTB9.xls,.xls,0.03,OK,
C:\Users\User\OneDrive\Documents\Uni\Dissertation\SSD Files\Kingston A400\TRIM Deletion\Recovered data\3620-$RS8XRBH.xls,.xls,0.48,OK,
C:\Users\User\OneDrive\Documents\Uni\Dissertation\SSD Files\Kingston A400\TRIM Deletion\Recovered data\3623-$RUO36U6.xls,.xls,0.47,OK,
C:\Users\User\OneDrive\Documents\Uni\Dissertation\SSD Files\Kingston A400\TRIM Deletion\Recovered data\3626-$RW5OOX5.xls,.xls,0.13,OK,
C:\Users\User\OneDrive\Documents\Uni\Dissertation\SSD Files\Kingston A400\TRIM Deletion\Recovered data\3629-$RUORLG0.xls,.xls,0.02,OK,
C:\Users\User\OneDrive\Documents\Uni\Dissertation\SSD Files\Kingston A400\TRIM Deletion\Recovered data\3632-$R8JKCUM.xls,.xls,0.41,FAILED,"(-2147352567, 'Exception occurred.', (0, 'Microsoft Excel', 'Open method of Workbooks class failed', 'xlmain11.chm', 0, -2146827284), None)"
C:\Users\User\OneDrive\Documents\Uni\Dissertation\SSD Files\Kingston A400\TRIM Deletion\Recovered data\3635-$R98D9YZ.xls,.xls,0.05,OK,
C:\Users\User\OneDrive\Documents\Uni\Dissertation\SSD Files\Kingston A400\TRIM Deletion\Recovered data\3638-$RJ0XIIX.xls,.xls,0.32,OK,
C:\Users\User\OneDrive\Documents\Uni\Dissertation\SSD Files\Kingston A400\TRIM Deletion\Recovered data\364-$RJIP82O.doc,.doc,0.05,OK,
C:\Users\User\OneDrive\Documents\Uni\Dissertation\SSD Files\Kingston A400\TRIM Deletion\Recovered data\3641-$RNN1LRK.xls,.xls,0.43,OK,
C:\Users\User\OneDrive\Documents\Uni\Dissertation\SSD Files\Kingston A400\TRIM Deletion\Recovered data\3644-$R0CN99B.xls,.xls,0.05,OK,
C:\Users\User\OneDrive\Documents\Uni\Dissertation\SSD Files\Kingston A400\TRIM Deletion\Recovered data\3647-$RWLBZO2.xls,.xls,0.03,OK,
C:\Users\User\OneDrive\Documents\Uni\Dissertation\SSD Files\Kingston A400\TRIM Deletion\Recovered data\3649-$R50G3W1.xls,.xls,0.02,OK,
C:\Users\User\OneDrive\Documents\Uni\Dissertation\SSD Files\Kingston A400\TRIM Deletion\Recovered data\3652-$R0EL9V4.xls,.xls,0.13,FAILED,"(-2147352567, 'Exception occurred.', (0, 'Microsoft Excel', 'Office has detected a problem with this file. To help protect your computer this file cannot be opened.', 'xlmain11.chm', 0, -2146827284), None)"
C:\Users\User\OneDrive\Documents\Uni\Dissertation\SSD Files\Kingston A400\TRIM Deletion\Recovered data\3655-$RHMWG1G.xls,.xls,0.08,OK,
C:\Users\User\OneDrive\Documents\Uni\Dissertation\SSD Files\Kingston A400\TRIM Deletion\Recovered data\3658-$R5395EE.xls,.xls,0.14,FAILED,"(-2147352567, 'Exception occurred.', (0, 'Microsoft Excel', 'Office has detected a problem with this file. To help protect your computer this file cannot be opened.', 'xlmain11.chm', 0, -2146827284), None)"
C:\Users\User\OneDrive\Documents\Uni\Dissertation\SSD Files\Kingston A400\TRIM Deletion\Recovered data\3661-$RI362AJ.xls,.xls,0.05,OK,
C:\Users\User\OneDrive\Documents\Uni\Dissertation\SSD Files\Kingston A400\TRIM Deletion\Recovered data\3664-$R3FR5JA.xls,.xls,0.8,FAILED,"(-2147352567, 'Exception occurred.', (0, 'Microsoft Excel', 'Open method of Workbooks class failed', 'xlmain11.chm', 0, -2146827284), None)"
C:\Users\User\OneDrive\Documents\Uni\Dissertation\SSD Files\Kingston A400\TRIM Deletion\Recovered data\3667-$RYHUEPJ.xls,.xls,0.02,OK,
C:\Users\User\OneDrive\Documents\Uni\Dissertation\SSD Files\Kingston A400\TRIM Deletion\Recovered data\367-$RJ90UUK.doc,.doc,0.13,OK,
C:\Users\User\OneDrive\Documents\Uni\Dissertation\SSD Files\Kingston A400\TRIM Deletion\Recovered data\3670-$REEWSN0.xls,.xls,0.02,OK,
C:\Users\User\OneDrive\Documents\Uni\Dissertation\SSD Files\Kingston A400\TRIM Deletion\Recovered data\3673-$RZ5BYNU.xls,.xls,0.02,OK,
C:\Users\User\OneDrive\Documents\Uni\Dissertation\SSD Files\Kingston A400\TRIM Deletion\Recovered data\3676-$R96QPBF.xls,.xls,0.12,FAILED,"(-2147352567, 'Exception occurred.', (0, 'Microsoft Excel', 'Office has detected a problem with this file. To help protect your computer this file cannot be opened.', 'xlmain11.chm', 0, -2146827284), None)"
C:\Users\User\OneDrive\Documents\Uni\Dissertation\SSD Files\Kingston A400\TRIM Deletion\Recovered data\3679-$RXULMWJ.xls,.xls,0.02,OK,
C:\Users\User\OneDrive\Documents\Uni\Dissertation\SSD Files\Kingston A400\TRIM Deletion\Recovered data\3682-$R5NB71Q.xls,.xls,0.12,FAILED,"(-2147352567, 'Exception occurred.', (0, 'Microsoft Excel', 'Office has detected a problem with this file. To help protect your computer this file cannot be opened.', 'xlmain11.chm', 0, -2146827284), None)"
C:\Users\User\OneDrive\Documents\Uni\Dissertation\SSD Files\Kingston A400\TRIM Deletion\Recovered data\3685-$RV4VR99.xls,.xls,0.14,OK,
C:\Users\User\OneDrive\Documents\Uni\Dissertation\SSD Files\Kingston A400\TRIM Deletion\Recovered data\3688-$REYANZU.xls,.xls,0.18,OK,
C:\Users\User\OneDrive\Documents\Uni\Dissertation\SSD Files\Kingston A400\TRIM Deletion\Recovered data\3691-$RBFOY9S.xls,.xls,0.49,OK,
C:\Users\User\OneDrive\Documents\Uni\Dissertation\SSD Files\Kingston A400\TRIM Deletion\Recovered data\3694-$RTBOJ1S.xls,.xls,0.01,OK,
C:\Users\User\OneDrive\Documents\Uni\Dissertation\SSD Files\Kingston A400\TRIM Deletion\Recovered data\3697-$RTB1CUZ.xls,.xls,0.03,OK,
C:\Users\User\OneDrive\Documents\Uni\Dissertation\SSD Files\Kingston A400\TRIM Deletion\Recovered data\370-$RGFC6DS.doc,.doc,0.09,OK,
C:\Users\User\OneDrive\Documents\Uni\Dissertation\SSD Files\Kingston A400\TRIM Deletion\Recovered data\3700-$RPKP2XT.xls,.xls,0.09,OK,
C:\Users\User\OneDrive\Documents\Uni\Dissertation\SSD Files\Kingston A400\TRIM Deletion\Recovered data\3703-$RF3JXKI.xls,.xls,0.11,OK,
C:\Users\User\OneDrive\Documents\Uni\Dissertation\SSD Files\Kingston A400\TRIM Deletion\Recovered data\3706-$RD9VSNC.xls,.xls,0.09,OK,
C:\Users\User\OneDrive\Documents\Uni\Dissertation\SSD Files\Kingston A400\TRIM Deletion\Recovered data\3709-$RPVZYW8.xls,.xls,0.06,OK,
C:\Users\User\OneDrive\Documents\Uni\Dissertation\SSD Files\Kingston A400\TRIM Deletion\Recovered data\3712-$REIUVHH.xls,.xls,3.16,OK,
C:\Users\User\OneDrive\Documents\Uni\Dissertation\SSD Files\Kingston A400\TRIM Deletion\Recovered data\3715-$R9LCZD1.xls,.xls,0.38,FAILED,"(-2147352567, 'Exception occurred.', (0, 'Microsoft Excel', 'Office has detected a problem with this file. To help protect your computer this file cannot be opened.', 'xlmain11.chm', 0, -2146827284), None)"
C:\Users\User\OneDrive\Documents\Uni\Dissertation\SSD Files\Kingston A400\TRIM Deletion\Recovered data\3718-$RHQS9WP.xls,.xls,0.09,OK,
C:\Users\User\OneDrive\Documents\Uni\Dissertation\SSD Files\Kingston A400\TRIM Deletion\Recovered data\3721-$RFRAMR0.xls,.xls,0.71,OK,
C:\Users\User\OneDrive\Documents\Uni\Dissertation\SSD Files\Kingston A400\TRIM Deletion\Recovered data\3724-$R38Q2R3.xls,.xls,0.03,OK,
C:\Users\User\OneDrive\Documents\Uni\Dissertation\SSD Files\Kingston A400\TRIM Deletion\Recovered data\3727-$R75D2UF.xls,.xls,0.05,OK,
C:\Users\User\OneDrive\Documents\Uni\Dissertation\SSD Files\Kingston A400\TRIM Deletion\Recovered data\373-$R5CWFR3.doc,.doc,0.03,OK,
C:\Users\User\OneDrive\Documents\Uni\Dissertation\SSD Files\Kingston A400\TRIM Deletion\Recovered data\3730-$R5UR20B.xls,.xls,0.02,OK,
C:\Users\User\OneDrive\Documents\Uni\Dissertation\SSD Files\Kingston A400\TRIM Deletion\Recovered data\3733-$R5C9G41.xls,.xls,0.03,OK,
C:\Users\User\OneDrive\Documents\Uni\Dissertation\SSD Files\Kingston A400\TRIM Deletion\Recovered data\3736-$RMQ26K5.xls,.xls,0.03,OK,
C:\Users\User\OneDrive\Documents\Uni\Dissertation\SSD Files\Kingston A400\TRIM Deletion\Recovered data\3739-$R0XVZAZ.xls,.xls,3.31,FAILED,"(-2147352567, 'Exception occurred.', (0, 'Microsoft Excel', 'Office has detected a problem with this file. To help protect your computer this file cannot be opened.', 'xlmain11.chm', 0, -2146827284), None)"
C:\Users\User\OneDrive\Documents\Uni\Dissertation\SSD Files\Kingston A400\TRIM Deletion\Recovered data\3742-$R6H9DHP.xls,.xls,0.02,OK,
C:\Users\User\OneDrive\Documents\Uni\Dissertation\SSD Files\Kingston A400\TRIM Deletion\Recovered data\3745-$RUC1YYZ.xls,.xls,0.8,OK,
C:\Users\User\OneDrive\Documents\Uni\Dissertation\SSD Files\Kingston A400\TRIM Deletion\Recovered data\3748-$RNAS69U.xls,.xls,16.62,OK,
C:\Users\User\OneDrive\Documents\Uni\Dissertation\SSD Files\Kingston A400\TRIM Deletion\Recovered data\3751-$RGSLVG6.xls,.xls,0.03,OK,
C:\Users\User\OneDrive\Documents\Uni\Dissertation\SSD Files\Kingston A400\TRIM Deletion\Recovered data\3754-$RGWTH7X.xls,.xls,0.04,OK,
C:\Users\User\OneDrive\Documents\Uni\Dissertation\SSD Files\Kingston A400\TRIM Deletion\Recovered data\3757-$R86CP7P.xls,.xls,0.05,OK,
C:\Users\User\OneDrive\Documents\Uni\Dissertation\SSD Files\Kingston A400\TRIM Deletion\Recovered data\376-$R4C76S4.doc,.doc,0.16,FAILED,"(-2147352567, 'Exception occurred.', (0, 'Microsoft Word', 'Office has detected a problem with this file. To help protect your computer this file cannot be opened.\r (C:\\Users\\User\\...\\376-$R4C76S4.doc)', 'wdmain11.chm', 25775, -2146821993), None)"
C:\Users\User\OneDrive\Documents\Uni\Dissertation\SSD Files\Kingston A400\TRIM Deletion\Recovered data\3760-$RICH6LY.xls,.xls,0.02,OK,
C:\Users\User\OneDrive\Documents\Uni\Dissertation\SSD Files\Kingston A400\TRIM Deletion\Recovered data\3763-$RCUUSZV.xls,.xls,0.16,OK,
C:\Users\User\OneDrive\Documents\Uni\Dissertation\SSD Files\Kingston A400\TRIM Deletion\Recovered data\3766-$R73H475.xls,.xls,0.03,OK,
C:\Users\User\OneDrive\Documents\Uni\Dissertation\SSD Files\Kingston A400\TRIM Deletion\Recovered data\3769-$RRJVL47.xls,.xls,0.14,OK,
C:\Users\User\OneDrive\Documents\Uni\Dissertation\SSD Files\Kingston A400\TRIM Deletion\Recovered data\3772-$RJE1U1R.xls,.xls,0.11,OK,
C:\Users\User\OneDrive\Documents\Uni\Dissertation\SSD Files\Kingston A400\TRIM Deletion\Recovered data\3775-$R3BWJY5.xls,.xls,0.23,FAILED,"(-2147352567, 'Exception occurred.', (0, 'Microsoft Excel', 'Open method of Workbooks class failed', 'xlmain11.chm', 0, -2146827284), None)"
C:\Users\User\OneDrive\Documents\Uni\Dissertation\SSD Files\Kingston A400\TRIM Deletion\Recovered data\3778-$RBAQLQ0.xls,.xls,0.02,OK,
C:\Users\User\OneDrive\Documents\Uni\Dissertation\SSD Files\Kingston A400\TRIM Deletion\Recovered data\3781-$RLQ016I.xls,.xls,0.02,OK,
C:\Users\User\OneDrive\Documents\Uni\Dissertation\SSD Files\Kingston A400\TRIM Deletion\Recovered data\3784-$RHG688Z.xls,.xls,0.05,OK,
C:\Users\User\OneDrive\Documents\Uni\Dissertation\SSD Files\Kingston A400\TRIM Deletion\Recovered data\3787-$RXXA67Z.xls,.xls,0.59,OK,
C:\Users\User\OneDrive\Documents\Uni\Dissertation\SSD Files\Kingston A400\TRIM Deletion\Recovered data\379-$RRQAEIF.doc,.doc,0.32,OK,
C:\Users\User\OneDrive\Documents\Uni\Dissertation\SSD Files\Kingston A400\TRIM Deletion\Recovered data\3790-$RM7NAAL.xls,.xls,3.57,OK,
C:\Users\User\OneDrive\Documents\Uni\Dissertation\SSD Files\Kingston A400\TRIM Deletion\Recovered data\3793-$RANQOIW.xls,.xls,0.13,FAILED,"(-2147352567, 'Exception occurred.', (0, 'Microsoft Excel', 'Open method of Workbooks class failed', 'xlmain11.chm', 0, -2146827284), None)"
C:\Users\User\OneDrive\Documents\Uni\Dissertation\SSD Files\Kingston A400\TRIM Deletion\Recovered data\3796-$RSR2FOQ.xls,.xls,0.13,OK,
C:\Users\User\OneDrive\Documents\Uni\Dissertation\SSD Files\Kingston A400\TRIM Deletion\Recovered data\3799-$R35KKIG.xls,.xls,0.24,FAILED,"(-2147352567, 'Exception occurred.', (0, 'Microsoft Excel', 'Office has detected a problem with this file. To help protect your computer this file cannot be opened.', 'xlmain11.chm', 0, -2146827284), None)"
C:\Users\User\OneDrive\Documents\Uni\Dissertation\SSD Files\Kingston A400\TRIM Deletion\Recovered data\3802-$R4IRNA1.xls,.xls,0.03,OK,
C:\Users\User\OneDrive\Documents\Uni\Dissertation\SSD Files\Kingston A400\TRIM Deletion\Recovered data\3805-$RA31FV0.xls,.xls,0.43,FAILED,"(-2147352567, 'Exception occurred.', (0, 'Microsoft Excel', 'Office has detected a problem with this file. To help protect your computer this file cannot be opened.', 'xlmain11.chm', 0, -2146827284), None)"
C:\Users\User\OneDrive\Documents\Uni\Dissertation\SSD Files\Kingston A400\TRIM Deletion\Recovered data\3807-$R6KZQTS.xls,.xls,1.19,FAILED,"(-2147352567, 'Exception occurred.', (0, 'Microsoft Excel', 'Office has detected a problem with this file. To help protect your computer this file cannot be opened.', 'xlmain11.chm', 0, -2146827284), None)"
C:\Users\User\OneDrive\Documents\Uni\Dissertation\SSD Files\Kingston A400\TRIM Deletion\Recovered data\381-$RJQONHU.doc,.doc,0.03,OK,
C:\Users\User\OneDrive\Documents\Uni\Dissertation\SSD Files\Kingston A400\TRIM Deletion\Recovered data\3810-$R2OFK2K.xls,.xls,0.03,OK,
C:\Users\User\OneDrive\Documents\Uni\Dissertation\SSD Files\Kingston A400\TRIM Deletion\Recovered data\3813-$RNK2VYI.xls,.xls,0.14,OK,
C:\Users\User\OneDrive\Documents\Uni\Dissertation\SSD Files\Kingston A400\TRIM Deletion\Recovered data\3816-$RR0QTVT.xls,.xls,0.14,OK,
C:\Users\User\OneDrive\Documents\Uni\Dissertation\SSD Files\Kingston A400\TRIM Deletion\Recovered data\3819-$RQAUJR8.xls,.xls,0.04,OK,
C:\Users\User\OneDrive\Documents\Uni\Dissertation\SSD Files\Kingston A400\TRIM Deletion\Recovered data\3822-$R5FQUXI.xls,.xls,0.02,OK,
C:\Users\User\OneDrive\Documents\Uni\Dissertation\SSD Files\Kingston A400\TRIM Deletion\Recovered data\3825-$RBRIV9I.xls,.xls,0.07,OK,
C:\Users\User\OneDrive\Documents\Uni\Dissertation\SSD Files\Kingston A400\TRIM Deletion\Recovered data\3828-$RAHWW5P.xls,.xls,0.12,FAILED,"(-2147352567, 'Exception occurred.', (0, 'Microsoft Excel', 'Office has detected a problem with this file. To help protect your computer this file cannot be opened.', 'xlmain11.chm', 0, -2146827284), None)"
C:\Users\User\OneDrive\Documents\Uni\Dissertation\SSD Files\Kingston A400\TRIM Deletion\Recovered data\3831-$R1HQFAA.xls,.xls,0.94,FAILED,"(-2147352567, 'Exception occurred.', (0, 'Microsoft Excel', 'Office has detected a problem with this file. To help protect your computer this file cannot be opened.', 'xlmain11.chm', 0, -2146827284), None)"
C:\Users\User\OneDrive\Documents\Uni\Dissertation\SSD Files\Kingston A400\TRIM Deletion\Recovered data\3834-$RREC3R7.xls,.xls,0.12,OK,
C:\Users\User\OneDrive\Documents\Uni\Dissertation\SSD Files\Kingston A400\TRIM Deletion\Recovered data\3837-$RGPO4EP.xls,.xls,0.27,OK,
C:\Users\User\OneDrive\Documents\Uni\Dissertation\SSD Files\Kingston A400\TRIM Deletion\Recovered data\384-$RX30966.doc,.doc,0.05,OK,
C:\Users\User\OneDrive\Documents\Uni\Dissertation\SSD Files\Kingston A400\TRIM Deletion\Recovered data\3840-$RH5672X.xls,.xls,0.12,OK,
C:\Users\User\OneDrive\Documents\Uni\Dissertation\SSD Files\Kingston A400\TRIM Deletion\Recovered data\3843-$R29H3WG.xls,.xls,0.03,OK,
C:\Users\User\OneDrive\Documents\Uni\Dissertation\SSD Files\Kingston A400\TRIM Deletion\Recovered data\3846-$R945ZKU.xls,.xls,0.06,OK,
C:\Users\User\OneDrive\Documents\Uni\Dissertation\SSD Files\Kingston A400\TRIM Deletion\Recovered data\3849-$RXU0YA8.xls,.xls,0.29,OK,
C:\Users\User\OneDrive\Documents\Uni\Dissertation\SSD Files\Kingston A400\TRIM Deletion\Recovered data\3852-$RY1MV7V.xls,.xls,0.24,OK,
C:\Users\User\OneDrive\Documents\Uni\Dissertation\SSD Files\Kingston A400\TRIM Deletion\Recovered data\3855-$R0W03HA.xls,.xls,0.02,OK,
C:\Users\User\OneDrive\Documents\Uni\Dissertation\SSD Files\Kingston A400\TRIM Deletion\Recovered data\3858-$R61FAGC.xls,.xls,0.02,OK,
C:\Users\User\OneDrive\Documents\Uni\Dissertation\SSD Files\Kingston A400\TRIM Deletion\Recovered data\3860-$R2A7A46.xls,.xls,0.03,OK,
C:\Users\User\OneDrive\Documents\Uni\Dissertation\SSD Files\Kingston A400\TRIM Deletion\Recovered data\3863-$RQNKPNG.xls,.xls,0.02,OK,
C:\Users\User\OneDrive\Documents\Uni\Dissertation\SSD Files\Kingston A400\TRIM Deletion\Recovered data\3866-$RVFEFV9.xls,.xls,0.12,OK,
C:\Users\User\OneDrive\Documents\Uni\Dissertation\SSD Files\Kingston A400\TRIM Deletion\Recovered data\3869-$ROEBDMJ.xls,.xls,0.03,OK,
C:\Users\User\OneDrive\Documents\Uni\Dissertation\SSD Files\Kingston A400\TRIM Deletion\Recovered data\387-$RMY4FNE.doc,.doc,0.1,OK,
C:\Users\User\OneDrive\Documents\Uni\Dissertation\SSD Files\Kingston A400\TRIM Deletion\Recovered data\3872-$RE2Z8MX.xls,.xls,0.03,OK,
C:\Users\User\OneDrive\Documents\Uni\Dissertation\SSD Files\Kingston A400\TRIM Deletion\Recovered data\3875-$R1QCY5R.xls,.xls,0.02,OK,
C:\Users\User\OneDrive\Documents\Uni\Dissertation\SSD Files\Kingston A400\TRIM Deletion\Recovered data\3878-$RQWO5H3.xls,.xls,0.03,OK,
C:\Users\User\OneDrive\Documents\Uni\Dissertation\SSD Files\Kingston A400\TRIM Deletion\Recovered data\3881-$R1PE3MI.xls,.xls,0.05,OK,
C:\Users\User\OneDrive\Documents\Uni\Dissertation\SSD Files\Kingston A400\TRIM Deletion\Recovered data\3884-$RJTBZ1T.xls,.xls,3.75,OK,
C:\Users\User\OneDrive\Documents\Uni\Dissertation\SSD Files\Kingston A400\TRIM Deletion\Recovered data\3887-$RKXK7WT.xls,.xls,0.94,OK,
C:\Users\User\OneDrive\Documents\Uni\Dissertation\SSD Files\Kingston A400\TRIM Deletion\Recovered data\3890-$RLWJ66K.xls,.xls,0.05,OK,
C:\Users\User\OneDrive\Documents\Uni\Dissertation\SSD Files\Kingston A400\TRIM Deletion\Recovered data\3893-$R6IYK5I.xls,.xls,0.28,FAILED,"(-2147352567, 'Exception occurred.', (0, 'Microsoft Excel', 'Office has detected a problem with this file. To help protect your computer this file cannot be opened.', 'xlmain11.chm', 0, -2146827284), None)"
C:\Users\User\OneDrive\Documents\Uni\Dissertation\SSD Files\Kingston A400\TRIM Deletion\Recovered data\3896-$RLP44XN.xls,.xls,0.06,OK,
C:\Users\User\OneDrive\Documents\Uni\Dissertation\SSD Files\Kingston A400\TRIM Deletion\Recovered data\3898-$RWQUSBY.xls,.xls,0.11,OK,
C:\Users\User\OneDrive\Documents\Uni\Dissertation\SSD Files\Kingston A400\TRIM Deletion\Recovered data\390-$RI8U4UX.doc,.doc,0.22,OK,
C:\Users\User\OneDrive\Documents\Uni\Dissertation\SSD Files\Kingston A400\TRIM Deletion\Recovered data\3900-$RJCA4MN.xls,.xls,0.04,OK,
C:\Users\User\OneDrive\Documents\Uni\Dissertation\SSD Files\Kingston A400\TRIM Deletion\Recovered data\3903-$RK9XQ7S.xls,.xls,0.04,OK,
C:\Users\User\OneDrive\Documents\Uni\Dissertation\SSD Files\Kingston A400\TRIM Deletion\Recovered data\3906-$RA8X1PZ.xls,.xls,0.02,OK,
C:\Users\User\OneDrive\Documents\Uni\Dissertation\SSD Files\Kingston A400\TRIM Deletion\Recovered data\3909-$RJYXWF7.xls,.xls,0.03,OK,
C:\Users\User\OneDrive\Documents\Uni\Dissertation\SSD Files\Kingston A400\TRIM Deletion\Recovered data\3912-$RM8FI97.xls,.xls,0.07,OK,
C:\Users\User\OneDrive\Documents\Uni\Dissertation\SSD Files\Kingston A400\TRIM Deletion\Recovered data\3915-$RUMC5ED.xls,.xls,0.2,OK,
C:\Users\User\OneDrive\Documents\Uni\Dissertation\SSD Files\Kingston A400\TRIM Deletion\Recovered data\3918-$R7WHRGC.xls,.xls,0.09,OK,
C:\Users\User\OneDrive\Documents\Uni\Dissertation\SSD Files\Kingston A400\TRIM Deletion\Recovered data\3921-$R972LDJ.xls,.xls,0.09,FAILED,"(-2147352567, 'Exception occurred.', (0, 'Microsoft Excel', 'Office has detected a problem with this file. To help protect your computer this file cannot be opened.', 'xlmain11.chm', 0, -2146827284), None)"
C:\Users\User\OneDrive\Documents\Uni\Dissertation\SSD Files\Kingston A400\TRIM Deletion\Recovered data\3924-$RGAL1WA.xls,.xls,0.02,OK,
C:\Users\User\OneDrive\Documents\Uni\Dissertation\SSD Files\Kingston A400\TRIM Deletion\Recovered data\3927-$RFVKHWA.xls,.xls,0.08,OK,
C:\Users\User\OneDrive\Documents\Uni\Dissertation\SSD Files\Kingston A400\TRIM Deletion\Recovered data\393-$RF2HW4S.doc,.doc,0.03,OK,
C:\Users\User\OneDrive\Documents\Uni\Dissertation\SSD Files\Kingston A400\TRIM Deletion\Recovered data\3930-$R8YG0KY.xls,.xls,0.02,OK,
C:\Users\User\OneDrive\Documents\Uni\Dissertation\SSD Files\Kingston A400\TRIM Deletion\Recovered data\3933-$R7OY1T8.xls,.xls,0.36,FAILED,"(-2147352567, 'Exception occurred.', (0, 'Microsoft Excel', 'Office has detected a problem with this file. To help protect your computer this file cannot be opened.', 'xlmain11.chm', 0, -2146827284), None)"
C:\Users\User\OneDrive\Documents\Uni\Dissertation\SSD Files\Kingston A400\TRIM Deletion\Recovered data\3936-$RFE99V4.xls,.xls,0.03,OK,
C:\Users\User\OneDrive\Documents\Uni\Dissertation\SSD Files\Kingston A400\TRIM Deletion\Recovered data\3939-$R7E4R3C.xls,.xls,0.08,OK,
C:\Users\User\OneDrive\Documents\Uni\Dissertation\SSD Files\Kingston A400\TRIM Deletion\Recovered data\3942-$R1G0RXW.xls,.xls,0.09,FAILED,"(-2147352567, 'Exception occurred.', (0, 'Microsoft Excel', 'Office has detected a problem with this file. To help protect your computer this file cannot be opened.', 'xlmain11.chm', 0, -2146827284), None)"
C:\Users\User\OneDrive\Documents\Uni\Dissertation\SSD Files\Kingston A400\TRIM Deletion\Recovered data\3945-$RLT454X.xls,.xls,0.02,OK,
C:\Users\User\OneDrive\Documents\Uni\Dissertation\SSD Files\Kingston A400\TRIM Deletion\Recovered data\3948-$RQ1UOCE.xls,.xls,0.02,OK,
C:\Users\User\OneDrive\Documents\Uni\Dissertation\SSD Files\Kingston A400\TRIM Deletion\Recovered data\3950-$RR2HGVG.xls,.xls,0.05,OK,
C:\Users\User\OneDrive\Documents\Uni\Dissertation\SSD Files\Kingston A400\TRIM Deletion\Recovered data\3953-$RWFUW85.xls,.xls,1.23,OK,
C:\Users\User\OneDrive\Documents\Uni\Dissertation\SSD Files\Kingston A400\TRIM Deletion\Recovered data\3956-$R49DGFO.xls,.xls,0.03,OK,
C:\Users\User\OneDrive\Documents\Uni\Dissertation\SSD Files\Kingston A400\TRIM Deletion\Recovered data\3959-$REPNAF6.xls,.xls,0.21,OK,
C:\Users\User\OneDrive\Documents\Uni\Dissertation\SSD Files\Kingston A400\TRIM Deletion\Recovered data\396-$R3FQ6SU.doc,.doc,0.03,OK,
C:\Users\User\OneDrive\Documents\Uni\Dissertation\SSD Files\Kingston A400\TRIM Deletion\Recovered data\3962-$RTU8G3O.xls,.xls,0.03,OK,
C:\Users\User\OneDrive\Documents\Uni\Dissertation\SSD Files\Kingston A400\TRIM Deletion\Recovered data\3965-$RWZG1NN.xls,.xls,0.3,OK,
C:\Users\User\OneDrive\Documents\Uni\Dissertation\SSD Files\Kingston A400\TRIM Deletion\Recovered data\3968-$RLJAMX6.xls,.xls,0.02,OK,
C:\Users\User\OneDrive\Documents\Uni\Dissertation\SSD Files\Kingston A400\TRIM Deletion\Recovered data\3970-$RHDZRNF.xls,.xls,0.02,OK,
C:\Users\User\OneDrive\Documents\Uni\Dissertation\SSD Files\Kingston A400\TRIM Deletion\Recovered data\3972-$RM2Q2FK.xls,.xls,0.06,OK,
C:\Users\User\OneDrive\Documents\Uni\Dissertation\SSD Files\Kingston A400\TRIM Deletion\Recovered data\3975-$RF4JGPQ.xls,.xls,0.02,OK,
C:\Users\User\OneDrive\Documents\Uni\Dissertation\SSD Files\Kingston A400\TRIM Deletion\Recovered data\3978-$RTMSYWV.xls,.xls,0.29,OK,
C:\Users\User\OneDrive\Documents\Uni\Dissertation\SSD Files\Kingston A400\TRIM Deletion\Recovered data\398-$RJ5D7CC.doc,.doc,0.09,OK,
C:\Users\User\OneDrive\Documents\Uni\Dissertation\SSD Files\Kingston A400\TRIM Deletion\Recovered data\3981-$R01FX9W.xls,.xls,0.08,OK,
C:\Users\User\OneDrive\Documents\Uni\Dissertation\SSD Files\Kingston A400\TRIM Deletion\Recovered data\3984-$RB6OOKP.xls,.xls,0.15,OK,
C:\Users\User\OneDrive\Documents\Uni\Dissertation\SSD Files\Kingston A400\TRIM Deletion\Recovered data\3987-$RHP5ADD.xls,.xls,0.07,OK,
C:\Users\User\OneDrive\Documents\Uni\Dissertation\SSD Files\Kingston A400\TRIM Deletion\Recovered data\3990-$RQRAHVL.xls,.xls,0.08,OK,
C:\Users\User\OneDrive\Documents\Uni\Dissertation\SSD Files\Kingston A400\TRIM Deletion\Recovered data\3993-$RKED8KV.xls,.xls,0.02,OK,
C:\Users\User\OneDrive\Documents\Uni\Dissertation\SSD Files\Kingston A400\TRIM Deletion\Recovered data\3996-$R27L8F1.xls,.xls,0.02,OK,
C:\Users\User\OneDrive\Documents\Uni\Dissertation\SSD Files\Kingston A400\TRIM Deletion\Recovered data\3999-$R7F44PW.xls,.xls,0.02,OK,
C:\Users\User\OneDrive\Documents\Uni\Dissertation\SSD Files\Kingston A400\TRIM Deletion\Recovered data\400-$RF90QQZ.doc,.doc,0.21,OK,
C:\Users\User\OneDrive\Documents\Uni\Dissertation\SSD Files\Kingston A400\TRIM Deletion\Recovered data\4002-$RKREUF8.xls,.xls,0.04,OK,
C:\Users\User\OneDrive\Documents\Uni\Dissertation\SSD Files\Kingston A400\TRIM Deletion\Recovered data\4005-$R0TM01R.xls,.xls,0.58,FAILED,"(-2147352567, 'Exception occurred.', (0, 'Microsoft Excel', 'Open method of Workbooks class failed', 'xlmain11.chm', 0, -2146827284), None)"
C:\Users\User\OneDrive\Documents\Uni\Dissertation\SSD Files\Kingston A400\TRIM Deletion\Recovered data\4008-$RD1M03N.xls,.xls,0.49,OK,
C:\Users\User\OneDrive\Documents\Uni\Dissertation\SSD Files\Kingston A400\TRIM Deletion\Recovered data\4011-$R1FKKQY.xls,.xls,0.08,OK,
C:\Users\User\OneDrive\Documents\Uni\Dissertation\SSD Files\Kingston A400\TRIM Deletion\Recovered data\4014-$RJ0SQ95.xls,.xls,0.01,OK,
C:\Users\User\OneDrive\Documents\Uni\Dissertation\SSD Files\Kingston A400\TRIM Deletion\Recovered data\4017-$RHS9M72.xls,.xls,0.03,OK,
C:\Users\User\OneDrive\Documents\Uni\Dissertation\SSD Files\Kingston A400\TRIM Deletion\Recovered data\4019-$RLCLCX1.xls,.xls,0.03,OK,
C:\Users\User\OneDrive\Documents\Uni\Dissertation\SSD Files\Kingston A400\TRIM Deletion\Recovered data\4022-$RI0KXWI.xls,.xls,1.39,OK,
C:\Users\User\OneDrive\Documents\Uni\Dissertation\SSD Files\Kingston A400\TRIM Deletion\Recovered data\4025-$RBK2NQZ.xls,.xls,0.37,OK,
C:\Users\User\OneDrive\Documents\Uni\Dissertation\SSD Files\Kingston A400\TRIM Deletion\Recovered data\4028-$RYZQAMY.xls,.xls,0.02,OK,
C:\Users\User\OneDrive\Documents\Uni\Dissertation\SSD Files\Kingston A400\TRIM Deletion\Recovered data\403-$RQS7XMA.doc,.doc,0.12,OK,
C:\Users\User\OneDrive\Documents\Uni\Dissertation\SSD Files\Kingston A400\TRIM Deletion\Recovered data\4031-$RG6E6Q7.xls,.xls,0.02,OK,
C:\Users\User\OneDrive\Documents\Uni\Dissertation\SSD Files\Kingston A400\TRIM Deletion\Recovered data\4034-$REG5MEH.xls,.xls,0.12,OK,
C:\Users\User\OneDrive\Documents\Uni\Dissertation\SSD Files\Kingston A400\TRIM Deletion\Recovered data\4037-$RBO949W.xls,.xls,0.02,OK,
C:\Users\User\OneDrive\Documents\Uni\Dissertation\SSD Files\Kingston A400\TRIM Deletion\Recovered data\4040-$RDPG8D6.xls,.xls,3.69,OK,
C:\Users\User\OneDrive\Documents\Uni\Dissertation\SSD Files\Kingston A400\TRIM Deletion\Recovered data\4043-$RT4I5OW.xls,.xls,3.12,OK,
C:\Users\User\OneDrive\Documents\Uni\Dissertation\SSD Files\Kingston A400\TRIM Deletion\Recovered data\4046-$RAUCD31.xls,.xls,0.06,OK,
C:\Users\User\OneDrive\Documents\Uni\Dissertation\SSD Files\Kingston A400\TRIM Deletion\Recovered data\4049-$RVJYRED.xls,.xls,2.9,OK,
C:\Users\User\OneDrive\Documents\Uni\Dissertation\SSD Files\Kingston A400\TRIM Deletion\Recovered data\405-$R92PMVE.doc,.doc,0.02,OK,
C:\Users\User\OneDrive\Documents\Uni\Dissertation\SSD Files\Kingston A400\TRIM Deletion\Recovered data\4052-$R10D8B5.xls,.xls,4.33,FAILED,"(-2147352567, 'Exception occurred.', (0, 'Microsoft Excel', 'Office has detected a problem with this file. To help protect your computer this file cannot be opened.', 'xlmain11.chm', 0, -2146827284), None)"
C:\Users\User\OneDrive\Documents\Uni\Dissertation\SSD Files\Kingston A400\TRIM Deletion\Recovered data\4055-$RSYCULD.xls,.xls,0.02,OK,
C:\Users\User\OneDrive\Documents\Uni\Dissertation\SSD Files\Kingston A400\TRIM Deletion\Recovered data\4058-$RSE99LK.xls,.xls,2.66,OK,
C:\Users\User\OneDrive\Documents\Uni\Dissertation\SSD Files\Kingston A400\TRIM Deletion\Recovered data\4061-$RGSZISC.xls,.xls,0.04,OK,
C:\Users\User\OneDrive\Documents\Uni\Dissertation\SSD Files\Kingston A400\TRIM Deletion\Recovered data\4064-$RL4J1CD.xls,.xls,0.1,OK,
C:\Users\User\OneDrive\Documents\Uni\Dissertation\SSD Files\Kingston A400\TRIM Deletion\Recovered data\4067-$RQT6OIN.xls,.xls,3.09,OK,
C:\Users\User\OneDrive\Documents\Uni\Dissertation\SSD Files\Kingston A400\TRIM Deletion\Recovered data\4069-$R8R469X.xls,.xls,4.2,FAILED,"(-2147352567, 'Exception occurred.', (0, 'Microsoft Excel', 'Office has detected a problem with this file. To help protect your computer this file cannot be opened.', 'xlmain11.chm', 0, -2146827284), None)"
C:\Users\User\OneDrive\Documents\Uni\Dissertation\SSD Files\Kingston A400\TRIM Deletion\Recovered data\4072-$RRHKJ2G.xls,.xls,0.02,OK,
C:\Users\User\OneDrive\Documents\Uni\Dissertation\SSD Files\Kingston A400\TRIM Deletion\Recovered data\4075-$RN1RAM0.xls,.xls,3.81,OK,
C:\Users\User\OneDrive\Documents\Uni\Dissertation\SSD Files\Kingston A400\TRIM Deletion\Recovered data\4078-$RHLWKX8.xls,.xls,0.05,OK,
C:\Users\User\OneDrive\Documents\Uni\Dissertation\SSD Files\Kingston A400\TRIM Deletion\Recovered data\408-$RNAFON5.doc,.doc,0.05,OK,
C:\Users\User\OneDrive\Documents\Uni\Dissertation\SSD Files\Kingston A400\TRIM Deletion\Recovered data\4081-$RV0IRRT.xls,.xls,2.4,OK,
C:\Users\User\OneDrive\Documents\Uni\Dissertation\SSD Files\Kingston A400\TRIM Deletion\Recovered data\4083-$ROFCHPJ.xls,.xls,0.03,OK,
C:\Users\User\OneDrive\Documents\Uni\Dissertation\SSD Files\Kingston A400\TRIM Deletion\Recovered data\4086-$RMOM56E.xls,.xls,0.03,OK,
C:\Users\User\OneDrive\Documents\Uni\Dissertation\SSD Files\Kingston A400\TRIM Deletion\Recovered data\4089-$R1YJBU7.xls,.xls,0.03,OK,
C:\Users\User\OneDrive\Documents\Uni\Dissertation\SSD Files\Kingston A400\TRIM Deletion\Recovered data\4092-$RSLKU46.xls,.xls,0.03,OK,
C:\Users\User\OneDrive\Documents\Uni\Dissertation\SSD Files\Kingston A400\TRIM Deletion\Recovered data\4095-$RGJZJR7.xls,.xls,0.04,OK,
C:\Users\User\OneDrive\Documents\Uni\Dissertation\SSD Files\Kingston A400\TRIM Deletion\Recovered data\4097-$RDSJ0YM.xls,.xls,0.64,OK,
C:\Users\User\OneDrive\Documents\Uni\Dissertation\SSD Files\Kingston A400\TRIM Deletion\Recovered data\4100-$RBNOJM0.xls,.xls,0.71,OK,
C:\Users\User\OneDrive\Documents\Uni\Dissertation\SSD Files\Kingston A400\TRIM Deletion\Recovered data\4103-$RT8F5WK.xls,.xls,0.07,OK,
C:\Users\User\OneDrive\Documents\Uni\Dissertation\SSD Files\Kingston A400\TRIM Deletion\Recovered data\4106-$RZ5VW1L.xls,.xls,0.05,OK,
C:\Users\User\OneDrive\Documents\Uni\Dissertation\SSD Files\Kingston A400\TRIM Deletion\Recovered data\4109-$R3RXIBI.xls,.xls,0.12,FAILED,"(-2147352567, 'Exception occurred.', (0, 'Microsoft Excel', 'Office has detected a problem with this file. To help protect your computer this file cannot be opened.', 'xlmain11.chm', 0, -2146827284), None)"
C:\Users\User\OneDrive\Documents\Uni\Dissertation\SSD Files\Kingston A400\TRIM Deletion\Recovered data\411-$R30T35Z.doc,.doc,0.07,OK,
C:\Users\User\OneDrive\Documents\Uni\Dissertation\SSD Files\Kingston A400\TRIM Deletion\Recovered data\4112-$RUK1GU4.xls,.xls,0.04,OK,
C:\Users\User\OneDrive\Documents\Uni\Dissertation\SSD Files\Kingston A400\TRIM Deletion\Recovered data\4115-$RSG8HNB.xls,.xls,0.04,OK,
C:\Users\User\OneDrive\Documents\Uni\Dissertation\SSD Files\Kingston A400\TRIM Deletion\Recovered data\4118-$REM33LB.xls,.xls,0.36,OK,
C:\Users\User\OneDrive\Documents\Uni\Dissertation\SSD Files\Kingston A400\TRIM Deletion\Recovered data\4121-$RNGCLO6.xls,.xls,0.93,OK,
C:\Users\User\OneDrive\Documents\Uni\Dissertation\SSD Files\Kingston A400\TRIM Deletion\Recovered data\4123-$R63Z5X6.xls,.xls,0.54,FAILED,"(-2147352567, 'Exception occurred.', (0, 'Microsoft Excel', 'Office has detected a problem with this file. To help protect your computer this file cannot be opened.', 'xlmain11.chm', 0, -2146827284), None)"
C:\Users\User\OneDrive\Documents\Uni\Dissertation\SSD Files\Kingston A400\TRIM Deletion\Recovered data\4126-$RUH8WM4.xls,.xls,13.43,OK,
C:\Users\User\OneDrive\Documents\Uni\Dissertation\SSD Files\Kingston A400\TRIM Deletion\Recovered data\4129-$RKVII1E.xls,.xls,0.07,OK,
C:\Users\User\OneDrive\Documents\Uni\Dissertation\SSD Files\Kingston A400\TRIM Deletion\Recovered data\4132-$RVS1WX4.xls,.xls,0.1,OK,
C:\Users\User\OneDrive\Documents\Uni\Dissertation\SSD Files\Kingston A400\TRIM Deletion\Recovered data\4135-$RKO761H.xls,.xls,0.02,OK,
C:\Users\User\OneDrive\Documents\Uni\Dissertation\SSD Files\Kingston A400\TRIM Deletion\Recovered data\4138-$R9RZOQX.xls,.xls,0.47,FAILED,"(-2147352567, 'Exception occurred.', (0, 'Microsoft Excel', 'Office has detected a problem with this file. To help protect your computer this file cannot be opened.', 'xlmain11.chm', 0, -2146827284), None)"
C:\Users\User\OneDrive\Documents\Uni\Dissertation\SSD Files\Kingston A400\TRIM Deletion\Recovered data\414-$RBSNB6Y.doc,.doc,0.74,OK,
C:\Users\User\OneDrive\Documents\Uni\Dissertation\SSD Files\Kingston A400\TRIM Deletion\Recovered data\4141-$RQQ2YXV.xls,.xls,3.59,OK,
C:\Users\User\OneDrive\Documents\Uni\Dissertation\SSD Files\Kingston A400\TRIM Deletion\Recovered data\4144-$R1NMQJC.xls,.xls,3.71,FAILED,"(-2147352567, 'Exception occurred.', (0, 'Microsoft Excel', 'Office has detected a problem with this file. To help protect your computer this file cannot be opened.', 'xlmain11.chm', 0, -2146827284), None)"
C:\Users\User\OneDrive\Documents\Uni\Dissertation\SSD Files\Kingston A400\TRIM Deletion\Recovered data\4147-$RYHXGG9.xls,.xls,0.03,OK,
C:\Users\User\OneDrive\Documents\Uni\Dissertation\SSD Files\Kingston A400\TRIM Deletion\Recovered data\4149-$RYWSOHU.xls,.xls,0.03,OK,
C:\Users\User\OneDrive\Documents\Uni\Dissertation\SSD Files\Kingston A400\TRIM Deletion\Recovered data\4152-$R9SZWIQ.xls,.xls,0.3,OK,
C:\Users\User\OneDrive\Documents\Uni\Dissertation\SSD Files\Kingston A400\TRIM Deletion\Recovered data\4154-$RCJTT6E.xls,.xls,0.02,OK,
C:\Users\User\OneDrive\Documents\Uni\Dissertation\SSD Files\Kingston A400\TRIM Deletion\Recovered data\4157-$RAF6D1T.xls,.xls,0.07,OK,
C:\Users\User\OneDrive\Documents\Uni\Dissertation\SSD Files\Kingston A400\TRIM Deletion\Recovered data\4160-$RSUPLGH.xls,.xls,0.04,OK,
C:\Users\User\OneDrive\Documents\Uni\Dissertation\SSD Files\Kingston A400\TRIM Deletion\Recovered data\4163-$R1BMKC5.xls,.xls,0.02,OK,
C:\Users\User\OneDrive\Documents\Uni\Dissertation\SSD Files\Kingston A400\TRIM Deletion\Recovered data\4166-$RP4G1K2.xls,.xls,0.48,OK,
C:\Users\User\OneDrive\Documents\Uni\Dissertation\SSD Files\Kingston A400\TRIM Deletion\Recovered data\4168-$RIL6Z1N.xls,.xls,0.1,OK,
C:\Users\User\OneDrive\Documents\Uni\Dissertation\SSD Files\Kingston A400\TRIM Deletion\Recovered data\417-$RSKF5ET.doc,.doc,0.05,OK,
C:\Users\User\OneDrive\Documents\Uni\Dissertation\SSD Files\Kingston A400\TRIM Deletion\Recovered data\4171-$RUD5T1B.xls,.xls,0.03,OK,
C:\Users\User\OneDrive\Documents\Uni\Dissertation\SSD Files\Kingston A400\TRIM Deletion\Recovered data\4174-$R1HSF03.xls,.xls,0.05,OK,
C:\Users\User\OneDrive\Documents\Uni\Dissertation\SSD Files\Kingston A400\TRIM Deletion\Recovered data\4177-$R02XSCW.xls,.xls,0.02,OK,
C:\Users\User\OneDrive\Documents\Uni\Dissertation\SSD Files\Kingston A400\TRIM Deletion\Recovered data\4180-$RMUPTUG.xls,.xls,0.03,OK,
C:\Users\User\OneDrive\Documents\Uni\Dissertation\SSD Files\Kingston A400\TRIM Deletion\Recovered data\4183-$RYJNUD7.xls,.xls,0.04,OK,
C:\Users\User\OneDrive\Documents\Uni\Dissertation\SSD Files\Kingston A400\TRIM Deletion\Recovered data\4186-$RE1NAFP.xls,.xls,0.09,OK,
C:\Users\User\OneDrive\Documents\Uni\Dissertation\SSD Files\Kingston A400\TRIM Deletion\Recovered data\4189-$R9PK2PT.xls,.xls,0.18,FAILED,"(-2147352567, 'Exception occurred.', (0, 'Microsoft Excel', 'Office has detected a problem with this file. To help protect your computer this file cannot be opened.', 'xlmain11.chm', 0, -2146827284), None)"
C:\Users\User\OneDrive\Documents\Uni\Dissertation\SSD Files\Kingston A400\TRIM Deletion\Recovered data\4192-$R4TCIP1.xls,.xls,0.17,FAILED,"(-2147352567, 'Exception occurred.', (0, 'Microsoft Excel', 'Open method of Workbooks class failed', 'xlmain11.chm', 0, -2146827284), None)"
C:\Users\User\OneDrive\Documents\Uni\Dissertation\SSD Files\Kingston A400\TRIM Deletion\Recovered data\4195-$R80RH86.xls,.xls,0.03,OK,
C:\Users\User\OneDrive\Documents\Uni\Dissertation\SSD Files\Kingston A400\TRIM Deletion\Recovered data\4198-$RA9PO6G.xls,.xls,0.16,FAILED,"(-2147352567, 'Exception occurred.', (0, 'Microsoft Excel', 'Office has detected a problem with this file. To help protect your computer this file cannot be opened.', 'xlmain11.chm', 0, -2146827284), None)"
C:\Users\User\OneDrive\Documents\Uni\Dissertation\SSD Files\Kingston A400\TRIM Deletion\Recovered data\420-$R1ZXTNE.doc,.doc,0.05,OK,
C:\Users\User\OneDrive\Documents\Uni\Dissertation\SSD Files\Kingston A400\TRIM Deletion\Recovered data\4200-$RE6FU20.xls,.xls,2.99,OK,
C:\Users\User\OneDrive\Documents\Uni\Dissertation\SSD Files\Kingston A400\TRIM Deletion\Recovered data\4203-$RUAU6GN.xls,.xls,0.03,OK,
C:\Users\User\OneDrive\Documents\Uni\Dissertation\SSD Files\Kingston A400\TRIM Deletion\Recovered data\4206-$RQEKUCH.xls,.xls,0.03,OK,
C:\Users\User\OneDrive\Documents\Uni\Dissertation\SSD Files\Kingston A400\TRIM Deletion\Recovered data\4209-$RRUQ75O.xls,.xls,0.02,OK,
C:\Users\User\OneDrive\Documents\Uni\Dissertation\SSD Files\Kingston A400\TRIM Deletion\Recovered data\4211-$R0Y93YL.xls,.xls,0.07,OK,
C:\Users\User\OneDrive\Documents\Uni\Dissertation\SSD Files\Kingston A400\TRIM Deletion\Recovered data\4214-$R5ZBFGK.xls,.xls,0.09,FAILED,"(-2147352567, 'Exception occurred.', (0, 'Microsoft Excel', 'Office has detected a problem with this file. To help protect your computer this file cannot be opened.', 'xlmain11.chm', 0, -2146827284), None)"
C:\Users\User\OneDrive\Documents\Uni\Dissertation\SSD Files\Kingston A400\TRIM Deletion\Recovered data\4217-$RII33CN.xls,.xls,0.03,OK,
C:\Users\User\OneDrive\Documents\Uni\Dissertation\SSD Files\Kingston A400\TRIM Deletion\Recovered data\4220-$RX3DQQ2.xls,.xls,0.06,OK,
C:\Users\User\OneDrive\Documents\Uni\Dissertation\SSD Files\Kingston A400\TRIM Deletion\Recovered data\4223-$RO7VG3S.xls,.xls,0.02,OK,
C:\Users\User\OneDrive\Documents\Uni\Dissertation\SSD Files\Kingston A400\TRIM Deletion\Recovered data\4225-$RJCTL0N.xls,.xls,0.05,OK,
C:\Users\User\OneDrive\Documents\Uni\Dissertation\SSD Files\Kingston A400\TRIM Deletion\Recovered data\4228-$RFAWN49.xls,.xls,0.02,OK,
C:\Users\User\OneDrive\Documents\Uni\Dissertation\SSD Files\Kingston A400\TRIM Deletion\Recovered data\423-$R0K6ECZ.doc,.doc,0.61,FAILED,"(-2147352567, 'Exception occurred.', (0, 'Microsoft Word', 'Word experienced an error trying to open the file.\nTry these suggestions.\n* Check the file permissions for the document or drive.\n* Make sure there is sufficient free memory and disk space.\n* Open the file with the Text Recovery converter.\r (C:\\Users\\User\\...\\423-$R0K6ECZ.doc)', 'wdmain11.chm', 24601, -2146823167), None)"
C:\Users\User\OneDrive\Documents\Uni\Dissertation\SSD Files\Kingston A400\TRIM Deletion\Recovered data\4230-$RI6JDWF.xls,.xls,0.03,OK,
C:\Users\User\OneDrive\Documents\Uni\Dissertation\SSD Files\Kingston A400\TRIM Deletion\Recovered data\4233-$R77T7FG.xls,.xls,5.5,FAILED,"(-2147352567, 'Exception occurred.', (0, 'Microsoft Excel', 'Office has detected a problem with this file. To help protect your computer this file cannot be opened.', 'xlmain11.chm', 0, -2146827284), None)"
C:\Users\User\OneDrive\Documents\Uni\Dissertation\SSD Files\Kingston A400\TRIM Deletion\Recovered data\4236-$R0LDXAJ.xls,.xls,0.09,FAILED,"(-2147352567, 'Exception occurred.', (0, 'Microsoft Excel', 'Office has detected a problem with this file. To help protect your computer this file cannot be opened.', 'xlmain11.chm', 0, -2146827284), None)"
C:\Users\User\OneDrive\Documents\Uni\Dissertation\SSD Files\Kingston A400\TRIM Deletion\Recovered data\4239-$RA65HVV.xls,.xls,0.04,OK,
C:\Users\User\OneDrive\Documents\Uni\Dissertation\SSD Files\Kingston A400\TRIM Deletion\Recovered data\4242-$RE4AIKY.xls,.xls,0.38,OK,
C:\Users\User\OneDrive\Documents\Uni\Dissertation\SSD Files\Kingston A400\TRIM Deletion\Recovered data\4245-$RFNPIJF.xls,.xls,0.03,OK,
C:\Users\User\OneDrive\Documents\Uni\Dissertation\SSD Files\Kingston A400\TRIM Deletion\Recovered data\4248-$R8F0N3V.xls,.xls,0.03,OK,
C:\Users\User\OneDrive\Documents\Uni\Dissertation\SSD Files\Kingston A400\TRIM Deletion\Recovered data\4251-$RZEH21A.xls,.xls,0.03,OK,
C:\Users\User\OneDrive\Documents\Uni\Dissertation\SSD Files\Kingston A400\TRIM Deletion\Recovered data\4254-$RNJI6EH.xls,.xls,0.21,OK,
C:\Users\User\OneDrive\Documents\Uni\Dissertation\SSD Files\Kingston A400\TRIM Deletion\Recovered data\4256-$RX6ZCD1.xls,.xls,0.11,OK,
C:\Users\User\OneDrive\Documents\Uni\Dissertation\SSD Files\Kingston A400\TRIM Deletion\Recovered data\4259-$RE2V1Z9.xls,.xls,23.22,OK,
C:\Users\User\OneDrive\Documents\Uni\Dissertation\SSD Files\Kingston A400\TRIM Deletion\Recovered data\426-$RPR0U6B.doc,.doc,0.03,OK,
C:\Users\User\OneDrive\Documents\Uni\Dissertation\SSD Files\Kingston A400\TRIM Deletion\Recovered data\4262-$R973R0Z.xls,.xls,0.03,OK,
C:\Users\User\OneDrive\Documents\Uni\Dissertation\SSD Files\Kingston A400\TRIM Deletion\Recovered data\4264-$RVTEG46.xls,.xls,0.03,OK,
C:\Users\User\OneDrive\Documents\Uni\Dissertation\SSD Files\Kingston A400\TRIM Deletion\Recovered data\4266-$RH6YQFU.xls,.xls,0.02,OK,
C:\Users\User\OneDrive\Documents\Uni\Dissertation\SSD Files\Kingston A400\TRIM Deletion\Recovered data\4269-$R0YKC64.xls,.xls,0.1,FAILED,"(-2147352567, 'Exception occurred.', (0, 'Microsoft Excel', 'Unable to read file.', 'xlmain11.chm', 0, -2146827284), None)"
C:\Users\User\OneDrive\Documents\Uni\Dissertation\SSD Files\Kingston A400\TRIM Deletion\Recovered data\4272-$RLNZP5S.xls,.xls,0.09,OK,
C:\Users\User\OneDrive\Documents\Uni\Dissertation\SSD Files\Kingston A400\TRIM Deletion\Recovered data\4275-$R509V88.xls,.xls,0.03,OK,
C:\Users\User\OneDrive\Documents\Uni\Dissertation\SSD Files\Kingston A400\TRIM Deletion\Recovered data\4278-$REXNVV0.xls,.xls,0.02,OK,
C:\Users\User\OneDrive\Documents\Uni\Dissertation\SSD Files\Kingston A400\TRIM Deletion\Recovered data\4281-$RNDMKT9.xls,.xls,0.02,OK,
C:\Users\User\OneDrive\Documents\Uni\Dissertation\SSD Files\Kingston A400\TRIM Deletion\Recovered data\4284-$RTYR1YC.xls,.xls,0.02,OK,
C:\Users\User\OneDrive\Documents\Uni\Dissertation\SSD Files\Kingston A400\TRIM Deletion\Recovered data\4287-$R7I7JEP.xls,.xls,0.07,OK,
C:\Users\User\OneDrive\Documents\Uni\Dissertation\SSD Files\Kingston A400\TRIM Deletion\Recovered data\429-$RLFHUR2.doc,.doc,0.35,OK,
C:\Users\User\OneDrive\Documents\Uni\Dissertation\SSD Files\Kingston A400\TRIM Deletion\Recovered data\4290-$R57N4HE.xls,.xls,0.35,FAILED,"(-2147352567, 'Exception occurred.', (0, 'Microsoft Excel', 'Office has detected a problem with this file. To help protect your computer this file cannot be opened.', 'xlmain11.chm', 0, -2146827284), None)"
C:\Users\User\OneDrive\Documents\Uni\Dissertation\SSD Files\Kingston A400\TRIM Deletion\Recovered data\4293-$RQVOOR4.xls,.xls,0.03,OK,
C:\Users\User\OneDrive\Documents\Uni\Dissertation\SSD Files\Kingston A400\TRIM Deletion\Recovered data\4296-$R691T1I.xls,.xls,0.06,OK,
C:\Users\User\OneDrive\Documents\Uni\Dissertation\SSD Files\Kingston A400\TRIM Deletion\Recovered data\4299-$R4ZOPPR.xls,.xls,0.02,OK,
C:\Users\User\OneDrive\Documents\Uni\Dissertation\SSD Files\Kingston A400\TRIM Deletion\Recovered data\4301-$RA5UFIH.xls,.xls,0.02,OK,
C:\Users\User\OneDrive\Documents\Uni\Dissertation\SSD Files\Kingston A400\TRIM Deletion\Recovered data\4304-$R1X8UZ5.xls,.xls,0.04,OK,
C:\Users\User\OneDrive\Documents\Uni\Dissertation\SSD Files\Kingston A400\TRIM Deletion\Recovered data\4307-$RUU46A6.xls,.xls,0.07,OK,
C:\Users\User\OneDrive\Documents\Uni\Dissertation\SSD Files\Kingston A400\TRIM Deletion\Recovered data\4309-$RH9KSU1.xls,.xls,0.05,OK,
C:\Users\User\OneDrive\Documents\Uni\Dissertation\SSD Files\Kingston A400\TRIM Deletion\Recovered data\4311-$RB0KP3E.xls,.xls,0.03,OK,
C:\Users\User\OneDrive\Documents\Uni\Dissertation\SSD Files\Kingston A400\TRIM Deletion\Recovered data\4314-$RSSYHF6.xls,.xls,0.02,OK,
C:\Users\User\OneDrive\Documents\Uni\Dissertation\SSD Files\Kingston A400\TRIM Deletion\Recovered data\4317-$RKX8OVX.xls,.xls,0.03,OK,
C:\Users\User\OneDrive\Documents\Uni\Dissertation\SSD Files\Kingston A400\TRIM Deletion\Recovered data\432-$RQE4P99.doc,.doc,0.19,OK,
C:\Users\User\OneDrive\Documents\Uni\Dissertation\SSD Files\Kingston A400\TRIM Deletion\Recovered data\4320-$R50U116.xls,.xls,0.02,OK,
C:\Users\User\OneDrive\Documents\Uni\Dissertation\SSD Files\Kingston A400\TRIM Deletion\Recovered data\4323-$R9CTIA4.xls,.xls,0.09,OK,
C:\Users\User\OneDrive\Documents\Uni\Dissertation\SSD Files\Kingston A400\TRIM Deletion\Recovered data\4326-$RNBY6EJ.xls,.xls,0.03,OK,
C:\Users\User\OneDrive\Documents\Uni\Dissertation\SSD Files\Kingston A400\TRIM Deletion\Recovered data\4329-$R5RJSRH.xls,.xls,0.03,OK,
C:\Users\User\OneDrive\Documents\Uni\Dissertation\SSD Files\Kingston A400\TRIM Deletion\Recovered data\4332-$R3ZH745.xls,.xls,0.14,FAILED,"(-2147352567, 'Exception occurred.', (0, 'Microsoft Excel', 'Open method of Workbooks class failed', 'xlmain11.chm', 0, -2146827284), None)"
C:\Users\User\OneDrive\Documents\Uni\Dissertation\SSD Files\Kingston A400\TRIM Deletion\Recovered data\4335-$R3TO2UT.xls,.xls,0.04,OK,
C:\Users\User\OneDrive\Documents\Uni\Dissertation\SSD Files\Kingston A400\TRIM Deletion\Recovered data\4338-$R5E9PP7.xls,.xls,0.04,OK,
C:\Users\User\OneDrive\Documents\Uni\Dissertation\SSD Files\Kingston A400\TRIM Deletion\Recovered data\4341-$RJD5ITU.xls,.xls,0.03,OK,
C:\Users\User\OneDrive\Documents\Uni\Dissertation\SSD Files\Kingston A400\TRIM Deletion\Recovered data\4344-$RXJKF8K.xls,.xls,0.08,OK,
C:\Users\User\OneDrive\Documents\Uni\Dissertation\SSD Files\Kingston A400\TRIM Deletion\Recovered data\4347-$RP334SO.xls,.xls,0.02,OK,
C:\Users\User\OneDrive\Documents\Uni\Dissertation\SSD Files\Kingston A400\TRIM Deletion\Recovered data\435-$RSPA2CI.doc,.doc,0.18,OK,
C:\Users\User\OneDrive\Documents\Uni\Dissertation\SSD Files\Kingston A400\TRIM Deletion\Recovered data\4350-$RTAKC7X.xls,.xls,0.02,OK,
C:\Users\User\OneDrive\Documents\Uni\Dissertation\SSD Files\Kingston A400\TRIM Deletion\Recovered data\4353-$R3CV1EA.xls,.xls,0.18,FAILED,"(-2147352567, 'Exception occurred.', (0, 'Microsoft Excel', 'Open method of Workbooks class failed', 'xlmain11.chm', 0, -2146827284), None)"
C:\Users\User\OneDrive\Documents\Uni\Dissertation\SSD Files\Kingston A400\TRIM Deletion\Recovered data\4356-$RARTQJ6.xls,.xls,0.18,FAILED,"(-2147352567, 'Exception occurred.', (0, 'Microsoft Excel', 'Office has detected a problem with this file. To help protect your computer this file cannot be opened.', 'xlmain11.chm', 0, -2146827284), None)"
C:\Users\User\OneDrive\Documents\Uni\Dissertation\SSD Files\Kingston A400\TRIM Deletion\Recovered data\4359-$R4GTN1N.xls,.xls,0.02,OK,
C:\Users\User\OneDrive\Documents\Uni\Dissertation\SSD Files\Kingston A400\TRIM Deletion\Recovered data\4362-$R3NFGMR.xls,.xls,2.95,FAILED,"(-2147352567, 'Exception occurred.', (0, 'Microsoft Excel', 'Office has detected a problem with this file. To help protect your computer this file cannot be opened.', 'xlmain11.chm', 0, -2146827284), None)"
C:\Users\User\OneDrive\Documents\Uni\Dissertation\SSD Files\Kingston A400\TRIM Deletion\Recovered data\4365-$RFZTL9S.xls,.xls,0.04,OK,
C:\Users\User\OneDrive\Documents\Uni\Dissertation\SSD Files\Kingston A400\TRIM Deletion\Recovered data\4368-$RVTFB8X.xls,.xls,0.12,OK,
C:\Users\User\OneDrive\Documents\Uni\Dissertation\SSD Files\Kingston A400\TRIM Deletion\Recovered data\4371-$R4BNORU.xls,.xls,0.09,OK,
C:\Users\User\OneDrive\Documents\Uni\Dissertation\SSD Files\Kingston A400\TRIM Deletion\Recovered data\4373-$R4A200D.xls,.xls,0.02,OK,
C:\Users\User\OneDrive\Documents\Uni\Dissertation\SSD Files\Kingston A400\TRIM Deletion\Recovered data\4376-$RCFW6Y2.xls,.xls,0.03,OK,
C:\Users\User\OneDrive\Documents\Uni\Dissertation\SSD Files\Kingston A400\TRIM Deletion\Recovered data\4378-$R2XUMM8.xls,.xls,0.39,FAILED,"(-2147352567, 'Exception occurred.', (0, 'Microsoft Excel', 'Office has detected a problem with this file. To help protect your computer this file cannot be opened.', 'xlmain11.chm', 0, -2146827284), None)"
C:\Users\User\OneDrive\Documents\Uni\Dissertation\SSD Files\Kingston A400\TRIM Deletion\Recovered data\438-$RQO66WX.doc,.doc,0.09,OK,
C:\Users\User\OneDrive\Documents\Uni\Dissertation\SSD Files\Kingston A400\TRIM Deletion\Recovered data\4381-$RQBG4LZ.xls,.xls,0.04,OK,
C:\Users\User\OneDrive\Documents\Uni\Dissertation\SSD Files\Kingston A400\TRIM Deletion\Recovered data\4384-$RMURZ87.xls,.xls,2.62,OK,
C:\Users\User\OneDrive\Documents\Uni\Dissertation\SSD Files\Kingston A400\TRIM Deletion\Recovered data\4387-$RBPASFL.xls,.xls,0.24,OK,
C:\Users\User\OneDrive\Documents\Uni\Dissertation\SSD Files\Kingston A400\TRIM Deletion\Recovered data\4390-$RMV9O91.xls,.xls,0.06,OK,
C:\Users\User\OneDrive\Documents\Uni\Dissertation\SSD Files\Kingston A400\TRIM Deletion\Recovered data\4393-$R63MYU2.xls,.xls,2.14,OK,
C:\Users\User\OneDrive\Documents\Uni\Dissertation\SSD Files\Kingston A400\TRIM Deletion\Recovered data\4396-$R65RCQX.xls,.xls,1.24,OK,
C:\Users\User\OneDrive\Documents\Uni\Dissertation\SSD Files\Kingston A400\TRIM Deletion\Recovered data\4399-$REPVESK.xls,.xls,0.03,OK,
C:\Users\User\OneDrive\Documents\Uni\Dissertation\SSD Files\Kingston A400\TRIM Deletion\Recovered data\4402-$RKAYXU1.xls,.xls,0.69,OK,
C:\Users\User\OneDrive\Documents\Uni\Dissertation\SSD Files\Kingston A400\TRIM Deletion\Recovered data\4404-$R8VZHXK.xls,.xls,0.23,FAILED,"(-2147352567, 'Exception occurred.', (0, 'Microsoft Excel', 'Open method of Workbooks class failed', 'xlmain11.chm', 0, -2146827284), None)"
C:\Users\User\OneDrive\Documents\Uni\Dissertation\SSD Files\Kingston A400\TRIM Deletion\Recovered data\4407-$R05PAH3.xls,.xls,0.07,OK,
C:\Users\User\OneDrive\Documents\Uni\Dissertation\SSD Files\Kingston A400\TRIM Deletion\Recovered data\441-$RKCBKWN.doc,.doc,0.06,OK,
C:\Users\User\OneDrive\Documents\Uni\Dissertation\SSD Files\Kingston A400\TRIM Deletion\Recovered data\4410-$RJ3UUCF.xls,.xls,0.52,OK,
C:\Users\User\OneDrive\Documents\Uni\Dissertation\SSD Files\Kingston A400\TRIM Deletion\Recovered data\4413-$RFWR15R.xls,.xls,0.3,OK,
C:\Users\User\OneDrive\Documents\Uni\Dissertation\SSD Files\Kingston A400\TRIM Deletion\Recovered data\4416-$RZJ3742.xls,.xls,0.2,OK,
C:\Users\User\OneDrive\Documents\Uni\Dissertation\SSD Files\Kingston A400\TRIM Deletion\Recovered data\4419-$RHL2F9E.xls,.xls,0.1,OK,
C:\Users\User\OneDrive\Documents\Uni\Dissertation\SSD Files\Kingston A400\TRIM Deletion\Recovered data\4422-$RW8VLN4.xls,.xls,0.24,OK,
C:\Users\User\OneDrive\Documents\Uni\Dissertation\SSD Files\Kingston A400\TRIM Deletion\Recovered data\4425-$R0673K4.xls,.xls,0.2,FAILED,"(-2147352567, 'Exception occurred.', (0, 'Microsoft Excel', 'Open method of Workbooks class failed', 'xlmain11.chm', 0, -2146827284), None)"
C:\Users\User\OneDrive\Documents\Uni\Dissertation\SSD Files\Kingston A400\TRIM Deletion\Recovered data\4428-$RNF3RNI.xls,.xls,0.15,OK,
C:\Users\User\OneDrive\Documents\Uni\Dissertation\SSD Files\Kingston A400\TRIM Deletion\Recovered data\4431-$ROENPSM.xls,.xls,5.71,OK,
C:\Users\User\OneDrive\Documents\Uni\Dissertation\SSD Files\Kingston A400\TRIM Deletion\Recovered data\4434-$R0X8X8X.xls,.xls,1.54,FAILED,"(-2147352567, 'Exception occurred.', (0, 'Microsoft Excel', 'Office has detected a problem with this file. To help protect your computer this file cannot be opened.', 'xlmain11.chm', 0, -2146827284), None)"
C:\Users\User\OneDrive\Documents\Uni\Dissertation\SSD Files\Kingston A400\TRIM Deletion\Recovered data\4436-$REEUM8N.xls,.xls,0.11,OK,
C:\Users\User\OneDrive\Documents\Uni\Dissertation\SSD Files\Kingston A400\TRIM Deletion\Recovered data\4439-$RY077XX.xls,.xls,0.02,OK,
C:\Users\User\OneDrive\Documents\Uni\Dissertation\SSD Files\Kingston A400\TRIM Deletion\Recovered data\444-$R49UKHQ.doc,.doc,0.07,OK,
C:\Users\User\OneDrive\Documents\Uni\Dissertation\SSD Files\Kingston A400\TRIM Deletion\Recovered data\4441-$RK4KRU1.xls,.xls,0.02,OK,
C:\Users\User\OneDrive\Documents\Uni\Dissertation\SSD Files\Kingston A400\TRIM Deletion\Recovered data\4443-$RO7RMJ9.xls,.xls,0.03,OK,
C:\Users\User\OneDrive\Documents\Uni\Dissertation\SSD Files\Kingston A400\TRIM Deletion\Recovered data\4446-$RGFKCDF.xls,.xls,0.21,OK,
C:\Users\User\OneDrive\Documents\Uni\Dissertation\SSD Files\Kingston A400\TRIM Deletion\Recovered data\4448-$RHC7K30.xls,.xls,0.02,OK,
C:\Users\User\OneDrive\Documents\Uni\Dissertation\SSD Files\Kingston A400\TRIM Deletion\Recovered data\4451-$RJ726I4.xls,.xls,0.2,OK,
C:\Users\User\OneDrive\Documents\Uni\Dissertation\SSD Files\Kingston A400\TRIM Deletion\Recovered data\4454-$RJLNZ02.xls,.xls,0.03,OK,
C:\Users\User\OneDrive\Documents\Uni\Dissertation\SSD Files\Kingston A400\TRIM Deletion\Recovered data\4457-$RQ6MP9B.xls,.xls,0.03,OK,
C:\Users\User\OneDrive\Documents\Uni\Dissertation\SSD Files\Kingston A400\TRIM Deletion\Recovered data\4460-$RRT96K7.xls,.xls,0.17,OK,
C:\Users\User\OneDrive\Documents\Uni\Dissertation\SSD Files\Kingston A400\TRIM Deletion\Recovered data\4463-$REX90XU.xls,.xls,0.04,OK,
C:\Users\User\OneDrive\Documents\Uni\Dissertation\SSD Files\Kingston A400\TRIM Deletion\Recovered data\4466-$RUIRMVH.xls,.xls,0.49,OK,
C:\Users\User\OneDrive\Documents\Uni\Dissertation\SSD Files\Kingston A400\TRIM Deletion\Recovered data\4469-$RVB66FN.xls,.xls,0.11,OK,
C:\Users\User\OneDrive\Documents\Uni\Dissertation\SSD Files\Kingston A400\TRIM Deletion\Recovered data\447-$RSWFRN9.doc,.doc,0.05,OK,
C:\Users\User\OneDrive\Documents\Uni\Dissertation\SSD Files\Kingston A400\TRIM Deletion\Recovered data\4472-$R1V97D0.xls,.xls,0.02,OK,
C:\Users\User\OneDrive\Documents\Uni\Dissertation\SSD Files\Kingston A400\TRIM Deletion\Recovered data\4475-$RDZ763T.xls,.xls,0.02,OK,
C:\Users\User\OneDrive\Documents\Uni\Dissertation\SSD Files\Kingston A400\TRIM Deletion\Recovered data\4478-$RJVMBOO.xls,.xls,0.07,OK,
C:\Users\User\OneDrive\Documents\Uni\Dissertation\SSD Files\Kingston A400\TRIM Deletion\Recovered data\4481-$R5OS0XK.xls,.xls,0.9,FAILED,"(-2147352567, 'Exception occurred.', (0, 'Microsoft Excel', 'Office has detected a problem with this file. To help protect your computer this file cannot be opened.', 'xlmain11.chm', 0, -2146827284), None)"
C:\Users\User\OneDrive\Documents\Uni\Dissertation\SSD Files\Kingston A400\TRIM Deletion\Recovered data\4483-$RPP90TV.xls,.xls,0.01,OK,
C:\Users\User\OneDrive\Documents\Uni\Dissertation\SSD Files\Kingston A400\TRIM Deletion\Recovered data\4486-$RAEY7S6.xls,.xls,0.07,OK,
C:\Users\User\OneDrive\Documents\Uni\Dissertation\SSD Files\Kingston A400\TRIM Deletion\Recovered data\4489-$RUFGDJ6.xls,.xls,1.04,OK,
C:\Users\User\OneDrive\Documents\Uni\Dissertation\SSD Files\Kingston A400\TRIM Deletion\Recovered data\4492-$RO2BVLX.xls,.xls,0.12,OK,
C:\Users\User\OneDrive\Documents\Uni\Dissertation\SSD Files\Kingston A400\TRIM Deletion\Recovered data\4495-$RTOTYZZ.xls,.xls,0.01,OK,
C:\Users\User\OneDrive\Documents\Uni\Dissertation\SSD Files\Kingston A400\TRIM Deletion\Recovered data\4498-$RHJLVCV.xls,.xls,0.04,OK,
C:\Users\User\OneDrive\Documents\Uni\Dissertation\SSD Files\Kingston A400\TRIM Deletion\Recovered data\450-$RELHZMO.doc,.doc,0.06,OK,
C:\Users\User\OneDrive\Documents\Uni\Dissertation\SSD Files\Kingston A400\TRIM Deletion\Recovered data\4500-$RUHNQJQ.xls,.xls,0.05,OK,
C:\Users\User\OneDrive\Documents\Uni\Dissertation\SSD Files\Kingston A400\TRIM Deletion\Recovered data\4503-$RGMNCH0.xls,.xls,0.02,OK,
C:\Users\User\OneDrive\Documents\Uni\Dissertation\SSD Files\Kingston A400\TRIM Deletion\Recovered data\4506-$RGXCSEC.xls,.xls,0.06,OK,
C:\Users\User\OneDrive\Documents\Uni\Dissertation\SSD Files\Kingston A400\TRIM Deletion\Recovered data\4509-$RUQGI93.xls,.xls,0.27,OK,
C:\Users\User\OneDrive\Documents\Uni\Dissertation\SSD Files\Kingston A400\TRIM Deletion\Recovered data\4512-$RNVYH6O.xls,.xls,0.11,OK,
C:\Users\User\OneDrive\Documents\Uni\Dissertation\SSD Files\Kingston A400\TRIM Deletion\Recovered data\4514-$RLPDKM7.xls,.xls,0.03,OK,
C:\Users\User\OneDrive\Documents\Uni\Dissertation\SSD Files\Kingston A400\TRIM Deletion\Recovered data\4517-$RFEYEYA.xls,.xls,0.14,OK,
C:\Users\User\OneDrive\Documents\Uni\Dissertation\SSD Files\Kingston A400\TRIM Deletion\Recovered data\4520-$R1JY2XX.xls,.xls,2.34,FAILED,"(-2147352567, 'Exception occurred.', (0, 'Microsoft Excel', 'Office has detected a problem with this file. To help protect your computer this file cannot be opened.', 'xlmain11.chm', 0, -2146827284), None)"
C:\Users\User\OneDrive\Documents\Uni\Dissertation\SSD Files\Kingston A400\TRIM Deletion\Recovered data\4523-$RCGZP8Y.xls,.xls,0.06,OK,
C:\Users\User\OneDrive\Documents\Uni\Dissertation\SSD Files\Kingston A400\TRIM Deletion\Recovered data\4526-$RV3UDBH.xls,.xls,0.03,OK,
C:\Users\User\OneDrive\Documents\Uni\Dissertation\SSD Files\Kingston A400\TRIM Deletion\Recovered data\4529-$R2BETGA.xls,.xls,0.03,OK,
C:\Users\User\OneDrive\Documents\Uni\Dissertation\SSD Files\Kingston A400\TRIM Deletion\Recovered data\453-$R0FGOQI.doc,.doc,0.04,OK,
C:\Users\User\OneDrive\Documents\Uni\Dissertation\SSD Files\Kingston A400\TRIM Deletion\Recovered data\4532-$RTVL24U.xls,.xls,0.26,OK,
C:\Users\User\OneDrive\Documents\Uni\Dissertation\SSD Files\Kingston A400\TRIM Deletion\Recovered data\4535-$REYXEXH.xls,.xls,3.29,OK,
C:\Users\User\OneDrive\Documents\Uni\Dissertation\SSD Files\Kingston A400\TRIM Deletion\Recovered data\4538-$RRDLDST.xls,.xls,0.02,OK,
C:\Users\User\OneDrive\Documents\Uni\Dissertation\SSD Files\Kingston A400\TRIM Deletion\Recovered data\4541-$R1E268M.xls,.xls,0.04,OK,
C:\Users\User\OneDrive\Documents\Uni\Dissertation\SSD Files\Kingston A400\TRIM Deletion\Recovered data\4544-$RW4012C.xls,.xls,0.04,OK,
C:\Users\User\OneDrive\Documents\Uni\Dissertation\SSD Files\Kingston A400\TRIM Deletion\Recovered data\4547-$RT0SHFU.xls,.xls,0.02,OK,
C:\Users\User\OneDrive\Documents\Uni\Dissertation\SSD Files\Kingston A400\TRIM Deletion\Recovered data\4549-$R3772QG.xls,.xls,0.08,OK,
C:\Users\User\OneDrive\Documents\Uni\Dissertation\SSD Files\Kingston A400\TRIM Deletion\Recovered data\4552-$R83TKF7.xls,.xls,0.03,OK,
C:\Users\User\OneDrive\Documents\Uni\Dissertation\SSD Files\Kingston A400\TRIM Deletion\Recovered data\4555-$RP4UYQ4.xls,.xls,0.31,OK,
C:\Users\User\OneDrive\Documents\Uni\Dissertation\SSD Files\Kingston A400\TRIM Deletion\Recovered data\4558-$R1LAR2J.xls,.xls,0.11,FAILED,"(-2147352567, 'Exception occurred.', (0, 'Microsoft Excel', 'Office has detected a problem with this file. To help protect your computer this file cannot be opened.', 'xlmain11.chm', 0, -2146827284), None)"
C:\Users\User\OneDrive\Documents\Uni\Dissertation\SSD Files\Kingston A400\TRIM Deletion\Recovered data\456-$R25J6UQ.doc,.doc,0.07,OK,
C:\Users\User\OneDrive\Documents\Uni\Dissertation\SSD Files\Kingston A400\TRIM Deletion\Recovered data\4561-$RBF4EEM.xls,.xls,0.05,OK,
C:\Users\User\OneDrive\Documents\Uni\Dissertation\SSD Files\Kingston A400\TRIM Deletion\Recovered data\4564-$RD2EHN0.xls,.xls,5.99,OK,
C:\Users\User\OneDrive\Documents\Uni\Dissertation\SSD Files\Kingston A400\TRIM Deletion\Recovered data\4567-$RVI1LPS.xls,.xls,0.02,OK,
C:\Users\User\OneDrive\Documents\Uni\Dissertation\SSD Files\Kingston A400\TRIM Deletion\Recovered data\4570-$R8HUF7Z.xls,.xls,0.02,OK,
C:\Users\User\OneDrive\Documents\Uni\Dissertation\SSD Files\Kingston A400\TRIM Deletion\Recovered data\4573-$RYHH0DK.xls,.xls,0.07,OK,
C:\Users\User\OneDrive\Documents\Uni\Dissertation\SSD Files\Kingston A400\TRIM Deletion\Recovered data\4576-$RSDHT73.xls,.xls,0.03,OK,
C:\Users\User\OneDrive\Documents\Uni\Dissertation\SSD Files\Kingston A400\TRIM Deletion\Recovered data\4579-$RM29CLH.xls,.xls,0.08,OK,
C:\Users\User\OneDrive\Documents\Uni\Dissertation\SSD Files\Kingston A400\TRIM Deletion\Recovered data\4582-$RJF0CMS.xls,.xls,0.06,OK,
C:\Users\User\OneDrive\Documents\Uni\Dissertation\SSD Files\Kingston A400\TRIM Deletion\Recovered data\4585-$RICQ5IW.xls,.xls,0.05,OK,
C:\Users\User\OneDrive\Documents\Uni\Dissertation\SSD Files\Kingston A400\TRIM Deletion\Recovered data\4587-$R9PZLDX.xls,.xls,0.11,OK,
C:\Users\User\OneDrive\Documents\Uni\Dissertation\SSD Files\Kingston A400\TRIM Deletion\Recovered data\459-$RD43A2W.doc,.doc,0.06,OK,
C:\Users\User\OneDrive\Documents\Uni\Dissertation\SSD Files\Kingston A400\TRIM Deletion\Recovered data\4590-$RCW71U3.xls,.xls,0.02,OK,
C:\Users\User\OneDrive\Documents\Uni\Dissertation\SSD Files\Kingston A400\TRIM Deletion\Recovered data\4593-$RVR19C3.xls,.xls,0.03,OK,
C:\Users\User\OneDrive\Documents\Uni\Dissertation\SSD Files\Kingston A400\TRIM Deletion\Recovered data\4596-$RC3N5G5.xls,.xls,0.04,OK,
C:\Users\User\OneDrive\Documents\Uni\Dissertation\SSD Files\Kingston A400\TRIM Deletion\Recovered data\4599-$RSCMTES.xls,.xls,0.02,OK,
C:\Users\User\OneDrive\Documents\Uni\Dissertation\SSD Files\Kingston A400\TRIM Deletion\Recovered data\4602-$RHQ2Z7R.xls,.xls,0.07,OK,
C:\Users\User\OneDrive\Documents\Uni\Dissertation\SSD Files\Kingston A400\TRIM Deletion\Recovered data\4604-$RXG38JW.xls,.xls,0.03,OK,
C:\Users\User\OneDrive\Documents\Uni\Dissertation\SSD Files\Kingston A400\TRIM Deletion\Recovered data\4607-$RZ3DNX5.xls,.xls,0.25,OK,
C:\Users\User\OneDrive\Documents\Uni\Dissertation\SSD Files\Kingston A400\TRIM Deletion\Recovered data\4610-$R3G2AYI.xls,.xls,0.02,OK,
C:\Users\User\OneDrive\Documents\Uni\Dissertation\SSD Files\Kingston A400\TRIM Deletion\Recovered data\4613-$RYXUN9M.xls,.xls,0.12,OK,
C:\Users\User\OneDrive\Documents\Uni\Dissertation\SSD Files\Kingston A400\TRIM Deletion\Recovered data\4616-$RHE4O8A.xls,.xls,2.64,OK,
C:\Users\User\OneDrive\Documents\Uni\Dissertation\SSD Files\Kingston A400\TRIM Deletion\Recovered data\4619-$RZ3U5K1.xls,.xls,0.02,OK,
C:\Users\User\OneDrive\Documents\Uni\Dissertation\SSD Files\Kingston A400\TRIM Deletion\Recovered data\462-$R8OQG73.doc,.doc,0.09,FAILED,"(-2147352567, 'Exception occurred.', (0, 'Microsoft Word', 'Office has detected a problem with this file. To help protect your computer this file cannot be opened.\r (C:\\Users\\User\\...\\462-$R8OQG73.doc)', 'wdmain11.chm', 25775, -2146821993), None)"
C:\Users\User\OneDrive\Documents\Uni\Dissertation\SSD Files\Kingston A400\TRIM Deletion\Recovered data\4621-$R4CE3O7.xls,.xls,0.02,OK,
C:\Users\User\OneDrive\Documents\Uni\Dissertation\SSD Files\Kingston A400\TRIM Deletion\Recovered data\4624-$R8Z03KJ.xls,.xls,0.02,OK,
C:\Users\User\OneDrive\Documents\Uni\Dissertation\SSD Files\Kingston A400\TRIM Deletion\Recovered data\4627-$R6K3T8H.xls,.xls,0.08,OK,
C:\Users\User\OneDrive\Documents\Uni\Dissertation\SSD Files\Kingston A400\TRIM Deletion\Recovered data\4630-$R33HJ8Y.xls,.xls,0.06,OK,
C:\Users\User\OneDrive\Documents\Uni\Dissertation\SSD Files\Kingston A400\TRIM Deletion\Recovered data\4632-$RBK8BGE.xls,.xls,0.05,OK,
C:\Users\User\OneDrive\Documents\Uni\Dissertation\SSD Files\Kingston A400\TRIM Deletion\Recovered data\4635-$R5965W3.xls,.xls,0.02,OK,
C:\Users\User\OneDrive\Documents\Uni\Dissertation\SSD Files\Kingston A400\TRIM Deletion\Recovered data\4638-$R0GT1G5.xls,.xls,0.03,OK,
C:\Users\User\OneDrive\Documents\Uni\Dissertation\SSD Files\Kingston A400\TRIM Deletion\Recovered data\4640-$R177O94.xls,.xls,0.08,FAILED,"(-2147352567, 'Exception occurred.', (0, 'Microsoft Excel', 'Office has detected a problem with this file. To help protect your computer this file cannot be opened.', 'xlmain11.chm', 0, -2146827284), None)"
C:\Users\User\OneDrive\Documents\Uni\Dissertation\SSD Files\Kingston A400\TRIM Deletion\Recovered data\4643-$RT9LJCD.xls,.xls,0.08,OK,
C:\Users\User\OneDrive\Documents\Uni\Dissertation\SSD Files\Kingston A400\TRIM Deletion\Recovered data\4646-$RO0ML9X.xls,.xls,0.27,OK,
C:\Users\User\OneDrive\Documents\Uni\Dissertation\SSD Files\Kingston A400\TRIM Deletion\Recovered data\4648-$RM5Z632.xls,.xls,0.02,OK,
C:\Users\User\OneDrive\Documents\Uni\Dissertation\SSD Files\Kingston A400\TRIM Deletion\Recovered data\465-$R3HZWMK.doc,.doc,0.03,OK,
C:\Users\User\OneDrive\Documents\Uni\Dissertation\SSD Files\Kingston A400\TRIM Deletion\Recovered data\4651-$R3NWTYU.xls,.xls,0.02,OK,
C:\Users\User\OneDrive\Documents\Uni\Dissertation\SSD Files\Kingston A400\TRIM Deletion\Recovered data\4654-$RZJXUSS.xls,.xls,0.22,OK,
C:\Users\User\OneDrive\Documents\Uni\Dissertation\SSD Files\Kingston A400\TRIM Deletion\Recovered data\4657-$RMFBJ3W.xls,.xls,0.17,OK,
C:\Users\User\OneDrive\Documents\Uni\Dissertation\SSD Files\Kingston A400\TRIM Deletion\Recovered data\4660-$R8L8K8E.xls,.xls,0.27,FAILED,"(-2147352567, 'Exception occurred.', (0, 'Microsoft Excel', 'Office has detected a problem with this file. To help protect your computer this file cannot be opened.', 'xlmain11.chm', 0, -2146827284), None)"
C:\Users\User\OneDrive\Documents\Uni\Dissertation\SSD Files\Kingston A400\TRIM Deletion\Recovered data\4663-$RS6WGIM.xls,.xls,0.03,OK,
C:\Users\User\OneDrive\Documents\Uni\Dissertation\SSD Files\Kingston A400\TRIM Deletion\Recovered data\4666-$RWRGR4V.xls,.xls,0.03,OK,
C:\Users\User\OneDrive\Documents\Uni\Dissertation\SSD Files\Kingston A400\TRIM Deletion\Recovered data\4668-$REEYOEO.xls,.xls,0.02,OK,
C:\Users\User\OneDrive\Documents\Uni\Dissertation\SSD Files\Kingston A400\TRIM Deletion\Recovered data\4671-$RLAE88W.xls,.xls,0.17,OK,
C:\Users\User\OneDrive\Documents\Uni\Dissertation\SSD Files\Kingston A400\TRIM Deletion\Recovered data\4674-$RY2Z3SB.xls,.xls,0.01,OK,
C:\Users\User\OneDrive\Documents\Uni\Dissertation\SSD Files\Kingston A400\TRIM Deletion\Recovered data\4677-$R9XCEXD.xls,.xls,0.04,OK,
C:\Users\User\OneDrive\Documents\Uni\Dissertation\SSD Files\Kingston A400\TRIM Deletion\Recovered data\468-$RDPT2NY.doc,.doc,0.09,OK,
C:\Users\User\OneDrive\Documents\Uni\Dissertation\SSD Files\Kingston A400\TRIM Deletion\Recovered data\4680-$RTHZOQM.xls,.xls,0.03,OK,
C:\Users\User\OneDrive\Documents\Uni\Dissertation\SSD Files\Kingston A400\TRIM Deletion\Recovered data\4682-$RH40118.xls,.xls,0.02,OK,
C:\Users\User\OneDrive\Documents\Uni\Dissertation\SSD Files\Kingston A400\TRIM Deletion\Recovered data\4685-$R5VLWR9.xls,.xls,0.07,OK,
C:\Users\User\OneDrive\Documents\Uni\Dissertation\SSD Files\Kingston A400\TRIM Deletion\Recovered data\4688-$RC1YYZX.xls,.xls,0.03,OK,
C:\Users\User\OneDrive\Documents\Uni\Dissertation\SSD Files\Kingston A400\TRIM Deletion\Recovered data\4691-$RJLTXW7.xls,.xls,0.03,OK,
C:\Users\User\OneDrive\Documents\Uni\Dissertation\SSD Files\Kingston A400\TRIM Deletion\Recovered data\4694-$RNS959S.xls,.xls,0.32,OK,
C:\Users\User\OneDrive\Documents\Uni\Dissertation\SSD Files\Kingston A400\TRIM Deletion\Recovered data\4696-$RR8810K.xls,.xls,0.02,OK,
C:\Users\User\OneDrive\Documents\Uni\Dissertation\SSD Files\Kingston A400\TRIM Deletion\Recovered data\4699-$RBTFO69.xls,.xls,0.02,OK,
C:\Users\User\OneDrive\Documents\Uni\Dissertation\SSD Files\Kingston A400\TRIM Deletion\Recovered data\4702-$R4KBXB0.xls,.xls,0.12,FAILED,"(-2147352567, 'Exception occurred.', (0, 'Microsoft Excel', 'Office has detected a problem with this file. To help protect your computer this file cannot be opened.', 'xlmain11.chm', 0, -2146827284), None)"
C:\Users\User\OneDrive\Documents\Uni\Dissertation\SSD Files\Kingston A400\TRIM Deletion\Recovered data\4704-$RGIQPKE.xls,.xls,0.01,OK,
C:\Users\User\OneDrive\Documents\Uni\Dissertation\SSD Files\Kingston A400\TRIM Deletion\Recovered data\4707-$RTZ2IT6.xls,.xls,0.03,OK,
C:\Users\User\OneDrive\Documents\Uni\Dissertation\SSD Files\Kingston A400\TRIM Deletion\Recovered data\471-$R8H0BS7.doc,.doc,0.11,OK,
C:\Users\User\OneDrive\Documents\Uni\Dissertation\SSD Files\Kingston A400\TRIM Deletion\Recovered data\4710-$RDPC3UE.xls,.xls,0.12,OK,
C:\Users\User\OneDrive\Documents\Uni\Dissertation\SSD Files\Kingston A400\TRIM Deletion\Recovered data\4713-$R12QRFJ.xls,.xls,0.03,OK,
C:\Users\User\OneDrive\Documents\Uni\Dissertation\SSD Files\Kingston A400\TRIM Deletion\Recovered data\4716-$R5N1LR2.xls,.xls,0.03,OK,
C:\Users\User\OneDrive\Documents\Uni\Dissertation\SSD Files\Kingston A400\TRIM Deletion\Recovered data\4719-$RKK7I1E.xls,.xls,0.21,OK,
C:\Users\User\OneDrive\Documents\Uni\Dissertation\SSD Files\Kingston A400\TRIM Deletion\Recovered data\4722-$R71DUX7.xls,.xls,0.18,FAILED,"(-2147352567, 'Exception occurred.', (0, 'Microsoft Excel', 'Open method of Workbooks class failed', 'xlmain11.chm', 0, -2146827284), None)"
C:\Users\User\OneDrive\Documents\Uni\Dissertation\SSD Files\Kingston A400\TRIM Deletion\Recovered data\4724-$R7DBBTO.xls,.xls,0.21,OK,
C:\Users\User\OneDrive\Documents\Uni\Dissertation\SSD Files\Kingston A400\TRIM Deletion\Recovered data\4727-$RQGI85E.xls,.xls,0.22,OK,
C:\Users\User\OneDrive\Documents\Uni\Dissertation\SSD Files\Kingston A400\TRIM Deletion\Recovered data\4730-$RIN9CD1.xls,.xls,0.95,OK,
C:\Users\User\OneDrive\Documents\Uni\Dissertation\SSD Files\Kingston A400\TRIM Deletion\Recovered data\4733-$RVIS4MA.xls,.xls,0.07,OK,
C:\Users\User\OneDrive\Documents\Uni\Dissertation\SSD Files\Kingston A400\TRIM Deletion\Recovered data\4736-$RWSU090.xls,.xls,0.15,OK,
C:\Users\User\OneDrive\Documents\Uni\Dissertation\SSD Files\Kingston A400\TRIM Deletion\Recovered data\4739-$R2PT77F.xls,.xls,0.07,OK,
C:\Users\User\OneDrive\Documents\Uni\Dissertation\SSD Files\Kingston A400\TRIM Deletion\Recovered data\474-$RJWZ5PI.doc,.doc,0.06,OK,
C:\Users\User\OneDrive\Documents\Uni\Dissertation\SSD Files\Kingston A400\TRIM Deletion\Recovered data\4742-$R5ZFEGL.xls,.xls,0.05,OK,
C:\Users\User\OneDrive\Documents\Uni\Dissertation\SSD Files\Kingston A400\TRIM Deletion\Recovered data\4745-$RI2WNWC.xls,.xls,0.04,OK,
C:\Users\User\OneDrive\Documents\Uni\Dissertation\SSD Files\Kingston A400\TRIM Deletion\Recovered data\4748-$R7RY9Y3.xls,.xls,0.11,FAILED,"(-2147352567, 'Exception occurred.', (0, 'Microsoft Excel', 'Open method of Workbooks class failed', 'xlmain11.chm', 0, -2146827284), None)"
C:\Users\User\OneDrive\Documents\Uni\Dissertation\SSD Files\Kingston A400\TRIM Deletion\Recovered data\4751-$R9CXBDW.xls,.xls,0.01,OK,
C:\Users\User\OneDrive\Documents\Uni\Dissertation\SSD Files\Kingston A400\TRIM Deletion\Recovered data\4754-$RL9R8ZF.xls,.xls,0.09,OK,
C:\Users\User\OneDrive\Documents\Uni\Dissertation\SSD Files\Kingston A400\TRIM Deletion\Recovered data\4757-$RIAF0KR.xls,.xls,0.03,OK,
C:\Users\User\OneDrive\Documents\Uni\Dissertation\SSD Files\Kingston A400\TRIM Deletion\Recovered data\4760-$R5O7LT9.xls,.xls,0.03,OK,
C:\Users\User\OneDrive\Documents\Uni\Dissertation\SSD Files\Kingston A400\TRIM Deletion\Recovered data\4763-$RYTGYYG.xls,.xls,0.04,OK,
C:\Users\User\OneDrive\Documents\Uni\Dissertation\SSD Files\Kingston A400\TRIM Deletion\Recovered data\4766-$RZ1KO2V.xls,.xls,0.02,OK,
C:\Users\User\OneDrive\Documents\Uni\Dissertation\SSD Files\Kingston A400\TRIM Deletion\Recovered data\4769-$R49XJGW.xls,.xls,0.09,OK,
C:\Users\User\OneDrive\Documents\Uni\Dissertation\SSD Files\Kingston A400\TRIM Deletion\Recovered data\477-$R7JIO4F.doc,.doc,0.04,OK,
C:\Users\User\OneDrive\Documents\Uni\Dissertation\SSD Files\Kingston A400\TRIM Deletion\Recovered data\4772-$RE950J6.xls,.xls,0.06,OK,
C:\Users\User\OneDrive\Documents\Uni\Dissertation\SSD Files\Kingston A400\TRIM Deletion\Recovered data\4774-$RDPQREV.xls,.xls,0.08,OK,
C:\Users\User\OneDrive\Documents\Uni\Dissertation\SSD Files\Kingston A400\TRIM Deletion\Recovered data\4777-$R283WK5.xls,.xls,0.05,OK,
C:\Users\User\OneDrive\Documents\Uni\Dissertation\SSD Files\Kingston A400\TRIM Deletion\Recovered data\4780-$R4BVNBP.xls,.xls,0.02,OK,
C:\Users\User\OneDrive\Documents\Uni\Dissertation\SSD Files\Kingston A400\TRIM Deletion\Recovered data\4782-$RP9KM3V.xls,.xls,0.05,OK,
C:\Users\User\OneDrive\Documents\Uni\Dissertation\SSD Files\Kingston A400\TRIM Deletion\Recovered data\4785-$RNNER8W.xls,.xls,0.17,OK,
C:\Users\User\OneDrive\Documents\Uni\Dissertation\SSD Files\Kingston A400\TRIM Deletion\Recovered data\4788-$RLWA4R7.xls,.xls,0.03,OK,
C:\Users\User\OneDrive\Documents\Uni\Dissertation\SSD Files\Kingston A400\TRIM Deletion\Recovered data\4791-$RN8E8L8.xls,.xls,0.1,OK,
C:\Users\User\OneDrive\Documents\Uni\Dissertation\SSD Files\Kingston A400\TRIM Deletion\Recovered data\4794-$RNR8U0M.xls,.xls,0.02,OK,
C:\Users\User\OneDrive\Documents\Uni\Dissertation\SSD Files\Kingston A400\TRIM Deletion\Recovered data\4797-$RMMO6AX.xls,.xls,0.19,OK,
C:\Users\User\OneDrive\Documents\Uni\Dissertation\SSD Files\Kingston A400\TRIM Deletion\Recovered data\480-$RWC86VT.doc,.doc,2.09,OK,
C:\Users\User\OneDrive\Documents\Uni\Dissertation\SSD Files\Kingston A400\TRIM Deletion\Recovered data\4800-$R9ANA0W.xls,.xls,0.02,OK,
C:\Users\User\OneDrive\Documents\Uni\Dissertation\SSD Files\Kingston A400\TRIM Deletion\Recovered data\4802-$RTYTXO0.xls,.xls,0.07,OK,
C:\Users\User\OneDrive\Documents\Uni\Dissertation\SSD Files\Kingston A400\TRIM Deletion\Recovered data\4805-$RF4A5HY.xls,.xls,0.51,OK,
C:\Users\User\OneDrive\Documents\Uni\Dissertation\SSD Files\Kingston A400\TRIM Deletion\Recovered data\4808-$R8ZHM3P.xls,.xls,0.3,FAILED,"(-2147352567, 'Exception occurred.', (0, 'Microsoft Excel', 'Office has detected a problem with this file. To help protect your computer this file cannot be opened.', 'xlmain11.chm', 0, -2146827284), None)"
C:\Users\User\OneDrive\Documents\Uni\Dissertation\SSD Files\Kingston A400\TRIM Deletion\Recovered data\4811-$RFWXYAC.xls,.xls,0.32,OK,
C:\Users\User\OneDrive\Documents\Uni\Dissertation\SSD Files\Kingston A400\TRIM Deletion\Recovered data\4814-$RSN9BZG.xls,.xls,0.08,OK,
C:\Users\User\OneDrive\Documents\Uni\Dissertation\SSD Files\Kingston A400\TRIM Deletion\Recovered data\4817-$RJ7H3CJ.xls,.xls,0.65,OK,
C:\Users\User\OneDrive\Documents\Uni\Dissertation\SSD Files\Kingston A400\TRIM Deletion\Recovered data\4820-$RLRH4SU.xls,.xls,3.11,OK,
C:\Users\User\OneDrive\Documents\Uni\Dissertation\SSD Files\Kingston A400\TRIM Deletion\Recovered data\4823-$RLJ5I9C.xls,.xls,0.03,OK,
C:\Users\User\OneDrive\Documents\Uni\Dissertation\SSD Files\Kingston A400\TRIM Deletion\Recovered data\4826-$RNBFV01.xls,.xls,0.02,OK,
C:\Users\User\OneDrive\Documents\Uni\Dissertation\SSD Files\Kingston A400\TRIM Deletion\Recovered data\4829-$RFN2ZUF.xls,.xls,0.08,OK,
C:\Users\User\OneDrive\Documents\Uni\Dissertation\SSD Files\Kingston A400\TRIM Deletion\Recovered data\483-$RSPEHXH.doc,.doc,0.04,OK,
C:\Users\User\OneDrive\Documents\Uni\Dissertation\SSD Files\Kingston A400\TRIM Deletion\Recovered data\4832-$R1BDHEG.xls,.xls,0.35,FAILED,"(-2147352567, 'Exception occurred.', (0, 'Microsoft Excel', 'Office has detected a problem with this file. To help protect your computer this file cannot be opened.', 'xlmain11.chm', 0, -2146827284), None)"
C:\Users\User\OneDrive\Documents\Uni\Dissertation\SSD Files\Kingston A400\TRIM Deletion\Recovered data\4835-$RVYQD4R.xls,.xls,0.67,OK,
C:\Users\User\OneDrive\Documents\Uni\Dissertation\SSD Files\Kingston A400\TRIM Deletion\Recovered data\4838-$RIG46PB.xls,.xls,0.23,OK,
C:\Users\User\OneDrive\Documents\Uni\Dissertation\SSD Files\Kingston A400\TRIM Deletion\Recovered data\4841-$RWXQOCR.xls,.xls,0.04,OK,
C:\Users\User\OneDrive\Documents\Uni\Dissertation\SSD Files\Kingston A400\TRIM Deletion\Recovered data\4844-$R47JAXO.xls,.xls,0.04,OK,
C:\Users\User\OneDrive\Documents\Uni\Dissertation\SSD Files\Kingston A400\TRIM Deletion\Recovered data\4847-$RUPYA72.xls,.xls,0.19,OK,
C:\Users\User\OneDrive\Documents\Uni\Dissertation\SSD Files\Kingston A400\TRIM Deletion\Recovered data\4850-$R3WDHVI.xls,.xls,0.01,OK,
C:\Users\User\OneDrive\Documents\Uni\Dissertation\SSD Files\Kingston A400\TRIM Deletion\Recovered data\4853-$R3HEQAS.xls,.xls,0.43,FAILED,"(-2147352567, 'Exception occurred.', (0, 'Microsoft Excel', 'Open method of Workbooks class failed', 'xlmain11.chm', 0, -2146827284), None)"
C:\Users\User\OneDrive\Documents\Uni\Dissertation\SSD Files\Kingston A400\TRIM Deletion\Recovered data\4856-$R3XWHE7.xls,.xls,0.02,OK,
C:\Users\User\OneDrive\Documents\Uni\Dissertation\SSD Files\Kingston A400\TRIM Deletion\Recovered data\4859-$RMUQIM9.xls,.xls,0.04,OK,
C:\Users\User\OneDrive\Documents\Uni\Dissertation\SSD Files\Kingston A400\TRIM Deletion\Recovered data\486-$RQMKRHW.doc,.doc,0.03,OK,
C:\Users\User\OneDrive\Documents\Uni\Dissertation\SSD Files\Kingston A400\TRIM Deletion\Recovered data\4862-$RL1RWA5.xls,.xls,0.02,OK,
C:\Users\User\OneDrive\Documents\Uni\Dissertation\SSD Files\Kingston A400\TRIM Deletion\Recovered data\4864-$RQQJR2V.xls,.xls,0.12,OK,
C:\Users\User\OneDrive\Documents\Uni\Dissertation\SSD Files\Kingston A400\TRIM Deletion\Recovered data\4867-$RLNZR48.xls,.xls,0.25,OK,
C:\Users\User\OneDrive\Documents\Uni\Dissertation\SSD Files\Kingston A400\TRIM Deletion\Recovered data\4870-$R5DH87K.xls,.xls,0.02,OK,
C:\Users\User\OneDrive\Documents\Uni\Dissertation\SSD Files\Kingston A400\TRIM Deletion\Recovered data\4873-$R7XREZ1.xls,.xls,0.05,OK,
C:\Users\User\OneDrive\Documents\Uni\Dissertation\SSD Files\Kingston A400\TRIM Deletion\Recovered data\4875-$R046NC0.xls,.xls,0.08,FAILED,"(-2147352567, 'Exception occurred.', (0, 'Microsoft Excel', 'Office has detected a problem with this file. To help protect your computer this file cannot be opened.', 'xlmain11.chm', 0, -2146827284), None)"
C:\Users\User\OneDrive\Documents\Uni\Dissertation\SSD Files\Kingston A400\TRIM Deletion\Recovered data\4877-$R4D2X19.xls,.xls,0.1,OK,
C:\Users\User\OneDrive\Documents\Uni\Dissertation\SSD Files\Kingston A400\TRIM Deletion\Recovered data\4880-$RR02ODO.xls,.xls,0.02,OK,
C:\Users\User\OneDrive\Documents\Uni\Dissertation\SSD Files\Kingston A400\TRIM Deletion\Recovered data\4883-$RAVA4LP.xls,.xls,0.11,FAILED,"(-2147352567, 'Exception occurred.', (0, 'Microsoft Excel', 'Open method of Workbooks class failed', 'xlmain11.chm', 0, -2146827284), None)"
C:\Users\User\OneDrive\Documents\Uni\Dissertation\SSD Files\Kingston A400\TRIM Deletion\Recovered data\4886-$ROFB74N.xls,.xls,0.02,OK,
C:\Users\User\OneDrive\Documents\Uni\Dissertation\SSD Files\Kingston A400\TRIM Deletion\Recovered data\4889-$RHIBEDB.xls,.xls,0.09,OK,
C:\Users\User\OneDrive\Documents\Uni\Dissertation\SSD Files\Kingston A400\TRIM Deletion\Recovered data\489-$RNUZRAP.doc,.doc,0.03,OK,
C:\Users\User\OneDrive\Documents\Uni\Dissertation\SSD Files\Kingston A400\TRIM Deletion\Recovered data\4892-$RUPRYM8.xls,.xls,0.02,OK,
C:\Users\User\OneDrive\Documents\Uni\Dissertation\SSD Files\Kingston A400\TRIM Deletion\Recovered data\4895-$RV735ZN.xls,.xls,0.08,OK,
C:\Users\User\OneDrive\Documents\Uni\Dissertation\SSD Files\Kingston A400\TRIM Deletion\Recovered data\4898-$R5XVUNX.xls,.xls,0.03,OK,
C:\Users\User\OneDrive\Documents\Uni\Dissertation\SSD Files\Kingston A400\TRIM Deletion\Recovered data\4901-$RK7AOZL.xls,.xls,0.04,OK,
C:\Users\User\OneDrive\Documents\Uni\Dissertation\SSD Files\Kingston A400\TRIM Deletion\Recovered data\4904-$RUVKHL8.xls,.xls,0.02,OK,
C:\Users\User\OneDrive\Documents\Uni\Dissertation\SSD Files\Kingston A400\TRIM Deletion\Recovered data\4907-$R7OJQXY.xls,.xls,0.02,OK,
C:\Users\User\OneDrive\Documents\Uni\Dissertation\SSD Files\Kingston A400\TRIM Deletion\Recovered data\4910-$RIGJ35Z.xls,.xls,0.03,OK,
C:\Users\User\OneDrive\Documents\Uni\Dissertation\SSD Files\Kingston A400\TRIM Deletion\Recovered data\4913-$RYYDI4A.xls,.xls,5.6,OK,
C:\Users\User\OneDrive\Documents\Uni\Dissertation\SSD Files\Kingston A400\TRIM Deletion\Recovered data\4916-$RULGTZJ.xls,.xls,1.14,OK,
C:\Users\User\OneDrive\Documents\Uni\Dissertation\SSD Files\Kingston A400\TRIM Deletion\Recovered data\4919-$R1UW2BW.xls,.xls,0.05,OK,
C:\Users\User\OneDrive\Documents\Uni\Dissertation\SSD Files\Kingston A400\TRIM Deletion\Recovered data\492-$R3WDWRF.doc,.doc,0.04,OK,
C:\Users\User\OneDrive\Documents\Uni\Dissertation\SSD Files\Kingston A400\TRIM Deletion\Recovered data\4921-$RKBMYTY.xls,.xls,0.32,OK,
C:\Users\User\OneDrive\Documents\Uni\Dissertation\SSD Files\Kingston A400\TRIM Deletion\Recovered data\4924-$RNZ449C.xls,.xls,0.04,OK,
C:\Users\User\OneDrive\Documents\Uni\Dissertation\SSD Files\Kingston A400\TRIM Deletion\Recovered data\4927-$RNGD6HL.xls,.xls,0.03,OK,
C:\Users\User\OneDrive\Documents\Uni\Dissertation\SSD Files\Kingston A400\TRIM Deletion\Recovered data\4930-$RQUARWS.xls,.xls,0.3,OK,
C:\Users\User\OneDrive\Documents\Uni\Dissertation\SSD Files\Kingston A400\TRIM Deletion\Recovered data\4932-$RN5HV48.xls,.xls,0.02,OK,
C:\Users\User\OneDrive\Documents\Uni\Dissertation\SSD Files\Kingston A400\TRIM Deletion\Recovered data\4935-$RHZ8BX1.xls,.xls,0.03,OK,
C:\Users\User\OneDrive\Documents\Uni\Dissertation\SSD Files\Kingston A400\TRIM Deletion\Recovered data\4938-$RG5L49Q.xls,.xls,0.06,OK,
C:\Users\User\OneDrive\Documents\Uni\Dissertation\SSD Files\Kingston A400\TRIM Deletion\Recovered data\4941-$RV8A632.xls,.xls,0.1,OK,
C:\Users\User\OneDrive\Documents\Uni\Dissertation\SSD Files\Kingston A400\TRIM Deletion\Recovered data\4944-$RY04LMR.xls,.xls,0.03,OK,
C:\Users\User\OneDrive\Documents\Uni\Dissertation\SSD Files\Kingston A400\TRIM Deletion\Recovered data\4946-$RW94ZE6.xls,.xls,0.03,OK,
C:\Users\User\OneDrive\Documents\Uni\Dissertation\SSD Files\Kingston A400\TRIM Deletion\Recovered data\4948-$RMJ2J80.xls,.xls,0.04,OK,
C:\Users\User\OneDrive\Documents\Uni\Dissertation\SSD Files\Kingston A400\TRIM Deletion\Recovered data\495-$RBD9S8E.doc,.doc,0.33,OK,
C:\Users\User\OneDrive\Documents\Uni\Dissertation\SSD Files\Kingston A400\TRIM Deletion\Recovered data\4950-$R4Y241W.xls,.xls,0.23,FAILED,"(-2147352567, 'Exception occurred.', (0, 'Microsoft Excel', 'Open method of Workbooks class failed', 'xlmain11.chm', 0, -2146827284), None)"
C:\Users\User\OneDrive\Documents\Uni\Dissertation\SSD Files\Kingston A400\TRIM Deletion\Recovered data\4953-$REUO7MA.xls,.xls,1.39,OK,
C:\Users\User\OneDrive\Documents\Uni\Dissertation\SSD Files\Kingston A400\TRIM Deletion\Recovered data\4956-$RGEB5IP.xls,.xls,0.06,OK,
C:\Users\User\OneDrive\Documents\Uni\Dissertation\SSD Files\Kingston A400\TRIM Deletion\Recovered data\4959-$RWA1GOF.xls,.xls,0.02,OK,
C:\Users\User\OneDrive\Documents\Uni\Dissertation\SSD Files\Kingston A400\TRIM Deletion\Recovered data\4962-$RVCZUHF.xls,.xls,0.05,OK,
C:\Users\User\OneDrive\Documents\Uni\Dissertation\SSD Files\Kingston A400\TRIM Deletion\Recovered data\4965-$RDEN9NA.xls,.xls,0.02,OK,
C:\Users\User\OneDrive\Documents\Uni\Dissertation\SSD Files\Kingston A400\TRIM Deletion\Recovered data\4967-$REAJHSR.xls,.xls,1.64,OK,
C:\Users\User\OneDrive\Documents\Uni\Dissertation\SSD Files\Kingston A400\TRIM Deletion\Recovered data\4970-$R75BECX.xls,.xls,0.07,OK,
C:\Users\User\OneDrive\Documents\Uni\Dissertation\SSD Files\Kingston A400\TRIM Deletion\Recovered data\4973-$RHHZAWH.xls,.xls,0.1,OK,
C:\Users\User\OneDrive\Documents\Uni\Dissertation\SSD Files\Kingston A400\TRIM Deletion\Recovered data\4975-$RJ6VBCL.xls,.xls,0.09,OK,
C:\Users\User\OneDrive\Documents\Uni\Dissertation\SSD Files\Kingston A400\TRIM Deletion\Recovered data\4978-$R23QJNC.xls,.xls,0.16,FAILED,"(-2147352567, 'Exception occurred.', (0, 'Microsoft Excel', 'Office has detected a problem with this file. To help protect your computer this file cannot be opened.', 'xlmain11.chm', 0, -2146827284), None)"
C:\Users\User\OneDrive\Documents\Uni\Dissertation\SSD Files\Kingston A400\TRIM Deletion\Recovered data\498-$RJ3ID1G.doc,.doc,0.04,OK,
C:\Users\User\OneDrive\Documents\Uni\Dissertation\SSD Files\Kingston A400\TRIM Deletion\Recovered data\4981-$ROTSKOF.xls,.xls,0.2,OK,
C:\Users\User\OneDrive\Documents\Uni\Dissertation\SSD Files\Kingston A400\TRIM Deletion\Recovered data\4984-$RTP19ZR.xls,.xls,0.05,OK,
C:\Users\User\OneDrive\Documents\Uni\Dissertation\SSD Files\Kingston A400\TRIM Deletion\Recovered data\4986-$RGEW8ZT.xls,.xls,0.08,OK,
C:\Users\User\OneDrive\Documents\Uni\Dissertation\SSD Files\Kingston A400\TRIM Deletion\Recovered data\4988-$RQRVG3F.xls,.xls,0.12,OK,
C:\Users\User\OneDrive\Documents\Uni\Dissertation\SSD Files\Kingston A400\TRIM Deletion\Recovered data\4991-$RKAD9SR.xls,.xls,0.11,OK,
C:\Users\User\OneDrive\Documents\Uni\Dissertation\SSD Files\Kingston A400\TRIM Deletion\Recovered data\4993-$R8UC8I4.xls,.xls,0.04,OK,
C:\Users\User\OneDrive\Documents\Uni\Dissertation\SSD Files\Kingston A400\TRIM Deletion\Recovered data\4996-$RBH8NP2.xls,.xls,0.3,OK,
C:\Users\User\OneDrive\Documents\Uni\Dissertation\SSD Files\Kingston A400\TRIM Deletion\Recovered data\4999-$RHQOEZJ.xls,.xls,0.3,OK,
C:\Users\User\OneDrive\Documents\Uni\Dissertation\SSD Files\Kingston A400\TRIM Deletion\Recovered data\5002-$RWU2EZ1.xls,.xls,0.06,OK,
C:\Users\User\OneDrive\Documents\Uni\Dissertation\SSD Files\Kingston A400\TRIM Deletion\Recovered data\5005-$R84CNCH.xls,.xls,3.21,FAILED,"(-2147352567, 'Exception occurred.', (0, 'Microsoft Excel', 'Open method of Workbooks class failed', 'xlmain11.chm', 0, -2146827284), None)"
C:\Users\User\OneDrive\Documents\Uni\Dissertation\SSD Files\Kingston A400\TRIM Deletion\Recovered data\5008-$RZOANIW.xls,.xls,0.74,OK,
C:\Users\User\OneDrive\Documents\Uni\Dissertation\SSD Files\Kingston A400\TRIM Deletion\Recovered data\501-$RAMHZMO.doc,.doc,0.04,OK,
C:\Users\User\OneDrive\Documents\Uni\Dissertation\SSD Files\Kingston A400\TRIM Deletion\Recovered data\5011-$RHVRBRR.xls,.xls,0.06,OK,
C:\Users\User\OneDrive\Documents\Uni\Dissertation\SSD Files\Kingston A400\TRIM Deletion\Recovered data\5014-$R1ZTCLV.xls,.xls,0.08,OK,
C:\Users\User\OneDrive\Documents\Uni\Dissertation\SSD Files\Kingston A400\TRIM Deletion\Recovered data\5017-$RGDKQPZ.xls,.xls,0.02,OK,
C:\Users\User\OneDrive\Documents\Uni\Dissertation\SSD Files\Kingston A400\TRIM Deletion\Recovered data\5020-$RSHROCM.xls,.xls,0.28,OK,
C:\Users\User\OneDrive\Documents\Uni\Dissertation\SSD Files\Kingston A400\TRIM Deletion\Recovered data\5023-$RBQ4WE9.xls,.xls,0.01,OK,
C:\Users\User\OneDrive\Documents\Uni\Dissertation\SSD Files\Kingston A400\TRIM Deletion\Recovered data\5026-$RBUXFXC.xls,.xls,0.3,OK,
C:\Users\User\OneDrive\Documents\Uni\Dissertation\SSD Files\Kingston A400\TRIM Deletion\Recovered data\5029-$RYL2E9Z.xls,.xls,0.2,OK,
C:\Users\User\OneDrive\Documents\Uni\Dissertation\SSD Files\Kingston A400\TRIM Deletion\Recovered data\5032-$R72KGYK.xls,.xls,0.07,FAILED,"(-2147352567, 'Exception occurred.', (0, 'Microsoft Excel', 'Open method of Workbooks class failed', 'xlmain11.chm', 0, -2146827284), None)"
C:\Users\User\OneDrive\Documents\Uni\Dissertation\SSD Files\Kingston A400\TRIM Deletion\Recovered data\5035-$RWQI8R4.xls,.xls,0.06,OK,
C:\Users\User\OneDrive\Documents\Uni\Dissertation\SSD Files\Kingston A400\TRIM Deletion\Recovered data\5038-$RQ4OAOS.xls,.xls,0.07,OK,
C:\Users\User\OneDrive\Documents\Uni\Dissertation\SSD Files\Kingston A400\TRIM Deletion\Recovered data\504-$RI3GLQK.doc,.doc,0.06,OK,
C:\Users\User\OneDrive\Documents\Uni\Dissertation\SSD Files\Kingston A400\TRIM Deletion\Recovered data\5041-$RC6H8OZ.xls,.xls,0.45,OK,
C:\Users\User\OneDrive\Documents\Uni\Dissertation\SSD Files\Kingston A400\TRIM Deletion\Recovered data\5044-$RDCNRDV.xls,.xls,2.17,OK,
C:\Users\User\OneDrive\Documents\Uni\Dissertation\SSD Files\Kingston A400\TRIM Deletion\Recovered data\5047-$RRRCLTD.xls,.xls,0.03,OK,
C:\Users\User\OneDrive\Documents\Uni\Dissertation\SSD Files\Kingston A400\TRIM Deletion\Recovered data\5050-$RPS8RXL.xls,.xls,0.01,OK,
C:\Users\User\OneDrive\Documents\Uni\Dissertation\SSD Files\Kingston A400\TRIM Deletion\Recovered data\5053-$RGJDEAF.xls,.xls,0.03,OK,
C:\Users\User\OneDrive\Documents\Uni\Dissertation\SSD Files\Kingston A400\TRIM Deletion\Recovered data\5056-$R2X11XY.xls,.xls,0.04,OK,
C:\Users\User\OneDrive\Documents\Uni\Dissertation\SSD Files\Kingston A400\TRIM Deletion\Recovered data\5059-$REOXB47.xls,.xls,0.04,OK,
C:\Users\User\OneDrive\Documents\Uni\Dissertation\SSD Files\Kingston A400\TRIM Deletion\Recovered data\5061-$RJXY1WJ.xls,.xls,0.04,OK,
C:\Users\User\OneDrive\Documents\Uni\Dissertation\SSD Files\Kingston A400\TRIM Deletion\Recovered data\5064-$REAKGF4.xls,.xls,0.03,OK,
C:\Users\User\OneDrive\Documents\Uni\Dissertation\SSD Files\Kingston A400\TRIM Deletion\Recovered data\5067-$R9D8WOR.xls,.xls,0.12,OK,
C:\Users\User\OneDrive\Documents\Uni\Dissertation\SSD Files\Kingston A400\TRIM Deletion\Recovered data\507-$ROQAIUF.doc,.doc,0.04,OK,
C:\Users\User\OneDrive\Documents\Uni\Dissertation\SSD Files\Kingston A400\TRIM Deletion\Recovered data\5070-$RW3ARY0.xls,.xls,0.03,OK,
C:\Users\User\OneDrive\Documents\Uni\Dissertation\SSD Files\Kingston A400\TRIM Deletion\Recovered data\5073-$ROJRSQF.xls,.xls,0.27,OK,
C:\Users\User\OneDrive\Documents\Uni\Dissertation\SSD Files\Kingston A400\TRIM Deletion\Recovered data\5076-$RCQG55Y.xls,.xls,0.09,OK,
C:\Users\User\OneDrive\Documents\Uni\Dissertation\SSD Files\Kingston A400\TRIM Deletion\Recovered data\5079-$R9JZEMH.xls,.xls,2.08,FAILED,"(-2147352567, 'Exception occurred.', (0, 'Microsoft Excel', 'Office has detected a problem with this file. To help protect your computer this file cannot be opened.', 'xlmain11.chm', 0, -2146827284), None)"
C:\Users\User\OneDrive\Documents\Uni\Dissertation\SSD Files\Kingston A400\TRIM Deletion\Recovered data\5082-$RBBCR3R.xls,.xls,0.02,OK,
C:\Users\User\OneDrive\Documents\Uni\Dissertation\SSD Files\Kingston A400\TRIM Deletion\Recovered data\5085-$RNJ1WL9.xls,.xls,1.63,OK,
C:\Users\User\OneDrive\Documents\Uni\Dissertation\SSD Files\Kingston A400\TRIM Deletion\Recovered data\5088-$RUDZCR3.xls,.xls,0.74,OK,
C:\Users\User\OneDrive\Documents\Uni\Dissertation\SSD Files\Kingston A400\TRIM Deletion\Recovered data\5091-$RU20BW0.xls,.xls,0.02,OK,
C:\Users\User\OneDrive\Documents\Uni\Dissertation\SSD Files\Kingston A400\TRIM Deletion\Recovered data\5094-$RJOQ4KL.xls,.xls,0.55,OK,
C:\Users\User\OneDrive\Documents\Uni\Dissertation\SSD Files\Kingston A400\TRIM Deletion\Recovered data\5097-$RZP7BT0.xls,.xls,0.04,OK,
C:\Users\User\OneDrive\Documents\Uni\Dissertation\SSD Files\Kingston A400\TRIM Deletion\Recovered data\510-$RR7D465.doc,.doc,0.07,OK,
C:\Users\User\OneDrive\Documents\Uni\Dissertation\SSD Files\Kingston A400\TRIM Deletion\Recovered data\5100-$RV41G9O.xls,.xls,0.06,OK,
C:\Users\User\OneDrive\Documents\Uni\Dissertation\SSD Files\Kingston A400\TRIM Deletion\Recovered data\5103-$RSOC7YY.xls,.xls,0.08,OK,
C:\Users\User\OneDrive\Documents\Uni\Dissertation\SSD Files\Kingston A400\TRIM Deletion\Recovered data\5106-$RJ0F9N7.xls,.xls,0.15,OK,
C:\Users\User\OneDrive\Documents\Uni\Dissertation\SSD Files\Kingston A400\TRIM Deletion\Recovered data\5109-$RO80ER4.xls,.xls,0.13,OK,
C:\Users\User\OneDrive\Documents\Uni\Dissertation\SSD Files\Kingston A400\TRIM Deletion\Recovered data\5112-$RSH0NWY.xls,.xls,0.06,OK,
C:\Users\User\OneDrive\Documents\Uni\Dissertation\SSD Files\Kingston A400\TRIM Deletion\Recovered data\5114-$RX4NUVW.xls,.xls,0.16,OK,
C:\Users\User\OneDrive\Documents\Uni\Dissertation\SSD Files\Kingston A400\TRIM Deletion\Recovered data\5117-$RVVQB28.xls,.xls,0.16,OK,
C:\Users\User\OneDrive\Documents\Uni\Dissertation\SSD Files\Kingston A400\TRIM Deletion\Recovered data\5120-$RIS3AXW.xls,.xls,0.2,OK,
C:\Users\User\OneDrive\Documents\Uni\Dissertation\SSD Files\Kingston A400\TRIM Deletion\Recovered data\5123-$R2335EZ.xls,.xls,0.05,OK,
C:\Users\User\OneDrive\Documents\Uni\Dissertation\SSD Files\Kingston A400\TRIM Deletion\Recovered data\5125-$RP2IVSX.xls,.xls,1.16,OK,
C:\Users\User\OneDrive\Documents\Uni\Dissertation\SSD Files\Kingston A400\TRIM Deletion\Recovered data\5128-$RDY4T7U.xls,.xls,0.03,OK,
C:\Users\User\OneDrive\Documents\Uni\Dissertation\SSD Files\Kingston A400\TRIM Deletion\Recovered data\513-$R0NYMZK.doc,.doc,0.21,FAILED,"(-2147352567, 'Exception occurred.', (0, 'Microsoft Word', 'Office has detected a problem with this file. To help protect your computer this file cannot be opened.\r (C:\\Users\\User\\...\\513-$R0NYMZK.doc)', 'wdmain11.chm', 25775, -2146821993), None)"
C:\Users\User\OneDrive\Documents\Uni\Dissertation\SSD Files\Kingston A400\TRIM Deletion\Recovered data\5130-$R87814L.xls,.xls,0.02,OK,
C:\Users\User\OneDrive\Documents\Uni\Dissertation\SSD Files\Kingston A400\TRIM Deletion\Recovered data\5133-$RGPF9ZJ.xls,.xls,0.02,OK,
C:\Users\User\OneDrive\Documents\Uni\Dissertation\SSD Files\Kingston A400\TRIM Deletion\Recovered data\5136-$R6O87J3.xls,.xls,0.02,OK,
C:\Users\User\OneDrive\Documents\Uni\Dissertation\SSD Files\Kingston A400\TRIM Deletion\Recovered data\5139-$RFWH3Y7.xls,.xls,25.45,OK,
C:\Users\User\OneDrive\Documents\Uni\Dissertation\SSD Files\Kingston A400\TRIM Deletion\Recovered data\5142-$RAD15PN.xls,.xls,2.6,FAILED,"(-2147352567, 'Exception occurred.', (0, 'Microsoft Excel', 'Office has detected a problem with this file. To help protect your computer this file cannot be opened.', 'xlmain11.chm', 0, -2146827284), None)"
C:\Users\User\OneDrive\Documents\Uni\Dissertation\SSD Files\Kingston A400\TRIM Deletion\Recovered data\5145-$R5BVZAD.xls,.xls,11.93,FAILED,"(-2147352567, 'Exception occurred.', (0, 'Microsoft Excel', 'Open method of Workbooks class failed', 'xlmain11.chm', 0, -2146827284), None)"
C:\Users\User\OneDrive\Documents\Uni\Dissertation\SSD Files\Kingston A400\TRIM Deletion\Recovered data\5147-$R0V4LHM.xls,.xls,0.02,OK,
C:\Users\User\OneDrive\Documents\Uni\Dissertation\SSD Files\Kingston A400\TRIM Deletion\Recovered data\5150-$RG73LKE.xls,.xls,0.04,OK,
C:\Users\User\OneDrive\Documents\Uni\Dissertation\SSD Files\Kingston A400\TRIM Deletion\Recovered data\5153-$RZ8OY99.xls,.xls,3.13,OK,
C:\Users\User\OneDrive\Documents\Uni\Dissertation\SSD Files\Kingston A400\TRIM Deletion\Recovered data\5156-$RB52QTS.xls,.xls,5.8,FAILED,"(-2147352567, 'Exception occurred.', (0, 'Microsoft Excel', 'Office has detected a problem with this file. To help protect your computer this file cannot be opened.', 'xlmain11.chm', 0, -2146827284), None)"
C:\Users\User\OneDrive\Documents\Uni\Dissertation\SSD Files\Kingston A400\TRIM Deletion\Recovered data\5159-$RC1IIXF.xls,.xls,0.59,OK,
C:\Users\User\OneDrive\Documents\Uni\Dissertation\SSD Files\Kingston A400\TRIM Deletion\Recovered data\516-$R3M46QC.doc,.doc,0.16,FAILED,"(-2147352567, 'Exception occurred.', (0, 'Microsoft Word', 'Office has detected a problem with this file. To help protect your computer this file cannot be opened.\r (C:\\Users\\User\\...\\516-$R3M46QC.doc)', 'wdmain11.chm', 25775, -2146821993), None)"
C:\Users\User\OneDrive\Documents\Uni\Dissertation\SSD Files\Kingston A400\TRIM Deletion\Recovered data\5162-$RTGDA1U.xls,.xls,0.02,OK,
C:\Users\User\OneDrive\Documents\Uni\Dissertation\SSD Files\Kingston A400\TRIM Deletion\Recovered data\5165-$RT30R4H.xls,.xls,0.04,OK,
C:\Users\User\OneDrive\Documents\Uni\Dissertation\SSD Files\Kingston A400\TRIM Deletion\Recovered data\5168-$RJYD9TT.xls,.xls,0.05,OK,
C:\Users\User\OneDrive\Documents\Uni\Dissertation\SSD Files\Kingston A400\TRIM Deletion\Recovered data\5171-$R1P65OI.xls,.xls,0.46,OK,
C:\Users\User\OneDrive\Documents\Uni\Dissertation\SSD Files\Kingston A400\TRIM Deletion\Recovered data\5174-$R6TK3KC.xls,.xls,0.21,FAILED,"(-2147352567, 'Exception occurred.', (0, 'Microsoft Excel', 'Office has detected a problem with this file. To help protect your computer this file cannot be opened.', 'xlmain11.chm', 0, -2146827284), None)"
C:\Users\User\OneDrive\Documents\Uni\Dissertation\SSD Files\Kingston A400\TRIM Deletion\Recovered data\5177-$RZMH24Y.xls,.xls,0.03,OK,
C:\Users\User\OneDrive\Documents\Uni\Dissertation\SSD Files\Kingston A400\TRIM Deletion\Recovered data\5180-$R68QSVY.xls,.xls,0.14,FAILED,"(-2147352567, 'Exception occurred.', (0, 'Microsoft Excel', 'Office has detected a problem with this file. To help protect your computer this file cannot be opened.', 'xlmain11.chm', 0, -2146827284), None)"
C:\Users\User\OneDrive\Documents\Uni\Dissertation\SSD Files\Kingston A400\TRIM Deletion\Recovered data\5183-$RR6A00A.xls,.xls,2.13,OK,
C:\Users\User\OneDrive\Documents\Uni\Dissertation\SSD Files\Kingston A400\TRIM Deletion\Recovered data\5186-$RHFN8SU.xls,.xls,5.35,OK,
C:\Users\User\OneDrive\Documents\Uni\Dissertation\SSD Files\Kingston A400\TRIM Deletion\Recovered data\5189-$RI5XVJW.xls,.xls,0.16,OK,
C:\Users\User\OneDrive\Documents\Uni\Dissertation\SSD Files\Kingston A400\TRIM Deletion\Recovered data\519-$RACQKLH.doc,.doc,0.18,FAILED,"(-2147352567, 'Exception occurred.', (0, 'Microsoft Word', 'Office has detected a problem with this file. To help protect your computer this file cannot be opened.\r (C:\\Users\\User\\...\\519-$RACQKLH.doc)', 'wdmain11.chm', 25775, -2146821993), None)"
C:\Users\User\OneDrive\Documents\Uni\Dissertation\SSD Files\Kingston A400\TRIM Deletion\Recovered data\5192-$RCB1YWS.xls,.xls,0.02,OK,
C:\Users\User\OneDrive\Documents\Uni\Dissertation\SSD Files\Kingston A400\TRIM Deletion\Recovered data\5195-$RDVBQX7.xls,.xls,0.44,OK,
C:\Users\User\OneDrive\Documents\Uni\Dissertation\SSD Files\Kingston A400\TRIM Deletion\Recovered data\5198-$RL4DSXW.xls,.xls,0.22,OK,
C:\Users\User\OneDrive\Documents\Uni\Dissertation\SSD Files\Kingston A400\TRIM Deletion\Recovered data\5201-$R4ID6QI.xls,.xls,0.03,OK,
C:\Users\User\OneDrive\Documents\Uni\Dissertation\SSD Files\Kingston A400\TRIM Deletion\Recovered data\5204-$RX817YV.xls,.xls,0.03,OK,
C:\Users\User\OneDrive\Documents\Uni\Dissertation\SSD Files\Kingston A400\TRIM Deletion\Recovered data\5207-$RDTHX0P.xls,.xls,0.03,OK,
C:\Users\User\OneDrive\Documents\Uni\Dissertation\SSD Files\Kingston A400\TRIM Deletion\Recovered data\5209-$REJYMWE.xls,.xls,0.19,OK,
C:\Users\User\OneDrive\Documents\Uni\Dissertation\SSD Files\Kingston A400\TRIM Deletion\Recovered data\5211-$RQH3XS8.xls,.xls,0.21,OK,
C:\Users\User\OneDrive\Documents\Uni\Dissertation\SSD Files\Kingston A400\TRIM Deletion\Recovered data\5214-$RBWI67F.xls,.xls,0.04,OK,
C:\Users\User\OneDrive\Documents\Uni\Dissertation\SSD Files\Kingston A400\TRIM Deletion\Recovered data\5217-$RL1ZLDF.xls,.xls,10.7,OK,
C:\Users\User\OneDrive\Documents\Uni\Dissertation\SSD Files\Kingston A400\TRIM Deletion\Recovered data\522-$R8A46V7.doc,.doc,0.25,FAILED,"(-2147352567, 'Exception occurred.', (0, 'Microsoft Word', 'Word experienced an error trying to open the file.\nTry these suggestions.\n* Check the file permissions for the document or drive.\n* Make sure there is sufficient free memory and disk space.\n* Open the file with the Text Recovery converter.\r (C:\\Users\\User\\...\\522-$R8A46V7.doc)', 'wdmain11.chm', 24601, -2146823167), None)"
C:\Users\User\OneDrive\Documents\Uni\Dissertation\SSD Files\Kingston A400\TRIM Deletion\Recovered data\5220-$R4KRHYP.xls,.xls,0.78,FAILED,"(-2147352567, 'Exception occurred.', (0, 'Microsoft Excel', 'Office has detected a problem with this file. To help protect your computer this file cannot be opened.', 'xlmain11.chm', 0, -2146827284), None)"
C:\Users\User\OneDrive\Documents\Uni\Dissertation\SSD Files\Kingston A400\TRIM Deletion\Recovered data\5223-$RF7AU65.xls,.xls,0.36,OK,
C:\Users\User\OneDrive\Documents\Uni\Dissertation\SSD Files\Kingston A400\TRIM Deletion\Recovered data\5226-$RXNALT2.xls,.xls,0.17,OK,
C:\Users\User\OneDrive\Documents\Uni\Dissertation\SSD Files\Kingston A400\TRIM Deletion\Recovered data\5229-$RO4XLGD.xls,.xls,0.11,OK,
C:\Users\User\OneDrive\Documents\Uni\Dissertation\SSD Files\Kingston A400\TRIM Deletion\Recovered data\5231-$RAKZF25.xls,.xls,0.12,FAILED,"(-2147352567, 'Exception occurred.', (0, 'Microsoft Excel', 'Office has detected a problem with this file. To help protect your computer this file cannot be opened.', 'xlmain11.chm', 0, -2146827284), None)"
C:\Users\User\OneDrive\Documents\Uni\Dissertation\SSD Files\Kingston A400\TRIM Deletion\Recovered data\5234-$RG8OADP.xls,.xls,0.12,OK,
C:\Users\User\OneDrive\Documents\Uni\Dissertation\SSD Files\Kingston A400\TRIM Deletion\Recovered data\5237-$RZ4VQA1.xls,.xls,4.14,OK,
C:\Users\User\OneDrive\Documents\Uni\Dissertation\SSD Files\Kingston A400\TRIM Deletion\Recovered data\5240-$R8QQBTT.xls,.xls,0.24,FAILED,"(-2147352567, 'Exception occurred.', (0, 'Microsoft Excel', 'Office has detected a problem with this file. To help protect your computer this file cannot be opened.', 'xlmain11.chm', 0, -2146827284), None)"
C:\Users\User\OneDrive\Documents\Uni\Dissertation\SSD Files\Kingston A400\TRIM Deletion\Recovered data\5243-$RYAOMGA.xls,.xls,0.03,OK,
C:\Users\User\OneDrive\Documents\Uni\Dissertation\SSD Files\Kingston A400\TRIM Deletion\Recovered data\5246-$RW7N7ZK.xls,.xls,0.04,OK,
C:\Users\User\OneDrive\Documents\Uni\Dissertation\SSD Files\Kingston A400\TRIM Deletion\Recovered data\5249-$R57PX5F.xls,.xls,0.04,OK,
C:\Users\User\OneDrive\Documents\Uni\Dissertation\SSD Files\Kingston A400\TRIM Deletion\Recovered data\525-$RJYE76K.doc,.doc,0.13,OK,
C:\Users\User\OneDrive\Documents\Uni\Dissertation\SSD Files\Kingston A400\TRIM Deletion\Recovered data\5252-$RPNBCVS.xls,.xls,0.03,OK,
C:\Users\User\OneDrive\Documents\Uni\Dissertation\SSD Files\Kingston A400\TRIM Deletion\Recovered data\5255-$R8MKK6J.xls,.xls,0.05,OK,
C:\Users\User\OneDrive\Documents\Uni\Dissertation\SSD Files\Kingston A400\TRIM Deletion\Recovered data\5258-$R44XSPD.xls,.xls,0.55,FAILED,"(-2147352567, 'Exception occurred.', (0, 'Microsoft Excel', 'Open method of Workbooks class failed', 'xlmain11.chm', 0, -2146827284), None)"
C:\Users\User\OneDrive\Documents\Uni\Dissertation\SSD Files\Kingston A400\TRIM Deletion\Recovered data\5261-$RNYZ83F.xls,.xls,0.04,OK,
C:\Users\User\OneDrive\Documents\Uni\Dissertation\SSD Files\Kingston A400\TRIM Deletion\Recovered data\5264-$RM6SYFJ.xls,.xls,0.07,OK,
C:\Users\User\OneDrive\Documents\Uni\Dissertation\SSD Files\Kingston A400\TRIM Deletion\Recovered data\5267-$R6H4KNE.xls,.xls,0.06,OK,
C:\Users\User\OneDrive\Documents\Uni\Dissertation\SSD Files\Kingston A400\TRIM Deletion\Recovered data\5270-$RQEPZ8K.xls,.xls,0.19,OK,
C:\Users\User\OneDrive\Documents\Uni\Dissertation\SSD Files\Kingston A400\TRIM Deletion\Recovered data\5273-$R0G1AHH.xls,.xls,0.05,OK,
C:\Users\User\OneDrive\Documents\Uni\Dissertation\SSD Files\Kingston A400\TRIM Deletion\Recovered data\5276-$RV34QPW.xls,.xls,0.28,OK,
C:\Users\User\OneDrive\Documents\Uni\Dissertation\SSD Files\Kingston A400\TRIM Deletion\Recovered data\5279-$REI4R4B.xls,.xls,0.03,OK,
C:\Users\User\OneDrive\Documents\Uni\Dissertation\SSD Files\Kingston A400\TRIM Deletion\Recovered data\528-$RAGMWTB.doc,.doc,0.31,FAILED,"(-2147352567, 'Exception occurred.', (0, 'Microsoft Word', 'Word experienced an error trying to open the file.\nTry these suggestions.\n* Check the file permissions for the document or drive.\n* Make sure there is sufficient free memory and disk space.\n* Open the file with the Text Recovery converter.\r (C:\\Users\\User\\...\\528-$RAGMWTB.doc)', 'wdmain11.chm', 24601, -2146823167), None)"
C:\Users\User\OneDrive\Documents\Uni\Dissertation\SSD Files\Kingston A400\TRIM Deletion\Recovered data\5282-$R5EA1KW.xls,.xls,0.15,FAILED,"(-2147352567, 'Exception occurred.', (0, 'Microsoft Excel', 'Open method of Workbooks class failed', 'xlmain11.chm', 0, -2146827284), None)"
C:\Users\User\OneDrive\Documents\Uni\Dissertation\SSD Files\Kingston A400\TRIM Deletion\Recovered data\5285-$R65UVTA.xls,.xls,0.03,OK,
C:\Users\User\OneDrive\Documents\Uni\Dissertation\SSD Files\Kingston A400\TRIM Deletion\Recovered data\5288-$RJ17S1B.xls,.xls,0.02,OK,
C:\Users\User\OneDrive\Documents\Uni\Dissertation\SSD Files\Kingston A400\TRIM Deletion\Recovered data\5290-$RLF08KM.xls,.xls,1.43,OK,
C:\Users\User\OneDrive\Documents\Uni\Dissertation\SSD Files\Kingston A400\TRIM Deletion\Recovered data\5293-$RRUQKS6.xls,.xls,0.21,OK,
C:\Users\User\OneDrive\Documents\Uni\Dissertation\SSD Files\Kingston A400\TRIM Deletion\Recovered data\5296-$RHGPRAZ.xls,.xls,1.04,OK,
C:\Users\User\OneDrive\Documents\Uni\Dissertation\SSD Files\Kingston A400\TRIM Deletion\Recovered data\5299-$RCCQFPU.xls,.xls,1.07,OK,
C:\Users\User\OneDrive\Documents\Uni\Dissertation\SSD Files\Kingston A400\TRIM Deletion\Recovered data\5302-$R9RP6CO.xls,.xls,0.07,OK,
C:\Users\User\OneDrive\Documents\Uni\Dissertation\SSD Files\Kingston A400\TRIM Deletion\Recovered data\5304-$R5WCWAY.xls,.xls,0.03,OK,
C:\Users\User\OneDrive\Documents\Uni\Dissertation\SSD Files\Kingston A400\TRIM Deletion\Recovered data\5307-$RUAUENO.xls,.xls,0.1,OK,
C:\Users\User\OneDrive\Documents\Uni\Dissertation\SSD Files\Kingston A400\TRIM Deletion\Recovered data\531-$RD537AT.doc,.doc,0.23,OK,
C:\Users\User\OneDrive\Documents\Uni\Dissertation\SSD Files\Kingston A400\TRIM Deletion\Recovered data\5310-$RZ7PH3E.xls,.xls,0.1,OK,
C:\Users\User\OneDrive\Documents\Uni\Dissertation\SSD Files\Kingston A400\TRIM Deletion\Recovered data\5313-$R92QB6B.xls,.xls,0.57,FAILED,"(-2147352567, 'Exception occurred.', (0, 'Microsoft Excel', 'Unable to read file.', 'xlmain11.chm', 0, -2146827284), None)"
C:\Users\User\OneDrive\Documents\Uni\Dissertation\SSD Files\Kingston A400\TRIM Deletion\Recovered data\5316-$RKT4TL3.xls,.xls,0.24,OK,
C:\Users\User\OneDrive\Documents\Uni\Dissertation\SSD Files\Kingston A400\TRIM Deletion\Recovered data\5319-$RCSU6JO.xls,.xls,0.02,OK,
C:\Users\User\OneDrive\Documents\Uni\Dissertation\SSD Files\Kingston A400\TRIM Deletion\Recovered data\5322-$RNBQIZJ.xls,.xls,0.02,OK,
C:\Users\User\OneDrive\Documents\Uni\Dissertation\SSD Files\Kingston A400\TRIM Deletion\Recovered data\5325-$RFLFJKR.xls,.xls,0.01,OK,
C:\Users\User\OneDrive\Documents\Uni\Dissertation\SSD Files\Kingston A400\TRIM Deletion\Recovered data\5328-$R2PJ6YG.xls,.xls,0.02,OK,
C:\Users\User\OneDrive\Documents\Uni\Dissertation\SSD Files\Kingston A400\TRIM Deletion\Recovered data\5331-$R1FJEUL.xls,.xls,0.02,OK,
C:\Users\User\OneDrive\Documents\Uni\Dissertation\SSD Files\Kingston A400\TRIM Deletion\Recovered data\5334-$R5QYPH9.xls,.xls,0.02,OK,
C:\Users\User\OneDrive\Documents\Uni\Dissertation\SSD Files\Kingston A400\TRIM Deletion\Recovered data\5337-$RU66FG7.xls,.xls,0.11,OK,
C:\Users\User\OneDrive\Documents\Uni\Dissertation\SSD Files\Kingston A400\TRIM Deletion\Recovered data\534-$RCWS9SG.doc,.doc,0.1,OK,
C:\Users\User\OneDrive\Documents\Uni\Dissertation\SSD Files\Kingston A400\TRIM Deletion\Recovered data\5340-$RPTYISM.xls,.xls,0.03,OK,
C:\Users\User\OneDrive\Documents\Uni\Dissertation\SSD Files\Kingston A400\TRIM Deletion\Recovered data\5343-$R93UPFL.xls,.xls,0.07,FAILED,"(-2147352567, 'Exception occurred.', (0, 'Microsoft Excel', 'Open method of Workbooks class failed', 'xlmain11.chm', 0, -2146827284), None)"
C:\Users\User\OneDrive\Documents\Uni\Dissertation\SSD Files\Kingston A400\TRIM Deletion\Recovered data\5346-$RBKWW1Y.xls,.xls,0.02,OK,
C:\Users\User\OneDrive\Documents\Uni\Dissertation\SSD Files\Kingston A400\TRIM Deletion\Recovered data\5349-$RMJ6ZHL.xls,.xls,0.01,OK,
C:\Users\User\OneDrive\Documents\Uni\Dissertation\SSD Files\Kingston A400\TRIM Deletion\Recovered data\5352-$RHF3MQB.xls,.xls,0.21,OK,
C:\Users\User\OneDrive\Documents\Uni\Dissertation\SSD Files\Kingston A400\TRIM Deletion\Recovered data\5355-$R9BT3HE.xls,.xls,0.04,OK,
C:\Users\User\OneDrive\Documents\Uni\Dissertation\SSD Files\Kingston A400\TRIM Deletion\Recovered data\5358-$RBD91E9.xls,.xls,0.05,OK,
C:\Users\User\OneDrive\Documents\Uni\Dissertation\SSD Files\Kingston A400\TRIM Deletion\Recovered data\5360-$RE4MLM0.xls,.xls,0.55,OK,
C:\Users\User\OneDrive\Documents\Uni\Dissertation\SSD Files\Kingston A400\TRIM Deletion\Recovered data\5362-$REK26FP.xls,.xls,0.19,OK,
C:\Users\User\OneDrive\Documents\Uni\Dissertation\SSD Files\Kingston A400\TRIM Deletion\Recovered data\5365-$RXWEAJ6.xls,.xls,0.15,OK,
C:\Users\User\OneDrive\Documents\Uni\Dissertation\SSD Files\Kingston A400\TRIM Deletion\Recovered data\5367-$RL3645F.xls,.xls,0.07,OK,
C:\Users\User\OneDrive\Documents\Uni\Dissertation\SSD Files\Kingston A400\TRIM Deletion\Recovered data\537-$RNA5AOT.doc,.doc,0.19,OK,
C:\Users\User\OneDrive\Documents\Uni\Dissertation\SSD Files\Kingston A400\TRIM Deletion\Recovered data\5370-$RJGXT28.xls,.xls,0.36,OK,
C:\Users\User\OneDrive\Documents\Uni\Dissertation\SSD Files\Kingston A400\TRIM Deletion\Recovered data\5373-$RBJCUQN.xls,.xls,0.02,OK,
C:\Users\User\OneDrive\Documents\Uni\Dissertation\SSD Files\Kingston A400\TRIM Deletion\Recovered data\5376-$R91HM13.xls,.xls,0.02,OK,
C:\Users\User\OneDrive\Documents\Uni\Dissertation\SSD Files\Kingston A400\TRIM Deletion\Recovered data\5379-$R9ZDPC1.xls,.xls,0.04,OK,
C:\Users\User\OneDrive\Documents\Uni\Dissertation\SSD Files\Kingston A400\TRIM Deletion\Recovered data\5382-$R97HKHI.xls,.xls,0.04,OK,
C:\Users\User\OneDrive\Documents\Uni\Dissertation\SSD Files\Kingston A400\TRIM Deletion\Recovered data\5385-$RC5STRL.xls,.xls,0.46,OK,
C:\Users\User\OneDrive\Documents\Uni\Dissertation\SSD Files\Kingston A400\TRIM Deletion\Recovered data\5387-$RB8TCZQ.xls,.xls,0.16,OK,
C:\Users\User\OneDrive\Documents\Uni\Dissertation\SSD Files\Kingston A400\TRIM Deletion\Recovered data\5390-$R7UGENQ.xls,.xls,1.47,FAILED,"(-2147352567, 'Exception occurred.', (0, 'Microsoft Excel', 'Office has detected a problem with this file. To help protect your computer this file cannot be opened.', 'xlmain11.chm', 0, -2146827284), None)"
C:\Users\User\OneDrive\Documents\Uni\Dissertation\SSD Files\Kingston A400\TRIM Deletion\Recovered data\5393-$RFGGE6T.xls,.xls,0.15,OK,
C:\Users\User\OneDrive\Documents\Uni\Dissertation\SSD Files\Kingston A400\TRIM Deletion\Recovered data\5396-$R8AT3U4.xls,.xls,0.02,OK,
C:\Users\User\OneDrive\Documents\Uni\Dissertation\SSD Files\Kingston A400\TRIM Deletion\Recovered data\5399-$RXH58IM.xls,.xls,0.02,OK,
C:\Users\User\OneDrive\Documents\Uni\Dissertation\SSD Files\Kingston A400\TRIM Deletion\Recovered data\540-$REKWYNA.doc,.doc,0.28,OK,
C:\Users\User\OneDrive\Documents\Uni\Dissertation\SSD Files\Kingston A400\TRIM Deletion\Recovered data\5402-$RSPQJEE.xls,.xls,0.37,OK,
C:\Users\User\OneDrive\Documents\Uni\Dissertation\SSD Files\Kingston A400\TRIM Deletion\Recovered data\5405-$RPEXHUV.xls,.xls,0.34,OK,
C:\Users\User\OneDrive\Documents\Uni\Dissertation\SSD Files\Kingston A400\TRIM Deletion\Recovered data\5408-$RFJJLNZ.xls,.xls,0.08,OK,
C:\Users\User\OneDrive\Documents\Uni\Dissertation\SSD Files\Kingston A400\TRIM Deletion\Recovered data\5411-$R0KWML0.xls,.xls,0.02,OK,
C:\Users\User\OneDrive\Documents\Uni\Dissertation\SSD Files\Kingston A400\TRIM Deletion\Recovered data\5414-$RCENUZP.xls,.xls,0.04,OK,
C:\Users\User\OneDrive\Documents\Uni\Dissertation\SSD Files\Kingston A400\TRIM Deletion\Recovered data\5417-$RJNBJMW.xls,.xls,0.05,OK,
C:\Users\User\OneDrive\Documents\Uni\Dissertation\SSD Files\Kingston A400\TRIM Deletion\Recovered data\5420-$R5885IX.xls,.xls,0.57,FAILED,"(-2147352567, 'Exception occurred.', (0, 'Microsoft Excel', 'Office has detected a problem with this file. To help protect your computer this file cannot be opened.', 'xlmain11.chm', 0, -2146827284), None)"
C:\Users\User\OneDrive\Documents\Uni\Dissertation\SSD Files\Kingston A400\TRIM Deletion\Recovered data\5423-$RPA9283.xls,.xls,0.05,OK,
C:\Users\User\OneDrive\Documents\Uni\Dissertation\SSD Files\Kingston A400\TRIM Deletion\Recovered data\5426-$RZTZZQ4.xls,.xls,0.06,OK,
C:\Users\User\OneDrive\Documents\Uni\Dissertation\SSD Files\Kingston A400\TRIM Deletion\Recovered data\5429-$RIM2SS6.xls,.xls,0.02,OK,
C:\Users\User\OneDrive\Documents\Uni\Dissertation\SSD Files\Kingston A400\TRIM Deletion\Recovered data\543-$RG5NEVV.doc,.doc,0.53,OK,
C:\Users\User\OneDrive\Documents\Uni\Dissertation\SSD Files\Kingston A400\TRIM Deletion\Recovered data\5432-$RMI1FBH.xls,.xls,0.03,OK,
C:\Users\User\OneDrive\Documents\Uni\Dissertation\SSD Files\Kingston A400\TRIM Deletion\Recovered data\5435-$RXP9OJW.xls,.xls,0.09,OK,
C:\Users\User\OneDrive\Documents\Uni\Dissertation\SSD Files\Kingston A400\TRIM Deletion\Recovered data\5438-$RBZVYU6.xls,.xls,0.55,OK,
C:\Users\User\OneDrive\Documents\Uni\Dissertation\SSD Files\Kingston A400\TRIM Deletion\Recovered data\5441-$R7BFONN.xls,.xls,0.03,OK,
C:\Users\User\OneDrive\Documents\Uni\Dissertation\SSD Files\Kingston A400\TRIM Deletion\Recovered data\5444-$RXR90N7.xls,.xls,0.27,OK,
C:\Users\User\OneDrive\Documents\Uni\Dissertation\SSD Files\Kingston A400\TRIM Deletion\Recovered data\5447-$RO2M7QP.xls,.xls,0.08,OK,
C:\Users\User\OneDrive\Documents\Uni\Dissertation\SSD Files\Kingston A400\TRIM Deletion\Recovered data\5450-$RINM59B.xls,.xls,2.17,OK,
C:\Users\User\OneDrive\Documents\Uni\Dissertation\SSD Files\Kingston A400\TRIM Deletion\Recovered data\5453-$RM598UV.xls,.xls,0.09,OK,
C:\Users\User\OneDrive\Documents\Uni\Dissertation\SSD Files\Kingston A400\TRIM Deletion\Recovered data\5455-$R7KIH4T.xls,.xls,4.54,FAILED,"(-2147352567, 'Exception occurred.', (0, 'Microsoft Excel', 'Office has detected a problem with this file. To help protect your computer this file cannot be opened.', 'xlmain11.chm', 0, -2146827284), None)"
C:\Users\User\OneDrive\Documents\Uni\Dissertation\SSD Files\Kingston A400\TRIM Deletion\Recovered data\5457-$RC99OFR.xls,.xls,0.07,OK,
C:\Users\User\OneDrive\Documents\Uni\Dissertation\SSD Files\Kingston A400\TRIM Deletion\Recovered data\546-$R3VXEB2.doc,.doc,0.02,OK,
C:\Users\User\OneDrive\Documents\Uni\Dissertation\SSD Files\Kingston A400\TRIM Deletion\Recovered data\5460-$R5YN7RZ.xls,.xls,0.18,FAILED,"(-2147352567, 'Exception occurred.', (0, 'Microsoft Excel', 'Open method of Workbooks class failed', 'xlmain11.chm', 0, -2146827284), None)"
C:\Users\User\OneDrive\Documents\Uni\Dissertation\SSD Files\Kingston A400\TRIM Deletion\Recovered data\5463-$RGC91TV.xls,.xls,0.12,OK,
C:\Users\User\OneDrive\Documents\Uni\Dissertation\SSD Files\Kingston A400\TRIM Deletion\Recovered data\5466-$RGB5MKA.xls,.xls,0.04,OK,
C:\Users\User\OneDrive\Documents\Uni\Dissertation\SSD Files\Kingston A400\TRIM Deletion\Recovered data\5469-$RXKLZ2W.xls,.xls,0.02,OK,
C:\Users\User\OneDrive\Documents\Uni\Dissertation\SSD Files\Kingston A400\TRIM Deletion\Recovered data\5472-$RANTR4Y.xls,.xls,0.02,OK,
C:\Users\User\OneDrive\Documents\Uni\Dissertation\SSD Files\Kingston A400\TRIM Deletion\Recovered data\5475-$RSLAXYC.xls,.xls,0.65,OK,
C:\Users\User\OneDrive\Documents\Uni\Dissertation\SSD Files\Kingston A400\TRIM Deletion\Recovered data\5478-$RRNHURQ.xls,.xls,0.29,OK,
C:\Users\User\OneDrive\Documents\Uni\Dissertation\SSD Files\Kingston A400\TRIM Deletion\Recovered data\5481-$R4ZZ2U2.xls,.xls,0.05,OK,
C:\Users\User\OneDrive\Documents\Uni\Dissertation\SSD Files\Kingston A400\TRIM Deletion\Recovered data\5484-$R6O1DQM.xls,.xls,0.03,OK,
C:\Users\User\OneDrive\Documents\Uni\Dissertation\SSD Files\Kingston A400\TRIM Deletion\Recovered data\5487-$RQRHTAY.xls,.xls,0.03,OK,
C:\Users\User\OneDrive\Documents\Uni\Dissertation\SSD Files\Kingston A400\TRIM Deletion\Recovered data\549-$RLTMJ6A.doc,.doc,0.03,OK,
C:\Users\User\OneDrive\Documents\Uni\Dissertation\SSD Files\Kingston A400\TRIM Deletion\Recovered data\5490-$R7P90AT.xls,.xls,0.01,OK,
C:\Users\User\OneDrive\Documents\Uni\Dissertation\SSD Files\Kingston A400\TRIM Deletion\Recovered data\5493-$R7LT0FF.xls,.xls,0.08,FAILED,"(-2147352567, 'Exception occurred.', (0, 'Microsoft Excel', 'Office has detected a problem with this file. To help protect your computer this file cannot be opened.', 'xlmain11.chm', 0, -2146827284), None)"
C:\Users\User\OneDrive\Documents\Uni\Dissertation\SSD Files\Kingston A400\TRIM Deletion\Recovered data\5496-$R27USDW.xls,.xls,0.03,OK,
C:\Users\User\OneDrive\Documents\Uni\Dissertation\SSD Files\Kingston A400\TRIM Deletion\Recovered data\5498-$RAKM7EA.xls,.xls,0.05,OK,
C:\Users\User\OneDrive\Documents\Uni\Dissertation\SSD Files\Kingston A400\TRIM Deletion\Recovered data\5500-$RKC2ZF3.xls,.xls,0.03,OK,
C:\Users\User\OneDrive\Documents\Uni\Dissertation\SSD Files\Kingston A400\TRIM Deletion\Recovered data\5503-$RPEENSU.xls,.xls,0.34,OK,
C:\Users\User\OneDrive\Documents\Uni\Dissertation\SSD Files\Kingston A400\TRIM Deletion\Recovered data\5505-$RGHQZ3A.xls,.xls,0.05,OK,
C:\Users\User\OneDrive\Documents\Uni\Dissertation\SSD Files\Kingston A400\TRIM Deletion\Recovered data\5508-$RYR1LOH.xls,.xls,0.09,OK,
C:\Users\User\OneDrive\Documents\Uni\Dissertation\SSD Files\Kingston A400\TRIM Deletion\Recovered data\5511-$RIVFJ9F.xls,.xls,0.02,OK,
C:\Users\User\OneDrive\Documents\Uni\Dissertation\SSD Files\Kingston A400\TRIM Deletion\Recovered data\5514-$RVT77DX.xls,.xls,0.02,OK,
C:\Users\User\OneDrive\Documents\Uni\Dissertation\SSD Files\Kingston A400\TRIM Deletion\Recovered data\5517-$RX6E45I.xls,.xls,0.32,OK,
C:\Users\User\OneDrive\Documents\Uni\Dissertation\SSD Files\Kingston A400\TRIM Deletion\Recovered data\552-$R4FRZOX.doc,.doc,0.04,OK,
C:\Users\User\OneDrive\Documents\Uni\Dissertation\SSD Files\Kingston A400\TRIM Deletion\Recovered data\5520-$RWV1SR7.xls,.xls,0.1,OK,
C:\Users\User\OneDrive\Documents\Uni\Dissertation\SSD Files\Kingston A400\TRIM Deletion\Recovered data\5523-$RMD7552.xls,.xls,0.02,OK,
C:\Users\User\OneDrive\Documents\Uni\Dissertation\SSD Files\Kingston A400\TRIM Deletion\Recovered data\5526-$RB6EBZS.xls,.xls,0.02,OK,
C:\Users\User\OneDrive\Documents\Uni\Dissertation\SSD Files\Kingston A400\TRIM Deletion\Recovered data\5529-$RXEZWI4.xls,.xls,0.05,OK,
C:\Users\User\OneDrive\Documents\Uni\Dissertation\SSD Files\Kingston A400\TRIM Deletion\Recovered data\5532-$RTLL63N.xls,.xls,0.08,OK,
C:\Users\User\OneDrive\Documents\Uni\Dissertation\SSD Files\Kingston A400\TRIM Deletion\Recovered data\5535-$RTC2YRV.xls,.xls,0.02,OK,
C:\Users\User\OneDrive\Documents\Uni\Dissertation\SSD Files\Kingston A400\TRIM Deletion\Recovered data\5538-$RW4ZJKP.xls,.xls,0.02,OK,
C:\Users\User\OneDrive\Documents\Uni\Dissertation\SSD Files\Kingston A400\TRIM Deletion\Recovered data\5541-$RL945ZS.xls,.xls,0.08,OK,
C:\Users\User\OneDrive\Documents\Uni\Dissertation\SSD Files\Kingston A400\TRIM Deletion\Recovered data\5544-$R8XY67G.xls,.xls,1.47,FAILED,"(-2147352567, 'Exception occurred.', (0, 'Microsoft Excel', 'Open method of Workbooks class failed', 'xlmain11.chm', 0, -2146827284), None)"
C:\Users\User\OneDrive\Documents\Uni\Dissertation\SSD Files\Kingston A400\TRIM Deletion\Recovered data\5547-$R3AL35X.xls,.xls,0.04,OK,
C:\Users\User\OneDrive\Documents\Uni\Dissertation\SSD Files\Kingston A400\TRIM Deletion\Recovered data\555-$RMZ57JO.doc,.doc,0.03,OK,
C:\Users\User\OneDrive\Documents\Uni\Dissertation\SSD Files\Kingston A400\TRIM Deletion\Recovered data\5550-$R5YONZC.xls,.xls,0.54,OK,
C:\Users\User\OneDrive\Documents\Uni\Dissertation\SSD Files\Kingston A400\TRIM Deletion\Recovered data\5553-$RPVMSLD.xls,.xls,0.51,OK,
C:\Users\User\OneDrive\Documents\Uni\Dissertation\SSD Files\Kingston A400\TRIM Deletion\Recovered data\5556-$R63R725.xls,.xls,0.08,FAILED,"(-2147352567, 'Exception occurred.', (0, 'Microsoft Excel', 'Office has detected a problem with this file. To help protect your computer this file cannot be opened.', 'xlmain11.chm', 0, -2146827284), None)"
C:\Users\User\OneDrive\Documents\Uni\Dissertation\SSD Files\Kingston A400\TRIM Deletion\Recovered data\5559-$R2R3TZH.xls,.xls,0.02,OK,
C:\Users\User\OneDrive\Documents\Uni\Dissertation\SSD Files\Kingston A400\TRIM Deletion\Recovered data\5562-$RJB8WBT.xls,.xls,0.16,OK,
C:\Users\User\OneDrive\Documents\Uni\Dissertation\SSD Files\Kingston A400\TRIM Deletion\Recovered data\5565-$RMAV9XP.xls,.xls,0.09,OK,
C:\Users\User\OneDrive\Documents\Uni\Dissertation\SSD Files\Kingston A400\TRIM Deletion\Recovered data\5568-$RWO3FOP.xls,.xls,0.34,OK,
C:\Users\User\OneDrive\Documents\Uni\Dissertation\SSD Files\Kingston A400\TRIM Deletion\Recovered data\5571-$RGIN7RJ.xls,.xls,0.07,OK,
C:\Users\User\OneDrive\Documents\Uni\Dissertation\SSD Files\Kingston A400\TRIM Deletion\Recovered data\5574-$R6Z8LMZ.xls,.xls,0.04,OK,
C:\Users\User\OneDrive\Documents\Uni\Dissertation\SSD Files\Kingston A400\TRIM Deletion\Recovered data\5577-$ROKUBCL.xls,.xls,0.48,OK,
C:\Users\User\OneDrive\Documents\Uni\Dissertation\SSD Files\Kingston A400\TRIM Deletion\Recovered data\558-$RZSZ1XR.doc,.doc,0.04,OK,
C:\Users\User\OneDrive\Documents\Uni\Dissertation\SSD Files\Kingston A400\TRIM Deletion\Recovered data\5580-$RKMZSFE.xls,.xls,0.03,OK,
C:\Users\User\OneDrive\Documents\Uni\Dissertation\SSD Files\Kingston A400\TRIM Deletion\Recovered data\5583-$RCBYQ55.xls,.xls,1.07,OK,
C:\Users\User\OneDrive\Documents\Uni\Dissertation\SSD Files\Kingston A400\TRIM Deletion\Recovered data\5585-$RJK6DXK.xls,.xls,0.21,OK,
C:\Users\User\OneDrive\Documents\Uni\Dissertation\SSD Files\Kingston A400\TRIM Deletion\Recovered data\5588-$ROR7GU6.xls,.xls,0.02,OK,
C:\Users\User\OneDrive\Documents\Uni\Dissertation\SSD Files\Kingston A400\TRIM Deletion\Recovered data\5591-$RQZJMY5.xls,.xls,0.01,OK,
C:\Users\User\OneDrive\Documents\Uni\Dissertation\SSD Files\Kingston A400\TRIM Deletion\Recovered data\5594-$RYYP2RP.xls,.xls,1.0,OK,
C:\Users\User\OneDrive\Documents\Uni\Dissertation\SSD Files\Kingston A400\TRIM Deletion\Recovered data\5597-$RADKFEE.xls,.xls,0.02,OK,
C:\Users\User\OneDrive\Documents\Uni\Dissertation\SSD Files\Kingston A400\TRIM Deletion\Recovered data\560-$ROJPRDC.doc,.doc,0.3,OK,
C:\Users\User\OneDrive\Documents\Uni\Dissertation\SSD Files\Kingston A400\TRIM Deletion\Recovered data\5600-$RC35ALW.xls,.xls,0.02,OK,
C:\Users\User\OneDrive\Documents\Uni\Dissertation\SSD Files\Kingston A400\TRIM Deletion\Recovered data\5603-$RLW0HJ0.xls,.xls,0.1,OK,
C:\Users\User\OneDrive\Documents\Uni\Dissertation\SSD Files\Kingston A400\TRIM Deletion\Recovered data\5606-$RK1B0YO.xls,.xls,0.15,OK,
C:\Users\User\OneDrive\Documents\Uni\Dissertation\SSD Files\Kingston A400\TRIM Deletion\Recovered data\5609-$R1GX4NW.xls,.xls,0.28,FAILED,"(-2147352567, 'Exception occurred.', (0, 'Microsoft Excel', 'Office has detected a problem with this file. To help protect your computer this file cannot be opened.', 'xlmain11.chm', 0, -2146827284), None)"
C:\Users\User\OneDrive\Documents\Uni\Dissertation\SSD Files\Kingston A400\TRIM Deletion\Recovered data\5612-$RL7F6MI.xls,.xls,1.0,OK,
C:\Users\User\OneDrive\Documents\Uni\Dissertation\SSD Files\Kingston A400\TRIM Deletion\Recovered data\5615-$R8AGWTW.xls,.xls,0.06,OK,
C:\Users\User\OneDrive\Documents\Uni\Dissertation\SSD Files\Kingston A400\TRIM Deletion\Recovered data\5618-$RILHZM1.xls,.xls,0.09,OK,
C:\Users\User\OneDrive\Documents\Uni\Dissertation\SSD Files\Kingston A400\TRIM Deletion\Recovered data\5620-$RPM623Z.xls,.xls,0.18,OK,
C:\Users\User\OneDrive\Documents\Uni\Dissertation\SSD Files\Kingston A400\TRIM Deletion\Recovered data\5623-$RIVFJUR.xls,.xls,0.2,OK,
C:\Users\User\OneDrive\Documents\Uni\Dissertation\SSD Files\Kingston A400\TRIM Deletion\Recovered data\5626-$R3BJQ7T.xls,.xls,0.2,OK,
C:\Users\User\OneDrive\Documents\Uni\Dissertation\SSD Files\Kingston A400\TRIM Deletion\Recovered data\5628-$RJWESHD.xls,.xls,0.17,OK,
C:\Users\User\OneDrive\Documents\Uni\Dissertation\SSD Files\Kingston A400\TRIM Deletion\Recovered data\563-$RXJ4R1E.doc,.doc,1.02,OK,
C:\Users\User\OneDrive\Documents\Uni\Dissertation\SSD Files\Kingston A400\TRIM Deletion\Recovered data\5631-$R0U2DZ6.xls,.xls,0.66,FAILED,"(-2147352567, 'Exception occurred.', (0, 'Microsoft Excel', 'Office has detected a problem with this file. To help protect your computer this file cannot be opened.', 'xlmain11.chm', 0, -2146827284), None)"
C:\Users\User\OneDrive\Documents\Uni\Dissertation\SSD Files\Kingston A400\TRIM Deletion\Recovered data\5633-$RALP3SO.xls,.xls,0.02,OK,
C:\Users\User\OneDrive\Documents\Uni\Dissertation\SSD Files\Kingston A400\TRIM Deletion\Recovered data\5636-$RVELRQP.xls,.xls,0.07,OK,
C:\Users\User\OneDrive\Documents\Uni\Dissertation\SSD Files\Kingston A400\TRIM Deletion\Recovered data\5639-$RUPEA8O.xls,.xls,0.04,OK,
C:\Users\User\OneDrive\Documents\Uni\Dissertation\SSD Files\Kingston A400\TRIM Deletion\Recovered data\5642-$RPD75G6.xls,.xls,0.78,OK,
C:\Users\User\OneDrive\Documents\Uni\Dissertation\SSD Files\Kingston A400\TRIM Deletion\Recovered data\5645-$RFWY6VV.xls,.xls,0.65,OK,
C:\Users\User\OneDrive\Documents\Uni\Dissertation\SSD Files\Kingston A400\TRIM Deletion\Recovered data\5648-$RB4FU17.xls,.xls,0.02,OK,
C:\Users\User\OneDrive\Documents\Uni\Dissertation\SSD Files\Kingston A400\TRIM Deletion\Recovered data\5651-$RQ81VD1.xls,.xls,0.11,OK,
C:\Users\User\OneDrive\Documents\Uni\Dissertation\SSD Files\Kingston A400\TRIM Deletion\Recovered data\5653-$RD4Y33V.xls,.xls,0.35,OK,
C:\Users\User\OneDrive\Documents\Uni\Dissertation\SSD Files\Kingston A400\TRIM Deletion\Recovered data\5656-$RQJ91QD.xls,.xls,0.05,OK,
C:\Users\User\OneDrive\Documents\Uni\Dissertation\SSD Files\Kingston A400\TRIM Deletion\Recovered data\5659-$RUIAM9W.xls,.xls,0.1,OK,
C:\Users\User\OneDrive\Documents\Uni\Dissertation\SSD Files\Kingston A400\TRIM Deletion\Recovered data\566-$RUA5GIE.doc,.doc,2.6,OK,
C:\Users\User\OneDrive\Documents\Uni\Dissertation\SSD Files\Kingston A400\TRIM Deletion\Recovered data\5662-$RX2HW74.xls,.xls,0.03,OK,
C:\Users\User\OneDrive\Documents\Uni\Dissertation\SSD Files\Kingston A400\TRIM Deletion\Recovered data\5665-$RR1J50V.xls,.xls,0.02,OK,
C:\Users\User\OneDrive\Documents\Uni\Dissertation\SSD Files\Kingston A400\TRIM Deletion\Recovered data\5668-$R43I6VW.xls,.xls,0.02,OK,
C:\Users\User\OneDrive\Documents\Uni\Dissertation\SSD Files\Kingston A400\TRIM Deletion\Recovered data\5671-$R5TC5FJ.xls,.xls,0.04,OK,
C:\Users\User\OneDrive\Documents\Uni\Dissertation\SSD Files\Kingston A400\TRIM Deletion\Recovered data\5674-$RPLTTDE.xls,.xls,0.08,OK,
C:\Users\User\OneDrive\Documents\Uni\Dissertation\SSD Files\Kingston A400\TRIM Deletion\Recovered data\5677-$RP3M13T.xls,.xls,0.08,OK,
C:\Users\User\OneDrive\Documents\Uni\Dissertation\SSD Files\Kingston A400\TRIM Deletion\Recovered data\568-$RXUMMMG.doc,.doc,0.18,OK,
C:\Users\User\OneDrive\Documents\Uni\Dissertation\SSD Files\Kingston A400\TRIM Deletion\Recovered data\5680-$RQHMSEN.xls,.xls,0.02,OK,
C:\Users\User\OneDrive\Documents\Uni\Dissertation\SSD Files\Kingston A400\TRIM Deletion\Recovered data\5682-$R6A4O5Z.xls,.xls,0.15,FAILED,"(-2147352567, 'Exception occurred.', (0, 'Microsoft Excel', 'Office has detected a problem with this file. To help protect your computer this file cannot be opened.', 'xlmain11.chm', 0, -2146827284), None)"
C:\Users\User\OneDrive\Documents\Uni\Dissertation\SSD Files\Kingston A400\TRIM Deletion\Recovered data\5685-$RMNSM16.xls,.xls,0.05,OK,
C:\Users\User\OneDrive\Documents\Uni\Dissertation\SSD Files\Kingston A400\TRIM Deletion\Recovered data\5688-$RP2DGCN.xls,.xls,0.07,OK,
C:\Users\User\OneDrive\Documents\Uni\Dissertation\SSD Files\Kingston A400\TRIM Deletion\Recovered data\5690-$R6VWVBA.xls,.xls,0.03,OK,
C:\Users\User\OneDrive\Documents\Uni\Dissertation\SSD Files\Kingston A400\TRIM Deletion\Recovered data\5693-$RFYTRKJ.xls,.xls,0.04,OK,
C:\Users\User\OneDrive\Documents\Uni\Dissertation\SSD Files\Kingston A400\TRIM Deletion\Recovered data\5696-$R0J4EAB.xls,.xls,0.02,OK,
C:\Users\User\OneDrive\Documents\Uni\Dissertation\SSD Files\Kingston A400\TRIM Deletion\Recovered data\5699-$R3HVLL1.xls,.xls,0.02,OK,
C:\Users\User\OneDrive\Documents\Uni\Dissertation\SSD Files\Kingston A400\TRIM Deletion\Recovered data\57-$RPFE8J4.doc,.doc,0.08,OK,
C:\Users\User\OneDrive\Documents\Uni\Dissertation\SSD Files\Kingston A400\TRIM Deletion\Recovered data\5702-$RIZRI4E.xls,.xls,0.57,OK,
C:\Users\User\OneDrive\Documents\Uni\Dissertation\SSD Files\Kingston A400\TRIM Deletion\Recovered data\5705-$ROY5IF8.xls,.xls,2.27,OK,
C:\Users\User\OneDrive\Documents\Uni\Dissertation\SSD Files\Kingston A400\TRIM Deletion\Recovered data\5708-$RI5L7F3.xls,.xls,2.25,OK,
C:\Users\User\OneDrive\Documents\Uni\Dissertation\SSD Files\Kingston A400\TRIM Deletion\Recovered data\571-$R68O4GI.doc,.doc,0.02,OK,
C:\Users\User\OneDrive\Documents\Uni\Dissertation\SSD Files\Kingston A400\TRIM Deletion\Recovered data\5711-$RU9GLQ7.xls,.xls,3.69,OK,
C:\Users\User\OneDrive\Documents\Uni\Dissertation\SSD Files\Kingston A400\TRIM Deletion\Recovered data\5714-$RVMUD5V.xls,.xls,11.23,OK,
C:\Users\User\OneDrive\Documents\Uni\Dissertation\SSD Files\Kingston A400\TRIM Deletion\Recovered data\5717-$RLZI7LI.xls,.xls,2.57,OK,
C:\Users\User\OneDrive\Documents\Uni\Dissertation\SSD Files\Kingston A400\TRIM Deletion\Recovered data\5720-$RTOLA4U.xls,.xls,0.07,OK,
C:\Users\User\OneDrive\Documents\Uni\Dissertation\SSD Files\Kingston A400\TRIM Deletion\Recovered data\5723-$RRGA00H.xls,.xls,0.29,OK,
C:\Users\User\OneDrive\Documents\Uni\Dissertation\SSD Files\Kingston A400\TRIM Deletion\Recovered data\5726-$RZXMKR8.xls,.xls,0.06,OK,
C:\Users\User\OneDrive\Documents\Uni\Dissertation\SSD Files\Kingston A400\TRIM Deletion\Recovered data\5729-$RRJ43KV.xls,.xls,0.02,OK,
C:\Users\User\OneDrive\Documents\Uni\Dissertation\SSD Files\Kingston A400\TRIM Deletion\Recovered data\5732-$R5JRNDQ.xls,.xls,0.07,FAILED,"(-2147352567, 'Exception occurred.', (0, 'Microsoft Excel', 'Open method of Workbooks class failed', 'xlmain11.chm', 0, -2146827284), None)"
C:\Users\User\OneDrive\Documents\Uni\Dissertation\SSD Files\Kingston A400\TRIM Deletion\Recovered data\5735-$R5OODQ1.xls,.xls,0.2,OK,
C:\Users\User\OneDrive\Documents\Uni\Dissertation\SSD Files\Kingston A400\TRIM Deletion\Recovered data\5738-$RDLT799.xls,.xls,0.07,OK,
C:\Users\User\OneDrive\Documents\Uni\Dissertation\SSD Files\Kingston A400\TRIM Deletion\Recovered data\574-$RI8UYMV.doc,.doc,0.12,OK,
C:\Users\User\OneDrive\Documents\Uni\Dissertation\SSD Files\Kingston A400\TRIM Deletion\Recovered data\5741-$RDN6ED7.xls,.xls,3.09,OK,
C:\Users\User\OneDrive\Documents\Uni\Dissertation\SSD Files\Kingston A400\TRIM Deletion\Recovered data\5744-$RDMTYCQ.xls,.xls,0.03,OK,
C:\Users\User\OneDrive\Documents\Uni\Dissertation\SSD Files\Kingston A400\TRIM Deletion\Recovered data\5747-$RQIGIK1.xls,.xls,0.03,OK,
C:\Users\User\OneDrive\Documents\Uni\Dissertation\SSD Files\Kingston A400\TRIM Deletion\Recovered data\5750-$RQ2DI86.xls,.xls,0.63,OK,
C:\Users\User\OneDrive\Documents\Uni\Dissertation\SSD Files\Kingston A400\TRIM Deletion\Recovered data\5753-$R50WNPT.xls,.xls,0.16,FAILED,"(-2147352567, 'Exception occurred.', (0, 'Microsoft Excel', 'Open method of Workbooks class failed', 'xlmain11.chm', 0, -2146827284), None)"
C:\Users\User\OneDrive\Documents\Uni\Dissertation\SSD Files\Kingston A400\TRIM Deletion\Recovered data\5756-$RXBR0DG.xls,.xls,0.03,OK,
C:\Users\User\OneDrive\Documents\Uni\Dissertation\SSD Files\Kingston A400\TRIM Deletion\Recovered data\5759-$RA0ZJ7K.xls,.xls,0.12,FAILED,"(-2147352567, 'Exception occurred.', (0, 'Microsoft Excel', 'Office has detected a problem with this file. To help protect your computer this file cannot be opened.', 'xlmain11.chm', 0, -2146827284), None)"
C:\Users\User\OneDrive\Documents\Uni\Dissertation\SSD Files\Kingston A400\TRIM Deletion\Recovered data\5762-$RJX771B.xls,.xls,0.05,OK,
C:\Users\User\OneDrive\Documents\Uni\Dissertation\SSD Files\Kingston A400\TRIM Deletion\Recovered data\5765-$RUL3TSC.xls,.xls,0.1,OK,
C:\Users\User\OneDrive\Documents\Uni\Dissertation\SSD Files\Kingston A400\TRIM Deletion\Recovered data\5768-$RXLP6LR.xls,.xls,0.03,OK,
C:\Users\User\OneDrive\Documents\Uni\Dissertation\SSD Files\Kingston A400\TRIM Deletion\Recovered data\577-$RA32C5U.doc,.doc,1.18,FAILED,"(-2147352567, 'Exception occurred.', (0, 'Microsoft Word', 'Word experienced an error trying to open the file.\nTry these suggestions.\n* Check the file permissions for the document or drive.\n* Make sure there is sufficient free memory and disk space.\n* Open the file with the Text Recovery converter.\r (C:\\Users\\User\\...\\577-$RA32C5U.doc)', 'wdmain11.chm', 24601, -2146823167), None)"
C:\Users\User\OneDrive\Documents\Uni\Dissertation\SSD Files\Kingston A400\TRIM Deletion\Recovered data\5771-$RV35NJF.xls,.xls,0.04,OK,
C:\Users\User\OneDrive\Documents\Uni\Dissertation\SSD Files\Kingston A400\TRIM Deletion\Recovered data\5774-$RWSN6NQ.xls,.xls,0.07,OK,
C:\Users\User\OneDrive\Documents\Uni\Dissertation\SSD Files\Kingston A400\TRIM Deletion\Recovered data\5777-$RKCB6US.xls,.xls,0.27,OK,
C:\Users\User\OneDrive\Documents\Uni\Dissertation\SSD Files\Kingston A400\TRIM Deletion\Recovered data\5780-$ROC4N9W.xls,.xls,0.02,OK,
C:\Users\User\OneDrive\Documents\Uni\Dissertation\SSD Files\Kingston A400\TRIM Deletion\Recovered data\5783-$RUK0GR6.xls,.xls,0.02,OK,
C:\Users\User\OneDrive\Documents\Uni\Dissertation\SSD Files\Kingston A400\TRIM Deletion\Recovered data\5786-$RM2HURB.xls,.xls,0.02,OK,
C:\Users\User\OneDrive\Documents\Uni\Dissertation\SSD Files\Kingston A400\TRIM Deletion\Recovered data\5788-$R8CZJKG.xls,.xls,0.48,FAILED,"(-2147352567, 'Exception occurred.', (0, 'Microsoft Excel', 'Open method of Workbooks class failed', 'xlmain11.chm', 0, -2146827284), None)"
C:\Users\User\OneDrive\Documents\Uni\Dissertation\SSD Files\Kingston A400\TRIM Deletion\Recovered data\5791-$RHZID28.xls,.xls,0.02,OK,
C:\Users\User\OneDrive\Documents\Uni\Dissertation\SSD Files\Kingston A400\TRIM Deletion\Recovered data\5794-$R7GBJBZ.xls,.xls,0.02,OK,
C:\Users\User\OneDrive\Documents\Uni\Dissertation\SSD Files\Kingston A400\TRIM Deletion\Recovered data\5797-$RYGNBYG.xls,.xls,0.02,OK,
C:\Users\User\OneDrive\Documents\Uni\Dissertation\SSD Files\Kingston A400\TRIM Deletion\Recovered data\5799-$RKS440Y.xls,.xls,0.02,OK,
C:\Users\User\OneDrive\Documents\Uni\Dissertation\SSD Files\Kingston A400\TRIM Deletion\Recovered data\580-$RPYWXLG.doc,.doc,0.02,OK,
C:\Users\User\OneDrive\Documents\Uni\Dissertation\SSD Files\Kingston A400\TRIM Deletion\Recovered data\5802-$RUR38IM.xls,.xls,0.02,OK,
C:\Users\User\OneDrive\Documents\Uni\Dissertation\SSD Files\Kingston A400\TRIM Deletion\Recovered data\5805-$RKLWIXM.xls,.xls,0.04,OK,
C:\Users\User\OneDrive\Documents\Uni\Dissertation\SSD Files\Kingston A400\TRIM Deletion\Recovered data\5808-$RCM80WW.xls,.xls,0.07,OK,
C:\Users\User\OneDrive\Documents\Uni\Dissertation\SSD Files\Kingston A400\TRIM Deletion\Recovered data\5811-$RRF4QOL.xls,.xls,0.07,OK,
C:\Users\User\OneDrive\Documents\Uni\Dissertation\SSD Files\Kingston A400\TRIM Deletion\Recovered data\5814-$RWA6GLY.xls,.xls,0.03,OK,
C:\Users\User\OneDrive\Documents\Uni\Dissertation\SSD Files\Kingston A400\TRIM Deletion\Recovered data\5816-$RTEMSI3.xls,.xls,0.02,OK,
C:\Users\User\OneDrive\Documents\Uni\Dissertation\SSD Files\Kingston A400\TRIM Deletion\Recovered data\5819-$RRC7433.xls,.xls,0.29,OK,
C:\Users\User\OneDrive\Documents\Uni\Dissertation\SSD Files\Kingston A400\TRIM Deletion\Recovered data\5822-$RM3NDE1.xls,.xls,0.06,OK,
C:\Users\User\OneDrive\Documents\Uni\Dissertation\SSD Files\Kingston A400\TRIM Deletion\Recovered data\5825-$R37DHV8.xls,.xls,0.06,OK,
C:\Users\User\OneDrive\Documents\Uni\Dissertation\SSD Files\Kingston A400\TRIM Deletion\Recovered data\5828-$R40ZZ2S.xls,.xls,0.02,OK,
C:\Users\User\OneDrive\Documents\Uni\Dissertation\SSD Files\Kingston A400\TRIM Deletion\Recovered data\583-$ROKJHFS.doc,.doc,0.03,OK,
C:\Users\User\OneDrive\Documents\Uni\Dissertation\SSD Files\Kingston A400\TRIM Deletion\Recovered data\5830-$R6HCP6L.xls,.xls,1.59,FAILED,"(-2147352567, 'Exception occurred.', (0, 'Microsoft Excel', 'Office has detected a problem with this file. To help protect your computer this file cannot be opened.', 'xlmain11.chm', 0, -2146827284), None)"
C:\Users\User\OneDrive\Documents\Uni\Dissertation\SSD Files\Kingston A400\TRIM Deletion\Recovered data\5832-$R4GN4IW.xls,.xls,0.02,OK,
C:\Users\User\OneDrive\Documents\Uni\Dissertation\SSD Files\Kingston A400\TRIM Deletion\Recovered data\5835-$RPD19K4.xls,.xls,0.07,OK,
C:\Users\User\OneDrive\Documents\Uni\Dissertation\SSD Files\Kingston A400\TRIM Deletion\Recovered data\5838-$R3VSQ4F.xls,.xls,0.03,OK,
C:\Users\User\OneDrive\Documents\Uni\Dissertation\SSD Files\Kingston A400\TRIM Deletion\Recovered data\5841-$RRKALGY.xls,.xls,0.13,OK,
C:\Users\User\OneDrive\Documents\Uni\Dissertation\SSD Files\Kingston A400\TRIM Deletion\Recovered data\5843-$RKR4YJR.xls,.xls,0.03,OK,
C:\Users\User\OneDrive\Documents\Uni\Dissertation\SSD Files\Kingston A400\TRIM Deletion\Recovered data\5846-$ROJPC0S.xls,.xls,0.21,OK,
C:\Users\User\OneDrive\Documents\Uni\Dissertation\SSD Files\Kingston A400\TRIM Deletion\Recovered data\5849-$RUPRWID.xls,.xls,0.24,OK,
C:\Users\User\OneDrive\Documents\Uni\Dissertation\SSD Files\Kingston A400\TRIM Deletion\Recovered data\5852-$RXG07WJ.xls,.xls,0.3,OK,
C:\Users\User\OneDrive\Documents\Uni\Dissertation\SSD Files\Kingston A400\TRIM Deletion\Recovered data\5855-$RZL21ZJ.xls,.xls,0.02,OK,
C:\Users\User\OneDrive\Documents\Uni\Dissertation\SSD Files\Kingston A400\TRIM Deletion\Recovered data\5858-$R7JHPFU.xls,.xls,0.03,OK,
C:\Users\User\OneDrive\Documents\Uni\Dissertation\SSD Files\Kingston A400\TRIM Deletion\Recovered data\586-$RES9XZ7.doc,.doc,0.08,OK,
C:\Users\User\OneDrive\Documents\Uni\Dissertation\SSD Files\Kingston A400\TRIM Deletion\Recovered data\5861-$RVBNWCR.xls,.xls,0.02,OK,
C:\Users\User\OneDrive\Documents\Uni\Dissertation\SSD Files\Kingston A400\TRIM Deletion\Recovered data\5863-$R17EQEX.xls,.xls,0.02,OK,
C:\Users\User\OneDrive\Documents\Uni\Dissertation\SSD Files\Kingston A400\TRIM Deletion\Recovered data\5866-$RS2G4UF.xls,.xls,0.05,OK,
C:\Users\User\OneDrive\Documents\Uni\Dissertation\SSD Files\Kingston A400\TRIM Deletion\Recovered data\5869-$RODTMWJ.xls,.xls,0.02,OK,
C:\Users\User\OneDrive\Documents\Uni\Dissertation\SSD Files\Kingston A400\TRIM Deletion\Recovered data\5872-$RURACCB.xls,.xls,0.02,OK,
C:\Users\User\OneDrive\Documents\Uni\Dissertation\SSD Files\Kingston A400\TRIM Deletion\Recovered data\5875-$RCAHL58.xls,.xls,0.06,OK,
C:\Users\User\OneDrive\Documents\Uni\Dissertation\SSD Files\Kingston A400\TRIM Deletion\Recovered data\5878-$RIDLDEJ.xls,.xls,0.24,OK,
C:\Users\User\OneDrive\Documents\Uni\Dissertation\SSD Files\Kingston A400\TRIM Deletion\Recovered data\5881-$R7HWOES.xls,.xls,0.1,FAILED,"(-2147352567, 'Exception occurred.', (0, 'Microsoft Excel', 'Open method of Workbooks class failed', 'xlmain11.chm', 0, -2146827284), None)"
C:\Users\User\OneDrive\Documents\Uni\Dissertation\SSD Files\Kingston A400\TRIM Deletion\Recovered data\5884-$RLD138E.xls,.xls,0.22,OK,
C:\Users\User\OneDrive\Documents\Uni\Dissertation\SSD Files\Kingston A400\TRIM Deletion\Recovered data\5887-$R6RS6X3.xls,.xls,0.02,OK,
C:\Users\User\OneDrive\Documents\Uni\Dissertation\SSD Files\Kingston A400\TRIM Deletion\Recovered data\589-$RERW84F.doc,.doc,0.06,OK,
C:\Users\User\OneDrive\Documents\Uni\Dissertation\SSD Files\Kingston A400\TRIM Deletion\Recovered data\5890-$R169AE8.xls,.xls,0.02,OK,
C:\Users\User\OneDrive\Documents\Uni\Dissertation\SSD Files\Kingston A400\TRIM Deletion\Recovered data\5893-$RB33V0N.xls,.xls,0.03,OK,
C:\Users\User\OneDrive\Documents\Uni\Dissertation\SSD Files\Kingston A400\TRIM Deletion\Recovered data\5896-$R3599TB.xls,.xls,0.03,OK,
C:\Users\User\OneDrive\Documents\Uni\Dissertation\SSD Files\Kingston A400\TRIM Deletion\Recovered data\5899-$RMWYHVB.xls,.xls,0.36,OK,
C:\Users\User\OneDrive\Documents\Uni\Dissertation\SSD Files\Kingston A400\TRIM Deletion\Recovered data\5902-$RQVE0V0.xls,.xls,0.03,OK,
C:\Users\User\OneDrive\Documents\Uni\Dissertation\SSD Files\Kingston A400\TRIM Deletion\Recovered data\5905-$RSQR9CZ.xls,.xls,0.09,OK,
C:\Users\User\OneDrive\Documents\Uni\Dissertation\SSD Files\Kingston A400\TRIM Deletion\Recovered data\5907-$RH8Y12V.xls,.xls,0.39,OK,
C:\Users\User\OneDrive\Documents\Uni\Dissertation\SSD Files\Kingston A400\TRIM Deletion\Recovered data\5910-$RKLL1N8.xls,.xls,0.04,OK,
C:\Users\User\OneDrive\Documents\Uni\Dissertation\SSD Files\Kingston A400\TRIM Deletion\Recovered data\5913-$RIXY3S8.xls,.xls,0.03,OK,
C:\Users\User\OneDrive\Documents\Uni\Dissertation\SSD Files\Kingston A400\TRIM Deletion\Recovered data\5916-$R5HFFNA.xls,.xls,0.03,OK,
C:\Users\User\OneDrive\Documents\Uni\Dissertation\SSD Files\Kingston A400\TRIM Deletion\Recovered data\5919-$RA7A4AW.xls,.xls,0.02,OK,
C:\Users\User\OneDrive\Documents\Uni\Dissertation\SSD Files\Kingston A400\TRIM Deletion\Recovered data\592-$RZ8ZDDP.doc,.doc,0.03,OK,
C:\Users\User\OneDrive\Documents\Uni\Dissertation\SSD Files\Kingston A400\TRIM Deletion\Recovered data\5922-$RMLJLUX.xls,.xls,0.15,OK,
C:\Users\User\OneDrive\Documents\Uni\Dissertation\SSD Files\Kingston A400\TRIM Deletion\Recovered data\5924-$RGO5CQR.xls,.xls,15.03,OK,
C:\Users\User\OneDrive\Documents\Uni\Dissertation\SSD Files\Kingston A400\TRIM Deletion\Recovered data\5927-$R14H6CN.xls,.xls,0.02,OK,
C:\Users\User\OneDrive\Documents\Uni\Dissertation\SSD Files\Kingston A400\TRIM Deletion\Recovered data\5930-$RIEQ9SG.xls,.xls,0.1,OK,
C:\Users\User\OneDrive\Documents\Uni\Dissertation\SSD Files\Kingston A400\TRIM Deletion\Recovered data\5933-$RXCZZRK.xls,.xls,0.03,OK,
C:\Users\User\OneDrive\Documents\Uni\Dissertation\SSD Files\Kingston A400\TRIM Deletion\Recovered data\5936-$R9C9F01.xls,.xls,0.04,OK,
C:\Users\User\OneDrive\Documents\Uni\Dissertation\SSD Files\Kingston A400\TRIM Deletion\Recovered data\5939-$RXYSG8X.xls,.xls,0.06,OK,
C:\Users\User\OneDrive\Documents\Uni\Dissertation\SSD Files\Kingston A400\TRIM Deletion\Recovered data\5942-$R6VABQD.xls,.xls,0.28,FAILED,"(-2147352567, 'Exception occurred.', (0, 'Microsoft Excel', 'Office has detected a problem with this file. To help protect your computer this file cannot be opened.', 'xlmain11.chm', 0, -2146827284), None)"
C:\Users\User\OneDrive\Documents\Uni\Dissertation\SSD Files\Kingston A400\TRIM Deletion\Recovered data\5945-$RQMHVQ8.xls,.xls,0.04,OK,
C:\Users\User\OneDrive\Documents\Uni\Dissertation\SSD Files\Kingston A400\TRIM Deletion\Recovered data\5948-$RXHYQG4.xls,.xls,0.81,OK,
C:\Users\User\OneDrive\Documents\Uni\Dissertation\SSD Files\Kingston A400\TRIM Deletion\Recovered data\595-$RF6IIYD.doc,.doc,0.24,OK,
C:\Users\User\OneDrive\Documents\Uni\Dissertation\SSD Files\Kingston A400\TRIM Deletion\Recovered data\5951-$R1MVPLE.xls,.xls,0.08,FAILED,"(-2147352567, 'Exception occurred.', (0, 'Microsoft Excel', 'Open method of Workbooks class failed', 'xlmain11.chm', 0, -2146827284), None)"
C:\Users\User\OneDrive\Documents\Uni\Dissertation\SSD Files\Kingston A400\TRIM Deletion\Recovered data\5954-$RBGTQOO.xls,.xls,0.05,OK,
C:\Users\User\OneDrive\Documents\Uni\Dissertation\SSD Files\Kingston A400\TRIM Deletion\Recovered data\5957-$RO0MDAY.xls,.xls,0.03,OK,
C:\Users\User\OneDrive\Documents\Uni\Dissertation\SSD Files\Kingston A400\TRIM Deletion\Recovered data\5960-$RGHGKML.xls,.xls,0.26,OK,
C:\Users\User\OneDrive\Documents\Uni\Dissertation\SSD Files\Kingston A400\TRIM Deletion\Recovered data\5963-$R0MWPMS.xls,.xls,0.08,OK,
C:\Users\User\OneDrive\Documents\Uni\Dissertation\SSD Files\Kingston A400\TRIM Deletion\Recovered data\5966-$R06PCFR.xls,.xls,0.18,FAILED,"(-2147352567, 'Exception occurred.', (0, 'Microsoft Excel', 'Office has detected a problem with this file. To help protect your computer this file cannot be opened.', 'xlmain11.chm', 0, -2146827284), None)"
C:\Users\User\OneDrive\Documents\Uni\Dissertation\SSD Files\Kingston A400\TRIM Deletion\Recovered data\5969-$REBTVMA.xls,.xls,0.09,OK,
C:\Users\User\OneDrive\Documents\Uni\Dissertation\SSD Files\Kingston A400\TRIM Deletion\Recovered data\5972-$RLP042M.xls,.xls,0.18,OK,
C:\Users\User\OneDrive\Documents\Uni\Dissertation\SSD Files\Kingston A400\TRIM Deletion\Recovered data\5975-$RJX66JF.xls,.xls,1.16,OK,
C:\Users\User\OneDrive\Documents\Uni\Dissertation\SSD Files\Kingston A400\TRIM Deletion\Recovered data\5978-$R9P82P9.xls,.xls,0.67,FAILED,"(-2147352567, 'Exception occurred.', (0, 'Microsoft Excel', 'Open method of Workbooks class failed', 'xlmain11.chm', 0, -2146827284), None)"
C:\Users\User\OneDrive\Documents\Uni\Dissertation\SSD Files\Kingston A400\TRIM Deletion\Recovered data\598-$RKFCFFG.doc,.doc,0.03,OK,
C:\Users\User\OneDrive\Documents\Uni\Dissertation\SSD Files\Kingston A400\TRIM Deletion\Recovered data\5981-$RA3LJ2Y.xls,.xls,0.02,OK,
C:\Users\User\OneDrive\Documents\Uni\Dissertation\SSD Files\Kingston A400\TRIM Deletion\Recovered data\5984-$RHIY5IF.xls,.xls,0.06,OK,
C:\Users\User\OneDrive\Documents\Uni\Dissertation\SSD Files\Kingston A400\TRIM Deletion\Recovered data\5987-$RCQEK2H.xls,.xls,0.08,OK,
C:\Users\User\OneDrive\Documents\Uni\Dissertation\SSD Files\Kingston A400\TRIM Deletion\Recovered data\5990-$R8DIPB6.xls,.xls,0.11,OK,
C:\Users\User\OneDrive\Documents\Uni\Dissertation\SSD Files\Kingston A400\TRIM Deletion\Recovered data\5993-$ROFLG8Z.xls,.xls,0.02,OK,
C:\Users\User\OneDrive\Documents\Uni\Dissertation\SSD Files\Kingston A400\TRIM Deletion\Recovered data\5995-$R4VFA45.xls,.xls,0.36,FAILED,"(-2147352567, 'Exception occurred.', (0, 'Microsoft Excel', 'Open method of Workbooks class failed', 'xlmain11.chm', 0, -2146827284), None)"
C:\Users\User\OneDrive\Documents\Uni\Dissertation\SSD Files\Kingston A400\TRIM Deletion\Recovered data\5997-$RD3VCQS.xls,.xls,0.05,OK,
C:\Users\User\OneDrive\Documents\Uni\Dissertation\SSD Files\Kingston A400\TRIM Deletion\Recovered data\60-$RLMV3WK.doc,.doc,0.26,OK,
C:\Users\User\OneDrive\Documents\Uni\Dissertation\SSD Files\Kingston A400\TRIM Deletion\Recovered data\600-$RIMVW39.doc,.doc,0.06,OK,
C:\Users\User\OneDrive\Documents\Uni\Dissertation\SSD Files\Kingston A400\TRIM Deletion\Recovered data\6000-$R4WY8Y4.xls,.xls,0.2,FAILED,"(-2147352567, 'Exception occurred.', (0, 'Microsoft Excel', 'Open method of Workbooks class failed', 'xlmain11.chm', 0, -2146827284), None)"
C:\Users\User\OneDrive\Documents\Uni\Dissertation\SSD Files\Kingston A400\TRIM Deletion\Recovered data\6003-$RRBKWKV.xls,.xls,0.2,OK,
C:\Users\User\OneDrive\Documents\Uni\Dissertation\SSD Files\Kingston A400\TRIM Deletion\Recovered data\6006-$RKMYNTH.xls,.xls,0.01,OK,
C:\Users\User\OneDrive\Documents\Uni\Dissertation\SSD Files\Kingston A400\TRIM Deletion\Recovered data\6009-$R4LRZPL.xls,.xls,0.12,FAILED,"(-2147352567, 'Exception occurred.', (0, 'Microsoft Excel', 'Office has detected a problem with this file. To help protect your computer this file cannot be opened.', 'xlmain11.chm', 0, -2146827284), None)"
C:\Users\User\OneDrive\Documents\Uni\Dissertation\SSD Files\Kingston A400\TRIM Deletion\Recovered data\6012-$RTRAQA6.xls,.xls,0.17,OK,
C:\Users\User\OneDrive\Documents\Uni\Dissertation\SSD Files\Kingston A400\TRIM Deletion\Recovered data\6015-$RGFDRNF.xls,.xls,0.02,OK,
C:\Users\User\OneDrive\Documents\Uni\Dissertation\SSD Files\Kingston A400\TRIM Deletion\Recovered data\6018-$ROSY1KW.xls,.xls,0.16,OK,
C:\Users\User\OneDrive\Documents\Uni\Dissertation\SSD Files\Kingston A400\TRIM Deletion\Recovered data\6020-$RH8UJN6.xls,.xls,0.03,OK,
C:\Users\User\OneDrive\Documents\Uni\Dissertation\SSD Files\Kingston A400\TRIM Deletion\Recovered data\6023-$RXRSFW6.xls,.xls,0.06,OK,
C:\Users\User\OneDrive\Documents\Uni\Dissertation\SSD Files\Kingston A400\TRIM Deletion\Recovered data\6026-$RFQTMK5.xls,.xls,0.07,OK,
C:\Users\User\OneDrive\Documents\Uni\Dissertation\SSD Files\Kingston A400\TRIM Deletion\Recovered data\6029-$RQWFFFE.xls,.xls,2.47,OK,
C:\Users\User\OneDrive\Documents\Uni\Dissertation\SSD Files\Kingston A400\TRIM Deletion\Recovered data\603-$RAQSDD6.doc,.doc,0.04,OK,
C:\Users\User\OneDrive\Documents\Uni\Dissertation\SSD Files\Kingston A400\TRIM Deletion\Recovered data\6032-$RDE6756.xls,.xls,0.03,OK,
C:\Users\User\OneDrive\Documents\Uni\Dissertation\SSD Files\Kingston A400\TRIM Deletion\Recovered data\6035-$RVJQEFZ.xls,.xls,4.88,OK,
C:\Users\User\OneDrive\Documents\Uni\Dissertation\SSD Files\Kingston A400\TRIM Deletion\Recovered data\6038-$RFESKPR.xls,.xls,0.12,OK,
C:\Users\User\OneDrive\Documents\Uni\Dissertation\SSD Files\Kingston A400\TRIM Deletion\Recovered data\6041-$RU9FO31.xls,.xls,0.08,OK,
C:\Users\User\OneDrive\Documents\Uni\Dissertation\SSD Files\Kingston A400\TRIM Deletion\Recovered data\6044-$RF3FVFG.xls,.xls,0.11,OK,
C:\Users\User\OneDrive\Documents\Uni\Dissertation\SSD Files\Kingston A400\TRIM Deletion\Recovered data\6047-$R86QQA5.xls,.xls,0.19,FAILED,"(-2147352567, 'Exception occurred.', (0, 'Microsoft Excel', 'Open method of Workbooks class failed', 'xlmain11.chm', 0, -2146827284), None)"
C:\Users\User\OneDrive\Documents\Uni\Dissertation\SSD Files\Kingston A400\TRIM Deletion\Recovered data\6050-$RJS37FV.xls,.xls,0.04,OK,
C:\Users\User\OneDrive\Documents\Uni\Dissertation\SSD Files\Kingston A400\TRIM Deletion\Recovered data\6053-$R61UNY2.xls,.xls,0.27,FAILED,"(-2147352567, 'Exception occurred.', (0, 'Microsoft Excel', 'Office has detected a problem with this file. To help protect your computer this file cannot be opened.', 'xlmain11.chm', 0, -2146827284), None)"
C:\Users\User\OneDrive\Documents\Uni\Dissertation\SSD Files\Kingston A400\TRIM Deletion\Recovered data\6056-$RXCGUJV.xls,.xls,0.06,OK,
C:\Users\User\OneDrive\Documents\Uni\Dissertation\SSD Files\Kingston A400\TRIM Deletion\Recovered data\6059-$RR9FX7Y.xls,.xls,0.06,OK,
C:\Users\User\OneDrive\Documents\Uni\Dissertation\SSD Files\Kingston A400\TRIM Deletion\Recovered data\606-$RYRHIXQ.doc,.doc,0.07,OK,
C:\Users\User\OneDrive\Documents\Uni\Dissertation\SSD Files\Kingston A400\TRIM Deletion\Recovered data\6062-$R0EJ5SS.xls,.xls,0.02,OK,
C:\Users\User\OneDrive\Documents\Uni\Dissertation\SSD Files\Kingston A400\TRIM Deletion\Recovered data\6065-$RYGSSXD.xls,.xls,0.1,OK,
C:\Users\User\OneDrive\Documents\Uni\Dissertation\SSD Files\Kingston A400\TRIM Deletion\Recovered data\6068-$RKMCQ78.xls,.xls,0.01,OK,
C:\Users\User\OneDrive\Documents\Uni\Dissertation\SSD Files\Kingston A400\TRIM Deletion\Recovered data\6071-$R3YXSAD.xls,.xls,2.14,FAILED,"(-2147352567, 'Exception occurred.', (0, 'Microsoft Excel', 'Office has detected a problem with this file. To help protect your computer this file cannot be opened.', 'xlmain11.chm', 0, -2146827284), None)"
C:\Users\User\OneDrive\Documents\Uni\Dissertation\SSD Files\Kingston A400\TRIM Deletion\Recovered data\6074-$RMVESNN.xls,.xls,0.08,OK,
C:\Users\User\OneDrive\Documents\Uni\Dissertation\SSD Files\Kingston A400\TRIM Deletion\Recovered data\6077-$RR1YDIZ.xls,.xls,0.02,OK,
C:\Users\User\OneDrive\Documents\Uni\Dissertation\SSD Files\Kingston A400\TRIM Deletion\Recovered data\6079-$R5V1M73.xls,.xls,0.02,OK,
C:\Users\User\OneDrive\Documents\Uni\Dissertation\SSD Files\Kingston A400\TRIM Deletion\Recovered data\6081-$RTE1AXQ.xls,.xls,0.04,OK,
C:\Users\User\OneDrive\Documents\Uni\Dissertation\SSD Files\Kingston A400\TRIM Deletion\Recovered data\6084-$RFPWLUD.xls,.xls,0.04,OK,
C:\Users\User\OneDrive\Documents\Uni\Dissertation\SSD Files\Kingston A400\TRIM Deletion\Recovered data\6086-$RH8AMZC.xls,.xls,0.16,OK,
C:\Users\User\OneDrive\Documents\Uni\Dissertation\SSD Files\Kingston A400\TRIM Deletion\Recovered data\6089-$R93R0DC.xls,.xls,0.02,OK,
C:\Users\User\OneDrive\Documents\Uni\Dissertation\SSD Files\Kingston A400\TRIM Deletion\Recovered data\609-$RZ4LL92.doc,.doc,0.06,OK,
C:\Users\User\OneDrive\Documents\Uni\Dissertation\SSD Files\Kingston A400\TRIM Deletion\Recovered data\6091-$R9FBFTG.xls,.xls,0.08,OK,
C:\Users\User\OneDrive\Documents\Uni\Dissertation\SSD Files\Kingston A400\TRIM Deletion\Recovered data\6094-$R8AUUTB.xls,.xls,0.14,FAILED,"(-2147352567, 'Exception occurred.', (0, 'Microsoft Excel', 'Office has detected a problem with this file. To help protect your computer this file cannot be opened.', 'xlmain11.chm', 0, -2146827284), None)"
C:\Users\User\OneDrive\Documents\Uni\Dissertation\SSD Files\Kingston A400\TRIM Deletion\Recovered data\6097-$RBP4KAY.xls,.xls,0.13,OK,
C:\Users\User\OneDrive\Documents\Uni\Dissertation\SSD Files\Kingston A400\TRIM Deletion\Recovered data\6100-$RBMMLBY.xls,.xls,3.52,OK,
C:\Users\User\OneDrive\Documents\Uni\Dissertation\SSD Files\Kingston A400\TRIM Deletion\Recovered data\6103-$R5EGDHB.xls,.xls,0.24,FAILED,"(-2147352567, 'Exception occurred.', (0, 'Microsoft Excel', 'Office has detected a problem with this file. To help protect your computer this file cannot be opened.', 'xlmain11.chm', 0, -2146827284), None)"
C:\Users\User\OneDrive\Documents\Uni\Dissertation\SSD Files\Kingston A400\TRIM Deletion\Recovered data\6106-$RQGZ172.xls,.xls,0.04,OK,
C:\Users\User\OneDrive\Documents\Uni\Dissertation\SSD Files\Kingston A400\TRIM Deletion\Recovered data\6109-$RXMR7QU.xls,.xls,0.03,OK,
C:\Users\User\OneDrive\Documents\Uni\Dissertation\SSD Files\Kingston A400\TRIM Deletion\Recovered data\6112-$R4KA2CC.xls,.xls,0.01,OK,
C:\Users\User\OneDrive\Documents\Uni\Dissertation\SSD Files\Kingston A400\TRIM Deletion\Recovered data\6115-$R6JE6JN.xls,.xls,0.04,OK,
C:\Users\User\OneDrive\Documents\Uni\Dissertation\SSD Files\Kingston A400\TRIM Deletion\Recovered data\6118-$RRZ2IX5.xls,.xls,0.07,OK,
C:\Users\User\OneDrive\Documents\Uni\Dissertation\SSD Files\Kingston A400\TRIM Deletion\Recovered data\612-$RHXH2L0.doc,.doc,0.07,OK,
C:\Users\User\OneDrive\Documents\Uni\Dissertation\SSD Files\Kingston A400\TRIM Deletion\Recovered data\6121-$RK3WUZ0.xls,.xls,0.04,OK,
C:\Users\User\OneDrive\Documents\Uni\Dissertation\SSD Files\Kingston A400\TRIM Deletion\Recovered data\6124-$R1JFN8N.xls,.xls,0.41,FAILED,"(-2147352567, 'Exception occurred.', (0, 'Microsoft Excel', 'Open method of Workbooks class failed', 'xlmain11.chm', 0, -2146827284), None)"
C:\Users\User\OneDrive\Documents\Uni\Dissertation\SSD Files\Kingston A400\TRIM Deletion\Recovered data\6127-$RL3WE4W.xls,.xls,0.19,OK,
C:\Users\User\OneDrive\Documents\Uni\Dissertation\SSD Files\Kingston A400\TRIM Deletion\Recovered data\6130-$RFCCZFM.xls,.xls,0.04,OK,
C:\Users\User\OneDrive\Documents\Uni\Dissertation\SSD Files\Kingston A400\TRIM Deletion\Recovered data\6133-$R51MPNI.xls,.xls,0.02,OK,
C:\Users\User\OneDrive\Documents\Uni\Dissertation\SSD Files\Kingston A400\TRIM Deletion\Recovered data\6136-$REFCHHM.xls,.xls,0.03,OK,
C:\Users\User\OneDrive\Documents\Uni\Dissertation\SSD Files\Kingston A400\TRIM Deletion\Recovered data\6139-$RS0ACQ6.xls,.xls,0.08,OK,
C:\Users\User\OneDrive\Documents\Uni\Dissertation\SSD Files\Kingston A400\TRIM Deletion\Recovered data\6142-$RCHM4DV.xls,.xls,0.23,OK,
C:\Users\User\OneDrive\Documents\Uni\Dissertation\SSD Files\Kingston A400\TRIM Deletion\Recovered data\6144-$RB76HAT.xls,.xls,0.02,OK,
C:\Users\User\OneDrive\Documents\Uni\Dissertation\SSD Files\Kingston A400\TRIM Deletion\Recovered data\6147-$RW3KUVI.xls,.xls,0.13,OK,
C:\Users\User\OneDrive\Documents\Uni\Dissertation\SSD Files\Kingston A400\TRIM Deletion\Recovered data\6149-$R6P42U8.xls,.xls,0.13,FAILED,"(-2147352567, 'Exception occurred.', (0, 'Microsoft Excel', 'Office has detected a problem with this file. To help protect your computer this file cannot be opened.', 'xlmain11.chm', 0, -2146827284), None)"
C:\Users\User\OneDrive\Documents\Uni\Dissertation\SSD Files\Kingston A400\TRIM Deletion\Recovered data\615-$RM5F79R.doc,.doc,0.08,OK,
C:\Users\User\OneDrive\Documents\Uni\Dissertation\SSD Files\Kingston A400\TRIM Deletion\Recovered data\6152-$R2R1GWF.xls,.xls,0.04,OK,
C:\Users\User\OneDrive\Documents\Uni\Dissertation\SSD Files\Kingston A400\TRIM Deletion\Recovered data\6155-$R99EWVX.xls,.xls,0.03,OK,
C:\Users\User\OneDrive\Documents\Uni\Dissertation\SSD Files\Kingston A400\TRIM Deletion\Recovered data\6158-$R0G2U4G.xls,.xls,0.05,OK,
C:\Users\User\OneDrive\Documents\Uni\Dissertation\SSD Files\Kingston A400\TRIM Deletion\Recovered data\6161-$RRJR4O0.xls,.xls,0.22,OK,
C:\Users\User\OneDrive\Documents\Uni\Dissertation\SSD Files\Kingston A400\TRIM Deletion\Recovered data\6164-$R09CL44.xls,.xls,1.11,OK,
C:\Users\User\OneDrive\Documents\Uni\Dissertation\SSD Files\Kingston A400\TRIM Deletion\Recovered data\6167-$RCL3WT0.xls,.xls,0.05,OK,
C:\Users\User\OneDrive\Documents\Uni\Dissertation\SSD Files\Kingston A400\TRIM Deletion\Recovered data\6170-$RK1MJ63.xls,.xls,0.16,OK,
C:\Users\User\OneDrive\Documents\Uni\Dissertation\SSD Files\Kingston A400\TRIM Deletion\Recovered data\6173-$RVY3WI3.xls,.xls,0.05,OK,
C:\Users\User\OneDrive\Documents\Uni\Dissertation\SSD Files\Kingston A400\TRIM Deletion\Recovered data\6176-$RG6OVRM.xls,.xls,0.05,OK,
C:\Users\User\OneDrive\Documents\Uni\Dissertation\SSD Files\Kingston A400\TRIM Deletion\Recovered data\6179-$RT9MHY6.xls,.xls,0.05,OK,
C:\Users\User\OneDrive\Documents\Uni\Dissertation\SSD Files\Kingston A400\TRIM Deletion\Recovered data\618-$R7ZIOSO.doc,.doc,0.05,OK,
C:\Users\User\OneDrive\Documents\Uni\Dissertation\SSD Files\Kingston A400\TRIM Deletion\Recovered data\6182-$RUKCSFP.xls,.xls,0.04,OK,
C:\Users\User\OneDrive\Documents\Uni\Dissertation\SSD Files\Kingston A400\TRIM Deletion\Recovered data\6185-$R32PB4P.xls,.xls,0.16,FAILED,"(-2147352567, 'Exception occurred.', (0, 'Microsoft Excel', 'Open method of Workbooks class failed', 'xlmain11.chm', 0, -2146827284), None)"
C:\Users\User\OneDrive\Documents\Uni\Dissertation\SSD Files\Kingston A400\TRIM Deletion\Recovered data\6188-$R6YV5MR.xls,.xls,0.08,OK,
C:\Users\User\OneDrive\Documents\Uni\Dissertation\SSD Files\Kingston A400\TRIM Deletion\Recovered data\6191-$R6ZJJ2O.xls,.xls,0.27,OK,
C:\Users\User\OneDrive\Documents\Uni\Dissertation\SSD Files\Kingston A400\TRIM Deletion\Recovered data\6194-$RVJBL2C.xls,.xls,0.16,OK,
C:\Users\User\OneDrive\Documents\Uni\Dissertation\SSD Files\Kingston A400\TRIM Deletion\Recovered data\6197-$RBMUPNG.xls,.xls,0.13,OK,
C:\Users\User\OneDrive\Documents\Uni\Dissertation\SSD Files\Kingston A400\TRIM Deletion\Recovered data\6200-$R7OSA7X.xls,.xls,0.03,OK,
C:\Users\User\OneDrive\Documents\Uni\Dissertation\SSD Files\Kingston A400\TRIM Deletion\Recovered data\6203-$RCMMJH2.xls,.xls,0.03,OK,
C:\Users\User\OneDrive\Documents\Uni\Dissertation\SSD Files\Kingston A400\TRIM Deletion\Recovered data\6205-$RY2KYI0.xls,.xls,0.14,OK,
C:\Users\User\OneDrive\Documents\Uni\Dissertation\SSD Files\Kingston A400\TRIM Deletion\Recovered data\6208-$RQAEGPN.xls,.xls,0.25,OK,
C:\Users\User\OneDrive\Documents\Uni\Dissertation\SSD Files\Kingston A400\TRIM Deletion\Recovered data\621-$R47132W.doc,.doc,0.07,OK,
C:\Users\User\OneDrive\Documents\Uni\Dissertation\SSD Files\Kingston A400\TRIM Deletion\Recovered data\6211-$R0GF5B4.xls,.xls,0.02,OK,
C:\Users\User\OneDrive\Documents\Uni\Dissertation\SSD Files\Kingston A400\TRIM Deletion\Recovered data\6214-$RZAHMSG.xls,.xls,0.11,OK,
C:\Users\User\OneDrive\Documents\Uni\Dissertation\SSD Files\Kingston A400\TRIM Deletion\Recovered data\6217-$RI7QAF4.xls,.xls,0.52,OK,
C:\Users\User\OneDrive\Documents\Uni\Dissertation\SSD Files\Kingston A400\TRIM Deletion\Recovered data\6220-$RHRYWOT.xls,.xls,5.09,OK,
C:\Users\User\OneDrive\Documents\Uni\Dissertation\SSD Files\Kingston A400\TRIM Deletion\Recovered data\6222-$RDK37KC.xls,.xls,0.03,OK,
C:\Users\User\OneDrive\Documents\Uni\Dissertation\SSD Files\Kingston A400\TRIM Deletion\Recovered data\6225-$RZW9L6K.xls,.xls,0.25,OK,
C:\Users\User\OneDrive\Documents\Uni\Dissertation\SSD Files\Kingston A400\TRIM Deletion\Recovered data\6228-$RGCCR8S.xls,.xls,0.37,OK,
C:\Users\User\OneDrive\Documents\Uni\Dissertation\SSD Files\Kingston A400\TRIM Deletion\Recovered data\6231-$RQAQ2Y5.xls,.xls,0.4,OK,
C:\Users\User\OneDrive\Documents\Uni\Dissertation\SSD Files\Kingston A400\TRIM Deletion\Recovered data\6234-$RA4WU4P.xls,.xls,0.06,OK,
C:\Users\User\OneDrive\Documents\Uni\Dissertation\SSD Files\Kingston A400\TRIM Deletion\Recovered data\6237-$R0R0E8M.xls,.xls,0.04,OK,
C:\Users\User\OneDrive\Documents\Uni\Dissertation\SSD Files\Kingston A400\TRIM Deletion\Recovered data\624-$RF06ABR.doc,.doc,0.11,OK,
C:\Users\User\OneDrive\Documents\Uni\Dissertation\SSD Files\Kingston A400\TRIM Deletion\Recovered data\6240-$RHO7Z46.xls,.xls,0.09,OK,
C:\Users\User\OneDrive\Documents\Uni\Dissertation\SSD Files\Kingston A400\TRIM Deletion\Recovered data\6243-$RFARIJ8.xls,.xls,0.05,OK,
C:\Users\User\OneDrive\Documents\Uni\Dissertation\SSD Files\Kingston A400\TRIM Deletion\Recovered data\6246-$RSW6SOG.xls,.xls,0.02,OK,
C:\Users\User\OneDrive\Documents\Uni\Dissertation\SSD Files\Kingston A400\TRIM Deletion\Recovered data\6249-$RZ0TL9M.xls,.xls,0.09,OK,
C:\Users\User\OneDrive\Documents\Uni\Dissertation\SSD Files\Kingston A400\TRIM Deletion\Recovered data\6252-$R93WU6A.xls,.xls,0.01,OK,
C:\Users\User\OneDrive\Documents\Uni\Dissertation\SSD Files\Kingston A400\TRIM Deletion\Recovered data\6255-$RM1EKA1.xls,.xls,0.07,OK,
C:\Users\User\OneDrive\Documents\Uni\Dissertation\SSD Files\Kingston A400\TRIM Deletion\Recovered data\6257-$R1JLVKJ.xls,.xls,0.09,FAILED,"(-2147352567, 'Exception occurred.', (0, 'Microsoft Excel', 'Open method of Workbooks class failed', 'xlmain11.chm', 0, -2146827284), None)"
C:\Users\User\OneDrive\Documents\Uni\Dissertation\SSD Files\Kingston A400\TRIM Deletion\Recovered data\6260-$RODD8ML.xls,.xls,0.02,OK,
C:\Users\User\OneDrive\Documents\Uni\Dissertation\SSD Files\Kingston A400\TRIM Deletion\Recovered data\6263-$R3HXPWV.xls,.xls,0.03,OK,
C:\Users\User\OneDrive\Documents\Uni\Dissertation\SSD Files\Kingston A400\TRIM Deletion\Recovered data\6266-$R0Q9F9H.xls,.xls,0.02,OK,
C:\Users\User\OneDrive\Documents\Uni\Dissertation\SSD Files\Kingston A400\TRIM Deletion\Recovered data\6269-$R7F07XE.xls,.xls,0.05,OK,
C:\Users\User\OneDrive\Documents\Uni\Dissertation\SSD Files\Kingston A400\TRIM Deletion\Recovered data\627-$RMQH39K.doc,.doc,13.3,OK,
C:\Users\User\OneDrive\Documents\Uni\Dissertation\SSD Files\Kingston A400\TRIM Deletion\Recovered data\6272-$RBDLP0C.xls,.xls,0.04,OK,
C:\Users\User\OneDrive\Documents\Uni\Dissertation\SSD Files\Kingston A400\TRIM Deletion\Recovered data\6275-$RW55R4I.xls,.xls,0.08,OK,
C:\Users\User\OneDrive\Documents\Uni\Dissertation\SSD Files\Kingston A400\TRIM Deletion\Recovered data\6278-$RBG1AER.xls,.xls,0.06,OK,
C:\Users\User\OneDrive\Documents\Uni\Dissertation\SSD Files\Kingston A400\TRIM Deletion\Recovered data\6281-$RAGA5X4.xls,.xls,0.09,OK,
C:\Users\User\OneDrive\Documents\Uni\Dissertation\SSD Files\Kingston A400\TRIM Deletion\Recovered data\6284-$R1BTG9Z.xls,.xls,0.03,OK,
C:\Users\User\OneDrive\Documents\Uni\Dissertation\SSD Files\Kingston A400\TRIM Deletion\Recovered data\6287-$R3294KF.xls,.xls,0.06,OK,
C:\Users\User\OneDrive\Documents\Uni\Dissertation\SSD Files\Kingston A400\TRIM Deletion\Recovered data\6289-$RS5MLXY.xls,.xls,0.47,OK,
C:\Users\User\OneDrive\Documents\Uni\Dissertation\SSD Files\Kingston A400\TRIM Deletion\Recovered data\629-$RS1W5KN.doc,.doc,0.94,OK,
C:\Users\User\OneDrive\Documents\Uni\Dissertation\SSD Files\Kingston A400\TRIM Deletion\Recovered data\6292-$R5TAJ9K.xls,.xls,0.2,FAILED,"(-2147352567, 'Exception occurred.', (0, 'Microsoft Excel', 'Office has detected a problem with this file. To help protect your computer this file cannot be opened.', 'xlmain11.chm', 0, -2146827284), None)"
C:\Users\User\OneDrive\Documents\Uni\Dissertation\SSD Files\Kingston A400\TRIM Deletion\Recovered data\6295-$R7L8H4U.xls,.xls,1.36,FAILED,"(-2147352567, 'Exception occurred.', (0, 'Microsoft Excel', 'Open method of Workbooks class failed', 'xlmain11.chm', 0, -2146827284), None)"
C:\Users\User\OneDrive\Documents\Uni\Dissertation\SSD Files\Kingston A400\TRIM Deletion\Recovered data\6298-$R4RJG2O.xls,.xls,1.14,FAILED,"(-2147352567, 'Exception occurred.', (0, 'Microsoft Excel', 'Office has detected a problem with this file. To help protect your computer this file cannot be opened.', 'xlmain11.chm', 0, -2146827284), None)"
C:\Users\User\OneDrive\Documents\Uni\Dissertation\SSD Files\Kingston A400\TRIM Deletion\Recovered data\63-$RXZWGI8.doc,.doc,0.08,OK,
C:\Users\User\OneDrive\Documents\Uni\Dissertation\SSD Files\Kingston A400\TRIM Deletion\Recovered data\6301-$RF62XQ6.xls,.xls,0.04,OK,
C:\Users\User\OneDrive\Documents\Uni\Dissertation\SSD Files\Kingston A400\TRIM Deletion\Recovered data\6304-$RJQGKQ9.xls,.xls,0.81,OK,
C:\Users\User\OneDrive\Documents\Uni\Dissertation\SSD Files\Kingston A400\TRIM Deletion\Recovered data\6307-$RN5GJJC.xls,.xls,0.17,OK,
C:\Users\User\OneDrive\Documents\Uni\Dissertation\SSD Files\Kingston A400\TRIM Deletion\Recovered data\6310-$R9DOVA8.xls,.xls,0.01,OK,
C:\Users\User\OneDrive\Documents\Uni\Dissertation\SSD Files\Kingston A400\TRIM Deletion\Recovered data\6313-$RJDUJPK.xls,.xls,0.02,OK,
C:\Users\User\OneDrive\Documents\Uni\Dissertation\SSD Files\Kingston A400\TRIM Deletion\Recovered data\6316-$R4BOY6U.xls,.xls,0.03,OK,
C:\Users\User\OneDrive\Documents\Uni\Dissertation\SSD Files\Kingston A400\TRIM Deletion\Recovered data\6318-$RMX149C.xls,.xls,0.03,OK,
C:\Users\User\OneDrive\Documents\Uni\Dissertation\SSD Files\Kingston A400\TRIM Deletion\Recovered data\632-$R65H86P.doc,.doc,0.24,FAILED,"(-2147352567, 'Exception occurred.', (0, 'Microsoft Word', 'Office has detected a problem with this file. To help protect your computer this file cannot be opened.\r (C:\\Users\\User\\...\\632-$R65H86P.doc)', 'wdmain11.chm', 25775, -2146821993), None)"
C:\Users\User\OneDrive\Documents\Uni\Dissertation\SSD Files\Kingston A400\TRIM Deletion\Recovered data\6321-$RO2ADSI.xls,.xls,0.03,OK,
C:\Users\User\OneDrive\Documents\Uni\Dissertation\SSD Files\Kingston A400\TRIM Deletion\Recovered data\6324-$RE3L721.xls,.xls,0.05,OK,
C:\Users\User\OneDrive\Documents\Uni\Dissertation\SSD Files\Kingston A400\TRIM Deletion\Recovered data\6327-$RFD9SY6.xls,.xls,0.02,OK,
C:\Users\User\OneDrive\Documents\Uni\Dissertation\SSD Files\Kingston A400\TRIM Deletion\Recovered data\6330-$R5MVYQA.xls,.xls,0.11,OK,
C:\Users\User\OneDrive\Documents\Uni\Dissertation\SSD Files\Kingston A400\TRIM Deletion\Recovered data\6333-$RC3D7Y0.xls,.xls,0.1,OK,
C:\Users\User\OneDrive\Documents\Uni\Dissertation\SSD Files\Kingston A400\TRIM Deletion\Recovered data\6336-$RA6AP4H.xls,.xls,0.28,FAILED,"(-2147352567, 'Exception occurred.', (0, 'Microsoft Excel', 'Open method of Workbooks class failed', 'xlmain11.chm', 0, -2146827284), None)"
C:\Users\User\OneDrive\Documents\Uni\Dissertation\SSD Files\Kingston A400\TRIM Deletion\Recovered data\6339-$RZKCMBK.xls,.xls,0.24,OK,
C:\Users\User\OneDrive\Documents\Uni\Dissertation\SSD Files\Kingston A400\TRIM Deletion\Recovered data\6341-$ROMDV2C.xls,.xls,1.23,OK,
C:\Users\User\OneDrive\Documents\Uni\Dissertation\SSD Files\Kingston A400\TRIM Deletion\Recovered data\6344-$RYQPYQG.xls,.xls,0.36,OK,
C:\Users\User\OneDrive\Documents\Uni\Dissertation\SSD Files\Kingston A400\TRIM Deletion\Recovered data\6347-$RWSUUVH.xls,.xls,0.04,OK,
C:\Users\User\OneDrive\Documents\Uni\Dissertation\SSD Files\Kingston A400\TRIM Deletion\Recovered data\635-$R566OP9.doc,.doc,0.38,FAILED,"(-2147352567, 'Exception occurred.', (0, 'Microsoft Word', 'Word experienced an error trying to open the file.\nTry these suggestions.\n* Check the file permissions for the document or drive.\n* Make sure there is sufficient free memory and disk space.\n* Open the file with the Text Recovery converter.\r (C:\\Users\\User\\...\\635-$R566OP9.doc)', 'wdmain11.chm', 24601, -2146823167), None)"
C:\Users\User\OneDrive\Documents\Uni\Dissertation\SSD Files\Kingston A400\TRIM Deletion\Recovered data\6350-$RWTHK1T.xls,.xls,0.45,OK,
C:\Users\User\OneDrive\Documents\Uni\Dissertation\SSD Files\Kingston A400\TRIM Deletion\Recovered data\6353-$ROVL7D1.xls,.xls,0.48,OK,
C:\Users\User\OneDrive\Documents\Uni\Dissertation\SSD Files\Kingston A400\TRIM Deletion\Recovered data\6356-$RRW33GK.xls,.xls,0.07,OK,
C:\Users\User\OneDrive\Documents\Uni\Dissertation\SSD Files\Kingston A400\TRIM Deletion\Recovered data\6359-$RZ0XYU2.xls,.xls,0.03,OK,
C:\Users\User\OneDrive\Documents\Uni\Dissertation\SSD Files\Kingston A400\TRIM Deletion\Recovered data\6362-$RS0RWWB.xls,.xls,0.03,OK,
C:\Users\User\OneDrive\Documents\Uni\Dissertation\SSD Files\Kingston A400\TRIM Deletion\Recovered data\6364-$R2WJUZV.xls,.xls,0.02,OK,
C:\Users\User\OneDrive\Documents\Uni\Dissertation\SSD Files\Kingston A400\TRIM Deletion\Recovered data\6367-$R7I6CAT.xls,.xls,0.02,OK,
C:\Users\User\OneDrive\Documents\Uni\Dissertation\SSD Files\Kingston A400\TRIM Deletion\Recovered data\6369-$RARG4OV.xls,.xls,0.02,OK,
C:\Users\User\OneDrive\Documents\Uni\Dissertation\SSD Files\Kingston A400\TRIM Deletion\Recovered data\6372-$ROG93BS.xls,.xls,0.25,OK,
C:\Users\User\OneDrive\Documents\Uni\Dissertation\SSD Files\Kingston A400\TRIM Deletion\Recovered data\6375-$RUMAMWW.xls,.xls,0.02,OK,
C:\Users\User\OneDrive\Documents\Uni\Dissertation\SSD Files\Kingston A400\TRIM Deletion\Recovered data\6378-$RQ3730Z.xls,.xls,0.04,OK,
C:\Users\User\OneDrive\Documents\Uni\Dissertation\SSD Files\Kingston A400\TRIM Deletion\Recovered data\638-$RJOIC0Q.doc,.doc,0.05,OK,
C:\Users\User\OneDrive\Documents\Uni\Dissertation\SSD Files\Kingston A400\TRIM Deletion\Recovered data\6381-$RJ59DEO.xls,.xls,0.09,OK,
C:\Users\User\OneDrive\Documents\Uni\Dissertation\SSD Files\Kingston A400\TRIM Deletion\Recovered data\6383-$R7P75R4.xls,.xls,0.07,OK,
C:\Users\User\OneDrive\Documents\Uni\Dissertation\SSD Files\Kingston A400\TRIM Deletion\Recovered data\6386-$R3OO4GK.xls,.xls,8.1,FAILED,"(-2147352567, 'Exception occurred.', (0, 'Microsoft Excel', 'Open method of Workbooks class failed', 'xlmain11.chm', 0, -2146827284), None)"
C:\Users\User\OneDrive\Documents\Uni\Dissertation\SSD Files\Kingston A400\TRIM Deletion\Recovered data\6389-$RONR77G.xls,.xls,0.06,OK,
C:\Users\User\OneDrive\Documents\Uni\Dissertation\SSD Files\Kingston A400\TRIM Deletion\Recovered data\6392-$RYSDFTH.xls,.xls,0.03,OK,
C:\Users\User\OneDrive\Documents\Uni\Dissertation\SSD Files\Kingston A400\TRIM Deletion\Recovered data\6395-$RRESY07.xls,.xls,0.02,OK,
C:\Users\User\OneDrive\Documents\Uni\Dissertation\SSD Files\Kingston A400\TRIM Deletion\Recovered data\6398-$R6MU7SJ.xls,.xls,0.03,OK,
C:\Users\User\OneDrive\Documents\Uni\Dissertation\SSD Files\Kingston A400\TRIM Deletion\Recovered data\6401-$R570KGU.xls,.xls,0.02,OK,
C:\Users\User\OneDrive\Documents\Uni\Dissertation\SSD Files\Kingston A400\TRIM Deletion\Recovered data\6404-$RROA6RZ.xls,.xls,0.02,OK,
C:\Users\User\OneDrive\Documents\Uni\Dissertation\SSD Files\Kingston A400\TRIM Deletion\Recovered data\6407-$RSPHXG8.xls,.xls,0.03,OK,
C:\Users\User\OneDrive\Documents\Uni\Dissertation\SSD Files\Kingston A400\TRIM Deletion\Recovered data\641-$RCW89FU.doc,.doc,0.06,OK,
C:\Users\User\OneDrive\Documents\Uni\Dissertation\SSD Files\Kingston A400\TRIM Deletion\Recovered data\6410-$RY6UUYE.xls,.xls,0.1,OK,
C:\Users\User\OneDrive\Documents\Uni\Dissertation\SSD Files\Kingston A400\TRIM Deletion\Recovered data\6413-$R0T9KSJ.xls,.xls,0.06,OK,
C:\Users\User\OneDrive\Documents\Uni\Dissertation\SSD Files\Kingston A400\TRIM Deletion\Recovered data\6416-$RHD655Q.xls,.xls,0.21,OK,
C:\Users\User\OneDrive\Documents\Uni\Dissertation\SSD Files\Kingston A400\TRIM Deletion\Recovered data\6419-$RUT7CJ1.xls,.xls,0.54,OK,
C:\Users\User\OneDrive\Documents\Uni\Dissertation\SSD Files\Kingston A400\TRIM Deletion\Recovered data\6422-$R5XHT8Z.xls,.xls,0.13,FAILED,"(-2147352567, 'Exception occurred.', (0, 'Microsoft Excel', 'Office has detected a problem with this file. To help protect your computer this file cannot be opened.', 'xlmain11.chm', 0, -2146827284), None)"
C:\Users\User\OneDrive\Documents\Uni\Dissertation\SSD Files\Kingston A400\TRIM Deletion\Recovered data\6425-$RNN6J64.xls,.xls,0.05,OK,
C:\Users\User\OneDrive\Documents\Uni\Dissertation\SSD Files\Kingston A400\TRIM Deletion\Recovered data\6427-$R9X2RPB.xls,.xls,0.07,OK,
C:\Users\User\OneDrive\Documents\Uni\Dissertation\SSD Files\Kingston A400\TRIM Deletion\Recovered data\6430-$R39YAXE.xls,.xls,0.03,OK,
C:\Users\User\OneDrive\Documents\Uni\Dissertation\SSD Files\Kingston A400\TRIM Deletion\Recovered data\6433-$RC5VSQ3.xls,.xls,0.05,OK,
C:\Users\User\OneDrive\Documents\Uni\Dissertation\SSD Files\Kingston A400\TRIM Deletion\Recovered data\6436-$R7T012R.xls,.xls,0.05,OK,
C:\Users\User\OneDrive\Documents\Uni\Dissertation\SSD Files\Kingston A400\TRIM Deletion\Recovered data\6439-$R5M918Q.xls,.xls,0.09,OK,
C:\Users\User\OneDrive\Documents\Uni\Dissertation\SSD Files\Kingston A400\TRIM Deletion\Recovered data\644-$RP3RDBG.doc,.doc,0.34,OK,
C:\Users\User\OneDrive\Documents\Uni\Dissertation\SSD Files\Kingston A400\TRIM Deletion\Recovered data\6441-$RVMEFUT.xls,.xls,0.15,OK,
C:\Users\User\OneDrive\Documents\Uni\Dissertation\SSD Files\Kingston A400\TRIM Deletion\Recovered data\6444-$R73VMJ0.xls,.xls,0.08,OK,
C:\Users\User\OneDrive\Documents\Uni\Dissertation\SSD Files\Kingston A400\TRIM Deletion\Recovered data\6447-$R6QE6DF.xls,.xls,0.04,OK,
C:\Users\User\OneDrive\Documents\Uni\Dissertation\SSD Files\Kingston A400\TRIM Deletion\Recovered data\6449-$RBOSE5L.xls,.xls,0.03,OK,
C:\Users\User\OneDrive\Documents\Uni\Dissertation\SSD Files\Kingston A400\TRIM Deletion\Recovered data\6452-$R8WHMWA.xls,.xls,0.07,OK,
C:\Users\User\OneDrive\Documents\Uni\Dissertation\SSD Files\Kingston A400\TRIM Deletion\Recovered data\6455-$RI4IIVO.xls,.xls,0.02,OK,
C:\Users\User\OneDrive\Documents\Uni\Dissertation\SSD Files\Kingston A400\TRIM Deletion\Recovered data\6458-$R0TF2M1.xls,.xls,0.05,OK,
C:\Users\User\OneDrive\Documents\Uni\Dissertation\SSD Files\Kingston A400\TRIM Deletion\Recovered data\6461-$RHT9JVM.xls,.xls,0.02,OK,
C:\Users\User\OneDrive\Documents\Uni\Dissertation\SSD Files\Kingston A400\TRIM Deletion\Recovered data\6464-$RJOUJ5N.xls,.xls,0.15,OK,
C:\Users\User\OneDrive\Documents\Uni\Dissertation\SSD Files\Kingston A400\TRIM Deletion\Recovered data\6467-$RWM6AGA.xls,.xls,7.43,OK,
C:\Users\User\OneDrive\Documents\Uni\Dissertation\SSD Files\Kingston A400\TRIM Deletion\Recovered data\647-$RFETOAM.doc,.doc,0.43,OK,
C:\Users\User\OneDrive\Documents\Uni\Dissertation\SSD Files\Kingston A400\TRIM Deletion\Recovered data\6470-$REH6XQP.xls,.xls,3.01,OK,
C:\Users\User\OneDrive\Documents\Uni\Dissertation\SSD Files\Kingston A400\TRIM Deletion\Recovered data\6473-$RNVRF70.xls,.xls,0.03,OK,
C:\Users\User\OneDrive\Documents\Uni\Dissertation\SSD Files\Kingston A400\TRIM Deletion\Recovered data\6476-$RJLR7MP.xls,.xls,0.04,OK,
C:\Users\User\OneDrive\Documents\Uni\Dissertation\SSD Files\Kingston A400\TRIM Deletion\Recovered data\6479-$RLP02H7.xls,.xls,0.07,OK,
C:\Users\User\OneDrive\Documents\Uni\Dissertation\SSD Files\Kingston A400\TRIM Deletion\Recovered data\6482-$RT04DW7.xls,.xls,0.05,OK,
C:\Users\User\OneDrive\Documents\Uni\Dissertation\SSD Files\Kingston A400\TRIM Deletion\Recovered data\6485-$R60OCBL.xls,.xls,0.02,OK,
C:\Users\User\OneDrive\Documents\Uni\Dissertation\SSD Files\Kingston A400\TRIM Deletion\Recovered data\6488-$RU3AOFK.xls,.xls,0.04,OK,
C:\Users\User\OneDrive\Documents\Uni\Dissertation\SSD Files\Kingston A400\TRIM Deletion\Recovered data\6491-$RP83X2Z.xls,.xls,0.45,OK,
C:\Users\User\OneDrive\Documents\Uni\Dissertation\SSD Files\Kingston A400\TRIM Deletion\Recovered data\6493-$RZSUJ68.xls,.xls,2.83,OK,
C:\Users\User\OneDrive\Documents\Uni\Dissertation\SSD Files\Kingston A400\TRIM Deletion\Recovered data\6496-$RCP8533.xls,.xls,2.54,OK,
C:\Users\User\OneDrive\Documents\Uni\Dissertation\SSD Files\Kingston A400\TRIM Deletion\Recovered data\6499-$RCLW44T.xls,.xls,0.11,OK,
C:\Users\User\OneDrive\Documents\Uni\Dissertation\SSD Files\Kingston A400\TRIM Deletion\Recovered data\650-$RWB3QNF.doc,.doc,0.05,OK,
C:\Users\User\OneDrive\Documents\Uni\Dissertation\SSD Files\Kingston A400\TRIM Deletion\Recovered data\6501-$RAVHIWH.xls,.xls,0.02,OK,
C:\Users\User\OneDrive\Documents\Uni\Dissertation\SSD Files\Kingston A400\TRIM Deletion\Recovered data\6504-$RP14SEL.xls,.xls,0.02,OK,
C:\Users\User\OneDrive\Documents\Uni\Dissertation\SSD Files\Kingston A400\TRIM Deletion\Recovered data\6507-$RVW92YK.xls,.xls,0.04,OK,
C:\Users\User\OneDrive\Documents\Uni\Dissertation\SSD Files\Kingston A400\TRIM Deletion\Recovered data\6510-$ROBOPX3.xls,.xls,0.05,OK,
C:\Users\User\OneDrive\Documents\Uni\Dissertation\SSD Files\Kingston A400\TRIM Deletion\Recovered data\6513-$R1PN7GC.xls,.xls,0.11,FAILED,"(-2147352567, 'Exception occurred.', (0, 'Microsoft Excel', 'Unable to read file.', 'xlmain11.chm', 0, -2146827284), None)"
C:\Users\User\OneDrive\Documents\Uni\Dissertation\SSD Files\Kingston A400\TRIM Deletion\Recovered data\6516-$R6YT33D.xls,.xls,0.15,FAILED,"(-2147352567, 'Exception occurred.', (0, 'Microsoft Excel', 'Office has detected a problem with this file. To help protect your computer this file cannot be opened.', 'xlmain11.chm', 0, -2146827284), None)"
C:\Users\User\OneDrive\Documents\Uni\Dissertation\SSD Files\Kingston A400\TRIM Deletion\Recovered data\6519-$RA0D396.xls,.xls,18.93,FAILED,"(-2147352567, 'Exception occurred.', (0, 'Microsoft Excel', 'Open method of Workbooks class failed', 'xlmain11.chm', 0, -2146827284), None)"
C:\Users\User\OneDrive\Documents\Uni\Dissertation\SSD Files\Kingston A400\TRIM Deletion\Recovered data\6522-$R48J36O.xls,.xls,0.05,OK,
C:\Users\User\OneDrive\Documents\Uni\Dissertation\SSD Files\Kingston A400\TRIM Deletion\Recovered data\6524-$RHMP7R2.xls,.xls,0.07,OK,
C:\Users\User\OneDrive\Documents\Uni\Dissertation\SSD Files\Kingston A400\TRIM Deletion\Recovered data\6526-$RJADPQ4.xls,.xls,0.17,OK,
C:\Users\User\OneDrive\Documents\Uni\Dissertation\SSD Files\Kingston A400\TRIM Deletion\Recovered data\6529-$R59C1TM.xls,.xls,0.02,OK,
C:\Users\User\OneDrive\Documents\Uni\Dissertation\SSD Files\Kingston A400\TRIM Deletion\Recovered data\653-$RQHFMYN.doc,.doc,0.1,OK,
C:\Users\User\OneDrive\Documents\Uni\Dissertation\SSD Files\Kingston A400\TRIM Deletion\Recovered data\6531-$RZ6GJZI.xls,.xls,17.79,OK,
C:\Users\User\OneDrive\Documents\Uni\Dissertation\SSD Files\Kingston A400\TRIM Deletion\Recovered data\6534-$RFFSGPP.xls,.xls,0.03,OK,
C:\Users\User\OneDrive\Documents\Uni\Dissertation\SSD Files\Kingston A400\TRIM Deletion\Recovered data\6537-$RCXZ2NT.xls,.xls,0.05,OK,
C:\Users\User\OneDrive\Documents\Uni\Dissertation\SSD Files\Kingston A400\TRIM Deletion\Recovered data\6540-$ROR2ILI.xls,.xls,0.06,OK,
C:\Users\User\OneDrive\Documents\Uni\Dissertation\SSD Files\Kingston A400\TRIM Deletion\Recovered data\6543-$R68N0IU.xls,.xls,0.03,OK,
C:\Users\User\OneDrive\Documents\Uni\Dissertation\SSD Files\Kingston A400\TRIM Deletion\Recovered data\6546-$R0SW59S.xls,.xls,0.04,OK,
C:\Users\User\OneDrive\Documents\Uni\Dissertation\SSD Files\Kingston A400\TRIM Deletion\Recovered data\6549-$RRTBPN5.xls,.xls,0.04,OK,
C:\Users\User\OneDrive\Documents\Uni\Dissertation\SSD Files\Kingston A400\TRIM Deletion\Recovered data\655-$R0WUO59.doc,.doc,0.12,FAILED,"(-2147352567, 'Exception occurred.', (0, 'Microsoft Word', 'Word experienced an error trying to open the file.\nTry these suggestions.\n* Check the file permissions for the document or drive.\n* Make sure there is sufficient free memory and disk space.\n* Open the file with the Text Recovery converter.\r (C:\\Users\\User\\...\\655-$R0WUO59.doc)', 'wdmain11.chm', 24601, -2146823167), None)"
C:\Users\User\OneDrive\Documents\Uni\Dissertation\SSD Files\Kingston A400\TRIM Deletion\Recovered data\6552-$RZ7WG1E.xls,.xls,0.67,OK,
C:\Users\User\OneDrive\Documents\Uni\Dissertation\SSD Files\Kingston A400\TRIM Deletion\Recovered data\6555-$RJ82PG2.xls,.xls,0.07,OK,
C:\Users\User\OneDrive\Documents\Uni\Dissertation\SSD Files\Kingston A400\TRIM Deletion\Recovered data\6558-$R90A3VT.xls,.xls,0.05,OK,
C:\Users\User\OneDrive\Documents\Uni\Dissertation\SSD Files\Kingston A400\TRIM Deletion\Recovered data\6561-$RLXV124.xls,.xls,0.07,OK,
C:\Users\User\OneDrive\Documents\Uni\Dissertation\SSD Files\Kingston A400\TRIM Deletion\Recovered data\6563-$R2B36Y8.xls,.xls,1.08,OK,
C:\Users\User\OneDrive\Documents\Uni\Dissertation\SSD Files\Kingston A400\TRIM Deletion\Recovered data\6566-$RZLVOMF.xls,.xls,0.07,OK,
C:\Users\User\OneDrive\Documents\Uni\Dissertation\SSD Files\Kingston A400\TRIM Deletion\Recovered data\6569-$R8SISMW.xls,.xls,0.02,OK,
C:\Users\User\OneDrive\Documents\Uni\Dissertation\SSD Files\Kingston A400\TRIM Deletion\Recovered data\6572-$RTBA7XT.xls,.xls,0.04,OK,
C:\Users\User\OneDrive\Documents\Uni\Dissertation\SSD Files\Kingston A400\TRIM Deletion\Recovered data\6574-$RKKKG0F.xls,.xls,0.02,OK,
C:\Users\User\OneDrive\Documents\Uni\Dissertation\SSD Files\Kingston A400\TRIM Deletion\Recovered data\6576-$R0T2C59.xls,.xls,0.25,FAILED,"(-2147352567, 'Exception occurred.', (0, 'Microsoft Excel', 'Office has detected a problem with this file. To help protect your computer this file cannot be opened.', 'xlmain11.chm', 0, -2146827284), None)"
C:\Users\User\OneDrive\Documents\Uni\Dissertation\SSD Files\Kingston A400\TRIM Deletion\Recovered data\6579-$RWNIMER.xls,.xls,0.04,OK,
C:\Users\User\OneDrive\Documents\Uni\Dissertation\SSD Files\Kingston A400\TRIM Deletion\Recovered data\658-$RCN1C2B.doc,.doc,0.06,OK,
C:\Users\User\OneDrive\Documents\Uni\Dissertation\SSD Files\Kingston A400\TRIM Deletion\Recovered data\6582-$RJJUQ52.xls,.xls,0.67,OK,
C:\Users\User\OneDrive\Documents\Uni\Dissertation\SSD Files\Kingston A400\TRIM Deletion\Recovered data\6585-$RD6B7ZA.xls,.xls,0.08,OK,
C:\Users\User\OneDrive\Documents\Uni\Dissertation\SSD Files\Kingston A400\TRIM Deletion\Recovered data\6588-$R9HDEF8.xls,.xls,0.01,OK,
C:\Users\User\OneDrive\Documents\Uni\Dissertation\SSD Files\Kingston A400\TRIM Deletion\Recovered data\6591-$RRKWYRT.xls,.xls,0.51,OK,
C:\Users\User\OneDrive\Documents\Uni\Dissertation\SSD Files\Kingston A400\TRIM Deletion\Recovered data\6594-$R4W3JCS.xls,.xls,0.02,OK,
C:\Users\User\OneDrive\Documents\Uni\Dissertation\SSD Files\Kingston A400\TRIM Deletion\Recovered data\6597-$RA3SQSP.xls,.xls,0.02,OK,
C:\Users\User\OneDrive\Documents\Uni\Dissertation\SSD Files\Kingston A400\TRIM Deletion\Recovered data\66-$RY7RSR1.doc,.doc,0.12,OK,
C:\Users\User\OneDrive\Documents\Uni\Dissertation\SSD Files\Kingston A400\TRIM Deletion\Recovered data\6600-$R2MIW5R.xls,.xls,0.06,OK,
C:\Users\User\OneDrive\Documents\Uni\Dissertation\SSD Files\Kingston A400\TRIM Deletion\Recovered data\6603-$R3W9YZC.xls,.xls,0.06,OK,
C:\Users\User\OneDrive\Documents\Uni\Dissertation\SSD Files\Kingston A400\TRIM Deletion\Recovered data\6606-$R3HM75J.xls,.xls,0.04,OK,
C:\Users\User\OneDrive\Documents\Uni\Dissertation\SSD Files\Kingston A400\TRIM Deletion\Recovered data\6608-$RUFGRWH.xls,.xls,0.1,OK,
C:\Users\User\OneDrive\Documents\Uni\Dissertation\SSD Files\Kingston A400\TRIM Deletion\Recovered data\661-$RK4G66H.doc,.doc,0.08,OK,
C:\Users\User\OneDrive\Documents\Uni\Dissertation\SSD Files\Kingston A400\TRIM Deletion\Recovered data\6610-$RYYE2JM.xls,.xls,0.65,OK,
C:\Users\User\OneDrive\Documents\Uni\Dissertation\SSD Files\Kingston A400\TRIM Deletion\Recovered data\6613-$RPQP5GW.xls,.xls,0.02,OK,
C:\Users\User\OneDrive\Documents\Uni\Dissertation\SSD Files\Kingston A400\TRIM Deletion\Recovered data\6616-$RRSVGEG.xls,.xls,0.05,OK,
C:\Users\User\OneDrive\Documents\Uni\Dissertation\SSD Files\Kingston A400\TRIM Deletion\Recovered data\6619-$RLFO02H.xls,.xls,0.06,OK,
C:\Users\User\OneDrive\Documents\Uni\Dissertation\SSD Files\Kingston A400\TRIM Deletion\Recovered data\6622-$R2ETAOR.xls,.xls,5.45,FAILED,"(-2147352567, 'Exception occurred.', (0, 'Microsoft Excel', 'Open method of Workbooks class failed', 'xlmain11.chm', 0, -2146827284), None)"
C:\Users\User\OneDrive\Documents\Uni\Dissertation\SSD Files\Kingston A400\TRIM Deletion\Recovered data\6624-$RY0GWRG.xls,.xls,0.11,OK,
C:\Users\User\OneDrive\Documents\Uni\Dissertation\SSD Files\Kingston A400\TRIM Deletion\Recovered data\6627-$R7XB8TP.xls,.xls,0.06,OK,
C:\Users\User\OneDrive\Documents\Uni\Dissertation\SSD Files\Kingston A400\TRIM Deletion\Recovered data\6630-$RXF58H3.xls,.xls,0.05,OK,
C:\Users\User\OneDrive\Documents\Uni\Dissertation\SSD Files\Kingston A400\TRIM Deletion\Recovered data\6633-$RIHJACJ.xls,.xls,0.02,OK,
C:\Users\User\OneDrive\Documents\Uni\Dissertation\SSD Files\Kingston A400\TRIM Deletion\Recovered data\6636-$RXCO8O9.xls,.xls,0.01,OK,
C:\Users\User\OneDrive\Documents\Uni\Dissertation\SSD Files\Kingston A400\TRIM Deletion\Recovered data\6639-$RJUKN0W.xls,.xls,0.23,OK,
C:\Users\User\OneDrive\Documents\Uni\Dissertation\SSD Files\Kingston A400\TRIM Deletion\Recovered data\664-$RO6IA9A.doc,.doc,1.53,OK,
C:\Users\User\OneDrive\Documents\Uni\Dissertation\SSD Files\Kingston A400\TRIM Deletion\Recovered data\6642-$RNXD365.xls,.xls,0.03,OK,
C:\Users\User\OneDrive\Documents\Uni\Dissertation\SSD Files\Kingston A400\TRIM Deletion\Recovered data\6645-$RLGNGW9.xls,.xls,1.04,OK,
C:\Users\User\OneDrive\Documents\Uni\Dissertation\SSD Files\Kingston A400\TRIM Deletion\Recovered data\6648-$RQL4DW2.xls,.xls,0.02,OK,
C:\Users\User\OneDrive\Documents\Uni\Dissertation\SSD Files\Kingston A400\TRIM Deletion\Recovered data\6651-$R9MOFVI.xls,.xls,0.02,OK,
C:\Users\User\OneDrive\Documents\Uni\Dissertation\SSD Files\Kingston A400\TRIM Deletion\Recovered data\6654-$RGHCBK6.xls,.xls,0.19,OK,
C:\Users\User\OneDrive\Documents\Uni\Dissertation\SSD Files\Kingston A400\TRIM Deletion\Recovered data\6657-$RH0A9NN.xls,.xls,0.02,OK,
C:\Users\User\OneDrive\Documents\Uni\Dissertation\SSD Files\Kingston A400\TRIM Deletion\Recovered data\6660-$RH75OHR.xls,.xls,0.03,OK,
C:\Users\User\OneDrive\Documents\Uni\Dissertation\SSD Files\Kingston A400\TRIM Deletion\Recovered data\6663-$R9WD1JU.xls,.xls,0.02,OK,
C:\Users\User\OneDrive\Documents\Uni\Dissertation\SSD Files\Kingston A400\TRIM Deletion\Recovered data\6666-$R81EWOV.xls,.xls,4.36,FAILED,"(-2147352567, 'Exception occurred.', (0, 'Microsoft Excel', 'Office has detected a problem with this file. To help protect your computer this file cannot be opened.', 'xlmain11.chm', 0, -2146827284), None)"
C:\Users\User\OneDrive\Documents\Uni\Dissertation\SSD Files\Kingston A400\TRIM Deletion\Recovered data\6669-$RQTOR64.xls,.xls,7.63,OK,
C:\Users\User\OneDrive\Documents\Uni\Dissertation\SSD Files\Kingston A400\TRIM Deletion\Recovered data\667-$R06YD32.doc,.doc,0.02,OK,
C:\Users\User\OneDrive\Documents\Uni\Dissertation\SSD Files\Kingston A400\TRIM Deletion\Recovered data\6672-$RI7XMVY.xls,.xls,12.06,OK,
C:\Users\User\OneDrive\Documents\Uni\Dissertation\SSD Files\Kingston A400\TRIM Deletion\Recovered data\6675-$R6OKNV0.xls,.xls,0.02,OK,
C:\Users\User\OneDrive\Documents\Uni\Dissertation\SSD Files\Kingston A400\TRIM Deletion\Recovered data\6677-$R0AP9YT.xls,.xls,10.69,FAILED,"(-2147352567, 'Exception occurred.', (0, 'Microsoft Excel', 'Open method of Workbooks class failed', 'xlmain11.chm', 0, -2146827284), None)"
C:\Users\User\OneDrive\Documents\Uni\Dissertation\SSD Files\Kingston A400\TRIM Deletion\Recovered data\6680-$RZ5BAES.xls,.xls,9.61,OK,
C:\Users\User\OneDrive\Documents\Uni\Dissertation\SSD Files\Kingston A400\TRIM Deletion\Recovered data\6683-$RZG7LJD.xls,.xls,4.54,OK,
C:\Users\User\OneDrive\Documents\Uni\Dissertation\SSD Files\Kingston A400\TRIM Deletion\Recovered data\6686-$R8XM90I.xls,.xls,4.64,FAILED,"(-2147352567, 'Exception occurred.', (0, 'Microsoft Excel', 'Office has detected a problem with this file. To help protect your computer this file cannot be opened.', 'xlmain11.chm', 0, -2146827284), None)"
C:\Users\User\OneDrive\Documents\Uni\Dissertation\SSD Files\Kingston A400\TRIM Deletion\Recovered data\6688-$RNYLRBM.xls,.xls,3.16,OK,
C:\Users\User\OneDrive\Documents\Uni\Dissertation\SSD Files\Kingston A400\TRIM Deletion\Recovered data\669-$RZI5XCU.doc,.doc,0.03,OK,
C:\Users\User\OneDrive\Documents\Uni\Dissertation\SSD Files\Kingston A400\TRIM Deletion\Recovered data\6691-$RCCOV6N.xls,.xls,0.03,OK,
C:\Users\User\OneDrive\Documents\Uni\Dissertation\SSD Files\Kingston A400\TRIM Deletion\Recovered data\6694-$RGMM25V.xls,.xls,0.23,OK,
C:\Users\User\OneDrive\Documents\Uni\Dissertation\SSD Files\Kingston A400\TRIM Deletion\Recovered data\6697-$RIO1F3Y.xls,.xls,0.14,OK,
C:\Users\User\OneDrive\Documents\Uni\Dissertation\SSD Files\Kingston A400\TRIM Deletion\Recovered data\6700-$RIS65DK.xls,.xls,0.03,OK,
C:\Users\User\OneDrive\Documents\Uni\Dissertation\SSD Files\Kingston A400\TRIM Deletion\Recovered data\6703-$R74LLD2.xls,.xls,0.04,OK,
C:\Users\User\OneDrive\Documents\Uni\Dissertation\SSD Files\Kingston A400\TRIM Deletion\Recovered data\6706-$R08XAPW.xls,.xls,3.43,FAILED,"(-2147352567, 'Exception occurred.', (0, 'Microsoft Excel', 'Open method of Workbooks class failed', 'xlmain11.chm', 0, -2146827284), None)"
C:\Users\User\OneDrive\Documents\Uni\Dissertation\SSD Files\Kingston A400\TRIM Deletion\Recovered data\6709-$RKVFY5V.xls,.xls,0.23,OK,
C:\Users\User\OneDrive\Documents\Uni\Dissertation\SSD Files\Kingston A400\TRIM Deletion\Recovered data\671-$R36MMY7.doc,.doc,0.03,OK,
C:\Users\User\OneDrive\Documents\Uni\Dissertation\SSD Files\Kingston A400\TRIM Deletion\Recovered data\6712-$RX7DRPT.xls,.xls,0.06,OK,
C:\Users\User\OneDrive\Documents\Uni\Dissertation\SSD Files\Kingston A400\TRIM Deletion\Recovered data\6715-$RPU0CHS.xls,.xls,0.02,OK,
C:\Users\User\OneDrive\Documents\Uni\Dissertation\SSD Files\Kingston A400\TRIM Deletion\Recovered data\6718-$RTHZPKF.xls,.xls,0.06,OK,
C:\Users\User\OneDrive\Documents\Uni\Dissertation\SSD Files\Kingston A400\TRIM Deletion\Recovered data\6721-$R3IJXEW.xls,.xls,1.06,FAILED,"(-2147352567, 'Exception occurred.', (0, 'Microsoft Excel', 'Open method of Workbooks class failed', 'xlmain11.chm', 0, -2146827284), None)"
C:\Users\User\OneDrive\Documents\Uni\Dissertation\SSD Files\Kingston A400\TRIM Deletion\Recovered data\6724-$RIAJIBY.xls,.xls,0.02,OK,
C:\Users\User\OneDrive\Documents\Uni\Dissertation\SSD Files\Kingston A400\TRIM Deletion\Recovered data\6727-$R9NX3DG.xls,.xls,25.98,FAILED,"(-2147352567, 'Exception occurred.', (0, 'Microsoft Excel', 'Open method of Workbooks class failed', 'xlmain11.chm', 0, -2146827284), None)"
C:\Users\User\OneDrive\Documents\Uni\Dissertation\SSD Files\Kingston A400\TRIM Deletion\Recovered data\6730-$RUT1K7K.xls,.xls,0.03,OK,
C:\Users\User\OneDrive\Documents\Uni\Dissertation\SSD Files\Kingston A400\TRIM Deletion\Recovered data\6733-$RH1I6FE.xls,.xls,0.08,OK,
C:\Users\User\OneDrive\Documents\Uni\Dissertation\SSD Files\Kingston A400\TRIM Deletion\Recovered data\6736-$R6XDVK2.xls,.xls,0.41,FAILED,"(-2147352567, 'Exception occurred.', (0, 'Microsoft Excel', 'Open method of Workbooks class failed', 'xlmain11.chm', 0, -2146827284), None)"
C:\Users\User\OneDrive\Documents\Uni\Dissertation\SSD Files\Kingston A400\TRIM Deletion\Recovered data\6739-$RC7KVFG.xls,.xls,0.23,OK,
C:\Users\User\OneDrive\Documents\Uni\Dissertation\SSD Files\Kingston A400\TRIM Deletion\Recovered data\674-$RY6DJ91.doc,.doc,0.06,OK,
C:\Users\User\OneDrive\Documents\Uni\Dissertation\SSD Files\Kingston A400\TRIM Deletion\Recovered data\6742-$REM029C.xls,.xls,0.38,OK,
C:\Users\User\OneDrive\Documents\Uni\Dissertation\SSD Files\Kingston A400\TRIM Deletion\Recovered data\6745-$R5VQ8HV.xls,.xls,0.02,OK,
C:\Users\User\OneDrive\Documents\Uni\Dissertation\SSD Files\Kingston A400\TRIM Deletion\Recovered data\6748-$R2U69K5.xls,.xls,0.13,FAILED,"(-2147352567, 'Exception occurred.', (0, 'Microsoft Excel', 'Office has detected a problem with this file. To help protect your computer this file cannot be opened.', 'xlmain11.chm', 0, -2146827284), None)"
C:\Users\User\OneDrive\Documents\Uni\Dissertation\SSD Files\Kingston A400\TRIM Deletion\Recovered data\6751-$R0PNQ2T.xls,.xls,0.03,OK,
C:\Users\User\OneDrive\Documents\Uni\Dissertation\SSD Files\Kingston A400\TRIM Deletion\Recovered data\6753-$R9JX4V5.xls,.xls,0.4,FAILED,"(-2147352567, 'Exception occurred.', (0, 'Microsoft Excel', 'Open method of Workbooks class failed', 'xlmain11.chm', 0, -2146827284), None)"
C:\Users\User\OneDrive\Documents\Uni\Dissertation\SSD Files\Kingston A400\TRIM Deletion\Recovered data\6756-$R3IZUCD.xls,.xls,4.59,FAILED,"(-2147352567, 'Exception occurred.', (0, 'Microsoft Excel', 'Office has detected a problem with this file. To help protect your computer this file cannot be opened.', 'xlmain11.chm', 0, -2146827284), None)"
C:\Users\User\OneDrive\Documents\Uni\Dissertation\SSD Files\Kingston A400\TRIM Deletion\Recovered data\6759-$R6M6TLT.xls,.xls,0.05,OK,
C:\Users\User\OneDrive\Documents\Uni\Dissertation\SSD Files\Kingston A400\TRIM Deletion\Recovered data\6762-$R27J0U9.xls,.xls,0.19,FAILED,"(-2147352567, 'Exception occurred.', (0, 'Microsoft Excel', 'Office has detected a problem with this file. To help protect your computer this file cannot be opened.', 'xlmain11.chm', 0, -2146827284), None)"
C:\Users\User\OneDrive\Documents\Uni\Dissertation\SSD Files\Kingston A400\TRIM Deletion\Recovered data\6765-$R7Y9P8M.xls,.xls,0.05,OK,
C:\Users\User\OneDrive\Documents\Uni\Dissertation\SSD Files\Kingston A400\TRIM Deletion\Recovered data\6768-$RQFP8PS.xls,.xls,0.02,OK,
C:\Users\User\OneDrive\Documents\Uni\Dissertation\SSD Files\Kingston A400\TRIM Deletion\Recovered data\677-$RDGWZI5.doc,.doc,0.17,OK,
C:\Users\User\OneDrive\Documents\Uni\Dissertation\SSD Files\Kingston A400\TRIM Deletion\Recovered data\6770-$R90JOEB.xls,.xls,0.18,FAILED,"(-2147352567, 'Exception occurred.', (0, 'Microsoft Excel', 'Unable to read file.', 'xlmain11.chm', 0, -2146827284), None)"
C:\Users\User\OneDrive\Documents\Uni\Dissertation\SSD Files\Kingston A400\TRIM Deletion\Recovered data\6772-$R1Q9XQD.xls,.xls,0.1,FAILED,"(-2147352567, 'Exception occurred.', (0, 'Microsoft Excel', 'Office has detected a problem with this file. To help protect your computer this file cannot be opened.', 'xlmain11.chm', 0, -2146827284), None)"
C:\Users\User\OneDrive\Documents\Uni\Dissertation\SSD Files\Kingston A400\TRIM Deletion\Recovered data\6775-$RYHN2YF.xls,.xls,0.02,OK,
C:\Users\User\OneDrive\Documents\Uni\Dissertation\SSD Files\Kingston A400\TRIM Deletion\Recovered data\6778-$RL1JNU3.xls,.xls,0.03,OK,
C:\Users\User\OneDrive\Documents\Uni\Dissertation\SSD Files\Kingston A400\TRIM Deletion\Recovered data\6781-$R7H2YDT.xls,.xls,0.02,OK,
C:\Users\User\OneDrive\Documents\Uni\Dissertation\SSD Files\Kingston A400\TRIM Deletion\Recovered data\6784-$RBEEP3T.xls,.xls,0.14,OK,
C:\Users\User\OneDrive\Documents\Uni\Dissertation\SSD Files\Kingston A400\TRIM Deletion\Recovered data\6787-$RY1R2D2.xls,.xls,0.04,OK,
C:\Users\User\OneDrive\Documents\Uni\Dissertation\SSD Files\Kingston A400\TRIM Deletion\Recovered data\6790-$RX3VB88.xls,.xls,0.02,OK,
C:\Users\User\OneDrive\Documents\Uni\Dissertation\SSD Files\Kingston A400\TRIM Deletion\Recovered data\6793-$R1ZKFF1.xls,.xls,0.02,OK,
C:\Users\User\OneDrive\Documents\Uni\Dissertation\SSD Files\Kingston A400\TRIM Deletion\Recovered data\6796-$RT6I7ZW.xls,.xls,0.02,OK,
C:\Users\User\OneDrive\Documents\Uni\Dissertation\SSD Files\Kingston A400\TRIM Deletion\Recovered data\6799-$RZXM4YU.xls,.xls,0.02,OK,
C:\Users\User\OneDrive\Documents\Uni\Dissertation\SSD Files\Kingston A400\TRIM Deletion\Recovered data\680-$RH2VPUS.doc,.doc,0.07,OK,
C:\Users\User\OneDrive\Documents\Uni\Dissertation\SSD Files\Kingston A400\TRIM Deletion\Recovered data\6802-$RM9TSLB.xls,.xls,0.06,OK,
C:\Users\User\OneDrive\Documents\Uni\Dissertation\SSD Files\Kingston A400\TRIM Deletion\Recovered data\6805-$RIPHT7Z.xls,.xls,0.03,OK,
C:\Users\User\OneDrive\Documents\Uni\Dissertation\SSD Files\Kingston A400\TRIM Deletion\Recovered data\6808-$RJTSEPE.xls,.xls,0.45,OK,
C:\Users\User\OneDrive\Documents\Uni\Dissertation\SSD Files\Kingston A400\TRIM Deletion\Recovered data\6811-$R3NXKNV.xls,.xls,0.02,OK,
C:\Users\User\OneDrive\Documents\Uni\Dissertation\SSD Files\Kingston A400\TRIM Deletion\Recovered data\6814-$R1UH7XM.xls,.xls,0.02,OK,
C:\Users\User\OneDrive\Documents\Uni\Dissertation\SSD Files\Kingston A400\TRIM Deletion\Recovered data\6817-$RJ9JI1K.xls,.xls,1.5,OK,
C:\Users\User\OneDrive\Documents\Uni\Dissertation\SSD Files\Kingston A400\TRIM Deletion\Recovered data\6820-$RUQF5F9.xls,.xls,0.04,OK,
C:\Users\User\OneDrive\Documents\Uni\Dissertation\SSD Files\Kingston A400\TRIM Deletion\Recovered data\6823-$R8LXF5E.xls,.xls,3.82,FAILED,"(-2147352567, 'Exception occurred.', (0, 'Microsoft Excel', 'Open method of Workbooks class failed', 'xlmain11.chm', 0, -2146827284), None)"
C:\Users\User\OneDrive\Documents\Uni\Dissertation\SSD Files\Kingston A400\TRIM Deletion\Recovered data\6826-$RI9L34J.xls,.xls,0.03,OK,
C:\Users\User\OneDrive\Documents\Uni\Dissertation\SSD Files\Kingston A400\TRIM Deletion\Recovered data\6829-$RSRYBLP.xls,.xls,0.02,OK,
C:\Users\User\OneDrive\Documents\Uni\Dissertation\SSD Files\Kingston A400\TRIM Deletion\Recovered data\683-$RNKQ5JO.doc,.doc,0.22,OK,
C:\Users\User\OneDrive\Documents\Uni\Dissertation\SSD Files\Kingston A400\TRIM Deletion\Recovered data\6832-$RQBNPC7.xls,.xls,0.08,OK,
C:\Users\User\OneDrive\Documents\Uni\Dissertation\SSD Files\Kingston A400\TRIM Deletion\Recovered data\6835-$RVWUZ30.xls,.xls,0.04,OK,
C:\Users\User\OneDrive\Documents\Uni\Dissertation\SSD Files\Kingston A400\TRIM Deletion\Recovered data\6837-$RWC7EHB.xls,.xls,0.06,OK,
C:\Users\User\OneDrive\Documents\Uni\Dissertation\SSD Files\Kingston A400\TRIM Deletion\Recovered data\6840-$RSP4A7S.xls,.xls,0.06,OK,
C:\Users\User\OneDrive\Documents\Uni\Dissertation\SSD Files\Kingston A400\TRIM Deletion\Recovered data\6843-$RF77DJC.xls,.xls,0.68,OK,
C:\Users\User\OneDrive\Documents\Uni\Dissertation\SSD Files\Kingston A400\TRIM Deletion\Recovered data\6846-$RWM2QAW.xls,.xls,0.36,OK,
C:\Users\User\OneDrive\Documents\Uni\Dissertation\SSD Files\Kingston A400\TRIM Deletion\Recovered data\6848-$RY1IPTV.xls,.xls,0.04,OK,
C:\Users\User\OneDrive\Documents\Uni\Dissertation\SSD Files\Kingston A400\TRIM Deletion\Recovered data\6851-$RYUM8H6.xls,.xls,0.03,OK,
C:\Users\User\OneDrive\Documents\Uni\Dissertation\SSD Files\Kingston A400\TRIM Deletion\Recovered data\6854-$R8MBNME.xls,.xls,2.91,FAILED,"(-2147352567, 'Exception occurred.', (0, 'Microsoft Excel', 'Open method of Workbooks class failed', 'xlmain11.chm', 0, -2146827284), None)"
C:\Users\User\OneDrive\Documents\Uni\Dissertation\SSD Files\Kingston A400\TRIM Deletion\Recovered data\6857-$R7TYHGX.xls,.xls,0.08,FAILED,"(-2147352567, 'Exception occurred.', (0, 'Microsoft Excel', 'Open method of Workbooks class failed', 'xlmain11.chm', 0, -2146827284), None)"
C:\Users\User\OneDrive\Documents\Uni\Dissertation\SSD Files\Kingston A400\TRIM Deletion\Recovered data\686-$RJYZHZZ.doc,.doc,1.4,OK,
C:\Users\User\OneDrive\Documents\Uni\Dissertation\SSD Files\Kingston A400\TRIM Deletion\Recovered data\6860-$RMCRZGS.xls,.xls,0.12,OK,
C:\Users\User\OneDrive\Documents\Uni\Dissertation\SSD Files\Kingston A400\TRIM Deletion\Recovered data\6863-$RJY3JWJ.xls,.xls,0.13,OK,
C:\Users\User\OneDrive\Documents\Uni\Dissertation\SSD Files\Kingston A400\TRIM Deletion\Recovered data\6866-$RRPFL49.xls,.xls,6.48,OK,
C:\Users\User\OneDrive\Documents\Uni\Dissertation\SSD Files\Kingston A400\TRIM Deletion\Recovered data\6869-$R1UBMPR.xls,.xls,0.17,FAILED,"(-2147352567, 'Exception occurred.', (0, 'Microsoft Excel', 'Office has detected a problem with this file. To help protect your computer this file cannot be opened.', 'xlmain11.chm', 0, -2146827284), None)"
C:\Users\User\OneDrive\Documents\Uni\Dissertation\SSD Files\Kingston A400\TRIM Deletion\Recovered data\6872-$RNSGSFW.xls,.xls,0.04,OK,
C:\Users\User\OneDrive\Documents\Uni\Dissertation\SSD Files\Kingston A400\TRIM Deletion\Recovered data\6875-$R0ETY28.xls,.xls,0.57,FAILED,"(-2147352567, 'Exception occurred.', (0, 'Microsoft Excel', 'Office has detected a problem with this file. To help protect your computer this file cannot be opened.', 'xlmain11.chm', 0, -2146827284), None)"
C:\Users\User\OneDrive\Documents\Uni\Dissertation\SSD Files\Kingston A400\TRIM Deletion\Recovered data\6878-$RECF00Y.xls,.xls,2.3,OK,
C:\Users\User\OneDrive\Documents\Uni\Dissertation\SSD Files\Kingston A400\TRIM Deletion\Recovered data\6881-$RCO20C2.xls,.xls,6.56,OK,
C:\Users\User\OneDrive\Documents\Uni\Dissertation\SSD Files\Kingston A400\TRIM Deletion\Recovered data\6884-$RVAPPV0.xls,.xls,0.05,OK,
C:\Users\User\OneDrive\Documents\Uni\Dissertation\SSD Files\Kingston A400\TRIM Deletion\Recovered data\6887-$RYPOS6C.xls,.xls,0.07,OK,
C:\Users\User\OneDrive\Documents\Uni\Dissertation\SSD Files\Kingston A400\TRIM Deletion\Recovered data\6889-$RSUFO7V.xls,.xls,0.02,OK,
C:\Users\User\OneDrive\Documents\Uni\Dissertation\SSD Files\Kingston A400\TRIM Deletion\Recovered data\689-$RZCO6WS.doc,.doc,0.08,OK,
C:\Users\User\OneDrive\Documents\Uni\Dissertation\SSD Files\Kingston A400\TRIM Deletion\Recovered data\6892-$RAXUPDA.xls,.xls,0.04,OK,
C:\Users\User\OneDrive\Documents\Uni\Dissertation\SSD Files\Kingston A400\TRIM Deletion\Recovered data\6895-$R9I3BH5.xls,.xls,0.05,OK,
C:\Users\User\OneDrive\Documents\Uni\Dissertation\SSD Files\Kingston A400\TRIM Deletion\Recovered data\6898-$RYU89LV.xls,.xls,0.02,OK,
C:\Users\User\OneDrive\Documents\Uni\Dissertation\SSD Files\Kingston A400\TRIM Deletion\Recovered data\69-$RNQ3RVJ.doc,.doc,0.28,OK,
C:\Users\User\OneDrive\Documents\Uni\Dissertation\SSD Files\Kingston A400\TRIM Deletion\Recovered data\6901-$RC6GBGT.xls,.xls,0.03,OK,
C:\Users\User\OneDrive\Documents\Uni\Dissertation\SSD Files\Kingston A400\TRIM Deletion\Recovered data\6904-$R352I55.xls,.xls,0.09,FAILED,"(-2147352567, 'Exception occurred.', (0, 'Microsoft Excel', 'Open method of Workbooks class failed', 'xlmain11.chm', 0, -2146827284), None)"
C:\Users\User\OneDrive\Documents\Uni\Dissertation\SSD Files\Kingston A400\TRIM Deletion\Recovered data\6907-$R3UBORR.xls,.xls,0.12,FAILED,"(-2147352567, 'Exception occurred.', (0, 'Microsoft Excel', 'Unable to read file.', 'xlmain11.chm', 0, -2146827284), None)"
C:\Users\User\OneDrive\Documents\Uni\Dissertation\SSD Files\Kingston A400\TRIM Deletion\Recovered data\6910-$RK8L9PD.xls,.xls,0.11,OK,
C:\Users\User\OneDrive\Documents\Uni\Dissertation\SSD Files\Kingston A400\TRIM Deletion\Recovered data\6913-$RPTU8L5.xls,.xls,0.02,OK,
C:\Users\User\OneDrive\Documents\Uni\Dissertation\SSD Files\Kingston A400\TRIM Deletion\Recovered data\6916-$RN48K57.xls,.xls,0.18,OK,
C:\Users\User\OneDrive\Documents\Uni\Dissertation\SSD Files\Kingston A400\TRIM Deletion\Recovered data\6919-$RGQWZHZ.xls,.xls,0.04,OK,
C:\Users\User\OneDrive\Documents\Uni\Dissertation\SSD Files\Kingston A400\TRIM Deletion\Recovered data\692-$RNTDDPC.doc,.doc,0.19,OK,
C:\Users\User\OneDrive\Documents\Uni\Dissertation\SSD Files\Kingston A400\TRIM Deletion\Recovered data\6922-$RMLRTRM.xls,.xls,0.59,OK,
C:\Users\User\OneDrive\Documents\Uni\Dissertation\SSD Files\Kingston A400\TRIM Deletion\Recovered data\6925-$RPKRGXG.xls,.xls,0.08,OK,
C:\Users\User\OneDrive\Documents\Uni\Dissertation\SSD Files\Kingston A400\TRIM Deletion\Recovered data\6928-$RJ8QDZS.xls,.xls,0.09,OK,
C:\Users\User\OneDrive\Documents\Uni\Dissertation\SSD Files\Kingston A400\TRIM Deletion\Recovered data\6931-$RIKN152.xls,.xls,0.37,OK,
C:\Users\User\OneDrive\Documents\Uni\Dissertation\SSD Files\Kingston A400\TRIM Deletion\Recovered data\6934-$RDXRIZI.xls,.xls,1.04,OK,
C:\Users\User\OneDrive\Documents\Uni\Dissertation\SSD Files\Kingston A400\TRIM Deletion\Recovered data\6937-$RKC5ZW0.xls,.xls,1.98,OK,
C:\Users\User\OneDrive\Documents\Uni\Dissertation\SSD Files\Kingston A400\TRIM Deletion\Recovered data\6940-$RKRMOCE.xls,.xls,0.19,OK,
C:\Users\User\OneDrive\Documents\Uni\Dissertation\SSD Files\Kingston A400\TRIM Deletion\Recovered data\6943-$R5CPDCH.xls,.xls,0.17,FAILED,"(-2147352567, 'Exception occurred.', (0, 'Microsoft Excel', 'Open method of Workbooks class failed', 'xlmain11.chm', 0, -2146827284), None)"
C:\Users\User\OneDrive\Documents\Uni\Dissertation\SSD Files\Kingston A400\TRIM Deletion\Recovered data\6946-$RGYCTFU.xls,.xls,0.02,OK,
C:\Users\User\OneDrive\Documents\Uni\Dissertation\SSD Files\Kingston A400\TRIM Deletion\Recovered data\6949-$RR1B0ZC.xls,.xls,0.12,OK,
C:\Users\User\OneDrive\Documents\Uni\Dissertation\SSD Files\Kingston A400\TRIM Deletion\Recovered data\695-$RIJXPGR.doc,.doc,0.18,OK,
C:\Users\User\OneDrive\Documents\Uni\Dissertation\SSD Files\Kingston A400\TRIM Deletion\Recovered data\6952-$RRS0KV1.xls,.xls,0.04,OK,
C:\Users\User\OneDrive\Documents\Uni\Dissertation\SSD Files\Kingston A400\TRIM Deletion\Recovered data\6954-$RF25XNR.xls,.xls,0.17,OK,
C:\Users\User\OneDrive\Documents\Uni\Dissertation\SSD Files\Kingston A400\TRIM Deletion\Recovered data\6957-$RRFDCA5.xls,.xls,0.03,OK,
C:\Users\User\OneDrive\Documents\Uni\Dissertation\SSD Files\Kingston A400\TRIM Deletion\Recovered data\6960-$REC5MFE.xls,.xls,0.68,OK,
C:\Users\User\OneDrive\Documents\Uni\Dissertation\SSD Files\Kingston A400\TRIM Deletion\Recovered data\6963-$ROE2X53.xls,.xls,0.08,OK,
C:\Users\User\OneDrive\Documents\Uni\Dissertation\SSD Files\Kingston A400\TRIM Deletion\Recovered data\6966-$RTMVP5L.xls,.xls,0.08,OK,
C:\Users\User\OneDrive\Documents\Uni\Dissertation\SSD Files\Kingston A400\TRIM Deletion\Recovered data\6969-$RS9XSB7.xls,.xls,2.55,OK,
C:\Users\User\OneDrive\Documents\Uni\Dissertation\SSD Files\Kingston A400\TRIM Deletion\Recovered data\6972-$RCW10P6.xls,.xls,4.95,OK,
C:\Users\User\OneDrive\Documents\Uni\Dissertation\SSD Files\Kingston A400\TRIM Deletion\Recovered data\6975-$RSAATDY.xls,.xls,13.59,OK,
C:\Users\User\OneDrive\Documents\Uni\Dissertation\SSD Files\Kingston A400\TRIM Deletion\Recovered data\6978-$R31VGYG.xls,.xls,0.03,OK,
C:\Users\User\OneDrive\Documents\Uni\Dissertation\SSD Files\Kingston A400\TRIM Deletion\Recovered data\698-$RTOFEFZ.doc,.doc,0.08,OK,
C:\Users\User\OneDrive\Documents\Uni\Dissertation\SSD Files\Kingston A400\TRIM Deletion\Recovered data\6981-$RCF46SR.xls,.xls,0.06,OK,
C:\Users\User\OneDrive\Documents\Uni\Dissertation\SSD Files\Kingston A400\TRIM Deletion\Recovered data\6984-$R0KZJOL.xls,.xls,2.23,FAILED,"(-2147352567, 'Exception occurred.', (0, 'Microsoft Excel', 'Office has detected a problem with this file. To help protect your computer this file cannot be opened.', 'xlmain11.chm', 0, -2146827284), None)"
C:\Users\User\OneDrive\Documents\Uni\Dissertation\SSD Files\Kingston A400\TRIM Deletion\Recovered data\6987-$RZRGL4K.xls,.xls,3.51,OK,
C:\Users\User\OneDrive\Documents\Uni\Dissertation\SSD Files\Kingston A400\TRIM Deletion\Recovered data\6990-$RMXVAXX.xls,.xls,0.13,OK,
C:\Users\User\OneDrive\Documents\Uni\Dissertation\SSD Files\Kingston A400\TRIM Deletion\Recovered data\6993-$RKNDBQI.xls,.xls,0.04,OK,
C:\Users\User\OneDrive\Documents\Uni\Dissertation\SSD Files\Kingston A400\TRIM Deletion\Recovered data\6996-$R3XBNZF.xls,.xls,0.04,OK,
C:\Users\User\OneDrive\Documents\Uni\Dissertation\SSD Files\Kingston A400\TRIM Deletion\Recovered data\6998-$R2U9FCA.xls,.xls,0.59,FAILED,"(-2147352567, 'Exception occurred.', (0, 'Microsoft Excel', 'Open method of Workbooks class failed', 'xlmain11.chm', 0, -2146827284), None)"
C:\Users\User\OneDrive\Documents\Uni\Dissertation\SSD Files\Kingston A400\TRIM Deletion\Recovered data\7001-$R8AOI3A.xls,.xls,0.05,OK,
C:\Users\User\OneDrive\Documents\Uni\Dissertation\SSD Files\Kingston A400\TRIM Deletion\Recovered data\7004-$RBDKRAR.xls,.xls,0.45,OK,
C:\Users\User\OneDrive\Documents\Uni\Dissertation\SSD Files\Kingston A400\TRIM Deletion\Recovered data\7007-$RB6LK4N.xls,.xls,0.12,OK,
C:\Users\User\OneDrive\Documents\Uni\Dissertation\SSD Files\Kingston A400\TRIM Deletion\Recovered data\7009-$RHUGVBA.xls,.xls,0.54,OK,
C:\Users\User\OneDrive\Documents\Uni\Dissertation\SSD Files\Kingston A400\TRIM Deletion\Recovered data\701-$RJ7VNNI.doc,.doc,0.22,OK,
C:\Users\User\OneDrive\Documents\Uni\Dissertation\SSD Files\Kingston A400\TRIM Deletion\Recovered data\7012-$RIF4HLU.xls,.xls,0.11,OK,
C:\Users\User\OneDrive\Documents\Uni\Dissertation\SSD Files\Kingston A400\TRIM Deletion\Recovered data\7015-$ROHL30W.xls,.xls,0.03,OK,
C:\Users\User\OneDrive\Documents\Uni\Dissertation\SSD Files\Kingston A400\TRIM Deletion\Recovered data\7018-$RWAPQGP.xls,.xls,0.48,OK,
C:\Users\User\OneDrive\Documents\Uni\Dissertation\SSD Files\Kingston A400\TRIM Deletion\Recovered data\7020-$RVHKROA.xls,.xls,0.56,OK,
C:\Users\User\OneDrive\Documents\Uni\Dissertation\SSD Files\Kingston A400\TRIM Deletion\Recovered data\7023-$RMW6E6N.xls,.xls,0.03,OK,
C:\Users\User\OneDrive\Documents\Uni\Dissertation\SSD Files\Kingston A400\TRIM Deletion\Recovered data\7026-$R5Y8XTE.xls,.xls,0.05,OK,
C:\Users\User\OneDrive\Documents\Uni\Dissertation\SSD Files\Kingston A400\TRIM Deletion\Recovered data\7029-$R423ZRF.xls,.xls,0.02,OK,
C:\Users\User\OneDrive\Documents\Uni\Dissertation\SSD Files\Kingston A400\TRIM Deletion\Recovered data\7032-$RL44GQ3.xls,.xls,0.03,OK,
C:\Users\User\OneDrive\Documents\Uni\Dissertation\SSD Files\Kingston A400\TRIM Deletion\Recovered data\7034-$R63I07C.xls,.xls,0.03,OK,
C:\Users\User\OneDrive\Documents\Uni\Dissertation\SSD Files\Kingston A400\TRIM Deletion\Recovered data\7037-$RW8UNQE.xls,.xls,0.06,OK,
C:\Users\User\OneDrive\Documents\Uni\Dissertation\SSD Files\Kingston A400\TRIM Deletion\Recovered data\704-$RK8BCKD.doc,.doc,0.09,OK,
C:\Users\User\OneDrive\Documents\Uni\Dissertation\SSD Files\Kingston A400\TRIM Deletion\Recovered data\7040-$RGUXIMM.xls,.xls,0.04,OK,
C:\Users\User\OneDrive\Documents\Uni\Dissertation\SSD Files\Kingston A400\TRIM Deletion\Recovered data\7043-$R3H1AOR.xls,.xls,0.11,OK,
C:\Users\User\OneDrive\Documents\Uni\Dissertation\SSD Files\Kingston A400\TRIM Deletion\Recovered data\7046-$RDAKSX6.xls,.xls,0.06,OK,
C:\Users\User\OneDrive\Documents\Uni\Dissertation\SSD Files\Kingston A400\TRIM Deletion\Recovered data\7049-$R1DIBRC.xls,.xls,0.02,OK,
C:\Users\User\OneDrive\Documents\Uni\Dissertation\SSD Files\Kingston A400\TRIM Deletion\Recovered data\7052-$R07MU6F.xls,.xls,0.05,OK,
C:\Users\User\OneDrive\Documents\Uni\Dissertation\SSD Files\Kingston A400\TRIM Deletion\Recovered data\7055-$RICBC3M.xls,.xls,8.09,OK,
C:\Users\User\OneDrive\Documents\Uni\Dissertation\SSD Files\Kingston A400\TRIM Deletion\Recovered data\7058-$RX84R7V.xls,.xls,0.04,OK,
C:\Users\User\OneDrive\Documents\Uni\Dissertation\SSD Files\Kingston A400\TRIM Deletion\Recovered data\7061-$RPYY7GZ.xls,.xls,0.02,OK,
C:\Users\User\OneDrive\Documents\Uni\Dissertation\SSD Files\Kingston A400\TRIM Deletion\Recovered data\7064-$R0AY468.xls,.xls,2.13,FAILED,"(-2147352567, 'Exception occurred.', (0, 'Microsoft Excel', 'Office has detected a problem with this file. To help protect your computer this file cannot be opened.', 'xlmain11.chm', 0, -2146827284), None)"
C:\Users\User\OneDrive\Documents\Uni\Dissertation\SSD Files\Kingston A400\TRIM Deletion\Recovered data\7066-$RPWMDPE.xls,.xls,0.05,OK,
C:\Users\User\OneDrive\Documents\Uni\Dissertation\SSD Files\Kingston A400\TRIM Deletion\Recovered data\7069-$REESWYL.xls,.xls,0.08,OK,
C:\Users\User\OneDrive\Documents\Uni\Dissertation\SSD Files\Kingston A400\TRIM Deletion\Recovered data\707-$RIHVZWP.doc,.doc,8.86,OK,
C:\Users\User\OneDrive\Documents\Uni\Dissertation\SSD Files\Kingston A400\TRIM Deletion\Recovered data\7072-$R36CDE9.xls,.xls,0.19,FAILED,"(-2147352567, 'Exception occurred.', (0, 'Microsoft Excel', 'Open method of Workbooks class failed', 'xlmain11.chm', 0, -2146827284), None)"
C:\Users\User\OneDrive\Documents\Uni\Dissertation\SSD Files\Kingston A400\TRIM Deletion\Recovered data\7075-$R35O9II.xls,.xls,0.07,OK,
C:\Users\User\OneDrive\Documents\Uni\Dissertation\SSD Files\Kingston A400\TRIM Deletion\Recovered data\7078-$R589GI7.xls,.xls,14.21,FAILED,"(-2147352567, 'Exception occurred.', (0, 'Microsoft Excel', 'Open method of Workbooks class failed', 'xlmain11.chm', 0, -2146827284), None)"
C:\Users\User\OneDrive\Documents\Uni\Dissertation\SSD Files\Kingston A400\TRIM Deletion\Recovered data\7081-$RH4YVG1.xls,.xls,0.04,OK,
C:\Users\User\OneDrive\Documents\Uni\Dissertation\SSD Files\Kingston A400\TRIM Deletion\Recovered data\7084-$R50KTUS.xls,.xls,0.16,FAILED,"(-2147352567, 'Exception occurred.', (0, 'Microsoft Excel', 'File error: data may have been lost.', 'xlmain11.chm', 0, -2146827284), None)"
C:\Users\User\OneDrive\Documents\Uni\Dissertation\SSD Files\Kingston A400\TRIM Deletion\Recovered data\7087-$RSL9LSF.xls,.xls,2.1,OK,
C:\Users\User\OneDrive\Documents\Uni\Dissertation\SSD Files\Kingston A400\TRIM Deletion\Recovered data\7090-$R5O4FSZ.xls,.xls,30.58,FAILED,"(-2147352567, 'Exception occurred.', (0, 'Microsoft Excel', 'Open method of Workbooks class failed', 'xlmain11.chm', 0, -2146827284), None)"
C:\Users\User\OneDrive\Documents\Uni\Dissertation\SSD Files\Kingston A400\TRIM Deletion\Recovered data\7093-$R5BK7U2.xls,.xls,6.83,FAILED,"(-2147352567, 'Exception occurred.', (0, 'Microsoft Excel', 'Open method of Workbooks class failed', 'xlmain11.chm', 0, -2146827284), None)"
C:\Users\User\OneDrive\Documents\Uni\Dissertation\SSD Files\Kingston A400\TRIM Deletion\Recovered data\7096-$R0VR31P.xls,.xls,23.17,FAILED,"(-2147352567, 'Exception occurred.', (0, 'Microsoft Excel', 'Open method of Workbooks class failed', 'xlmain11.chm', 0, -2146827284), None)"
C:\Users\User\OneDrive\Documents\Uni\Dissertation\SSD Files\Kingston A400\TRIM Deletion\Recovered data\7099-$RRQW3PK.xls,.xls,0.1,OK,
C:\Users\User\OneDrive\Documents\Uni\Dissertation\SSD Files\Kingston A400\TRIM Deletion\Recovered data\710-$RATR31C.doc,.doc,0.2,FAILED,"(-2147352567, 'Exception occurred.', (0, 'Microsoft Word', 'Office has detected a problem with this file. To help protect your computer this file cannot be opened.\r (C:\\Users\\User\\...\\710-$RATR31C.doc)', 'wdmain11.chm', 25775, -2146821993), None)"
C:\Users\User\OneDrive\Documents\Uni\Dissertation\SSD Files\Kingston A400\TRIM Deletion\Recovered data\7102-$R6KHBAR.xls,.xls,14.66,OK,
C:\Users\User\OneDrive\Documents\Uni\Dissertation\SSD Files\Kingston A400\TRIM Deletion\Recovered data\7105-$R38KD85.xls,.xls,1.13,FAILED,"(-2147352567, 'Exception occurred.', (0, 'Microsoft Excel', 'Office has detected a problem with this file. To help protect your computer this file cannot be opened.', 'xlmain11.chm', 0, -2146827284), None)"
C:\Users\User\OneDrive\Documents\Uni\Dissertation\SSD Files\Kingston A400\TRIM Deletion\Recovered data\7108-$RW2V8E9.xls,.xls,0.02,OK,
C:\Users\User\OneDrive\Documents\Uni\Dissertation\SSD Files\Kingston A400\TRIM Deletion\Recovered data\7111-$RXN5EB6.xls,.xls,0.1,OK,
C:\Users\User\OneDrive\Documents\Uni\Dissertation\SSD Files\Kingston A400\TRIM Deletion\Recovered data\7114-$RD7WZC8.xls,.xls,0.03,OK,
C:\Users\User\OneDrive\Documents\Uni\Dissertation\SSD Files\Kingston A400\TRIM Deletion\Recovered data\7117-$RMB9RXG.xls,.xls,0.09,OK,
C:\Users\User\OneDrive\Documents\Uni\Dissertation\SSD Files\Kingston A400\TRIM Deletion\Recovered data\7120-$RXB4UB1.xls,.xls,0.24,OK,
C:\Users\User\OneDrive\Documents\Uni\Dissertation\SSD Files\Kingston A400\TRIM Deletion\Recovered data\7123-$R3D4YUV.xls,.xls,0.17,FAILED,"(-2147352567, 'Exception occurred.', (0, 'Microsoft Excel', 'Office has detected a problem with this file. To help protect your computer this file cannot be opened.', 'xlmain11.chm', 0, -2146827284), None)"
C:\Users\User\OneDrive\Documents\Uni\Dissertation\SSD Files\Kingston A400\TRIM Deletion\Recovered data\7126-$RJ9HL9O.xls,.xls,0.56,OK,
C:\Users\User\OneDrive\Documents\Uni\Dissertation\SSD Files\Kingston A400\TRIM Deletion\Recovered data\7129-$R50L7LE.xls,.xls,0.03,OK,
C:\Users\User\OneDrive\Documents\Uni\Dissertation\SSD Files\Kingston A400\TRIM Deletion\Recovered data\713-$RDDJTG7.doc,.doc,0.18,OK,
C:\Users\User\OneDrive\Documents\Uni\Dissertation\SSD Files\Kingston A400\TRIM Deletion\Recovered data\7132-$RQ5IKEB.xls,.xls,0.08,OK,
C:\Users\User\OneDrive\Documents\Uni\Dissertation\SSD Files\Kingston A400\TRIM Deletion\Recovered data\7134-$R8XSD86.xls,.xls,0.01,OK,
C:\Users\User\OneDrive\Documents\Uni\Dissertation\SSD Files\Kingston A400\TRIM Deletion\Recovered data\7137-$R25C1N4.xls,.xls,0.73,OK,
C:\Users\User\OneDrive\Documents\Uni\Dissertation\SSD Files\Kingston A400\TRIM Deletion\Recovered data\7140-$RWGBUVJ.xls,.xls,0.86,OK,
C:\Users\User\OneDrive\Documents\Uni\Dissertation\SSD Files\Kingston A400\TRIM Deletion\Recovered data\7142-$RL2BQ7V.xls,.xls,3.56,OK,
C:\Users\User\OneDrive\Documents\Uni\Dissertation\SSD Files\Kingston A400\TRIM Deletion\Recovered data\7145-$R62UGX3.xls,.xls,3.56,FAILED,"(-2147352567, 'Exception occurred.', (0, 'Microsoft Excel', 'Office has detected a problem with this file. To help protect your computer this file cannot be opened.', 'xlmain11.chm', 0, -2146827284), None)"
C:\Users\User\OneDrive\Documents\Uni\Dissertation\SSD Files\Kingston A400\TRIM Deletion\Recovered data\7148-$RNJUDK2.xls,.xls,3.84,OK,
C:\Users\User\OneDrive\Documents\Uni\Dissertation\SSD Files\Kingston A400\TRIM Deletion\Recovered data\715-$RASRWE1.doc,.doc,0.55,FAILED,"(-2147352567, 'Exception occurred.', (0, 'Microsoft Word', 'Office has detected a problem with this file. To help protect your computer this file cannot be opened.\r (C:\\Users\\User\\...\\715-$RASRWE1.doc)', 'wdmain11.chm', 25775, -2146821993), None)"
C:\Users\User\OneDrive\Documents\Uni\Dissertation\SSD Files\Kingston A400\TRIM Deletion\Recovered data\7151-$RAH7AT0.xls,.xls,3.84,FAILED,"(-2147352567, 'Exception occurred.', (0, 'Microsoft Excel', 'Open method of Workbooks class failed', 'xlmain11.chm', 0, -2146827284), None)"
C:\Users\User\OneDrive\Documents\Uni\Dissertation\SSD Files\Kingston A400\TRIM Deletion\Recovered data\7154-$RJJRV99.xls,.xls,2.1,OK,
C:\Users\User\OneDrive\Documents\Uni\Dissertation\SSD Files\Kingston A400\TRIM Deletion\Recovered data\7156-$RFH63U4.xls,.xls,10.07,OK,
C:\Users\User\OneDrive\Documents\Uni\Dissertation\SSD Files\Kingston A400\TRIM Deletion\Recovered data\7159-$R4XCXK7.xls,.xls,4.12,FAILED,"(-2147352567, 'Exception occurred.', (0, 'Microsoft Excel', 'Office has detected a problem with this file. To help protect your computer this file cannot be opened.', 'xlmain11.chm', 0, -2146827284), None)"
C:\Users\User\OneDrive\Documents\Uni\Dissertation\SSD Files\Kingston A400\TRIM Deletion\Recovered data\7162-$RBQR8WX.xls,.xls,4.86,OK,
C:\Users\User\OneDrive\Documents\Uni\Dissertation\SSD Files\Kingston A400\TRIM Deletion\Recovered data\7165-$RNYOO5S.xls,.xls,3.49,OK,
C:\Users\User\OneDrive\Documents\Uni\Dissertation\SSD Files\Kingston A400\TRIM Deletion\Recovered data\7167-$R7OYLUV.xls,.xls,6.3,OK,
C:\Users\User\OneDrive\Documents\Uni\Dissertation\SSD Files\Kingston A400\TRIM Deletion\Recovered data\7170-$RB2HZVD.xls,.xls,2.15,FAILED,"(-2147352567, 'Exception occurred.', (0, 'Microsoft Excel', 'Office has detected a problem with this file. To help protect your computer this file cannot be opened.', 'xlmain11.chm', 0, -2146827284), None)"
C:\Users\User\OneDrive\Documents\Uni\Dissertation\SSD Files\Kingston A400\TRIM Deletion\Recovered data\7173-$RT5ZV94.xls,.xls,0.07,OK,
C:\Users\User\OneDrive\Documents\Uni\Dissertation\SSD Files\Kingston A400\TRIM Deletion\Recovered data\7175-$RDBTK9C.xls,.xls,6.1,OK,
C:\Users\User\OneDrive\Documents\Uni\Dissertation\SSD Files\Kingston A400\TRIM Deletion\Recovered data\7178-$R5NDT6U.xls,.xls,0.02,OK,
C:\Users\User\OneDrive\Documents\Uni\Dissertation\SSD Files\Kingston A400\TRIM Deletion\Recovered data\718-$RRHDJFD.doc,.doc,0.92,OK,
C:\Users\User\OneDrive\Documents\Uni\Dissertation\SSD Files\Kingston A400\TRIM Deletion\Recovered data\7181-$RQSPAP5.xls,.xls,0.03,OK,
C:\Users\User\OneDrive\Documents\Uni\Dissertation\SSD Files\Kingston A400\TRIM Deletion\Recovered data\7184-$REB6ZKJ.xls,.xls,0.01,OK,
C:\Users\User\OneDrive\Documents\Uni\Dissertation\SSD Files\Kingston A400\TRIM Deletion\Recovered data\7187-$R6BXVEN.xls,.xls,0.03,OK,
C:\Users\User\OneDrive\Documents\Uni\Dissertation\SSD Files\Kingston A400\TRIM Deletion\Recovered data\7190-$RSWG6RI.xls,.xls,0.03,OK,
C:\Users\User\OneDrive\Documents\Uni\Dissertation\SSD Files\Kingston A400\TRIM Deletion\Recovered data\7193-$RVT4ZJM.xls,.xls,0.03,OK,
C:\Users\User\OneDrive\Documents\Uni\Dissertation\SSD Files\Kingston A400\TRIM Deletion\Recovered data\7196-$RT2O7L6.xls,.xls,0.19,OK,
C:\Users\User\OneDrive\Documents\Uni\Dissertation\SSD Files\Kingston A400\TRIM Deletion\Recovered data\7199-$RMQUDSF.xls,.xls,9.26,OK,
C:\Users\User\OneDrive\Documents\Uni\Dissertation\SSD Files\Kingston A400\TRIM Deletion\Recovered data\72-$ROL66IF.doc,.doc,0.14,OK,
C:\Users\User\OneDrive\Documents\Uni\Dissertation\SSD Files\Kingston A400\TRIM Deletion\Recovered data\7202-$RGJADTL.xls,.xls,0.12,OK,
C:\Users\User\OneDrive\Documents\Uni\Dissertation\SSD Files\Kingston A400\TRIM Deletion\Recovered data\7205-$RO583GY.xls,.xls,0.14,OK,
C:\Users\User\OneDrive\Documents\Uni\Dissertation\SSD Files\Kingston A400\TRIM Deletion\Recovered data\7207-$R7ZO8B4.xls,.xls,0.69,FAILED,"(-2147352567, 'Exception occurred.', (0, 'Microsoft Excel', 'Office has detected a problem with this file. To help protect your computer this file cannot be opened.', 'xlmain11.chm', 0, -2146827284), None)"
C:\Users\User\OneDrive\Documents\Uni\Dissertation\SSD Files\Kingston A400\TRIM Deletion\Recovered data\7209-$RMHFXNZ.xls,.xls,0.12,OK,
C:\Users\User\OneDrive\Documents\Uni\Dissertation\SSD Files\Kingston A400\TRIM Deletion\Recovered data\721-$RCC245K.doc,.doc,0.05,OK,
C:\Users\User\OneDrive\Documents\Uni\Dissertation\SSD Files\Kingston A400\TRIM Deletion\Recovered data\7212-$RON34BV.xls,.xls,10.52,OK,
C:\Users\User\OneDrive\Documents\Uni\Dissertation\SSD Files\Kingston A400\TRIM Deletion\Recovered data\7215-$RS9OMZ2.xls,.xls,0.04,OK,
C:\Users\User\OneDrive\Documents\Uni\Dissertation\SSD Files\Kingston A400\TRIM Deletion\Recovered data\7218-$R5H53H0.xls,.xls,0.21,FAILED,"(-2147352567, 'Exception occurred.', (0, 'Microsoft Excel', 'Open method of Workbooks class failed', 'xlmain11.chm', 0, -2146827284), None)"
C:\Users\User\OneDrive\Documents\Uni\Dissertation\SSD Files\Kingston A400\TRIM Deletion\Recovered data\7221-$R54X6ZU.xls,.xls,0.09,OK,
C:\Users\User\OneDrive\Documents\Uni\Dissertation\SSD Files\Kingston A400\TRIM Deletion\Recovered data\7224-$RDEZ4IE.xls,.xls,0.02,OK,
C:\Users\User\OneDrive\Documents\Uni\Dissertation\SSD Files\Kingston A400\TRIM Deletion\Recovered data\7227-$RO6Z26O.xls,.xls,0.03,OK,
C:\Users\User\OneDrive\Documents\Uni\Dissertation\SSD Files\Kingston A400\TRIM Deletion\Recovered data\7230-$RQNJE45.xls,.xls,0.14,OK,
C:\Users\User\OneDrive\Documents\Uni\Dissertation\SSD Files\Kingston A400\TRIM Deletion\Recovered data\7232-$R7V4USK.xls,.xls,0.18,FAILED,"(-2147352567, 'Exception occurred.', (0, 'Microsoft Excel', 'Office has detected a problem with this file. To help protect your computer this file cannot be opened.', 'xlmain11.chm', 0, -2146827284), None)"
C:\Users\User\OneDrive\Documents\Uni\Dissertation\SSD Files\Kingston A400\TRIM Deletion\Recovered data\7235-$R28ZG6O.xls,.xls,0.11,FAILED,"(-2147352567, 'Exception occurred.', (0, 'Microsoft Excel', 'Open method of Workbooks class failed', 'xlmain11.chm', 0, -2146827284), None)"
C:\Users\User\OneDrive\Documents\Uni\Dissertation\SSD Files\Kingston A400\TRIM Deletion\Recovered data\7238-$RQL02GN.xls,.xls,0.07,OK,
C:\Users\User\OneDrive\Documents\Uni\Dissertation\SSD Files\Kingston A400\TRIM Deletion\Recovered data\724-$RWRTK1J.doc,.doc,0.24,OK,
C:\Users\User\OneDrive\Documents\Uni\Dissertation\SSD Files\Kingston A400\TRIM Deletion\Recovered data\7241-$RVLYDEU.xls,.xls,0.07,OK,
C:\Users\User\OneDrive\Documents\Uni\Dissertation\SSD Files\Kingston A400\TRIM Deletion\Recovered data\7244-$RIYFFB7.xls,.xls,0.07,OK,
C:\Users\User\OneDrive\Documents\Uni\Dissertation\SSD Files\Kingston A400\TRIM Deletion\Recovered data\7247-$R8MNUDY.xls,.xls,0.43,FAILED,"(-2147352567, 'Exception occurred.', (0, 'Microsoft Excel', 'Office has detected a problem with this file. To help protect your computer this file cannot be opened.', 'xlmain11.chm', 0, -2146827284), None)"
C:\Users\User\OneDrive\Documents\Uni\Dissertation\SSD Files\Kingston A400\TRIM Deletion\Recovered data\7250-$R0WANKL.xls,.xls,0.88,FAILED,"(-2147352567, 'Exception occurred.', (0, 'Microsoft Excel', 'Office has detected a problem with this file. To help protect your computer this file cannot be opened.', 'xlmain11.chm', 0, -2146827284), None)"
C:\Users\User\OneDrive\Documents\Uni\Dissertation\SSD Files\Kingston A400\TRIM Deletion\Recovered data\7253-$RYPUPUU.xls,.xls,1.0,OK,
C:\Users\User\OneDrive\Documents\Uni\Dissertation\SSD Files\Kingston A400\TRIM Deletion\Recovered data\7255-$RJJJ4GW.xls,.xls,0.32,OK,
C:\Users\User\OneDrive\Documents\Uni\Dissertation\SSD Files\Kingston A400\TRIM Deletion\Recovered data\7258-$R6OBYBZ.xls,.xls,0.07,OK,
C:\Users\User\OneDrive\Documents\Uni\Dissertation\SSD Files\Kingston A400\TRIM Deletion\Recovered data\726-$RKVVPRK.doc,.doc,0.28,OK,
C:\Users\User\OneDrive\Documents\Uni\Dissertation\SSD Files\Kingston A400\TRIM Deletion\Recovered data\7260-$RVK22PW.xls,.xls,0.02,OK,
C:\Users\User\OneDrive\Documents\Uni\Dissertation\SSD Files\Kingston A400\TRIM Deletion\Recovered data\7263-$RILDQL6.xls,.xls,0.02,OK,
C:\Users\User\OneDrive\Documents\Uni\Dissertation\SSD Files\Kingston A400\TRIM Deletion\Recovered data\7266-$R4TO99J.xls,.xls,0.03,OK,
C:\Users\User\OneDrive\Documents\Uni\Dissertation\SSD Files\Kingston A400\TRIM Deletion\Recovered data\7269-$RIN065G.xls,.xls,0.02,OK,
C:\Users\User\OneDrive\Documents\Uni\Dissertation\SSD Files\Kingston A400\TRIM Deletion\Recovered data\7272-$RC1LKF6.xls,.xls,0.66,OK,
C:\Users\User\OneDrive\Documents\Uni\Dissertation\SSD Files\Kingston A400\TRIM Deletion\Recovered data\7275-$RBCRTA8.xls,.xls,0.02,OK,
C:\Users\User\OneDrive\Documents\Uni\Dissertation\SSD Files\Kingston A400\TRIM Deletion\Recovered data\7278-$R5NBKO7.xls,.xls,0.08,FAILED,"(-2147352567, 'Exception occurred.', (0, 'Microsoft Excel', 'Unable to read file.', 'xlmain11.chm', 0, -2146827284), None)"
C:\Users\User\OneDrive\Documents\Uni\Dissertation\SSD Files\Kingston A400\TRIM Deletion\Recovered data\7281-$R2BVDOU.xls,.xls,0.04,OK,
C:\Users\User\OneDrive\Documents\Uni\Dissertation\SSD Files\Kingston A400\TRIM Deletion\Recovered data\7284-$R2UYWEY.xls,.xls,0.12,FAILED,"(-2147352567, 'Exception occurred.', (0, 'Microsoft Excel', 'Office has detected a problem with this file. To help protect your computer this file cannot be opened.', 'xlmain11.chm', 0, -2146827284), None)"
C:\Users\User\OneDrive\Documents\Uni\Dissertation\SSD Files\Kingston A400\TRIM Deletion\Recovered data\7287-$RE3DWAT.xls,.xls,0.07,OK,
C:\Users\User\OneDrive\Documents\Uni\Dissertation\SSD Files\Kingston A400\TRIM Deletion\Recovered data\729-$R9VGEKN.doc,.doc,0.18,FAILED,"(-2147352567, 'Exception occurred.', (0, 'Microsoft Word', 'Word experienced an error trying to open the file.\nTry these suggestions.\n* Check the file permissions for the document or drive.\n* Make sure there is sufficient free memory and disk space.\n* Open the file with the Text Recovery converter.\r (C:\\Users\\User\\...\\729-$R9VGEKN.doc)', 'wdmain11.chm', 24601, -2146823167), None)"
C:\Users\User\OneDrive\Documents\Uni\Dissertation\SSD Files\Kingston A400\TRIM Deletion\Recovered data\7290-$RANC3LD.xls,.xls,0.04,OK,
C:\Users\User\OneDrive\Documents\Uni\Dissertation\SSD Files\Kingston A400\TRIM Deletion\Recovered data\7293-$RDKD6GT.xls,.xls,0.12,OK,
C:\Users\User\OneDrive\Documents\Uni\Dissertation\SSD Files\Kingston A400\TRIM Deletion\Recovered data\7296-$RIP3SEN.xls,.xls,0.02,OK,
C:\Users\User\OneDrive\Documents\Uni\Dissertation\SSD Files\Kingston A400\TRIM Deletion\Recovered data\7298-$RJGNEJ5.xls,.xls,0.02,OK,
C:\Users\User\OneDrive\Documents\Uni\Dissertation\SSD Files\Kingston A400\TRIM Deletion\Recovered data\7301-$RDKW4G1.xls,.xls,0.05,OK,
C:\Users\User\OneDrive\Documents\Uni\Dissertation\SSD Files\Kingston A400\TRIM Deletion\Recovered data\7304-$RZP1TFV.xls,.xls,0.36,OK,
C:\Users\User\OneDrive\Documents\Uni\Dissertation\SSD Files\Kingston A400\TRIM Deletion\Recovered data\7307-$RT4KF2C.xls,.xls,0.02,OK,
C:\Users\User\OneDrive\Documents\Uni\Dissertation\SSD Files\Kingston A400\TRIM Deletion\Recovered data\731-$R6J2KKJ.doc,.doc,0.17,FAILED,"(-2147352567, 'Exception occurred.', (0, 'Microsoft Word', 'Word experienced an error trying to open the file.\nTry these suggestions.\n* Check the file permissions for the document or drive.\n* Make sure there is sufficient free memory and disk space.\n* Open the file with the Text Recovery converter.\r (C:\\Users\\User\\...\\731-$R6J2KKJ.doc)', 'wdmain11.chm', 24601, -2146823167), None)"
C:\Users\User\OneDrive\Documents\Uni\Dissertation\SSD Files\Kingston A400\TRIM Deletion\Recovered data\7310-$RUHUITQ.xls,.xls,0.05,OK,
C:\Users\User\OneDrive\Documents\Uni\Dissertation\SSD Files\Kingston A400\TRIM Deletion\Recovered data\7312-$RFC65UA.xls,.xls,0.11,OK,
C:\Users\User\OneDrive\Documents\Uni\Dissertation\SSD Files\Kingston A400\TRIM Deletion\Recovered data\7315-$RF3BCKI.xls,.xls,0.2,OK,
C:\Users\User\OneDrive\Documents\Uni\Dissertation\SSD Files\Kingston A400\TRIM Deletion\Recovered data\7318-$R4TSD2L.xls,.xls,0.03,OK,
C:\Users\User\OneDrive\Documents\Uni\Dissertation\SSD Files\Kingston A400\TRIM Deletion\Recovered data\7321-$REJ3TG1.xls,.xls,0.07,OK,
C:\Users\User\OneDrive\Documents\Uni\Dissertation\SSD Files\Kingston A400\TRIM Deletion\Recovered data\7324-$RW1G3WU.xls,.xls,0.03,OK,
C:\Users\User\OneDrive\Documents\Uni\Dissertation\SSD Files\Kingston A400\TRIM Deletion\Recovered data\7327-$R1RM3F4.xls,.xls,0.5,FAILED,"(-2147352567, 'Exception occurred.', (0, 'Microsoft Excel', 'Office has detected a problem with this file. To help protect your computer this file cannot be opened.', 'xlmain11.chm', 0, -2146827284), None)"
C:\Users\User\OneDrive\Documents\Uni\Dissertation\SSD Files\Kingston A400\TRIM Deletion\Recovered data\7330-$RUU7004.xls,.xls,0.49,OK,
C:\Users\User\OneDrive\Documents\Uni\Dissertation\SSD Files\Kingston A400\TRIM Deletion\Recovered data\7333-$RRFXOP7.xls,.xls,0.51,OK,
C:\Users\User\OneDrive\Documents\Uni\Dissertation\SSD Files\Kingston A400\TRIM Deletion\Recovered data\7336-$RWXOA3Q.xls,.xls,0.08,OK,
C:\Users\User\OneDrive\Documents\Uni\Dissertation\SSD Files\Kingston A400\TRIM Deletion\Recovered data\7339-$RVH5H7T.xls,.xls,0.07,OK,
C:\Users\User\OneDrive\Documents\Uni\Dissertation\SSD Files\Kingston A400\TRIM Deletion\Recovered data\734-$R6VY744.doc,.doc,0.17,OK,
C:\Users\User\OneDrive\Documents\Uni\Dissertation\SSD Files\Kingston A400\TRIM Deletion\Recovered data\7342-$RHSG9I6.xls,.xls,0.3,OK,
C:\Users\User\OneDrive\Documents\Uni\Dissertation\SSD Files\Kingston A400\TRIM Deletion\Recovered data\7344-$RA2BWPI.xls,.xls,0.43,FAILED,"(-2147352567, 'Exception occurred.', (0, 'Microsoft Excel', 'Open method of Workbooks class failed', 'xlmain11.chm', 0, -2146827284), None)"
C:\Users\User\OneDrive\Documents\Uni\Dissertation\SSD Files\Kingston A400\TRIM Deletion\Recovered data\7347-$R7HE046.xls,.xls,0.04,OK,
C:\Users\User\OneDrive\Documents\Uni\Dissertation\SSD Files\Kingston A400\TRIM Deletion\Recovered data\7350-$RELNU62.xls,.xls,0.43,OK,
C:\Users\User\OneDrive\Documents\Uni\Dissertation\SSD Files\Kingston A400\TRIM Deletion\Recovered data\7353-$RK2UVO0.xls,.xls,0.02,OK,
C:\Users\User\OneDrive\Documents\Uni\Dissertation\SSD Files\Kingston A400\TRIM Deletion\Recovered data\7356-$RXFQ6AL.xls,.xls,0.09,OK,
C:\Users\User\OneDrive\Documents\Uni\Dissertation\SSD Files\Kingston A400\TRIM Deletion\Recovered data\7358-$RQLU5NS.xls,.xls,1.45,OK,
C:\Users\User\OneDrive\Documents\Uni\Dissertation\SSD Files\Kingston A400\TRIM Deletion\Recovered data\7361-$RLK1C18.xls,.xls,0.02,OK,
C:\Users\User\OneDrive\Documents\Uni\Dissertation\SSD Files\Kingston A400\TRIM Deletion\Recovered data\7364-$R8DGRU6.xls,.xls,0.02,OK,
C:\Users\User\OneDrive\Documents\Uni\Dissertation\SSD Files\Kingston A400\TRIM Deletion\Recovered data\7367-$RI13HD4.xls,.xls,0.59,OK,
C:\Users\User\OneDrive\Documents\Uni\Dissertation\SSD Files\Kingston A400\TRIM Deletion\Recovered data\737-$RB0CXUV.doc,.doc,0.29,FAILED,"(-2147352567, 'Exception occurred.', (0, 'Microsoft Word', 'Office has detected a problem with this file. To help protect your computer this file cannot be opened.\r (C:\\Users\\User\\...\\737-$RB0CXUV.doc)', 'wdmain11.chm', 25775, -2146821993), None)"
C:\Users\User\OneDrive\Documents\Uni\Dissertation\SSD Files\Kingston A400\TRIM Deletion\Recovered data\7370-$RG0VKWT.xls,.xls,0.64,OK,
C:\Users\User\OneDrive\Documents\Uni\Dissertation\SSD Files\Kingston A400\TRIM Deletion\Recovered data\7373-$R8OIT2D.xls,.xls,0.02,OK,
C:\Users\User\OneDrive\Documents\Uni\Dissertation\SSD Files\Kingston A400\TRIM Deletion\Recovered data\7376-$R4T87OG.xls,.xls,0.02,OK,
C:\Users\User\OneDrive\Documents\Uni\Dissertation\SSD Files\Kingston A400\TRIM Deletion\Recovered data\7379-$RUEBSXR.xls,.xls,0.01,OK,
C:\Users\User\OneDrive\Documents\Uni\Dissertation\SSD Files\Kingston A400\TRIM Deletion\Recovered data\7382-$R4524D8.xls,.xls,0.02,OK,
C:\Users\User\OneDrive\Documents\Uni\Dissertation\SSD Files\Kingston A400\TRIM Deletion\Recovered data\7385-$R3EKABG.xls,.xls,0.65,FAILED,"(-2147352567, 'Exception occurred.', (0, 'Microsoft Excel', 'Open method of Workbooks class failed', 'xlmain11.chm', 0, -2146827284), None)"
C:\Users\User\OneDrive\Documents\Uni\Dissertation\SSD Files\Kingston A400\TRIM Deletion\Recovered data\7387-$R162DVO.xls,.xls,0.43,FAILED,"(-2147352567, 'Exception occurred.', (0, 'Microsoft Excel', 'Office has detected a problem with this file. To help protect your computer this file cannot be opened.', 'xlmain11.chm', 0, -2146827284), None)"
C:\Users\User\OneDrive\Documents\Uni\Dissertation\SSD Files\Kingston A400\TRIM Deletion\Recovered data\7390-$RCMJKDC.xls,.xls,0.43,OK,
C:\Users\User\OneDrive\Documents\Uni\Dissertation\SSD Files\Kingston A400\TRIM Deletion\Recovered data\7393-$RJX153K.xls,.xls,0.08,OK,
C:\Users\User\OneDrive\Documents\Uni\Dissertation\SSD Files\Kingston A400\TRIM Deletion\Recovered data\7396-$RW9DV3S.xls,.xls,0.03,OK,
C:\Users\User\OneDrive\Documents\Uni\Dissertation\SSD Files\Kingston A400\TRIM Deletion\Recovered data\7399-$RBE5SLZ.xls,.xls,0.02,OK,
C:\Users\User\OneDrive\Documents\Uni\Dissertation\SSD Files\Kingston A400\TRIM Deletion\Recovered data\740-$RRNYKMN.doc,.doc,0.09,OK,
C:\Users\User\OneDrive\Documents\Uni\Dissertation\SSD Files\Kingston A400\TRIM Deletion\Recovered data\7402-$R4ECV0K.xls,.xls,0.09,OK,
C:\Users\User\OneDrive\Documents\Uni\Dissertation\SSD Files\Kingston A400\TRIM Deletion\Recovered data\7405-$RRU6CB3.xls,.xls,0.53,OK,
C:\Users\User\OneDrive\Documents\Uni\Dissertation\SSD Files\Kingston A400\TRIM Deletion\Recovered data\7408-$RCHKYTU.xls,.xls,0.02,OK,
C:\Users\User\OneDrive\Documents\Uni\Dissertation\SSD Files\Kingston A400\TRIM Deletion\Recovered data\7411-$RTE60ZB.xls,.xls,0.03,OK,
C:\Users\User\OneDrive\Documents\Uni\Dissertation\SSD Files\Kingston A400\TRIM Deletion\Recovered data\7414-$ROFVL0G.xls,.xls,0.43,OK,
C:\Users\User\OneDrive\Documents\Uni\Dissertation\SSD Files\Kingston A400\TRIM Deletion\Recovered data\7417-$R6V9PN1.xls,.xls,0.75,FAILED,"(-2147352567, 'Exception occurred.', (0, 'Microsoft Excel', 'Office has detected a problem with this file. To help protect your computer this file cannot be opened.', 'xlmain11.chm', 0, -2146827284), None)"
C:\Users\User\OneDrive\Documents\Uni\Dissertation\SSD Files\Kingston A400\TRIM Deletion\Recovered data\742-$RKA500Y.doc,.doc,0.79,OK,
C:\Users\User\OneDrive\Documents\Uni\Dissertation\SSD Files\Kingston A400\TRIM Deletion\Recovered data\7420-$RXCX4IB.xls,.xls,1.36,OK,
C:\Users\User\OneDrive\Documents\Uni\Dissertation\SSD Files\Kingston A400\TRIM Deletion\Recovered data\7423-$R8QJZHZ.xls,.xls,0.11,FAILED,"(-2147352567, 'Exception occurred.', (0, 'Microsoft Excel', 'Office has detected a problem with this file. To help protect your computer this file cannot be opened.', 'xlmain11.chm', 0, -2146827284), None)"
C:\Users\User\OneDrive\Documents\Uni\Dissertation\SSD Files\Kingston A400\TRIM Deletion\Recovered data\7426-$RMI84EO.xls,.xls,0.03,OK,
C:\Users\User\OneDrive\Documents\Uni\Dissertation\SSD Files\Kingston A400\TRIM Deletion\Recovered data\7429-$R1RTQTG.xls,.xls,0.12,OK,
C:\Users\User\OneDrive\Documents\Uni\Dissertation\SSD Files\Kingston A400\TRIM Deletion\Recovered data\7432-$RX6165A.xls,.xls,0.23,OK,
C:\Users\User\OneDrive\Documents\Uni\Dissertation\SSD Files\Kingston A400\TRIM Deletion\Recovered data\7434-$REDIIHK.xls,.xls,0.08,OK,
C:\Users\User\OneDrive\Documents\Uni\Dissertation\SSD Files\Kingston A400\TRIM Deletion\Recovered data\7437-$RJOZUO4.xls,.xls,0.22,OK,
C:\Users\User\OneDrive\Documents\Uni\Dissertation\SSD Files\Kingston A400\TRIM Deletion\Recovered data\7440-$RZM069H.xls,.xls,2.18,OK,
C:\Users\User\OneDrive\Documents\Uni\Dissertation\SSD Files\Kingston A400\TRIM Deletion\Recovered data\7443-$RSMEG2X.xls,.xls,0.02,OK,
C:\Users\User\OneDrive\Documents\Uni\Dissertation\SSD Files\Kingston A400\TRIM Deletion\Recovered data\7446-$RD8CCBN.xls,.xls,0.05,OK,
C:\Users\User\OneDrive\Documents\Uni\Dissertation\SSD Files\Kingston A400\TRIM Deletion\Recovered data\7449-$RCR4V6Q.xls,.xls,0.03,OK,
C:\Users\User\OneDrive\Documents\Uni\Dissertation\SSD Files\Kingston A400\TRIM Deletion\Recovered data\745-$RQE11LN.doc,.doc,0.13,OK,
C:\Users\User\OneDrive\Documents\Uni\Dissertation\SSD Files\Kingston A400\TRIM Deletion\Recovered data\7451-$RP4Q0FU.xls,.xls,0.06,OK,
C:\Users\User\OneDrive\Documents\Uni\Dissertation\SSD Files\Kingston A400\TRIM Deletion\Recovered data\7454-$RZJ6U4L.xls,.xls,0.06,OK,
C:\Users\User\OneDrive\Documents\Uni\Dissertation\SSD Files\Kingston A400\TRIM Deletion\Recovered data\7457-$R51WSQ4.xls,.xls,0.05,OK,
C:\Users\User\OneDrive\Documents\Uni\Dissertation\SSD Files\Kingston A400\TRIM Deletion\Recovered data\7460-$RD1X4ZY.xls,.xls,0.04,OK,
C:\Users\User\OneDrive\Documents\Uni\Dissertation\SSD Files\Kingston A400\TRIM Deletion\Recovered data\7463-$RHIV96R.xls,.xls,0.04,OK,
C:\Users\User\OneDrive\Documents\Uni\Dissertation\SSD Files\Kingston A400\TRIM Deletion\Recovered data\7465-$RSPIVYH.xls,.xls,0.65,OK,
C:\Users\User\OneDrive\Documents\Uni\Dissertation\SSD Files\Kingston A400\TRIM Deletion\Recovered data\7468-$RERHRN3.xls,.xls,0.62,OK,
C:\Users\User\OneDrive\Documents\Uni\Dissertation\SSD Files\Kingston A400\TRIM Deletion\Recovered data\7471-$RNI56I5.xls,.xls,0.63,OK,
C:\Users\User\OneDrive\Documents\Uni\Dissertation\SSD Files\Kingston A400\TRIM Deletion\Recovered data\7474-$R3FEATG.xls,.xls,0.21,FAILED,"(-2147352567, 'Exception occurred.', (0, 'Microsoft Excel', 'Open method of Workbooks class failed', 'xlmain11.chm', 0, -2146827284), None)"
C:\Users\User\OneDrive\Documents\Uni\Dissertation\SSD Files\Kingston A400\TRIM Deletion\Recovered data\7476-$RK7IVJC.xls,.xls,0.02,OK,
C:\Users\User\OneDrive\Documents\Uni\Dissertation\SSD Files\Kingston A400\TRIM Deletion\Recovered data\7479-$RQ967OC.xls,.xls,0.08,OK,
C:\Users\User\OneDrive\Documents\Uni\Dissertation\SSD Files\Kingston A400\TRIM Deletion\Recovered data\748-$RUFJ7TT.doc,.doc,0.04,OK,
C:\Users\User\OneDrive\Documents\Uni\Dissertation\SSD Files\Kingston A400\TRIM Deletion\Recovered data\7482-$RGGUL00.xls,.xls,0.03,OK,
C:\Users\User\OneDrive\Documents\Uni\Dissertation\SSD Files\Kingston A400\TRIM Deletion\Recovered data\7485-$RG8IQK7.xls,.xls,11.77,OK,
C:\Users\User\OneDrive\Documents\Uni\Dissertation\SSD Files\Kingston A400\TRIM Deletion\Recovered data\7488-$RNQSRXU.xls,.xls,0.05,OK,
C:\Users\User\OneDrive\Documents\Uni\Dissertation\SSD Files\Kingston A400\TRIM Deletion\Recovered data\7491-$R42GF8U.xls,.xls,4.31,FAILED,"(-2147352567, 'Exception occurred.', (0, 'Microsoft Excel', 'Office has detected a problem with this file. To help protect your computer this file cannot be opened.', 'xlmain11.chm', 0, -2146827284), None)"
C:\Users\User\OneDrive\Documents\Uni\Dissertation\SSD Files\Kingston A400\TRIM Deletion\Recovered data\7494-$RYWNQWT.xls,.xls,0.3,OK,
C:\Users\User\OneDrive\Documents\Uni\Dissertation\SSD Files\Kingston A400\TRIM Deletion\Recovered data\7497-$RNDHQ5B.xls,.xls,4.32,OK,
C:\Users\User\OneDrive\Documents\Uni\Dissertation\SSD Files\Kingston A400\TRIM Deletion\Recovered data\75-$R9KCV36.doc,.doc,0.12,FAILED,"(-2147352567, 'Exception occurred.', (0, 'Microsoft Word', 'Office has detected a problem with this file. To help protect your computer this file cannot be opened.\r (C:\\Users\\User\\...\\75-$R9KCV36.doc)', 'wdmain11.chm', 25775, -2146821993), None)"
C:\Users\User\OneDrive\Documents\Uni\Dissertation\SSD Files\Kingston A400\TRIM Deletion\Recovered data\7500-$R7LX1AK.xls,.xls,3.22,FAILED,"(-2147352567, 'Exception occurred.', (0, 'Microsoft Excel', 'Office has detected a problem with this file. To help protect your computer this file cannot be opened.', 'xlmain11.chm', 0, -2146827284), None)"
C:\Users\User\OneDrive\Documents\Uni\Dissertation\SSD Files\Kingston A400\TRIM Deletion\Recovered data\7503-$RGUY0I8.xls,.xls,0.06,OK,
C:\Users\User\OneDrive\Documents\Uni\Dissertation\SSD Files\Kingston A400\TRIM Deletion\Recovered data\7506-$RJXXDJQ.xls,.xls,0.15,OK,
C:\Users\User\OneDrive\Documents\Uni\Dissertation\SSD Files\Kingston A400\TRIM Deletion\Recovered data\7509-$RM3GYV6.xls,.xls,0.13,OK,
C:\Users\User\OneDrive\Documents\Uni\Dissertation\SSD Files\Kingston A400\TRIM Deletion\Recovered data\751-$RHWCSGM.doc,.doc,0.04,OK,
C:\Users\User\OneDrive\Documents\Uni\Dissertation\SSD Files\Kingston A400\TRIM Deletion\Recovered data\7512-$RBKSVTI.xls,.xls,0.15,OK,
C:\Users\User\OneDrive\Documents\Uni\Dissertation\SSD Files\Kingston A400\TRIM Deletion\Recovered data\7515-$R83GE6F.xls,.xls,0.14,FAILED,"(-2147352567, 'Exception occurred.', (0, 'Microsoft Excel', 'Office has detected a problem with this file. To help protect your computer this file cannot be opened.', 'xlmain11.chm', 0, -2146827284), None)"
C:\Users\User\OneDrive\Documents\Uni\Dissertation\SSD Files\Kingston A400\TRIM Deletion\Recovered data\7518-$RN6RSYI.xls,.xls,0.14,OK,
C:\Users\User\OneDrive\Documents\Uni\Dissertation\SSD Files\Kingston A400\TRIM Deletion\Recovered data\7521-$RLCB7E6.xls,.xls,0.02,OK,
C:\Users\User\OneDrive\Documents\Uni\Dissertation\SSD Files\Kingston A400\TRIM Deletion\Recovered data\7524-$R0APWVE.xls,.xls,0.02,OK,
C:\Users\User\OneDrive\Documents\Uni\Dissertation\SSD Files\Kingston A400\TRIM Deletion\Recovered data\7527-$RWZ0DXK.xls,.xls,0.03,OK,
C:\Users\User\OneDrive\Documents\Uni\Dissertation\SSD Files\Kingston A400\TRIM Deletion\Recovered data\7530-$RVG3DU2.xls,.xls,0.09,OK,
C:\Users\User\OneDrive\Documents\Uni\Dissertation\SSD Files\Kingston A400\TRIM Deletion\Recovered data\7533-$RQG74QG.xls,.xls,0.31,OK,
C:\Users\User\OneDrive\Documents\Uni\Dissertation\SSD Files\Kingston A400\TRIM Deletion\Recovered data\7536-$RLXOSAZ.xls,.xls,0.03,OK,
C:\Users\User\OneDrive\Documents\Uni\Dissertation\SSD Files\Kingston A400\TRIM Deletion\Recovered data\7539-$RJ8PC1S.xls,.xls,0.12,OK,
C:\Users\User\OneDrive\Documents\Uni\Dissertation\SSD Files\Kingston A400\TRIM Deletion\Recovered data\754-$RK2R4JL.doc,.doc,0.2,OK,
C:\Users\User\OneDrive\Documents\Uni\Dissertation\SSD Files\Kingston A400\TRIM Deletion\Recovered data\7541-$RPPHIT1.xls,.xls,0.08,OK,
C:\Users\User\OneDrive\Documents\Uni\Dissertation\SSD Files\Kingston A400\TRIM Deletion\Recovered data\7544-$R0LYRFI.xls,.xls,0.08,OK,
C:\Users\User\OneDrive\Documents\Uni\Dissertation\SSD Files\Kingston A400\TRIM Deletion\Recovered data\7546-$RFZP611.xls,.xls,0.05,OK,
C:\Users\User\OneDrive\Documents\Uni\Dissertation\SSD Files\Kingston A400\TRIM Deletion\Recovered data\7548-$RJOT2O0.xls,.xls,0.03,OK,
C:\Users\User\OneDrive\Documents\Uni\Dissertation\SSD Files\Kingston A400\TRIM Deletion\Recovered data\7551-$R5QZXT5.xls,.xls,0.02,OK,
C:\Users\User\OneDrive\Documents\Uni\Dissertation\SSD Files\Kingston A400\TRIM Deletion\Recovered data\7553-$R6G3DC7.xls,.xls,0.11,OK,
C:\Users\User\OneDrive\Documents\Uni\Dissertation\SSD Files\Kingston A400\TRIM Deletion\Recovered data\7555-$RVL8KBA.xls,.xls,0.02,OK,
C:\Users\User\OneDrive\Documents\Uni\Dissertation\SSD Files\Kingston A400\TRIM Deletion\Recovered data\7557-$R0NCPJJ.xls,.xls,0.02,OK,
C:\Users\User\OneDrive\Documents\Uni\Dissertation\SSD Files\Kingston A400\TRIM Deletion\Recovered data\7559-$RBBVVZ0.xls,.xls,0.04,OK,
C:\Users\User\OneDrive\Documents\Uni\Dissertation\SSD Files\Kingston A400\TRIM Deletion\Recovered data\7562-$RIMWQE4.xls,.xls,0.08,OK,
C:\Users\User\OneDrive\Documents\Uni\Dissertation\SSD Files\Kingston A400\TRIM Deletion\Recovered data\7565-$RXS6CU7.xls,.xls,0.89,OK,
C:\Users\User\OneDrive\Documents\Uni\Dissertation\SSD Files\Kingston A400\TRIM Deletion\Recovered data\7568-$RUWB3PY.xls,.xls,0.04,OK,
C:\Users\User\OneDrive\Documents\Uni\Dissertation\SSD Files\Kingston A400\TRIM Deletion\Recovered data\757-$RRHWUUG.doc,.doc,0.19,OK,
C:\Users\User\OneDrive\Documents\Uni\Dissertation\SSD Files\Kingston A400\TRIM Deletion\Recovered data\7571-$RXQFNLO.xls,.xls,0.1,OK,
C:\Users\User\OneDrive\Documents\Uni\Dissertation\SSD Files\Kingston A400\TRIM Deletion\Recovered data\7574-$RST4SL4.xls,.xls,0.07,OK,
C:\Users\User\OneDrive\Documents\Uni\Dissertation\SSD Files\Kingston A400\TRIM Deletion\Recovered data\7577-$REMELT9.xls,.xls,0.18,OK,
C:\Users\User\OneDrive\Documents\Uni\Dissertation\SSD Files\Kingston A400\TRIM Deletion\Recovered data\7580-$RFQ644W.xls,.xls,0.03,OK,
C:\Users\User\OneDrive\Documents\Uni\Dissertation\SSD Files\Kingston A400\TRIM Deletion\Recovered data\7583-$RDCP00X.xls,.xls,0.03,OK,
C:\Users\User\OneDrive\Documents\Uni\Dissertation\SSD Files\Kingston A400\TRIM Deletion\Recovered data\7586-$R1YQ02N.xls,.xls,0.39,FAILED,"(-2147352567, 'Exception occurred.', (0, 'Microsoft Excel', 'Office has detected a problem with this file. To help protect your computer this file cannot be opened.', 'xlmain11.chm', 0, -2146827284), None)"
C:\Users\User\OneDrive\Documents\Uni\Dissertation\SSD Files\Kingston A400\TRIM Deletion\Recovered data\7589-$RK3IH8G.xls,.xls,1.11,OK,
C:\Users\User\OneDrive\Documents\Uni\Dissertation\SSD Files\Kingston A400\TRIM Deletion\Recovered data\7592-$RBPMBSS.xls,.xls,2.21,OK,
C:\Users\User\OneDrive\Documents\Uni\Dissertation\SSD Files\Kingston A400\TRIM Deletion\Recovered data\7595-$R4EXU5V.xls,.xls,38.78,FAILED,"(-2147352567, 'Exception occurred.', (0, 'Microsoft Excel', 'Open method of Workbooks class failed', 'xlmain11.chm', 0, -2146827284), None)"
C:\Users\User\OneDrive\Documents\Uni\Dissertation\SSD Files\Kingston A400\TRIM Deletion\Recovered data\7598-$RHTA4BS.xls,.xls,0.05,OK,
C:\Users\User\OneDrive\Documents\Uni\Dissertation\SSD Files\Kingston A400\TRIM Deletion\Recovered data\760-$R1EJPCU.doc,.doc,0.03,OK,
C:\Users\User\OneDrive\Documents\Uni\Dissertation\SSD Files\Kingston A400\TRIM Deletion\Recovered data\7601-$RC363VZ.xls,.xls,0.08,OK,
C:\Users\User\OneDrive\Documents\Uni\Dissertation\SSD Files\Kingston A400\TRIM Deletion\Recovered data\7604-$R6EAH5C.xls,.xls,0.2,OK,
C:\Users\User\OneDrive\Documents\Uni\Dissertation\SSD Files\Kingston A400\TRIM Deletion\Recovered data\7606-$R5AOCC3.xls,.xls,0.12,FAILED,"(-2147352567, 'Exception occurred.', (0, 'Microsoft Excel', 'Office has detected a problem with this file. To help protect your computer this file cannot be opened.', 'xlmain11.chm', 0, -2146827284), None)"
C:\Users\User\OneDrive\Documents\Uni\Dissertation\SSD Files\Kingston A400\TRIM Deletion\Recovered data\7609-$RV3ST8S.xls,.xls,12.27,OK,
C:\Users\User\OneDrive\Documents\Uni\Dissertation\SSD Files\Kingston A400\TRIM Deletion\Recovered data\7612-$RNHKMU4.xls,.xls,5.35,OK,
C:\Users\User\OneDrive\Documents\Uni\Dissertation\SSD Files\Kingston A400\TRIM Deletion\Recovered data\7614-$RC2CZSY.xls,.xls,2.93,OK,
C:\Users\User\OneDrive\Documents\Uni\Dissertation\SSD Files\Kingston A400\TRIM Deletion\Recovered data\7617-$RBJDHOU.xls,.xls,0.08,OK,
C:\Users\User\OneDrive\Documents\Uni\Dissertation\SSD Files\Kingston A400\TRIM Deletion\Recovered data\762-$R63VE5P.doc,.doc,0.1,FAILED,"(-2147352567, 'Exception occurred.', (0, 'Microsoft Word', 'Office has detected a problem with this file. To help protect your computer this file cannot be opened.\r (C:\\Users\\User\\...\\762-$R63VE5P.doc)', 'wdmain11.chm', 25775, -2146821993), None)"
C:\Users\User\OneDrive\Documents\Uni\Dissertation\SSD Files\Kingston A400\TRIM Deletion\Recovered data\7620-$RDEJIH5.xls,.xls,0.03,OK,
C:\Users\User\OneDrive\Documents\Uni\Dissertation\SSD Files\Kingston A400\TRIM Deletion\Recovered data\7623-$RGB88H3.xls,.xls,0.02,OK,
C:\Users\User\OneDrive\Documents\Uni\Dissertation\SSD Files\Kingston A400\TRIM Deletion\Recovered data\7626-$RC7JVAP.xls,.xls,0.12,OK,
C:\Users\User\OneDrive\Documents\Uni\Dissertation\SSD Files\Kingston A400\TRIM Deletion\Recovered data\7628-$RGJ8NXJ.xls,.xls,0.02,OK,
C:\Users\User\OneDrive\Documents\Uni\Dissertation\SSD Files\Kingston A400\TRIM Deletion\Recovered data\7631-$RPUR3AL.xls,.xls,0.66,OK,
C:\Users\User\OneDrive\Documents\Uni\Dissertation\SSD Files\Kingston A400\TRIM Deletion\Recovered data\7634-$R30GGH1.xls,.xls,0.03,OK,
C:\Users\User\OneDrive\Documents\Uni\Dissertation\SSD Files\Kingston A400\TRIM Deletion\Recovered data\7637-$R6JTJIT.xls,.xls,0.04,OK,
C:\Users\User\OneDrive\Documents\Uni\Dissertation\SSD Files\Kingston A400\TRIM Deletion\Recovered data\7639-$RI5CNMI.xls,.xls,0.16,OK,
C:\Users\User\OneDrive\Documents\Uni\Dissertation\SSD Files\Kingston A400\TRIM Deletion\Recovered data\764-$RVW7PE3.doc,.doc,0.23,OK,
C:\Users\User\OneDrive\Documents\Uni\Dissertation\SSD Files\Kingston A400\TRIM Deletion\Recovered data\7642-$RWJTLNU.xls,.xls,0.08,OK,
C:\Users\User\OneDrive\Documents\Uni\Dissertation\SSD Files\Kingston A400\TRIM Deletion\Recovered data\7645-$RQBK0G3.xls,.xls,0.19,OK,
C:\Users\User\OneDrive\Documents\Uni\Dissertation\SSD Files\Kingston A400\TRIM Deletion\Recovered data\7648-$RCL7LHT.xls,.xls,0.25,OK,
C:\Users\User\OneDrive\Documents\Uni\Dissertation\SSD Files\Kingston A400\TRIM Deletion\Recovered data\7651-$REEIM0E.xls,.xls,0.08,OK,
C:\Users\User\OneDrive\Documents\Uni\Dissertation\SSD Files\Kingston A400\TRIM Deletion\Recovered data\7654-$RL3RU0U.xls,.xls,0.11,OK,
C:\Users\User\OneDrive\Documents\Uni\Dissertation\SSD Files\Kingston A400\TRIM Deletion\Recovered data\7657-$RQIFJ99.xls,.xls,0.02,OK,
C:\Users\User\OneDrive\Documents\Uni\Dissertation\SSD Files\Kingston A400\TRIM Deletion\Recovered data\7660-$RF0W70B.xls,.xls,0.03,OK,
C:\Users\User\OneDrive\Documents\Uni\Dissertation\SSD Files\Kingston A400\TRIM Deletion\Recovered data\7663-$R28EC9F.xls,.xls,5.96,FAILED,"(-2147352567, 'Exception occurred.', (0, 'Microsoft Excel', 'Open method of Workbooks class failed', 'xlmain11.chm', 0, -2146827284), None)"
C:\Users\User\OneDrive\Documents\Uni\Dissertation\SSD Files\Kingston A400\TRIM Deletion\Recovered data\7666-$R2578J7.xls,.xls,0.02,OK,
C:\Users\User\OneDrive\Documents\Uni\Dissertation\SSD Files\Kingston A400\TRIM Deletion\Recovered data\7669-$RH6H5P9.xls,.xls,0.02,OK,
C:\Users\User\OneDrive\Documents\Uni\Dissertation\SSD Files\Kingston A400\TRIM Deletion\Recovered data\767-$RFSLNV6.doc,.doc,0.12,OK,
C:\Users\User\OneDrive\Documents\Uni\Dissertation\SSD Files\Kingston A400\TRIM Deletion\Recovered data\7672-$RDY520Z.xls,.xls,0.02,OK,
C:\Users\User\OneDrive\Documents\Uni\Dissertation\SSD Files\Kingston A400\TRIM Deletion\Recovered data\7675-$RI6I9N6.xls,.xls,0.1,OK,
C:\Users\User\OneDrive\Documents\Uni\Dissertation\SSD Files\Kingston A400\TRIM Deletion\Recovered data\7678-$R7FUYOZ.xls,.xls,0.02,OK,
C:\Users\User\OneDrive\Documents\Uni\Dissertation\SSD Files\Kingston A400\TRIM Deletion\Recovered data\7681-$RCSA49J.xls,.xls,0.03,OK,
C:\Users\User\OneDrive\Documents\Uni\Dissertation\SSD Files\Kingston A400\TRIM Deletion\Recovered data\7683-$RWM06ZG.xls,.xls,0.25,OK,
C:\Users\User\OneDrive\Documents\Uni\Dissertation\SSD Files\Kingston A400\TRIM Deletion\Recovered data\7686-$RH1VRMP.xls,.xls,0.23,OK,
C:\Users\User\OneDrive\Documents\Uni\Dissertation\SSD Files\Kingston A400\TRIM Deletion\Recovered data\7689-$RS467I8.xls,.xls,0.03,OK,
C:\Users\User\OneDrive\Documents\Uni\Dissertation\SSD Files\Kingston A400\TRIM Deletion\Recovered data\7692-$R38LP2W.xls,.xls,0.03,OK,
C:\Users\User\OneDrive\Documents\Uni\Dissertation\SSD Files\Kingston A400\TRIM Deletion\Recovered data\7695-$RSC8U49.xls,.xls,0.02,OK,
C:\Users\User\OneDrive\Documents\Uni\Dissertation\SSD Files\Kingston A400\TRIM Deletion\Recovered data\7698-$RVIW8XE.xls,.xls,0.02,OK,
C:\Users\User\OneDrive\Documents\Uni\Dissertation\SSD Files\Kingston A400\TRIM Deletion\Recovered data\77-$R0I7RWF.doc,.doc,0.2,OK,
C:\Users\User\OneDrive\Documents\Uni\Dissertation\SSD Files\Kingston A400\TRIM Deletion\Recovered data\770-$RH5C86Y.doc,.doc,0.14,OK,
C:\Users\User\OneDrive\Documents\Uni\Dissertation\SSD Files\Kingston A400\TRIM Deletion\Recovered data\7701-$R5DBY2L.xls,.xls,0.03,FAILED,"(-2147352567, 'Exception occurred.', (0, 'Microsoft Excel', 'Open method of Workbooks class failed', 'xlmain11.chm', 0, -2146827284), None)"
C:\Users\User\OneDrive\Documents\Uni\Dissertation\SSD Files\Kingston A400\TRIM Deletion\Recovered data\7704-$R55ILWC.xls,.xls,0.06,OK,
C:\Users\User\OneDrive\Documents\Uni\Dissertation\SSD Files\Kingston A400\TRIM Deletion\Recovered data\7707-$R4ND4QB.xls,.xls,0.24,FAILED,"(-2147352567, 'Exception occurred.', (0, 'Microsoft Excel', 'Office has detected a problem with this file. To help protect your computer this file cannot be opened.', 'xlmain11.chm', 0, -2146827284), None)"
C:\Users\User\OneDrive\Documents\Uni\Dissertation\SSD Files\Kingston A400\TRIM Deletion\Recovered data\7710-$RU7L7D6.xls,.xls,0.1,OK,
C:\Users\User\OneDrive\Documents\Uni\Dissertation\SSD Files\Kingston A400\TRIM Deletion\Recovered data\7713-$RSJXN7X.xls,.xls,0.09,OK,
C:\Users\User\OneDrive\Documents\Uni\Dissertation\SSD Files\Kingston A400\TRIM Deletion\Recovered data\7716-$RMHL2F5.xls,.xls,0.29,OK,
C:\Users\User\OneDrive\Documents\Uni\Dissertation\SSD Files\Kingston A400\TRIM Deletion\Recovered data\7719-$RTDCKN2.xls,.xls,0.03,OK,
C:\Users\User\OneDrive\Documents\Uni\Dissertation\SSD Files\Kingston A400\TRIM Deletion\Recovered data\772-$RHTLVRJ.doc,.doc,0.41,OK,
C:\Users\User\OneDrive\Documents\Uni\Dissertation\SSD Files\Kingston A400\TRIM Deletion\Recovered data\7722-$RF3UDFZ.xls,.xls,0.04,OK,
C:\Users\User\OneDrive\Documents\Uni\Dissertation\SSD Files\Kingston A400\TRIM Deletion\Recovered data\7725-$R8U6FPT.xls,.xls,0.04,OK,
C:\Users\User\OneDrive\Documents\Uni\Dissertation\SSD Files\Kingston A400\TRIM Deletion\Recovered data\7728-$RLKJCC7.xls,.xls,0.07,OK,
C:\Users\User\OneDrive\Documents\Uni\Dissertation\SSD Files\Kingston A400\TRIM Deletion\Recovered data\7731-$RX37ZA0.xls,.xls,0.03,OK,
C:\Users\User\OneDrive\Documents\Uni\Dissertation\SSD Files\Kingston A400\TRIM Deletion\Recovered data\7734-$R48G7BL.xls,.xls,0.02,OK,
C:\Users\User\OneDrive\Documents\Uni\Dissertation\SSD Files\Kingston A400\TRIM Deletion\Recovered data\7737-$R3A58H8.xls,.xls,0.02,OK,
C:\Users\User\OneDrive\Documents\Uni\Dissertation\SSD Files\Kingston A400\TRIM Deletion\Recovered data\7740-$R93W2LU.xls,.xls,0.04,OK,
C:\Users\User\OneDrive\Documents\Uni\Dissertation\SSD Files\Kingston A400\TRIM Deletion\Recovered data\7743-$RHZQNF5.xls,.xls,0.5,OK,
C:\Users\User\OneDrive\Documents\Uni\Dissertation\SSD Files\Kingston A400\TRIM Deletion\Recovered data\7746-$R8U86RB.xls,.xls,0.48,FAILED,"(-2147352567, 'Exception occurred.', (0, 'Microsoft Excel', 'Open method of Workbooks class failed', 'xlmain11.chm', 0, -2146827284), None)"
C:\Users\User\OneDrive\Documents\Uni\Dissertation\SSD Files\Kingston A400\TRIM Deletion\Recovered data\7749-$R7C33RY.xls,.xls,0.04,OK,
C:\Users\User\OneDrive\Documents\Uni\Dissertation\SSD Files\Kingston A400\TRIM Deletion\Recovered data\775-$RS3W3NY.doc,.doc,0.26,OK,
C:\Users\User\OneDrive\Documents\Uni\Dissertation\SSD Files\Kingston A400\TRIM Deletion\Recovered data\7752-$REH80S4.xls,.xls,0.08,OK,
C:\Users\User\OneDrive\Documents\Uni\Dissertation\SSD Files\Kingston A400\TRIM Deletion\Recovered data\7755-$RIJVQEY.xls,.xls,0.06,OK,
C:\Users\User\OneDrive\Documents\Uni\Dissertation\SSD Files\Kingston A400\TRIM Deletion\Recovered data\7758-$R3TE5WQ.xls,.xls,0.08,OK,
C:\Users\User\OneDrive\Documents\Uni\Dissertation\SSD Files\Kingston A400\TRIM Deletion\Recovered data\7761-$R0ZWKEZ.xls,.xls,0.11,FAILED,"(-2147352567, 'Exception occurred.', (0, 'Microsoft Excel', 'Open method of Workbooks class failed', 'xlmain11.chm', 0, -2146827284), None)"
C:\Users\User\OneDrive\Documents\Uni\Dissertation\SSD Files\Kingston A400\TRIM Deletion\Recovered data\7764-$R07TIWA.xls,.xls,0.07,OK,
C:\Users\User\OneDrive\Documents\Uni\Dissertation\SSD Files\Kingston A400\TRIM Deletion\Recovered data\7767-$RA8GJ0R.xls,.xls,0.14,FAILED,"(-2147352567, 'Exception occurred.', (0, 'Microsoft Excel', 'Office has detected a problem with this file. To help protect your computer this file cannot be opened.', 'xlmain11.chm', 0, -2146827284), None)"
C:\Users\User\OneDrive\Documents\Uni\Dissertation\SSD Files\Kingston A400\TRIM Deletion\Recovered data\7770-$RQ2CCKE.xls,.xls,0.41,OK,
C:\Users\User\OneDrive\Documents\Uni\Dissertation\SSD Files\Kingston A400\TRIM Deletion\Recovered data\7773-$R104ADW.xls,.xls,0.03,OK,
C:\Users\User\OneDrive\Documents\Uni\Dissertation\SSD Files\Kingston A400\TRIM Deletion\Recovered data\7776-$RRDCV29.xls,.xls,0.04,OK,
C:\Users\User\OneDrive\Documents\Uni\Dissertation\SSD Files\Kingston A400\TRIM Deletion\Recovered data\7779-$RD5WSBI.xls,.xls,0.02,OK,
C:\Users\User\OneDrive\Documents\Uni\Dissertation\SSD Files\Kingston A400\TRIM Deletion\Recovered data\778-$R1IBB9E.doc,.doc,0.07,OK,
C:\Users\User\OneDrive\Documents\Uni\Dissertation\SSD Files\Kingston A400\TRIM Deletion\Recovered data\7782-$RCL8FWT.xls,.xls,0.04,OK,
C:\Users\User\OneDrive\Documents\Uni\Dissertation\SSD Files\Kingston A400\TRIM Deletion\Recovered data\7785-$RAONDJ8.xls,.xls,0.04,OK,
C:\Users\User\OneDrive\Documents\Uni\Dissertation\SSD Files\Kingston A400\TRIM Deletion\Recovered data\7788-$RSW4MJR.xls,.xls,0.05,OK,
C:\Users\User\OneDrive\Documents\Uni\Dissertation\SSD Files\Kingston A400\TRIM Deletion\Recovered data\7791-$RE4HWO9.xls,.xls,0.03,OK,
C:\Users\User\OneDrive\Documents\Uni\Dissertation\SSD Files\Kingston A400\TRIM Deletion\Recovered data\7794-$RWLBZ07.xls,.xls,0.04,OK,
C:\Users\User\OneDrive\Documents\Uni\Dissertation\SSD Files\Kingston A400\TRIM Deletion\Recovered data\7797-$RZRJBX2.xls,.xls,0.11,OK,
C:\Users\User\OneDrive\Documents\Uni\Dissertation\SSD Files\Kingston A400\TRIM Deletion\Recovered data\7800-$RJNFIQH.xls,.xls,0.06,OK,
C:\Users\User\OneDrive\Documents\Uni\Dissertation\SSD Files\Kingston A400\TRIM Deletion\Recovered data\7803-$RLOY1BD.xls,.xls,0.07,OK,
C:\Users\User\OneDrive\Documents\Uni\Dissertation\SSD Files\Kingston A400\TRIM Deletion\Recovered data\7805-$RNLXGU1.xls,.xls,0.06,OK,
C:\Users\User\OneDrive\Documents\Uni\Dissertation\SSD Files\Kingston A400\TRIM Deletion\Recovered data\7807-$R3VP0QD.xls,.xls,0.09,FAILED,"(-2147352567, 'Exception occurred.', (0, 'Microsoft Excel', 'Office has detected a problem with this file. To help protect your computer this file cannot be opened.', 'xlmain11.chm', 0, -2146827284), None)"
C:\Users\User\OneDrive\Documents\Uni\Dissertation\SSD Files\Kingston A400\TRIM Deletion\Recovered data\781-$RLAHO8Q.doc,.doc,0.1,OK,
C:\Users\User\OneDrive\Documents\Uni\Dissertation\SSD Files\Kingston A400\TRIM Deletion\Recovered data\7810-$RDNR44K.xls,.xls,0.03,OK,
C:\Users\User\OneDrive\Documents\Uni\Dissertation\SSD Files\Kingston A400\TRIM Deletion\Recovered data\7813-$RVPNZJN.xls,.xls,0.17,OK,
C:\Users\User\OneDrive\Documents\Uni\Dissertation\SSD Files\Kingston A400\TRIM Deletion\Recovered data\7816-$R8IOV4E.xls,.xls,0.03,OK,
C:\Users\User\OneDrive\Documents\Uni\Dissertation\SSD Files\Kingston A400\TRIM Deletion\Recovered data\7819-$RR6GECI.xls,.xls,0.03,OK,
C:\Users\User\OneDrive\Documents\Uni\Dissertation\SSD Files\Kingston A400\TRIM Deletion\Recovered data\7822-$R5C5JW9.xls,.xls,0.02,OK,
C:\Users\User\OneDrive\Documents\Uni\Dissertation\SSD Files\Kingston A400\TRIM Deletion\Recovered data\7824-$R1CFZA1.xls,.xls,0.3,FAILED,"(-2147352567, 'Exception occurred.', (0, 'Microsoft Excel', 'Open method of Workbooks class failed', 'xlmain11.chm', 0, -2146827284), None)"
C:\Users\User\OneDrive\Documents\Uni\Dissertation\SSD Files\Kingston A400\TRIM Deletion\Recovered data\7827-$RCM7V4K.xls,.xls,0.71,OK,
C:\Users\User\OneDrive\Documents\Uni\Dissertation\SSD Files\Kingston A400\TRIM Deletion\Recovered data\7830-$R0LQFJC.xls,.xls,0.02,OK,
C:\Users\User\OneDrive\Documents\Uni\Dissertation\SSD Files\Kingston A400\TRIM Deletion\Recovered data\7833-$RER7LPW.xls,.xls,0.03,OK,
C:\Users\User\OneDrive\Documents\Uni\Dissertation\SSD Files\Kingston A400\TRIM Deletion\Recovered data\7836-$R4SC16G.xls,.xls,0.03,OK,
C:\Users\User\OneDrive\Documents\Uni\Dissertation\SSD Files\Kingston A400\TRIM Deletion\Recovered data\7839-$RIN5ZSU.xls,.xls,0.17,OK,
C:\Users\User\OneDrive\Documents\Uni\Dissertation\SSD Files\Kingston A400\TRIM Deletion\Recovered data\784-$RXAHDIZ.doc,.doc,0.1,OK,
C:\Users\User\OneDrive\Documents\Uni\Dissertation\SSD Files\Kingston A400\TRIM Deletion\Recovered data\7842-$RQZ03SW.xls,.xls,0.25,OK,
C:\Users\User\OneDrive\Documents\Uni\Dissertation\SSD Files\Kingston A400\TRIM Deletion\Recovered data\7845-$RJJXDJW.xls,.xls,0.09,OK,
C:\Users\User\OneDrive\Documents\Uni\Dissertation\SSD Files\Kingston A400\TRIM Deletion\Recovered data\7848-$RY9AK5U.xls,.xls,0.02,OK,
C:\Users\User\OneDrive\Documents\Uni\Dissertation\SSD Files\Kingston A400\TRIM Deletion\Recovered data\7851-$RDMBBLJ.xls,.xls,0.02,OK,
C:\Users\User\OneDrive\Documents\Uni\Dissertation\SSD Files\Kingston A400\TRIM Deletion\Recovered data\7854-$RYJJM8Z.xls,.xls,0.12,OK,
C:\Users\User\OneDrive\Documents\Uni\Dissertation\SSD Files\Kingston A400\TRIM Deletion\Recovered data\7856-$RTZJBW7.xls,.xls,0.56,OK,
C:\Users\User\OneDrive\Documents\Uni\Dissertation\SSD Files\Kingston A400\TRIM Deletion\Recovered data\7859-$RE0FPW8.xls,.xls,0.13,OK,
C:\Users\User\OneDrive\Documents\Uni\Dissertation\SSD Files\Kingston A400\TRIM Deletion\Recovered data\7862-$R24TLPY.xls,.xls,0.02,OK,
C:\Users\User\OneDrive\Documents\Uni\Dissertation\SSD Files\Kingston A400\TRIM Deletion\Recovered data\7865-$R11WNBB.xls,.xls,0.03,OK,
C:\Users\User\OneDrive\Documents\Uni\Dissertation\SSD Files\Kingston A400\TRIM Deletion\Recovered data\7868-$ROWH9AO.xls,.xls,0.01,OK,
C:\Users\User\OneDrive\Documents\Uni\Dissertation\SSD Files\Kingston A400\TRIM Deletion\Recovered data\787-$R7P8MY8.doc,.doc,0.07,OK,
C:\Users\User\OneDrive\Documents\Uni\Dissertation\SSD Files\Kingston A400\TRIM Deletion\Recovered data\7871-$RMEQ74Z.xls,.xls,0.02,OK,
C:\Users\User\OneDrive\Documents\Uni\Dissertation\SSD Files\Kingston A400\TRIM Deletion\Recovered data\7874-$RK31OQS.xls,.xls,0.16,OK,
C:\Users\User\OneDrive\Documents\Uni\Dissertation\SSD Files\Kingston A400\TRIM Deletion\Recovered data\7877-$RFLKB6J.xls,.xls,0.04,OK,
C:\Users\User\OneDrive\Documents\Uni\Dissertation\SSD Files\Kingston A400\TRIM Deletion\Recovered data\7880-$R02N0KC.xls,.xls,0.07,OK,
C:\Users\User\OneDrive\Documents\Uni\Dissertation\SSD Files\Kingston A400\TRIM Deletion\Recovered data\7883-$R50K1RD.xls,.xls,0.02,OK,
C:\Users\User\OneDrive\Documents\Uni\Dissertation\SSD Files\Kingston A400\TRIM Deletion\Recovered data\7886-$RY352U0.xls,.xls,0.03,OK,
C:\Users\User\OneDrive\Documents\Uni\Dissertation\SSD Files\Kingston A400\TRIM Deletion\Recovered data\7889-$R0XN37Q.xls,.xls,0.07,OK,
C:\Users\User\OneDrive\Documents\Uni\Dissertation\SSD Files\Kingston A400\TRIM Deletion\Recovered data\789-$RTD0ZBR.doc,.doc,0.05,OK,
C:\Users\User\OneDrive\Documents\Uni\Dissertation\SSD Files\Kingston A400\TRIM Deletion\Recovered data\7892-$R5KLQNE.xls,.xls,0.38,FAILED,"(-2147352567, 'Exception occurred.', (0, 'Microsoft Excel', 'Office has detected a problem with this file. To help protect your computer this file cannot be opened.', 'xlmain11.chm', 0, -2146827284), None)"
C:\Users\User\OneDrive\Documents\Uni\Dissertation\SSD Files\Kingston A400\TRIM Deletion\Recovered data\7895-$RQSB86M.xls,.xls,2.76,OK,
C:\Users\User\OneDrive\Documents\Uni\Dissertation\SSD Files\Kingston A400\TRIM Deletion\Recovered data\7898-$RTQWNPI.xls,.xls,0.03,OK,
C:\Users\User\OneDrive\Documents\Uni\Dissertation\SSD Files\Kingston A400\TRIM Deletion\Recovered data\7901-$R5M641C.xls,.xls,0.17,FAILED,"(-2147352567, 'Exception occurred.', (0, 'Microsoft Excel', 'Open method of Workbooks class failed', 'xlmain11.chm', 0, -2146827284), None)"
C:\Users\User\OneDrive\Documents\Uni\Dissertation\SSD Files\Kingston A400\TRIM Deletion\Recovered data\7904-$RRDYALM.xls,.xls,0.06,OK,
C:\Users\User\OneDrive\Documents\Uni\Dissertation\SSD Files\Kingston A400\TRIM Deletion\Recovered data\7907-$RDN25FG.xls,.xls,3.4,OK,
C:\Users\User\OneDrive\Documents\Uni\Dissertation\SSD Files\Kingston A400\TRIM Deletion\Recovered data\7910-$RJ20WGE.xls,.xls,0.05,OK,
C:\Users\User\OneDrive\Documents\Uni\Dissertation\SSD Files\Kingston A400\TRIM Deletion\Recovered data\7913-$RCKNJEZ.xls,.xls,0.09,OK,
C:\Users\User\OneDrive\Documents\Uni\Dissertation\SSD Files\Kingston A400\TRIM Deletion\Recovered data\7916-$RW5D24A.xls,.xls,0.04,OK,
C:\Users\User\OneDrive\Documents\Uni\Dissertation\SSD Files\Kingston A400\TRIM Deletion\Recovered data\7919-$R2POSYS.xls,.xls,0.15,FAILED,"(-2147352567, 'Exception occurred.', (0, 'Microsoft Excel', 'Office has detected a problem with this file. To help protect your computer this file cannot be opened.', 'xlmain11.chm', 0, -2146827284), None)"
C:\Users\User\OneDrive\Documents\Uni\Dissertation\SSD Files\Kingston A400\TRIM Deletion\Recovered data\792-$RNJTCZP.doc,.doc,0.12,OK,
C:\Users\User\OneDrive\Documents\Uni\Dissertation\SSD Files\Kingston A400\TRIM Deletion\Recovered data\7922-$R6MSEWL.xls,.xls,0.06,FAILED,"(-2147352567, 'Exception occurred.', (0, 'Microsoft Excel', 'Open method of Workbooks class failed', 'xlmain11.chm', 0, -2146827284), None)"
C:\Users\User\OneDrive\Documents\Uni\Dissertation\SSD Files\Kingston A400\TRIM Deletion\Recovered data\7925-$R6MFUR2.xls,.xls,0.06,OK,
C:\Users\User\OneDrive\Documents\Uni\Dissertation\SSD Files\Kingston A400\TRIM Deletion\Recovered data\7928-$RAZZPBI.xls,.xls,0.16,OK,
C:\Users\User\OneDrive\Documents\Uni\Dissertation\SSD Files\Kingston A400\TRIM Deletion\Recovered data\7931-$RASV98H.xls,.xls,0.02,OK,
C:\Users\User\OneDrive\Documents\Uni\Dissertation\SSD Files\Kingston A400\TRIM Deletion\Recovered data\7934-$R0VSX4T.xls,.xls,0.02,OK,
C:\Users\User\OneDrive\Documents\Uni\Dissertation\SSD Files\Kingston A400\TRIM Deletion\Recovered data\7937-$RYBMZQW.xls,.xls,3.01,OK,
C:\Users\User\OneDrive\Documents\Uni\Dissertation\SSD Files\Kingston A400\TRIM Deletion\Recovered data\794-$RAJ2VL4.doc,.doc,0.08,OK,
C:\Users\User\OneDrive\Documents\Uni\Dissertation\SSD Files\Kingston A400\TRIM Deletion\Recovered data\7940-$RLU2GLN.xls,.xls,0.03,OK,
C:\Users\User\OneDrive\Documents\Uni\Dissertation\SSD Files\Kingston A400\TRIM Deletion\Recovered data\7943-$RFYRFZ9.xls,.xls,0.09,OK,
C:\Users\User\OneDrive\Documents\Uni\Dissertation\SSD Files\Kingston A400\TRIM Deletion\Recovered data\7946-$RU0IDN4.xls,.xls,0.03,OK,
C:\Users\User\OneDrive\Documents\Uni\Dissertation\SSD Files\Kingston A400\TRIM Deletion\Recovered data\7949-$RJ8YUFO.xls,.xls,0.08,OK,
C:\Users\User\OneDrive\Documents\Uni\Dissertation\SSD Files\Kingston A400\TRIM Deletion\Recovered data\7952-$RI23WNS.xls,.xls,0.04,OK,
C:\Users\User\OneDrive\Documents\Uni\Dissertation\SSD Files\Kingston A400\TRIM Deletion\Recovered data\7955-$R14TY10.xls,.xls,0.03,OK,
C:\Users\User\OneDrive\Documents\Uni\Dissertation\SSD Files\Kingston A400\TRIM Deletion\Recovered data\7958-$R6TNPU2.xls,.xls,0.03,OK,
C:\Users\User\OneDrive\Documents\Uni\Dissertation\SSD Files\Kingston A400\TRIM Deletion\Recovered data\7961-$R8FO71B.xls,.xls,1.15,FAILED,"(-2147352567, 'Exception occurred.', (0, 'Microsoft Excel', 'Office has detected a problem with this file. To help protect your computer this file cannot be opened.', 'xlmain11.chm', 0, -2146827284), None)"
C:\Users\User\OneDrive\Documents\Uni\Dissertation\SSD Files\Kingston A400\TRIM Deletion\Recovered data\7964-$RWDQVHQ.xls,.xls,0.03,OK,
C:\Users\User\OneDrive\Documents\Uni\Dissertation\SSD Files\Kingston A400\TRIM Deletion\Recovered data\7967-$RGWY1DM.xls,.xls,0.09,OK,
C:\Users\User\OneDrive\Documents\Uni\Dissertation\SSD Files\Kingston A400\TRIM Deletion\Recovered data\797-$RP29RMS.doc,.doc,0.08,OK,
C:\Users\User\OneDrive\Documents\Uni\Dissertation\SSD Files\Kingston A400\TRIM Deletion\Recovered data\7970-$RCNFV3X.xls,.xls,0.17,OK,
C:\Users\User\OneDrive\Documents\Uni\Dissertation\SSD Files\Kingston A400\TRIM Deletion\Recovered data\7972-$RDP7ZX8.xls,.xls,0.22,OK,
C:\Users\User\OneDrive\Documents\Uni\Dissertation\SSD Files\Kingston A400\TRIM Deletion\Recovered data\7975-$RLA2EJ4.xls,.xls,0.04,OK,
C:\Users\User\OneDrive\Documents\Uni\Dissertation\SSD Files\Kingston A400\TRIM Deletion\Recovered data\7978-$R853GDW.xls,.xls,0.03,OK,
C:\Users\User\OneDrive\Documents\Uni\Dissertation\SSD Files\Kingston A400\TRIM Deletion\Recovered data\7981-$RMIH1SD.xls,.xls,0.03,OK,
C:\Users\User\OneDrive\Documents\Uni\Dissertation\SSD Files\Kingston A400\TRIM Deletion\Recovered data\7984-$R1TX82H.xls,.xls,0.16,FAILED,"(-2147352567, 'Exception occurred.', (0, 'Microsoft Excel', 'Office has detected a problem with this file. To help protect your computer this file cannot be opened.', 'xlmain11.chm', 0, -2146827284), None)"
C:\Users\User\OneDrive\Documents\Uni\Dissertation\SSD Files\Kingston A400\TRIM Deletion\Recovered data\7987-$ROO2T83.xls,.xls,0.66,OK,
C:\Users\User\OneDrive\Documents\Uni\Dissertation\SSD Files\Kingston A400\TRIM Deletion\Recovered data\7990-$R0T3QZR.xls,.xls,0.21,FAILED,"(-2147352567, 'Exception occurred.', (0, 'Microsoft Excel', 'Office has detected a problem with this file. To help protect your computer this file cannot be opened.', 'xlmain11.chm', 0, -2146827284), None)"
C:\Users\User\OneDrive\Documents\Uni\Dissertation\SSD Files\Kingston A400\TRIM Deletion\Recovered data\7992-$RJ0G9U7.xls,.xls,0.02,OK,
C:\Users\User\OneDrive\Documents\Uni\Dissertation\SSD Files\Kingston A400\TRIM Deletion\Recovered data\7995-$RT99FW3.xls,.xls,0.08,OK,
C:\Users\User\OneDrive\Documents\Uni\Dissertation\SSD Files\Kingston A400\TRIM Deletion\Recovered data\7997-$RAB5R8V.xls,.xls,0.06,OK,
C:\Users\User\OneDrive\Documents\Uni\Dissertation\SSD Files\Kingston A400\TRIM Deletion\Recovered data\80-$R86624T.doc,.doc,0.13,OK,
C:\Users\User\OneDrive\Documents\Uni\Dissertation\SSD Files\Kingston A400\TRIM Deletion\Recovered data\800-$R3FKEK1.doc,.doc,0.06,OK,
C:\Users\User\OneDrive\Documents\Uni\Dissertation\SSD Files\Kingston A400\TRIM Deletion\Recovered data\8000-$RQT9QO7.xls,.xls,0.05,OK,
C:\Users\User\OneDrive\Documents\Uni\Dissertation\SSD Files\Kingston A400\TRIM Deletion\Recovered data\8003-$RRK7EG5.xls,.xls,0.1,OK,
C:\Users\User\OneDrive\Documents\Uni\Dissertation\SSD Files\Kingston A400\TRIM Deletion\Recovered data\8006-$RYEBXMH.xls,.xls,0.02,OK,
C:\Users\User\OneDrive\Documents\Uni\Dissertation\SSD Files\Kingston A400\TRIM Deletion\Recovered data\8009-$RECANSG.xls,.xls,0.08,OK,
C:\Users\User\OneDrive\Documents\Uni\Dissertation\SSD Files\Kingston A400\TRIM Deletion\Recovered data\8012-$R0WOWOA.xls,.xls,0.02,OK,
C:\Users\User\OneDrive\Documents\Uni\Dissertation\SSD Files\Kingston A400\TRIM Deletion\Recovered data\8015-$RQGO5NN.xls,.xls,0.17,OK,
C:\Users\User\OneDrive\Documents\Uni\Dissertation\SSD Files\Kingston A400\TRIM Deletion\Recovered data\8018-$R7TE4VJ.xls,.xls,0.03,OK,
C:\Users\User\OneDrive\Documents\Uni\Dissertation\SSD Files\Kingston A400\TRIM Deletion\Recovered data\8021-$RKIIV59.xls,.xls,0.09,OK,
C:\Users\User\OneDrive\Documents\Uni\Dissertation\SSD Files\Kingston A400\TRIM Deletion\Recovered data\8024-$RRDDJAQ.xls,.xls,0.14,OK,
C:\Users\User\OneDrive\Documents\Uni\Dissertation\SSD Files\Kingston A400\TRIM Deletion\Recovered data\8027-$R80YZS9.xls,.xls,0.1,FAILED,"(-2147352567, 'Exception occurred.', (0, 'Microsoft Excel', 'Office has detected a problem with this file. To help protect your computer this file cannot be opened.', 'xlmain11.chm', 0, -2146827284), None)"
C:\Users\User\OneDrive\Documents\Uni\Dissertation\SSD Files\Kingston A400\TRIM Deletion\Recovered data\8029-$RNPCGTG.xls,.xls,0.07,OK,
C:\Users\User\OneDrive\Documents\Uni\Dissertation\SSD Files\Kingston A400\TRIM Deletion\Recovered data\803-$R1VM3V2.doc,.doc,0.22,FAILED,"(-2147352567, 'Exception occurred.', (0, 'Microsoft Word', 'Office has detected a problem with this file. To help protect your computer this file cannot be opened.\r (C:\\Users\\User\\...\\803-$R1VM3V2.doc)', 'wdmain11.chm', 25775, -2146821993), None)"
C:\Users\User\OneDrive\Documents\Uni\Dissertation\SSD Files\Kingston A400\TRIM Deletion\Recovered data\8032-$R7R8MWW.xls,.xls,0.03,OK,
C:\Users\User\OneDrive\Documents\Uni\Dissertation\SSD Files\Kingston A400\TRIM Deletion\Recovered data\8035-$RNSCDVD.xls,.xls,0.05,OK,
C:\Users\User\OneDrive\Documents\Uni\Dissertation\SSD Files\Kingston A400\TRIM Deletion\Recovered data\8038-$RH7DV40.xls,.xls,0.12,OK,
C:\Users\User\OneDrive\Documents\Uni\Dissertation\SSD Files\Kingston A400\TRIM Deletion\Recovered data\8041-$RMLGJRS.xls,.xls,0.06,OK,
C:\Users\User\OneDrive\Documents\Uni\Dissertation\SSD Files\Kingston A400\TRIM Deletion\Recovered data\8044-$RLBCLNH.xls,.xls,0.02,OK,
C:\Users\User\OneDrive\Documents\Uni\Dissertation\SSD Files\Kingston A400\TRIM Deletion\Recovered data\8047-$RA67IV9.xls,.xls,0.05,OK,
C:\Users\User\OneDrive\Documents\Uni\Dissertation\SSD Files\Kingston A400\TRIM Deletion\Recovered data\8049-$R3H3IPP.xls,.xls,3.64,FAILED,"(-2147352567, 'Exception occurred.', (0, 'Microsoft Excel', 'Open method of Workbooks class failed', 'xlmain11.chm', 0, -2146827284), None)"
C:\Users\User\OneDrive\Documents\Uni\Dissertation\SSD Files\Kingston A400\TRIM Deletion\Recovered data\8052-$RGAJBA8.xls,.xls,3.77,OK,
C:\Users\User\OneDrive\Documents\Uni\Dissertation\SSD Files\Kingston A400\TRIM Deletion\Recovered data\8055-$RRN9DWW.xls,.xls,0.04,OK,
C:\Users\User\OneDrive\Documents\Uni\Dissertation\SSD Files\Kingston A400\TRIM Deletion\Recovered data\8058-$RN6GBL1.xls,.xls,0.08,OK,
C:\Users\User\OneDrive\Documents\Uni\Dissertation\SSD Files\Kingston A400\TRIM Deletion\Recovered data\806-$RZ9NZWN.doc,.doc,0.05,OK,
C:\Users\User\OneDrive\Documents\Uni\Dissertation\SSD Files\Kingston A400\TRIM Deletion\Recovered data\8061-$RK54MXQ.xls,.xls,0.02,OK,
C:\Users\User\OneDrive\Documents\Uni\Dissertation\SSD Files\Kingston A400\TRIM Deletion\Recovered data\8064-$R4JIYM1.xls,.xls,0.13,FAILED,"(-2147352567, 'Exception occurred.', (0, 'Microsoft Excel', 'Office has detected a problem with this file. To help protect your computer this file cannot be opened.', 'xlmain11.chm', 0, -2146827284), None)"
C:\Users\User\OneDrive\Documents\Uni\Dissertation\SSD Files\Kingston A400\TRIM Deletion\Recovered data\8067-$RXIMRPC.xls,.xls,0.16,OK,
C:\Users\User\OneDrive\Documents\Uni\Dissertation\SSD Files\Kingston A400\TRIM Deletion\Recovered data\8070-$RSBTGVK.xls,.xls,4.25,OK,
C:\Users\User\OneDrive\Documents\Uni\Dissertation\SSD Files\Kingston A400\TRIM Deletion\Recovered data\8073-$RBMPWUV.xls,.xls,4.52,OK,
C:\Users\User\OneDrive\Documents\Uni\Dissertation\SSD Files\Kingston A400\TRIM Deletion\Recovered data\8076-$RLGRLPB.xls,.xls,0.17,OK,
C:\Users\User\OneDrive\Documents\Uni\Dissertation\SSD Files\Kingston A400\TRIM Deletion\Recovered data\8079-$RC17MGG.xls,.xls,0.33,OK,
C:\Users\User\OneDrive\Documents\Uni\Dissertation\SSD Files\Kingston A400\TRIM Deletion\Recovered data\8082-$R5NF3Z2.xls,.xls,8.69,FAILED,"(-2147352567, 'Exception occurred.', (0, 'Microsoft Excel', 'Open method of Workbooks class failed', 'xlmain11.chm', 0, -2146827284), None)"
C:\Users\User\OneDrive\Documents\Uni\Dissertation\SSD Files\Kingston A400\TRIM Deletion\Recovered data\8085-$RMOS8CC.xls,.xls,4.95,OK,
C:\Users\User\OneDrive\Documents\Uni\Dissertation\SSD Files\Kingston A400\TRIM Deletion\Recovered data\8088-$RDEPN3Z.xls,.xls,0.2,OK,
C:\Users\User\OneDrive\Documents\Uni\Dissertation\SSD Files\Kingston A400\TRIM Deletion\Recovered data\809-$RSSCKUQ.doc,.doc,1.41,OK,
C:\Users\User\OneDrive\Documents\Uni\Dissertation\SSD Files\Kingston A400\TRIM Deletion\Recovered data\8091-$RW71CLF.xls,.xls,0.21,OK,
C:\Users\User\OneDrive\Documents\Uni\Dissertation\SSD Files\Kingston A400\TRIM Deletion\Recovered data\8094-$RL51HBQ.xls,.xls,0.03,OK,
C:\Users\User\OneDrive\Documents\Uni\Dissertation\SSD Files\Kingston A400\TRIM Deletion\Recovered data\8097-$R2ZHSEN.xls,.xls,0.36,FAILED,"(-2147352567, 'Exception occurred.', (0, 'Microsoft Excel', 'Office has detected a problem with this file. To help protect your computer this file cannot be opened.', 'xlmain11.chm', 0, -2146827284), None)"
C:\Users\User\OneDrive\Documents\Uni\Dissertation\SSD Files\Kingston A400\TRIM Deletion\Recovered data\8100-$R89Y70I.xls,.xls,0.39,FAILED,"(-2147352567, 'Exception occurred.', (0, 'Microsoft Excel', 'Office has detected a problem with this file. To help protect your computer this file cannot be opened.', 'xlmain11.chm', 0, -2146827284), None)"
C:\Users\User\OneDrive\Documents\Uni\Dissertation\SSD Files\Kingston A400\TRIM Deletion\Recovered data\8103-$RACVY0G.xls,.xls,0.96,FAILED,"(-2147352567, 'Exception occurred.', (0, 'Microsoft Excel', 'Open method of Workbooks class failed', 'xlmain11.chm', 0, -2146827284), None)"
C:\Users\User\OneDrive\Documents\Uni\Dissertation\SSD Files\Kingston A400\TRIM Deletion\Recovered data\8106-$RDYN8OO.xls,.xls,0.45,OK,
C:\Users\User\OneDrive\Documents\Uni\Dissertation\SSD Files\Kingston A400\TRIM Deletion\Recovered data\8109-$R6P3SJ7.xls,.xls,0.03,OK,
C:\Users\User\OneDrive\Documents\Uni\Dissertation\SSD Files\Kingston A400\TRIM Deletion\Recovered data\8112-$RDUVIO1.xls,.xls,0.18,OK,
C:\Users\User\OneDrive\Documents\Uni\Dissertation\SSD Files\Kingston A400\TRIM Deletion\Recovered data\8115-$RKWPRY0.xls,.xls,0.14,OK,
C:\Users\User\OneDrive\Documents\Uni\Dissertation\SSD Files\Kingston A400\TRIM Deletion\Recovered data\8118-$RU0L69Q.xls,.xls,1.54,OK,
C:\Users\User\OneDrive\Documents\Uni\Dissertation\SSD Files\Kingston A400\TRIM Deletion\Recovered data\812-$RFLPBCL.doc,.doc,0.29,OK,
C:\Users\User\OneDrive\Documents\Uni\Dissertation\SSD Files\Kingston A400\TRIM Deletion\Recovered data\8121-$RI271UL.xls,.xls,0.02,OK,
C:\Users\User\OneDrive\Documents\Uni\Dissertation\SSD Files\Kingston A400\TRIM Deletion\Recovered data\8123-$RL4CL03.xls,.xls,0.07,OK,
C:\Users\User\OneDrive\Documents\Uni\Dissertation\SSD Files\Kingston A400\TRIM Deletion\Recovered data\8126-$R15HOUN.xls,.xls,0.1,OK,
C:\Users\User\OneDrive\Documents\Uni\Dissertation\SSD Files\Kingston A400\TRIM Deletion\Recovered data\8129-$R1T2UJ0.xls,.xls,0.1,FAILED,"(-2147352567, 'Exception occurred.', (0, 'Microsoft Excel', 'Office has detected a problem with this file. To help protect your computer this file cannot be opened.', 'xlmain11.chm', 0, -2146827284), None)"
C:\Users\User\OneDrive\Documents\Uni\Dissertation\SSD Files\Kingston A400\TRIM Deletion\Recovered data\8132-$R7JC8UF.xls,.xls,0.04,OK,
C:\Users\User\OneDrive\Documents\Uni\Dissertation\SSD Files\Kingston A400\TRIM Deletion\Recovered data\8135-$R4L5SA0.xls,.xls,0.11,FAILED,"(-2147352567, 'Exception occurred.', (0, 'Microsoft Excel', 'Office has detected a problem with this file. To help protect your computer this file cannot be opened.', 'xlmain11.chm', 0, -2146827284), None)"
C:\Users\User\OneDrive\Documents\Uni\Dissertation\SSD Files\Kingston A400\TRIM Deletion\Recovered data\8138-$R2DLQEI.xls,.xls,0.02,OK,
C:\Users\User\OneDrive\Documents\Uni\Dissertation\SSD Files\Kingston A400\TRIM Deletion\Recovered data\8141-$RC49UKX.xls,.xls,0.04,OK,
C:\Users\User\OneDrive\Documents\Uni\Dissertation\SSD Files\Kingston A400\TRIM Deletion\Recovered data\8144-$RX8RQAK.xls,.xls,0.06,OK,
C:\Users\User\OneDrive\Documents\Uni\Dissertation\SSD Files\Kingston A400\TRIM Deletion\Recovered data\8146-$RY2KRKB.xls,.xls,0.06,OK,
C:\Users\User\OneDrive\Documents\Uni\Dissertation\SSD Files\Kingston A400\TRIM Deletion\Recovered data\8149-$RDUZ37V.xls,.xls,0.03,OK,
C:\Users\User\OneDrive\Documents\Uni\Dissertation\SSD Files\Kingston A400\TRIM Deletion\Recovered data\815-$RAIMDKF.doc,.doc,0.02,OK,
C:\Users\User\OneDrive\Documents\Uni\Dissertation\SSD Files\Kingston A400\TRIM Deletion\Recovered data\8152-$RT8QD6B.xls,.xls,0.08,OK,
C:\Users\User\OneDrive\Documents\Uni\Dissertation\SSD Files\Kingston A400\TRIM Deletion\Recovered data\8155-$R5BYA4K.xls,.xls,0.05,OK,
C:\Users\User\OneDrive\Documents\Uni\Dissertation\SSD Files\Kingston A400\TRIM Deletion\Recovered data\8157-$R8Z9R40.xls,.xls,0.04,OK,
C:\Users\User\OneDrive\Documents\Uni\Dissertation\SSD Files\Kingston A400\TRIM Deletion\Recovered data\8160-$R50QGMA.xls,.xls,0.04,OK,
C:\Users\User\OneDrive\Documents\Uni\Dissertation\SSD Files\Kingston A400\TRIM Deletion\Recovered data\8163-$R1VN8J9.xls,.xls,0.2,FAILED,"(-2147352567, 'Exception occurred.', (0, 'Microsoft Excel', 'Office has detected a problem with this file. To help protect your computer this file cannot be opened.', 'xlmain11.chm', 0, -2146827284), None)"
C:\Users\User\OneDrive\Documents\Uni\Dissertation\SSD Files\Kingston A400\TRIM Deletion\Recovered data\8166-$R8HCEKU.xls,.xls,0.07,FAILED,"(-2147352567, 'Exception occurred.', (0, 'Microsoft Excel', 'Open method of Workbooks class failed', 'xlmain11.chm', 0, -2146827284), None)"
C:\Users\User\OneDrive\Documents\Uni\Dissertation\SSD Files\Kingston A400\TRIM Deletion\Recovered data\8169-$RKXVA59.xls,.xls,0.03,OK,
C:\Users\User\OneDrive\Documents\Uni\Dissertation\SSD Files\Kingston A400\TRIM Deletion\Recovered data\8172-$RGS8377.xls,.xls,0.73,OK,
C:\Users\User\OneDrive\Documents\Uni\Dissertation\SSD Files\Kingston A400\TRIM Deletion\Recovered data\8174-$RH2SZD4.xls,.xls,0.09,OK,
C:\Users\User\OneDrive\Documents\Uni\Dissertation\SSD Files\Kingston A400\TRIM Deletion\Recovered data\8176-$R8EJ06D.xls,.xls,0.03,OK,
C:\Users\User\OneDrive\Documents\Uni\Dissertation\SSD Files\Kingston A400\TRIM Deletion\Recovered data\8179-$R3T1STT.xls,.xls,0.59,FAILED,"(-2147352567, 'Exception occurred.', (0, 'Microsoft Excel', 'Office has detected a problem with this file. To help protect your computer this file cannot be opened.', 'xlmain11.chm', 0, -2146827284), None)"
C:\Users\User\OneDrive\Documents\Uni\Dissertation\SSD Files\Kingston A400\TRIM Deletion\Recovered data\818-$RCJJ80E.doc,.doc,0.17,OK,
C:\Users\User\OneDrive\Documents\Uni\Dissertation\SSD Files\Kingston A400\TRIM Deletion\Recovered data\8182-$RJBD575.xls,.xls,0.09,OK,
C:\Users\User\OneDrive\Documents\Uni\Dissertation\SSD Files\Kingston A400\TRIM Deletion\Recovered data\8184-$R0II4WS.xls,.xls,0.1,OK,
C:\Users\User\OneDrive\Documents\Uni\Dissertation\SSD Files\Kingston A400\TRIM Deletion\Recovered data\8187-$RVZBR89.xls,.xls,1.9,OK,
C:\Users\User\OneDrive\Documents\Uni\Dissertation\SSD Files\Kingston A400\TRIM Deletion\Recovered data\8190-$RRR6T8J.xls,.xls,0.05,OK,
C:\Users\User\OneDrive\Documents\Uni\Dissertation\SSD Files\Kingston A400\TRIM Deletion\Recovered data\8193-$RSSOWXX.xls,.xls,0.19,OK,
C:\Users\User\OneDrive\Documents\Uni\Dissertation\SSD Files\Kingston A400\TRIM Deletion\Recovered data\8196-$R40N9LQ.xls,.xls,0.81,FAILED,"(-2147352567, 'Exception occurred.', (0, 'Microsoft Excel', 'Open method of Workbooks class failed', 'xlmain11.chm', 0, -2146827284), None)"
C:\Users\User\OneDrive\Documents\Uni\Dissertation\SSD Files\Kingston A400\TRIM Deletion\Recovered data\8199-$R0IFE7M.xls,.xls,0.09,OK,
C:\Users\User\OneDrive\Documents\Uni\Dissertation\SSD Files\Kingston A400\TRIM Deletion\Recovered data\8201-$R6JG88L.xls,.xls,0.05,OK,
C:\Users\User\OneDrive\Documents\Uni\Dissertation\SSD Files\Kingston A400\TRIM Deletion\Recovered data\8204-$RSJLZ6T.xls,.xls,0.12,OK,
C:\Users\User\OneDrive\Documents\Uni\Dissertation\SSD Files\Kingston A400\TRIM Deletion\Recovered data\8207-$RFK9OPK.xls,.xls,8.57,OK,
C:\Users\User\OneDrive\Documents\Uni\Dissertation\SSD Files\Kingston A400\TRIM Deletion\Recovered data\821-$R0J7OIM.doc,.doc,0.05,OK,
C:\Users\User\OneDrive\Documents\Uni\Dissertation\SSD Files\Kingston A400\TRIM Deletion\Recovered data\8210-$RLT6Z5F.xls,.xls,0.05,OK,
C:\Users\User\OneDrive\Documents\Uni\Dissertation\SSD Files\Kingston A400\TRIM Deletion\Recovered data\8213-$RHAHU5L.xls,.xls,0.36,OK,
C:\Users\User\OneDrive\Documents\Uni\Dissertation\SSD Files\Kingston A400\TRIM Deletion\Recovered data\8216-$RYP9W5P.xls,.xls,0.04,OK,
C:\Users\User\OneDrive\Documents\Uni\Dissertation\SSD Files\Kingston A400\TRIM Deletion\Recovered data\8219-$RIBYDXD.xls,.xls,0.05,OK,
C:\Users\User\OneDrive\Documents\Uni\Dissertation\SSD Files\Kingston A400\TRIM Deletion\Recovered data\8222-$R0Y2RRX.xls,.xls,1.01,FAILED,"(-2147352567, 'Exception occurred.', (0, 'Microsoft Excel', 'Open method of Workbooks class failed', 'xlmain11.chm', 0, -2146827284), None)"
C:\Users\User\OneDrive\Documents\Uni\Dissertation\SSD Files\Kingston A400\TRIM Deletion\Recovered data\8225-$RJHLRF8.xls,.xls,0.19,OK,
C:\Users\User\OneDrive\Documents\Uni\Dissertation\SSD Files\Kingston A400\TRIM Deletion\Recovered data\8228-$RHTI9V3.xls,.xls,0.04,OK,
C:\Users\User\OneDrive\Documents\Uni\Dissertation\SSD Files\Kingston A400\TRIM Deletion\Recovered data\8231-$R78G1VG.xls,.xls,0.04,OK,
C:\Users\User\OneDrive\Documents\Uni\Dissertation\SSD Files\Kingston A400\TRIM Deletion\Recovered data\8234-$ROLDKEA.xls,.xls,0.45,OK,
C:\Users\User\OneDrive\Documents\Uni\Dissertation\SSD Files\Kingston A400\TRIM Deletion\Recovered data\8237-$RD92DBW.xls,.xls,0.02,OK,
C:\Users\User\OneDrive\Documents\Uni\Dissertation\SSD Files\Kingston A400\TRIM Deletion\Recovered data\824-$RHECRQ8.doc,.doc,0.08,OK,
C:\Users\User\OneDrive\Documents\Uni\Dissertation\SSD Files\Kingston A400\TRIM Deletion\Recovered data\8240-$R1NV1WW.xls,.xls,0.25,FAILED,"(-2147352567, 'Exception occurred.', (0, 'Microsoft Excel', 'Open method of Workbooks class failed', 'xlmain11.chm', 0, -2146827284), None)"
C:\Users\User\OneDrive\Documents\Uni\Dissertation\SSD Files\Kingston A400\TRIM Deletion\Recovered data\8243-$R21LJQA.xls,.xls,0.32,OK,
C:\Users\User\OneDrive\Documents\Uni\Dissertation\SSD Files\Kingston A400\TRIM Deletion\Recovered data\8245-$R7KPS0C.xls,.xls,0.03,OK,
C:\Users\User\OneDrive\Documents\Uni\Dissertation\SSD Files\Kingston A400\TRIM Deletion\Recovered data\8247-$RBR1F49.xls,.xls,0.04,OK,
C:\Users\User\OneDrive\Documents\Uni\Dissertation\SSD Files\Kingston A400\TRIM Deletion\Recovered data\8250-$RFIRX0Q.xls,.xls,0.47,OK,
C:\Users\User\OneDrive\Documents\Uni\Dissertation\SSD Files\Kingston A400\TRIM Deletion\Recovered data\8253-$RJ5HZLB.xls,.xls,1.14,OK,
C:\Users\User\OneDrive\Documents\Uni\Dissertation\SSD Files\Kingston A400\TRIM Deletion\Recovered data\8256-$RHB0JBS.xls,.xls,9.31,OK,
C:\Users\User\OneDrive\Documents\Uni\Dissertation\SSD Files\Kingston A400\TRIM Deletion\Recovered data\8259-$RCGP55Z.xls,.xls,0.05,OK,
C:\Users\User\OneDrive\Documents\Uni\Dissertation\SSD Files\Kingston A400\TRIM Deletion\Recovered data\8262-$RIKB6CO.xls,.xls,0.04,OK,
C:\Users\User\OneDrive\Documents\Uni\Dissertation\SSD Files\Kingston A400\TRIM Deletion\Recovered data\8265-$RC9DWMH.xls,.xls,2.36,OK,
C:\Users\User\OneDrive\Documents\Uni\Dissertation\SSD Files\Kingston A400\TRIM Deletion\Recovered data\8268-$RSLK2LR.xls,.xls,0.02,OK,
C:\Users\User\OneDrive\Documents\Uni\Dissertation\SSD Files\Kingston A400\TRIM Deletion\Recovered data\827-$R3GT7H5.doc,.doc,0.09,FAILED,"(-2147352567, 'Exception occurred.', (0, 'Microsoft Word', 'Office has detected a problem with this file. To help protect your computer this file cannot be opened.\r (C:\\Users\\User\\...\\827-$R3GT7H5.doc)', 'wdmain11.chm', 25775, -2146821993), None)"
C:\Users\User\OneDrive\Documents\Uni\Dissertation\SSD Files\Kingston A400\TRIM Deletion\Recovered data\8271-$RJ66H87.xls,.xls,0.28,OK,
C:\Users\User\OneDrive\Documents\Uni\Dissertation\SSD Files\Kingston A400\TRIM Deletion\Recovered data\8273-$RRJA5JU.xls,.xls,0.64,OK,
C:\Users\User\OneDrive\Documents\Uni\Dissertation\SSD Files\Kingston A400\TRIM Deletion\Recovered data\8276-$R6BALLD.xls,.xls,0.02,OK,
C:\Users\User\OneDrive\Documents\Uni\Dissertation\SSD Files\Kingston A400\TRIM Deletion\Recovered data\8279-$R6HPZIS.xls,.xls,0.17,FAILED,"(-2147352567, 'Exception occurred.', (0, 'Microsoft Excel', 'Office has detected a problem with this file. To help protect your computer this file cannot be opened.', 'xlmain11.chm', 0, -2146827284), None)"
C:\Users\User\OneDrive\Documents\Uni\Dissertation\SSD Files\Kingston A400\TRIM Deletion\Recovered data\8282-$RTE5020.xls,.xls,0.2,OK,
C:\Users\User\OneDrive\Documents\Uni\Dissertation\SSD Files\Kingston A400\TRIM Deletion\Recovered data\8285-$RYCSIUV.xls,.xls,2.23,OK,
C:\Users\User\OneDrive\Documents\Uni\Dissertation\SSD Files\Kingston A400\TRIM Deletion\Recovered data\8288-$RUKDMFK.xls,.xls,0.02,OK,
C:\Users\User\OneDrive\Documents\Uni\Dissertation\SSD Files\Kingston A400\TRIM Deletion\Recovered data\8290-$RLC2TSW.xls,.xls,0.08,OK,
C:\Users\User\OneDrive\Documents\Uni\Dissertation\SSD Files\Kingston A400\TRIM Deletion\Recovered data\8293-$RWBCATZ.xls,.xls,2.32,OK,
C:\Users\User\OneDrive\Documents\Uni\Dissertation\SSD Files\Kingston A400\TRIM Deletion\Recovered data\8296-$RG37DDF.xls,.xls,0.04,OK,
C:\Users\User\OneDrive\Documents\Uni\Dissertation\SSD Files\Kingston A400\TRIM Deletion\Recovered data\8299-$RSGF0MZ.xls,.xls,0.05,OK,
C:\Users\User\OneDrive\Documents\Uni\Dissertation\SSD Files\Kingston A400\TRIM Deletion\Recovered data\83-$RMXJVJV.doc,.doc,0.04,OK,
C:\Users\User\OneDrive\Documents\Uni\Dissertation\SSD Files\Kingston A400\TRIM Deletion\Recovered data\830-$R1NSEIY.doc,.doc,0.49,FAILED,"(-2147352567, 'Exception occurred.', (0, 'Microsoft Word', 'Office has detected a problem with this file. To help protect your computer this file cannot be opened.\r (C:\\Users\\User\\...\\830-$R1NSEIY.doc)', 'wdmain11.chm', 25775, -2146821993), None)"
C:\Users\User\OneDrive\Documents\Uni\Dissertation\SSD Files\Kingston A400\TRIM Deletion\Recovered data\8302-$RKIJMS4.xls,.xls,0.04,OK,
C:\Users\User\OneDrive\Documents\Uni\Dissertation\SSD Files\Kingston A400\TRIM Deletion\Recovered data\8305-$RSD7SC1.xls,.xls,0.01,OK,
C:\Users\User\OneDrive\Documents\Uni\Dissertation\SSD Files\Kingston A400\TRIM Deletion\Recovered data\8308-$R3BK5CK.xls,.xls,0.02,OK,
C:\Users\User\OneDrive\Documents\Uni\Dissertation\SSD Files\Kingston A400\TRIM Deletion\Recovered data\8311-$RZLTXLB.xls,.xls,0.03,OK,
C:\Users\User\OneDrive\Documents\Uni\Dissertation\SSD Files\Kingston A400\TRIM Deletion\Recovered data\8314-$RULZ1Y3.xls,.xls,0.09,OK,
C:\Users\User\OneDrive\Documents\Uni\Dissertation\SSD Files\Kingston A400\TRIM Deletion\Recovered data\8317-$RFGM7PU.xls,.xls,0.08,OK,
C:\Users\User\OneDrive\Documents\Uni\Dissertation\SSD Files\Kingston A400\TRIM Deletion\Recovered data\8320-$RIZ7OOC.xls,.xls,0.02,OK,
C:\Users\User\OneDrive\Documents\Uni\Dissertation\SSD Files\Kingston A400\TRIM Deletion\Recovered data\8323-$RZIG0TY.xls,.xls,0.12,OK,
C:\Users\User\OneDrive\Documents\Uni\Dissertation\SSD Files\Kingston A400\TRIM Deletion\Recovered data\8326-$R0UX3V2.xls,.xls,0.03,OK,
C:\Users\User\OneDrive\Documents\Uni\Dissertation\SSD Files\Kingston A400\TRIM Deletion\Recovered data\8329-$RKM8U10.xls,.xls,0.03,OK,
C:\Users\User\OneDrive\Documents\Uni\Dissertation\SSD Files\Kingston A400\TRIM Deletion\Recovered data\833-$RHLH71Y.doc,.doc,0.36,OK,
C:\Users\User\OneDrive\Documents\Uni\Dissertation\SSD Files\Kingston A400\TRIM Deletion\Recovered data\8332-$RY9HE1J.xls,.xls,6.34,OK,
C:\Users\User\OneDrive\Documents\Uni\Dissertation\SSD Files\Kingston A400\TRIM Deletion\Recovered data\8335-$RXWI8F7.xls,.xls,0.04,OK,
C:\Users\User\OneDrive\Documents\Uni\Dissertation\SSD Files\Kingston A400\TRIM Deletion\Recovered data\8338-$RF2XTNY.xls,.xls,0.36,OK,
C:\Users\User\OneDrive\Documents\Uni\Dissertation\SSD Files\Kingston A400\TRIM Deletion\Recovered data\8341-$REC2BHC.xls,.xls,0.07,OK,
C:\Users\User\OneDrive\Documents\Uni\Dissertation\SSD Files\Kingston A400\TRIM Deletion\Recovered data\8344-$ROAMLF0.xls,.xls,0.05,OK,
C:\Users\User\OneDrive\Documents\Uni\Dissertation\SSD Files\Kingston A400\TRIM Deletion\Recovered data\8347-$RVM9DQI.xls,.xls,0.04,OK,
C:\Users\User\OneDrive\Documents\Uni\Dissertation\SSD Files\Kingston A400\TRIM Deletion\Recovered data\8350-$RSRVRTQ.xls,.xls,0.01,OK,
C:\Users\User\OneDrive\Documents\Uni\Dissertation\SSD Files\Kingston A400\TRIM Deletion\Recovered data\8352-$R39AMKT.xls,.xls,0.03,OK,
C:\Users\User\OneDrive\Documents\Uni\Dissertation\SSD Files\Kingston A400\TRIM Deletion\Recovered data\8355-$RAIU2I1.xls,.xls,0.03,OK,
C:\Users\User\OneDrive\Documents\Uni\Dissertation\SSD Files\Kingston A400\TRIM Deletion\Recovered data\8358-$RJ6ZVWZ.xls,.xls,0.19,OK,
C:\Users\User\OneDrive\Documents\Uni\Dissertation\SSD Files\Kingston A400\TRIM Deletion\Recovered data\836-$RJRBL6N.doc,.doc,0.36,OK,
C:\Users\User\OneDrive\Documents\Uni\Dissertation\SSD Files\Kingston A400\TRIM Deletion\Recovered data\8361-$R8DPV1U.xls,.xls,0.12,FAILED,"(-2147352567, 'Exception occurred.', (0, 'Microsoft Excel', 'Open method of Workbooks class failed', 'xlmain11.chm', 0, -2146827284), None)"
C:\Users\User\OneDrive\Documents\Uni\Dissertation\SSD Files\Kingston A400\TRIM Deletion\Recovered data\8364-$RA4MVYS.xls,.xls,0.02,OK,
C:\Users\User\OneDrive\Documents\Uni\Dissertation\SSD Files\Kingston A400\TRIM Deletion\Recovered data\8367-$RWPD581.xls,.xls,0.05,OK,
C:\Users\User\OneDrive\Documents\Uni\Dissertation\SSD Files\Kingston A400\TRIM Deletion\Recovered data\8370-$RDBO786.xls,.xls,0.12,OK,
C:\Users\User\OneDrive\Documents\Uni\Dissertation\SSD Files\Kingston A400\TRIM Deletion\Recovered data\8373-$R5GJAZN.xls,.xls,0.12,FAILED,"(-2147352567, 'Exception occurred.', (0, 'Microsoft Excel', 'Office has detected a problem with this file. To help protect your computer this file cannot be opened.', 'xlmain11.chm', 0, -2146827284), None)"
C:\Users\User\OneDrive\Documents\Uni\Dissertation\SSD Files\Kingston A400\TRIM Deletion\Recovered data\8376-$R2OIB11.xls,.xls,0.04,OK,
C:\Users\User\OneDrive\Documents\Uni\Dissertation\SSD Files\Kingston A400\TRIM Deletion\Recovered data\8379-$RNEYNAT.xls,.xls,0.07,OK,
C:\Users\User\OneDrive\Documents\Uni\Dissertation\SSD Files\Kingston A400\TRIM Deletion\Recovered data\8382-$RDA2ULM.xls,.xls,0.04,OK,
C:\Users\User\OneDrive\Documents\Uni\Dissertation\SSD Files\Kingston A400\TRIM Deletion\Recovered data\8385-$ROLDEGC.xls,.xls,0.02,OK,
C:\Users\User\OneDrive\Documents\Uni\Dissertation\SSD Files\Kingston A400\TRIM Deletion\Recovered data\8388-$R15F9Q4.xls,.xls,8.01,FAILED,"(-2147352567, 'Exception occurred.', (0, 'Microsoft Excel', 'Open method of Workbooks class failed', 'xlmain11.chm', 0, -2146827284), None)"
C:\Users\User\OneDrive\Documents\Uni\Dissertation\SSD Files\Kingston A400\TRIM Deletion\Recovered data\839-$RXJSWBV.doc,.doc,0.37,OK,
C:\Users\User\OneDrive\Documents\Uni\Dissertation\SSD Files\Kingston A400\TRIM Deletion\Recovered data\8391-$RUA5HBB.xls,.xls,0.3,OK,
C:\Users\User\OneDrive\Documents\Uni\Dissertation\SSD Files\Kingston A400\TRIM Deletion\Recovered data\8394-$R67T619.xls,.xls,0.09,FAILED,"(-2147352567, 'Exception occurred.', (0, 'Microsoft Excel', 'Office has detected a problem with this file. To help protect your computer this file cannot be opened.', 'xlmain11.chm', 0, -2146827284), None)"
C:\Users\User\OneDrive\Documents\Uni\Dissertation\SSD Files\Kingston A400\TRIM Deletion\Recovered data\8397-$RVBYZ5P.xls,.xls,1.09,OK,
C:\Users\User\OneDrive\Documents\Uni\Dissertation\SSD Files\Kingston A400\TRIM Deletion\Recovered data\8399-$R83AQ2L.xls,.xls,1.07,FAILED,"(-2147352567, 'Exception occurred.', (0, 'Microsoft Excel', 'Office has detected a problem with this file. To help protect your computer this file cannot be opened.', 'xlmain11.chm', 0, -2146827284), None)"
C:\Users\User\OneDrive\Documents\Uni\Dissertation\SSD Files\Kingston A400\TRIM Deletion\Recovered data\8401-$RP7W6K4.xls,.xls,0.49,OK,
C:\Users\User\OneDrive\Documents\Uni\Dissertation\SSD Files\Kingston A400\TRIM Deletion\Recovered data\8403-$RV2LDTV.xls,.xls,3.37,OK,
C:\Users\User\OneDrive\Documents\Uni\Dissertation\SSD Files\Kingston A400\TRIM Deletion\Recovered data\8406-$R8HLN39.xls,.xls,0.06,OK,
C:\Users\User\OneDrive\Documents\Uni\Dissertation\SSD Files\Kingston A400\TRIM Deletion\Recovered data\8409-$R09V9XL.xls,.xls,0.02,OK,
C:\Users\User\OneDrive\Documents\Uni\Dissertation\SSD Files\Kingston A400\TRIM Deletion\Recovered data\8412-$RHRI5HX.xls,.xls,0.23,OK,
C:\Users\User\OneDrive\Documents\Uni\Dissertation\SSD Files\Kingston A400\TRIM Deletion\Recovered data\8415-$RXJTG9R.xls,.xls,0.15,OK,
C:\Users\User\OneDrive\Documents\Uni\Dissertation\SSD Files\Kingston A400\TRIM Deletion\Recovered data\8418-$RF98UC6.xls,.xls,0.06,OK,
C:\Users\User\OneDrive\Documents\Uni\Dissertation\SSD Files\Kingston A400\TRIM Deletion\Recovered data\842-$R72UIVB.doc,.doc,0.04,OK,
C:\Users\User\OneDrive\Documents\Uni\Dissertation\SSD Files\Kingston A400\TRIM Deletion\Recovered data\8421-$R793RYD.xls,.xls,0.18,FAILED,"(-2147352567, 'Exception occurred.', (0, 'Microsoft Excel', 'Open method of Workbooks class failed', 'xlmain11.chm', 0, -2146827284), None)"
C:\Users\User\OneDrive\Documents\Uni\Dissertation\SSD Files\Kingston A400\TRIM Deletion\Recovered data\8424-$RF6TH9V.xls,.xls,0.08,OK,
C:\Users\User\OneDrive\Documents\Uni\Dissertation\SSD Files\Kingston A400\TRIM Deletion\Recovered data\8427-$RPNKCXB.xls,.xls,0.07,OK,
C:\Users\User\OneDrive\Documents\Uni\Dissertation\SSD Files\Kingston A400\TRIM Deletion\Recovered data\8430-$R53AJA5.xls,.xls,0.37,FAILED,"(-2147352567, 'Exception occurred.', (0, 'Microsoft Excel', 'Office has detected a problem with this file. To help protect your computer this file cannot be opened.', 'xlmain11.chm', 0, -2146827284), None)"
C:\Users\User\OneDrive\Documents\Uni\Dissertation\SSD Files\Kingston A400\TRIM Deletion\Recovered data\8433-$RHJUTUJ.xls,.xls,22.61,OK,
C:\Users\User\OneDrive\Documents\Uni\Dissertation\SSD Files\Kingston A400\TRIM Deletion\Recovered data\8436-$RL3MGX9.xls,.xls,1.25,OK,
C:\Users\User\OneDrive\Documents\Uni\Dissertation\SSD Files\Kingston A400\TRIM Deletion\Recovered data\8439-$RJSS8ZT.xls,.xls,0.12,OK,
C:\Users\User\OneDrive\Documents\Uni\Dissertation\SSD Files\Kingston A400\TRIM Deletion\Recovered data\8441-$RVAED47.xls,.xls,0.34,OK,
C:\Users\User\OneDrive\Documents\Uni\Dissertation\SSD Files\Kingston A400\TRIM Deletion\Recovered data\8444-$R2VZ3DN.xls,.xls,10.19,FAILED,"(-2147352567, 'Exception occurred.', (0, 'Microsoft Excel', 'Open method of Workbooks class failed', 'xlmain11.chm', 0, -2146827284), None)"
C:\Users\User\OneDrive\Documents\Uni\Dissertation\SSD Files\Kingston A400\TRIM Deletion\Recovered data\8446-$RA1H1XJ.xls,.xls,0.04,OK,
C:\Users\User\OneDrive\Documents\Uni\Dissertation\SSD Files\Kingston A400\TRIM Deletion\Recovered data\8449-$RMS2O6W.xls,.xls,0.09,OK,
C:\Users\User\OneDrive\Documents\Uni\Dissertation\SSD Files\Kingston A400\TRIM Deletion\Recovered data\845-$RRE9870.doc,.doc,0.03,OK,
C:\Users\User\OneDrive\Documents\Uni\Dissertation\SSD Files\Kingston A400\TRIM Deletion\Recovered data\8452-$RP8S52R.xls,.xls,0.04,OK,
C:\Users\User\OneDrive\Documents\Uni\Dissertation\SSD Files\Kingston A400\TRIM Deletion\Recovered data\8455-$RJGDRXE.xls,.xls,0.03,OK,
C:\Users\User\OneDrive\Documents\Uni\Dissertation\SSD Files\Kingston A400\TRIM Deletion\Recovered data\8458-$R23JDJA.xls,.xls,0.04,OK,
C:\Users\User\OneDrive\Documents\Uni\Dissertation\SSD Files\Kingston A400\TRIM Deletion\Recovered data\8461-$RX3NHDR.xls,.xls,0.16,OK,
C:\Users\User\OneDrive\Documents\Uni\Dissertation\SSD Files\Kingston A400\TRIM Deletion\Recovered data\8464-$RV2CMAW.xls,.xls,0.25,OK,
C:\Users\User\OneDrive\Documents\Uni\Dissertation\SSD Files\Kingston A400\TRIM Deletion\Recovered data\8467-$RC33C86.xls,.xls,0.49,OK,
C:\Users\User\OneDrive\Documents\Uni\Dissertation\SSD Files\Kingston A400\TRIM Deletion\Recovered data\8470-$RUB1Z3A.xls,.xls,0.07,OK,
C:\Users\User\OneDrive\Documents\Uni\Dissertation\SSD Files\Kingston A400\TRIM Deletion\Recovered data\8473-$RAPEOVM.xls,.xls,0.07,OK,
C:\Users\User\OneDrive\Documents\Uni\Dissertation\SSD Files\Kingston A400\TRIM Deletion\Recovered data\8476-$RFBM09Q.xls,.xls,0.1,OK,
C:\Users\User\OneDrive\Documents\Uni\Dissertation\SSD Files\Kingston A400\TRIM Deletion\Recovered data\8479-$RQTUP28.xls,.xls,0.04,OK,
C:\Users\User\OneDrive\Documents\Uni\Dissertation\SSD Files\Kingston A400\TRIM Deletion\Recovered data\848-$RT8L71D.doc,.doc,0.02,OK,
C:\Users\User\OneDrive\Documents\Uni\Dissertation\SSD Files\Kingston A400\TRIM Deletion\Recovered data\8482-$RBRELZO.xls,.xls,0.02,OK,
C:\Users\User\OneDrive\Documents\Uni\Dissertation\SSD Files\Kingston A400\TRIM Deletion\Recovered data\8484-$R3C670G.xls,.xls,0.04,OK,
C:\Users\User\OneDrive\Documents\Uni\Dissertation\SSD Files\Kingston A400\TRIM Deletion\Recovered data\8486-$RH4YWE1.xls,.xls,0.03,OK,
C:\Users\User\OneDrive\Documents\Uni\Dissertation\SSD Files\Kingston A400\TRIM Deletion\Recovered data\8489-$RA2UPWV.xls,.xls,0.07,OK,
C:\Users\User\OneDrive\Documents\Uni\Dissertation\SSD Files\Kingston A400\TRIM Deletion\Recovered data\8492-$RW68FEI.xls,.xls,0.09,OK,
C:\Users\User\OneDrive\Documents\Uni\Dissertation\SSD Files\Kingston A400\TRIM Deletion\Recovered data\8495-$R185D7E.xls,.xls,0.18,FAILED,"(-2147352567, 'Exception occurred.', (0, 'Microsoft Excel', '8495-$R185D7E.xls: file format is not valid.', 'xlmain11.chm', 0, -2146827284), None)"
C:\Users\User\OneDrive\Documents\Uni\Dissertation\SSD Files\Kingston A400\TRIM Deletion\Recovered data\8498-$R4113VU.xls,.xls,0.13,FAILED,"(-2147352567, 'Exception occurred.', (0, 'Microsoft Excel', 'Office has detected a problem with this file. To help protect your computer this file cannot be opened.', 'xlmain11.chm', 0, -2146827284), None)"
C:\Users\User\OneDrive\Documents\Uni\Dissertation\SSD Files\Kingston A400\TRIM Deletion\Recovered data\8501-$RZCH8AJ.xls,.xls,0.03,OK,
C:\Users\User\OneDrive\Documents\Uni\Dissertation\SSD Files\Kingston A400\TRIM Deletion\Recovered data\8504-$RHUW78E.xls,.xls,0.04,OK,
C:\Users\User\OneDrive\Documents\Uni\Dissertation\SSD Files\Kingston A400\TRIM Deletion\Recovered data\8507-$RF3JWWK.xls,.xls,0.05,OK,
C:\Users\User\OneDrive\Documents\Uni\Dissertation\SSD Files\Kingston A400\TRIM Deletion\Recovered data\851-$RC45OKW.doc,.doc,0.05,OK,
C:\Users\User\OneDrive\Documents\Uni\Dissertation\SSD Files\Kingston A400\TRIM Deletion\Recovered data\8510-$RWFVB84.xls,.xls,0.06,OK,
C:\Users\User\OneDrive\Documents\Uni\Dissertation\SSD Files\Kingston A400\TRIM Deletion\Recovered data\8513-$R13Q9D5.xls,.xls,0.03,OK,
C:\Users\User\OneDrive\Documents\Uni\Dissertation\SSD Files\Kingston A400\TRIM Deletion\Recovered data\8516-$R8J91HQ.xls,.xls,0.16,FAILED,"(-2147352567, 'Exception occurred.', (0, 'Microsoft Excel', 'Office has detected a problem with this file. To help protect your computer this file cannot be opened.', 'xlmain11.chm', 0, -2146827284), None)"
C:\Users\User\OneDrive\Documents\Uni\Dissertation\SSD Files\Kingston A400\TRIM Deletion\Recovered data\8519-$R8WX119.xls,.xls,0.01,OK,
C:\Users\User\OneDrive\Documents\Uni\Dissertation\SSD Files\Kingston A400\TRIM Deletion\Recovered data\8522-$RUXWW8I.xls,.xls,0.07,OK,
C:\Users\User\OneDrive\Documents\Uni\Dissertation\SSD Files\Kingston A400\TRIM Deletion\Recovered data\8525-$R8UCQVL.xls,.xls,0.03,OK,
C:\Users\User\OneDrive\Documents\Uni\Dissertation\SSD Files\Kingston A400\TRIM Deletion\Recovered data\8528-$RNPMBHJ.xls,.xls,0.06,OK,
C:\Users\User\OneDrive\Documents\Uni\Dissertation\SSD Files\Kingston A400\TRIM Deletion\Recovered data\8531-$RF3E3M5.xls,.xls,0.02,OK,
C:\Users\User\OneDrive\Documents\Uni\Dissertation\SSD Files\Kingston A400\TRIM Deletion\Recovered data\8534-$RHV2LCQ.xls,.xls,0.05,OK,
C:\Users\User\OneDrive\Documents\Uni\Dissertation\SSD Files\Kingston A400\TRIM Deletion\Recovered data\8537-$R38TCH2.xls,.xls,0.07,OK,
C:\Users\User\OneDrive\Documents\Uni\Dissertation\SSD Files\Kingston A400\TRIM Deletion\Recovered data\854-$RVMLLNG.doc,.doc,0.13,OK,
C:\Users\User\OneDrive\Documents\Uni\Dissertation\SSD Files\Kingston A400\TRIM Deletion\Recovered data\8540-$RXWEEBL.xls,.xls,0.03,OK,
C:\Users\User\OneDrive\Documents\Uni\Dissertation\SSD Files\Kingston A400\TRIM Deletion\Recovered data\8542-$RCNIS0R.xls,.xls,0.07,OK,
C:\Users\User\OneDrive\Documents\Uni\Dissertation\SSD Files\Kingston A400\TRIM Deletion\Recovered data\8545-$R6G29QR.xls,.xls,0.04,OK,
C:\Users\User\OneDrive\Documents\Uni\Dissertation\SSD Files\Kingston A400\TRIM Deletion\Recovered data\8548-$R5I3XK3.xls,.xls,0.04,OK,
C:\Users\User\OneDrive\Documents\Uni\Dissertation\SSD Files\Kingston A400\TRIM Deletion\Recovered data\8551-$RUDFRYR.xls,.xls,0.03,OK,
C:\Users\User\OneDrive\Documents\Uni\Dissertation\SSD Files\Kingston A400\TRIM Deletion\Recovered data\8553-$R6ODMSR.xls,.xls,0.03,OK,
C:\Users\User\OneDrive\Documents\Uni\Dissertation\SSD Files\Kingston A400\TRIM Deletion\Recovered data\8556-$RVU5XBT.xls,.xls,0.04,OK,
C:\Users\User\OneDrive\Documents\Uni\Dissertation\SSD Files\Kingston A400\TRIM Deletion\Recovered data\8558-$RH9U7OT.xls,.xls,0.02,OK,
C:\Users\User\OneDrive\Documents\Uni\Dissertation\SSD Files\Kingston A400\TRIM Deletion\Recovered data\8561-$RA6UMTN.xls,.xls,0.04,OK,
C:\Users\User\OneDrive\Documents\Uni\Dissertation\SSD Files\Kingston A400\TRIM Deletion\Recovered data\8564-$RE02IXI.xls,.xls,0.03,OK,
C:\Users\User\OneDrive\Documents\Uni\Dissertation\SSD Files\Kingston A400\TRIM Deletion\Recovered data\8566-$RHBZB86.xls,.xls,0.04,OK,
C:\Users\User\OneDrive\Documents\Uni\Dissertation\SSD Files\Kingston A400\TRIM Deletion\Recovered data\8569-$RWZ6624.xls,.xls,0.42,OK,
C:\Users\User\OneDrive\Documents\Uni\Dissertation\SSD Files\Kingston A400\TRIM Deletion\Recovered data\857-$R0J6KCX.doc,.doc,0.54,OK,
C:\Users\User\OneDrive\Documents\Uni\Dissertation\SSD Files\Kingston A400\TRIM Deletion\Recovered data\8572-$RK2IIPM.xls,.xls,0.24,OK,
C:\Users\User\OneDrive\Documents\Uni\Dissertation\SSD Files\Kingston A400\TRIM Deletion\Recovered data\8575-$RGNYO1T.xls,.xls,0.63,OK,
C:\Users\User\OneDrive\Documents\Uni\Dissertation\SSD Files\Kingston A400\TRIM Deletion\Recovered data\8578-$ROUXMUT.xls,.xls,14.2,OK,
C:\Users\User\OneDrive\Documents\Uni\Dissertation\SSD Files\Kingston A400\TRIM Deletion\Recovered data\8581-$RKDESQ7.xls,.xls,1.84,OK,
C:\Users\User\OneDrive\Documents\Uni\Dissertation\SSD Files\Kingston A400\TRIM Deletion\Recovered data\8584-$RBUFPYZ.xls,.xls,0.1,OK,
C:\Users\User\OneDrive\Documents\Uni\Dissertation\SSD Files\Kingston A400\TRIM Deletion\Recovered data\8587-$RBT900Z.xls,.xls,0.05,OK,
C:\Users\User\OneDrive\Documents\Uni\Dissertation\SSD Files\Kingston A400\TRIM Deletion\Recovered data\8589-$RKJVRHX.xls,.xls,0.05,OK,
C:\Users\User\OneDrive\Documents\Uni\Dissertation\SSD Files\Kingston A400\TRIM Deletion\Recovered data\8592-$RX4XYTD.xls,.xls,0.03,OK,
C:\Users\User\OneDrive\Documents\Uni\Dissertation\SSD Files\Kingston A400\TRIM Deletion\Recovered data\8595-$RTDA8I2.xls,.xls,0.14,OK,
C:\Users\User\OneDrive\Documents\Uni\Dissertation\SSD Files\Kingston A400\TRIM Deletion\Recovered data\8597-$R5NEXSW.xls,.xls,0.03,OK,
C:\Users\User\OneDrive\Documents\Uni\Dissertation\SSD Files\Kingston A400\TRIM Deletion\Recovered data\86-$RCTBSW9.doc,.doc,0.09,OK,
C:\Users\User\OneDrive\Documents\Uni\Dissertation\SSD Files\Kingston A400\TRIM Deletion\Recovered data\860-$RPQKNEP.doc,.doc,0.07,OK,
C:\Users\User\OneDrive\Documents\Uni\Dissertation\SSD Files\Kingston A400\TRIM Deletion\Recovered data\8600-$R39362K.xls,.xls,0.02,OK,
C:\Users\User\OneDrive\Documents\Uni\Dissertation\SSD Files\Kingston A400\TRIM Deletion\Recovered data\8603-$RNCAB3S.xls,.xls,0.05,OK,
C:\Users\User\OneDrive\Documents\Uni\Dissertation\SSD Files\Kingston A400\TRIM Deletion\Recovered data\8606-$RXDKCA3.xls,.xls,0.04,OK,
C:\Users\User\OneDrive\Documents\Uni\Dissertation\SSD Files\Kingston A400\TRIM Deletion\Recovered data\8609-$RI6UHNX.xls,.xls,0.06,OK,
C:\Users\User\OneDrive\Documents\Uni\Dissertation\SSD Files\Kingston A400\TRIM Deletion\Recovered data\8612-$R64AI39.xls,.xls,2.22,FAILED,"(-2147352567, 'Exception occurred.', (0, 'Microsoft Excel', 'Unable to read file.', 'xlmain11.chm', 0, -2146827284), None)"
C:\Users\User\OneDrive\Documents\Uni\Dissertation\SSD Files\Kingston A400\TRIM Deletion\Recovered data\8615-$R2WWMYQ.xls,.xls,4.65,FAILED,"(-2147352567, 'Exception occurred.', (0, 'Microsoft Excel', 'Office has detected a problem with this file. To help protect your computer this file cannot be opened.', 'xlmain11.chm', 0, -2146827284), None)"
C:\Users\User\OneDrive\Documents\Uni\Dissertation\SSD Files\Kingston A400\TRIM Deletion\Recovered data\8618-$R0H5BM3.xls,.xls,0.08,OK,
C:\Users\User\OneDrive\Documents\Uni\Dissertation\SSD Files\Kingston A400\TRIM Deletion\Recovered data\8621-$R6XNRGO.xls,.xls,0.02,OK,
C:\Users\User\OneDrive\Documents\Uni\Dissertation\SSD Files\Kingston A400\TRIM Deletion\Recovered data\8624-$R4BNOO0.xls,.xls,1.41,FAILED,"(-2147352567, 'Exception occurred.', (0, 'Microsoft Excel', 'Office has detected a problem with this file. To help protect your computer this file cannot be opened.', 'xlmain11.chm', 0, -2146827284), None)"
C:\Users\User\OneDrive\Documents\Uni\Dissertation\SSD Files\Kingston A400\TRIM Deletion\Recovered data\8627-$RS8OEJV.xls,.xls,0.03,OK,
C:\Users\User\OneDrive\Documents\Uni\Dissertation\SSD Files\Kingston A400\TRIM Deletion\Recovered data\863-$R03MWIO.doc,.doc,0.04,OK,
C:\Users\User\OneDrive\Documents\Uni\Dissertation\SSD Files\Kingston A400\TRIM Deletion\Recovered data\8630-$R08ZBX2.xls,.xls,0.08,FAILED,"(-2147352567, 'Exception occurred.', (0, 'Microsoft Excel', 'Office has detected a problem with this file. To help protect your computer this file cannot be opened.', 'xlmain11.chm', 0, -2146827284), None)"
C:\Users\User\OneDrive\Documents\Uni\Dissertation\SSD Files\Kingston A400\TRIM Deletion\Recovered data\8633-$RCE54KT.xls,.xls,0.21,OK,
C:\Users\User\OneDrive\Documents\Uni\Dissertation\SSD Files\Kingston A400\TRIM Deletion\Recovered data\8636-$R949LS1.xls,.xls,0.04,OK,
C:\Users\User\OneDrive\Documents\Uni\Dissertation\SSD Files\Kingston A400\TRIM Deletion\Recovered data\8639-$RLRBGU6.xls,.xls,0.57,OK,
C:\Users\User\OneDrive\Documents\Uni\Dissertation\SSD Files\Kingston A400\TRIM Deletion\Recovered data\8642-$RWTJ3XJ.xls,.xls,0.54,OK,
C:\Users\User\OneDrive\Documents\Uni\Dissertation\SSD Files\Kingston A400\TRIM Deletion\Recovered data\8644-$R2T5XF5.xls,.xls,0.05,OK,
C:\Users\User\OneDrive\Documents\Uni\Dissertation\SSD Files\Kingston A400\TRIM Deletion\Recovered data\8647-$R5O8J5Q.xls,.xls,0.02,OK,
C:\Users\User\OneDrive\Documents\Uni\Dissertation\SSD Files\Kingston A400\TRIM Deletion\Recovered data\8650-$RYRTM1G.xls,.xls,1.19,OK,
C:\Users\User\OneDrive\Documents\Uni\Dissertation\SSD Files\Kingston A400\TRIM Deletion\Recovered data\8653-$RXNOXRL.xls,.xls,0.21,OK,
C:\Users\User\OneDrive\Documents\Uni\Dissertation\SSD Files\Kingston A400\TRIM Deletion\Recovered data\8656-$RS63UMW.xls,.xls,0.04,OK,
C:\Users\User\OneDrive\Documents\Uni\Dissertation\SSD Files\Kingston A400\TRIM Deletion\Recovered data\8658-$RQI3Q77.xls,.xls,0.02,OK,
C:\Users\User\OneDrive\Documents\Uni\Dissertation\SSD Files\Kingston A400\TRIM Deletion\Recovered data\866-$R0ZO3CX.doc,.doc,0.05,OK,
C:\Users\User\OneDrive\Documents\Uni\Dissertation\SSD Files\Kingston A400\TRIM Deletion\Recovered data\8661-$R4ULBYW.xls,.xls,0.04,OK,
C:\Users\User\OneDrive\Documents\Uni\Dissertation\SSD Files\Kingston A400\TRIM Deletion\Recovered data\8664-$RXPMA5E.xls,.xls,0.06,OK,
C:\Users\User\OneDrive\Documents\Uni\Dissertation\SSD Files\Kingston A400\TRIM Deletion\Recovered data\8667-$RU5ET98.xls,.xls,0.03,OK,
C:\Users\User\OneDrive\Documents\Uni\Dissertation\SSD Files\Kingston A400\TRIM Deletion\Recovered data\8670-$RFCB3NL.xls,.xls,0.03,OK,
C:\Users\User\OneDrive\Documents\Uni\Dissertation\SSD Files\Kingston A400\TRIM Deletion\Recovered data\8673-$RNJ8VQL.xls,.xls,0.05,OK,
C:\Users\User\OneDrive\Documents\Uni\Dissertation\SSD Files\Kingston A400\TRIM Deletion\Recovered data\8676-$RS4R8FJ.xls,.xls,0.07,OK,
C:\Users\User\OneDrive\Documents\Uni\Dissertation\SSD Files\Kingston A400\TRIM Deletion\Recovered data\8679-$RRSHRI5.xls,.xls,0.16,OK,
C:\Users\User\OneDrive\Documents\Uni\Dissertation\SSD Files\Kingston A400\TRIM Deletion\Recovered data\868-$R0OFBOX.doc,.doc,0.55,OK,
C:\Users\User\OneDrive\Documents\Uni\Dissertation\SSD Files\Kingston A400\TRIM Deletion\Recovered data\8682-$RWHYA75.xls,.xls,0.03,OK,
C:\Users\User\OneDrive\Documents\Uni\Dissertation\SSD Files\Kingston A400\TRIM Deletion\Recovered data\8685-$R89ZVCX.xls,.xls,0.02,OK,
C:\Users\User\OneDrive\Documents\Uni\Dissertation\SSD Files\Kingston A400\TRIM Deletion\Recovered data\8688-$RBQYU4Z.xls,.xls,0.04,OK,
C:\Users\User\OneDrive\Documents\Uni\Dissertation\SSD Files\Kingston A400\TRIM Deletion\Recovered data\8691-$RPP8US7.xls,.xls,0.03,OK,
C:\Users\User\OneDrive\Documents\Uni\Dissertation\SSD Files\Kingston A400\TRIM Deletion\Recovered data\8694-$RXUE2GY.xls,.xls,0.02,OK,
C:\Users\User\OneDrive\Documents\Uni\Dissertation\SSD Files\Kingston A400\TRIM Deletion\Recovered data\8697-$R1D2AGQ.xls,.xls,0.24,FAILED,"(-2147352567, 'Exception occurred.', (0, 'Microsoft Excel', 'Office has detected a problem with this file. To help protect your computer this file cannot be opened.', 'xlmain11.chm', 0, -2146827284), None)"
C:\Users\User\OneDrive\Documents\Uni\Dissertation\SSD Files\Kingston A400\TRIM Deletion\Recovered data\870-$RFQNKQW.doc,.doc,0.02,OK,
C:\Users\User\OneDrive\Documents\Uni\Dissertation\SSD Files\Kingston A400\TRIM Deletion\Recovered data\8700-$R4TTNKS.xls,.xls,0.02,OK,
C:\Users\User\OneDrive\Documents\Uni\Dissertation\SSD Files\Kingston A400\TRIM Deletion\Recovered data\8703-$RWZORQM.xls,.xls,2.95,OK,
C:\Users\User\OneDrive\Documents\Uni\Dissertation\SSD Files\Kingston A400\TRIM Deletion\Recovered data\8706-$R4ZBRYF.xls,.xls,0.45,FAILED,"(-2147352567, 'Exception occurred.', (0, 'Microsoft Excel', 'Open method of Workbooks class failed', 'xlmain11.chm', 0, -2146827284), None)"
C:\Users\User\OneDrive\Documents\Uni\Dissertation\SSD Files\Kingston A400\TRIM Deletion\Recovered data\8709-$R6LIYG2.xls,.xls,0.08,OK,
C:\Users\User\OneDrive\Documents\Uni\Dissertation\SSD Files\Kingston A400\TRIM Deletion\Recovered data\8712-$R09TXDK.xls,.xls,0.16,FAILED,"(-2147352567, 'Exception occurred.', (0, 'Microsoft Excel', 'Office has detected a problem with this file. To help protect your computer this file cannot be opened.', 'xlmain11.chm', 0, -2146827284), None)"
C:\Users\User\OneDrive\Documents\Uni\Dissertation\SSD Files\Kingston A400\TRIM Deletion\Recovered data\8714-$RE6MUQ1.xls,.xls,0.06,OK,
C:\Users\User\OneDrive\Documents\Uni\Dissertation\SSD Files\Kingston A400\TRIM Deletion\Recovered data\8717-$RGZB8ZH.xls,.xls,0.11,OK,
C:\Users\User\OneDrive\Documents\Uni\Dissertation\SSD Files\Kingston A400\TRIM Deletion\Recovered data\8720-$REPNP3J.xls,.xls,0.03,OK,
C:\Users\User\OneDrive\Documents\Uni\Dissertation\SSD Files\Kingston A400\TRIM Deletion\Recovered data\8723-$RGBFMBM.xls,.xls,0.02,OK,
C:\Users\User\OneDrive\Documents\Uni\Dissertation\SSD Files\Kingston A400\TRIM Deletion\Recovered data\8726-$RVZYJFS.xls,.xls,0.02,OK,
C:\Users\User\OneDrive\Documents\Uni\Dissertation\SSD Files\Kingston A400\TRIM Deletion\Recovered data\8729-$R8K5BJF.xls,.xls,0.02,OK,
C:\Users\User\OneDrive\Documents\Uni\Dissertation\SSD Files\Kingston A400\TRIM Deletion\Recovered data\873-$RCWV8PB.doc,.doc,0.04,OK,
C:\Users\User\OneDrive\Documents\Uni\Dissertation\SSD Files\Kingston A400\TRIM Deletion\Recovered data\8732-$R8667KB.xls,.xls,0.03,OK,
C:\Users\User\OneDrive\Documents\Uni\Dissertation\SSD Files\Kingston A400\TRIM Deletion\Recovered data\8735-$R9ABYDU.xls,.xls,3.05,FAILED,"(-2147352567, 'Exception occurred.', (0, 'Microsoft Excel', 'Open method of Workbooks class failed', 'xlmain11.chm', 0, -2146827284), None)"
C:\Users\User\OneDrive\Documents\Uni\Dissertation\SSD Files\Kingston A400\TRIM Deletion\Recovered data\8738-$R07RHIE.xls,.xls,0.05,OK,
C:\Users\User\OneDrive\Documents\Uni\Dissertation\SSD Files\Kingston A400\TRIM Deletion\Recovered data\8741-$RKX9YA4.xls,.xls,0.05,OK,
C:\Users\User\OneDrive\Documents\Uni\Dissertation\SSD Files\Kingston A400\TRIM Deletion\Recovered data\8744-$RHA4SMG.xls,.xls,0.02,OK,
C:\Users\User\OneDrive\Documents\Uni\Dissertation\SSD Files\Kingston A400\TRIM Deletion\Recovered data\8747-$RC525AZ.xls,.xls,0.02,OK,
C:\Users\User\OneDrive\Documents\Uni\Dissertation\SSD Files\Kingston A400\TRIM Deletion\Recovered data\8750-$RUAXRDY.xls,.xls,0.02,OK,
C:\Users\User\OneDrive\Documents\Uni\Dissertation\SSD Files\Kingston A400\TRIM Deletion\Recovered data\8753-$RE8I2VS.xls,.xls,0.04,OK,
C:\Users\User\OneDrive\Documents\Uni\Dissertation\SSD Files\Kingston A400\TRIM Deletion\Recovered data\8756-$RQXAQWS.xls,.xls,0.03,OK,
C:\Users\User\OneDrive\Documents\Uni\Dissertation\SSD Files\Kingston A400\TRIM Deletion\Recovered data\8759-$RSUX2YL.xls,.xls,0.13,OK,
C:\Users\User\OneDrive\Documents\Uni\Dissertation\SSD Files\Kingston A400\TRIM Deletion\Recovered data\876-$RA5STQA.doc,.doc,0.04,OK,
C:\Users\User\OneDrive\Documents\Uni\Dissertation\SSD Files\Kingston A400\TRIM Deletion\Recovered data\8762-$RRQ4EIB.xls,.xls,0.03,OK,
C:\Users\User\OneDrive\Documents\Uni\Dissertation\SSD Files\Kingston A400\TRIM Deletion\Recovered data\8765-$RYMB977.xls,.xls,0.07,OK,
C:\Users\User\OneDrive\Documents\Uni\Dissertation\SSD Files\Kingston A400\TRIM Deletion\Recovered data\8768-$R87JCWS.xls,.xls,0.06,OK,
C:\Users\User\OneDrive\Documents\Uni\Dissertation\SSD Files\Kingston A400\TRIM Deletion\Recovered data\8771-$R1Z34BH.xls,.xls,0.02,OK,
C:\Users\User\OneDrive\Documents\Uni\Dissertation\SSD Files\Kingston A400\TRIM Deletion\Recovered data\8774-$RKBF0EV.xls,.xls,0.02,OK,
C:\Users\User\OneDrive\Documents\Uni\Dissertation\SSD Files\Kingston A400\TRIM Deletion\Recovered data\8777-$RFBT6GU.xls,.xls,5.96,OK,
C:\Users\User\OneDrive\Documents\Uni\Dissertation\SSD Files\Kingston A400\TRIM Deletion\Recovered data\8780-$R3K74XO.xls,.xls,0.04,OK,
C:\Users\User\OneDrive\Documents\Uni\Dissertation\SSD Files\Kingston A400\TRIM Deletion\Recovered data\8783-$R02DTUV.xls,.xls,0.03,OK,
C:\Users\User\OneDrive\Documents\Uni\Dissertation\SSD Files\Kingston A400\TRIM Deletion\Recovered data\8786-$R3DN20K.xls,.xls,0.02,OK,
C:\Users\User\OneDrive\Documents\Uni\Dissertation\SSD Files\Kingston A400\TRIM Deletion\Recovered data\8789-$R1UFAFQ.xls,.xls,0.09,FAILED,"(-2147352567, 'Exception occurred.', (0, 'Microsoft Excel', 'Office has detected a problem with this file. To help protect your computer this file cannot be opened.', 'xlmain11.chm', 0, -2146827284), None)"
C:\Users\User\OneDrive\Documents\Uni\Dissertation\SSD Files\Kingston A400\TRIM Deletion\Recovered data\879-$RLVE5A3.doc,.doc,0.03,OK,
C:\Users\User\OneDrive\Documents\Uni\Dissertation\SSD Files\Kingston A400\TRIM Deletion\Recovered data\8791-$RBG55WI.xls,.xls,0.06,OK,
C:\Users\User\OneDrive\Documents\Uni\Dissertation\SSD Files\Kingston A400\TRIM Deletion\Recovered data\8794-$RCEXNAI.xls,.xls,0.04,OK,
C:\Users\User\OneDrive\Documents\Uni\Dissertation\SSD Files\Kingston A400\TRIM Deletion\Recovered data\8797-$REFEO2W.xls,.xls,0.07,OK,
C:\Users\User\OneDrive\Documents\Uni\Dissertation\SSD Files\Kingston A400\TRIM Deletion\Recovered data\8799-$RXJQRAP.xls,.xls,0.05,OK,
C:\Users\User\OneDrive\Documents\Uni\Dissertation\SSD Files\Kingston A400\TRIM Deletion\Recovered data\8802-$RXOANV8.xls,.xls,0.15,OK,
C:\Users\User\OneDrive\Documents\Uni\Dissertation\SSD Files\Kingston A400\TRIM Deletion\Recovered data\8805-$R58ZVMS.xls,.xls,0.08,OK,
C:\Users\User\OneDrive\Documents\Uni\Dissertation\SSD Files\Kingston A400\TRIM Deletion\Recovered data\8808-$R47D0OT.xls,.xls,0.81,FAILED,"(-2147352567, 'Exception occurred.', (0, 'Microsoft Excel', 'Office has detected a problem with this file. To help protect your computer this file cannot be opened.', 'xlmain11.chm', 0, -2146827284), None)"
C:\Users\User\OneDrive\Documents\Uni\Dissertation\SSD Files\Kingston A400\TRIM Deletion\Recovered data\8811-$RHJ1UK7.xls,.xls,0.38,OK,
C:\Users\User\OneDrive\Documents\Uni\Dissertation\SSD Files\Kingston A400\TRIM Deletion\Recovered data\8814-$R5GR2YG.xls,.xls,0.18,FAILED,"(-2147352567, 'Exception occurred.', (0, 'Microsoft Excel', 'Office has detected a problem with this file. To help protect your computer this file cannot be opened.', 'xlmain11.chm', 0, -2146827284), None)"
C:\Users\User\OneDrive\Documents\Uni\Dissertation\SSD Files\Kingston A400\TRIM Deletion\Recovered data\8817-$ROBSZ9Q.xls,.xls,0.05,OK,
C:\Users\User\OneDrive\Documents\Uni\Dissertation\SSD Files\Kingston A400\TRIM Deletion\Recovered data\8819-$RKUXRL2.xls,.xls,0.05,OK,
C:\Users\User\OneDrive\Documents\Uni\Dissertation\SSD Files\Kingston A400\TRIM Deletion\Recovered data\882-$RS1FBEM.doc,.doc,0.02,OK,
C:\Users\User\OneDrive\Documents\Uni\Dissertation\SSD Files\Kingston A400\TRIM Deletion\Recovered data\8821-$RBJ3X1W.xls,.xls,0.02,OK,
C:\Users\User\OneDrive\Documents\Uni\Dissertation\SSD Files\Kingston A400\TRIM Deletion\Recovered data\8823-$RKZ1JXG.xls,.xls,0.01,OK,
C:\Users\User\OneDrive\Documents\Uni\Dissertation\SSD Files\Kingston A400\TRIM Deletion\Recovered data\8826-$REZJURV.xls,.xls,0.02,OK,
C:\Users\User\OneDrive\Documents\Uni\Dissertation\SSD Files\Kingston A400\TRIM Deletion\Recovered data\8829-$RUDD1DL.xls,.xls,1.09,OK,
C:\Users\User\OneDrive\Documents\Uni\Dissertation\SSD Files\Kingston A400\TRIM Deletion\Recovered data\8832-$RGLKQTI.xls,.xls,0.24,OK,
C:\Users\User\OneDrive\Documents\Uni\Dissertation\SSD Files\Kingston A400\TRIM Deletion\Recovered data\8834-$RULYISO.xls,.xls,0.12,OK,
C:\Users\User\OneDrive\Documents\Uni\Dissertation\SSD Files\Kingston A400\TRIM Deletion\Recovered data\8837-$RVPSNPF.xls,.xls,0.23,OK,
C:\Users\User\OneDrive\Documents\Uni\Dissertation\SSD Files\Kingston A400\TRIM Deletion\Recovered data\8840-$RY4W5PW.xls,.xls,0.17,OK,
C:\Users\User\OneDrive\Documents\Uni\Dissertation\SSD Files\Kingston A400\TRIM Deletion\Recovered data\8843-$R9F53UI.xls,.xls,0.15,FAILED,"(-2147352567, 'Exception occurred.', (0, 'Microsoft Excel', 'Open method of Workbooks class failed', 'xlmain11.chm', 0, -2146827284), None)"
C:\Users\User\OneDrive\Documents\Uni\Dissertation\SSD Files\Kingston A400\TRIM Deletion\Recovered data\8846-$RA2C8HK.xls,.xls,0.05,OK,
C:\Users\User\OneDrive\Documents\Uni\Dissertation\SSD Files\Kingston A400\TRIM Deletion\Recovered data\8849-$R3UV3BS.xls,.xls,0.07,OK,
C:\Users\User\OneDrive\Documents\Uni\Dissertation\SSD Files\Kingston A400\TRIM Deletion\Recovered data\885-$RFDTSAX.doc,.doc,0.03,OK,
C:\Users\User\OneDrive\Documents\Uni\Dissertation\SSD Files\Kingston A400\TRIM Deletion\Recovered data\8852-$RU3ONYR.xls,.xls,3.8,OK,
C:\Users\User\OneDrive\Documents\Uni\Dissertation\SSD Files\Kingston A400\TRIM Deletion\Recovered data\8855-$R7LI6W8.xls,.xls,0.26,FAILED,"(-2147352567, 'Exception occurred.', (0, 'Microsoft Excel', 'Office has detected a problem with this file. To help protect your computer this file cannot be opened.', 'xlmain11.chm', 0, -2146827284), None)"
C:\Users\User\OneDrive\Documents\Uni\Dissertation\SSD Files\Kingston A400\TRIM Deletion\Recovered data\8858-$RXXP3G6.xls,.xls,5.42,OK,
C:\Users\User\OneDrive\Documents\Uni\Dissertation\SSD Files\Kingston A400\TRIM Deletion\Recovered data\8861-$RKNDVZU.xls,.xls,0.01,OK,
C:\Users\User\OneDrive\Documents\Uni\Dissertation\SSD Files\Kingston A400\TRIM Deletion\Recovered data\8864-$R17MXUK.xls,.xls,0.26,FAILED,"(-2147352567, 'Exception occurred.', (0, 'Microsoft Excel', 'Office has detected a problem with this file. To help protect your computer this file cannot be opened.', 'xlmain11.chm', 0, -2146827284), None)"
C:\Users\User\OneDrive\Documents\Uni\Dissertation\SSD Files\Kingston A400\TRIM Deletion\Recovered data\8867-$RFK6NF2.xls,.xls,0.05,OK,
C:\Users\User\OneDrive\Documents\Uni\Dissertation\SSD Files\Kingston A400\TRIM Deletion\Recovered data\8870-$ROF9AYJ.xls,.xls,0.02,OK,
C:\Users\User\OneDrive\Documents\Uni\Dissertation\SSD Files\Kingston A400\TRIM Deletion\Recovered data\8873-$RDUC4DW.xls,.xls,2.49,OK,
C:\Users\User\OneDrive\Documents\Uni\Dissertation\SSD Files\Kingston A400\TRIM Deletion\Recovered data\8876-$RDUCTIM.xls,.xls,0.11,OK,
C:\Users\User\OneDrive\Documents\Uni\Dissertation\SSD Files\Kingston A400\TRIM Deletion\Recovered data\8879-$RJ19IM5.xls,.xls,0.13,OK,
C:\Users\User\OneDrive\Documents\Uni\Dissertation\SSD Files\Kingston A400\TRIM Deletion\Recovered data\888-$RKPE87J.doc,.doc,0.03,OK,
C:\Users\User\OneDrive\Documents\Uni\Dissertation\SSD Files\Kingston A400\TRIM Deletion\Recovered data\8882-$RM2NVQL.xls,.xls,0.04,OK,
C:\Users\User\OneDrive\Documents\Uni\Dissertation\SSD Files\Kingston A400\TRIM Deletion\Recovered data\8885-$RSKQ7F3.xls,.xls,0.05,OK,
C:\Users\User\OneDrive\Documents\Uni\Dissertation\SSD Files\Kingston A400\TRIM Deletion\Recovered data\8888-$RWS8JA6.xls,.xls,0.06,OK,
C:\Users\User\OneDrive\Documents\Uni\Dissertation\SSD Files\Kingston A400\TRIM Deletion\Recovered data\8891-$RUBPWOR.xls,.xls,0.03,OK,
C:\Users\User\OneDrive\Documents\Uni\Dissertation\SSD Files\Kingston A400\TRIM Deletion\Recovered data\8893-$RUAPIER.xls,.xls,0.02,OK,
C:\Users\User\OneDrive\Documents\Uni\Dissertation\SSD Files\Kingston A400\TRIM Deletion\Recovered data\8896-$RFKAB6S.xls,.xls,0.17,OK,
C:\Users\User\OneDrive\Documents\Uni\Dissertation\SSD Files\Kingston A400\TRIM Deletion\Recovered data\8898-$RXZH45U.xls,.xls,0.04,OK,
C:\Users\User\OneDrive\Documents\Uni\Dissertation\SSD Files\Kingston A400\TRIM Deletion\Recovered data\89-$RFHWJPK.doc,.doc,0.19,OK,
C:\Users\User\OneDrive\Documents\Uni\Dissertation\SSD Files\Kingston A400\TRIM Deletion\Recovered data\8901-$REGA2RV.xls,.xls,0.87,OK,
C:\Users\User\OneDrive\Documents\Uni\Dissertation\SSD Files\Kingston A400\TRIM Deletion\Recovered data\8904-$RXPY8L3.xls,.xls,0.1,OK,
C:\Users\User\OneDrive\Documents\Uni\Dissertation\SSD Files\Kingston A400\TRIM Deletion\Recovered data\8907-$RMJ5DOF.xls,.xls,0.09,OK,
C:\Users\User\OneDrive\Documents\Uni\Dissertation\SSD Files\Kingston A400\TRIM Deletion\Recovered data\891-$RZZEALA.doc,.doc,0.04,OK,
C:\Users\User\OneDrive\Documents\Uni\Dissertation\SSD Files\Kingston A400\TRIM Deletion\Recovered data\8910-$RH24T2N.xls,.xls,0.23,OK,
C:\Users\User\OneDrive\Documents\Uni\Dissertation\SSD Files\Kingston A400\TRIM Deletion\Recovered data\8913-$RLDEPH5.xls,.xls,0.27,OK,
C:\Users\User\OneDrive\Documents\Uni\Dissertation\SSD Files\Kingston A400\TRIM Deletion\Recovered data\8915-$RUBSBH1.xls,.xls,0.05,OK,
C:\Users\User\OneDrive\Documents\Uni\Dissertation\SSD Files\Kingston A400\TRIM Deletion\Recovered data\8918-$RRUCHT4.xls,.xls,0.04,OK,
C:\Users\User\OneDrive\Documents\Uni\Dissertation\SSD Files\Kingston A400\TRIM Deletion\Recovered data\8921-$RA7RTEH.xls,.xls,0.11,OK,
C:\Users\User\OneDrive\Documents\Uni\Dissertation\SSD Files\Kingston A400\TRIM Deletion\Recovered data\8924-$R7RVM3G.xls,.xls,0.05,OK,
C:\Users\User\OneDrive\Documents\Uni\Dissertation\SSD Files\Kingston A400\TRIM Deletion\Recovered data\8927-$RD51L5T.xls,.xls,0.02,OK,
C:\Users\User\OneDrive\Documents\Uni\Dissertation\SSD Files\Kingston A400\TRIM Deletion\Recovered data\8930-$RUA2E1I.xls,.xls,0.03,OK,
C:\Users\User\OneDrive\Documents\Uni\Dissertation\SSD Files\Kingston A400\TRIM Deletion\Recovered data\8933-$RR9OW2A.xls,.xls,0.03,OK,
C:\Users\User\OneDrive\Documents\Uni\Dissertation\SSD Files\Kingston A400\TRIM Deletion\Recovered data\8936-$RFEEKB6.xls,.xls,0.02,OK,
C:\Users\User\OneDrive\Documents\Uni\Dissertation\SSD Files\Kingston A400\TRIM Deletion\Recovered data\8938-$RDQG3AC.xls,.xls,0.11,OK,
C:\Users\User\OneDrive\Documents\Uni\Dissertation\SSD Files\Kingston A400\TRIM Deletion\Recovered data\894-$RIPGHQO.doc,.doc,0.15,OK,
C:\Users\User\OneDrive\Documents\Uni\Dissertation\SSD Files\Kingston A400\TRIM Deletion\Recovered data\8941-$R7IPZHC.xls,.xls,0.04,OK,
C:\Users\User\OneDrive\Documents\Uni\Dissertation\SSD Files\Kingston A400\TRIM Deletion\Recovered data\8944-$RU6W75R.xls,.xls,0.02,OK,
C:\Users\User\OneDrive\Documents\Uni\Dissertation\SSD Files\Kingston A400\TRIM Deletion\Recovered data\8947-$R1DRPIZ.xls,.xls,0.03,OK,
C:\Users\User\OneDrive\Documents\Uni\Dissertation\SSD Files\Kingston A400\TRIM Deletion\Recovered data\8950-$RJ5ZDNA.xls,.xls,3.59,OK,
C:\Users\User\OneDrive\Documents\Uni\Dissertation\SSD Files\Kingston A400\TRIM Deletion\Recovered data\8953-$R2APKVA.xls,.xls,0.03,OK,
C:\Users\User\OneDrive\Documents\Uni\Dissertation\SSD Files\Kingston A400\TRIM Deletion\Recovered data\8956-$RGC1LA5.xls,.xls,0.12,OK,
C:\Users\User\OneDrive\Documents\Uni\Dissertation\SSD Files\Kingston A400\TRIM Deletion\Recovered data\8959-$RZ5D1M8.xls,.xls,0.09,OK,
C:\Users\User\OneDrive\Documents\Uni\Dissertation\SSD Files\Kingston A400\TRIM Deletion\Recovered data\8961-$ROJQDSI.xls,.xls,0.06,OK,
C:\Users\User\OneDrive\Documents\Uni\Dissertation\SSD Files\Kingston A400\TRIM Deletion\Recovered data\8964-$RZ606RR.xls,.xls,0.02,OK,
C:\Users\User\OneDrive\Documents\Uni\Dissertation\SSD Files\Kingston A400\TRIM Deletion\Recovered data\8967-$R9WSBZH.xls,.xls,0.21,FAILED,"(-2147352567, 'Exception occurred.', (0, 'Microsoft Excel', 'Open method of Workbooks class failed', 'xlmain11.chm', 0, -2146827284), None)"
C:\Users\User\OneDrive\Documents\Uni\Dissertation\SSD Files\Kingston A400\TRIM Deletion\Recovered data\897-$RH33X7J.doc,.doc,0.1,OK,
C:\Users\User\OneDrive\Documents\Uni\Dissertation\SSD Files\Kingston A400\TRIM Deletion\Recovered data\8970-$R0UV03G.xls,.xls,0.06,OK,
C:\Users\User\OneDrive\Documents\Uni\Dissertation\SSD Files\Kingston A400\TRIM Deletion\Recovered data\8972-$RCP95K8.xls,.xls,0.04,OK,
C:\Users\User\OneDrive\Documents\Uni\Dissertation\SSD Files\Kingston A400\TRIM Deletion\Recovered data\8975-$RN4Z1QE.xls,.xls,0.36,OK,
C:\Users\User\OneDrive\Documents\Uni\Dissertation\SSD Files\Kingston A400\TRIM Deletion\Recovered data\8978-$R0W1CGR.xls,.xls,4.32,FAILED,"(-2147352567, 'Exception occurred.', (0, 'Microsoft Excel', 'Office has detected a problem with this file. To help protect your computer this file cannot be opened.', 'xlmain11.chm', 0, -2146827284), None)"
C:\Users\User\OneDrive\Documents\Uni\Dissertation\SSD Files\Kingston A400\TRIM Deletion\Recovered data\8980-$RBM4RCV.xls,.xls,0.12,OK,
C:\Users\User\OneDrive\Documents\Uni\Dissertation\SSD Files\Kingston A400\TRIM Deletion\Recovered data\8982-$RBWJA0L.xls,.xls,0.03,OK,
C:\Users\User\OneDrive\Documents\Uni\Dissertation\SSD Files\Kingston A400\TRIM Deletion\Recovered data\8985-$RGZVEPF.xls,.xls,0.06,OK,
C:\Users\User\OneDrive\Documents\Uni\Dissertation\SSD Files\Kingston A400\TRIM Deletion\Recovered data\8988-$RLRIF7N.xls,.xls,0.04,OK,
C:\Users\User\OneDrive\Documents\Uni\Dissertation\SSD Files\Kingston A400\TRIM Deletion\Recovered data\8991-$RCO9DID.xls,.xls,0.02,OK,
C:\Users\User\OneDrive\Documents\Uni\Dissertation\SSD Files\Kingston A400\TRIM Deletion\Recovered data\8994-$RBRP71C.xls,.xls,0.02,OK,
C:\Users\User\OneDrive\Documents\Uni\Dissertation\SSD Files\Kingston A400\TRIM Deletion\Recovered data\8997-$RFKH4FM.xls,.xls,0.02,OK,
C:\Users\User\OneDrive\Documents\Uni\Dissertation\SSD Files\Kingston A400\TRIM Deletion\Recovered data\900-$R10SUIK.doc,.doc,0.78,FAILED,"(-2147352567, 'Exception occurred.', (0, 'Microsoft Word', 'Word experienced an error trying to open the file.\nTry these suggestions.\n* Check the file permissions for the document or drive.\n* Make sure there is sufficient free memory and disk space.\n* Open the file with the Text Recovery converter.\r (C:\\Users\\User\\...\\900-$R10SUIK.doc)', 'wdmain11.chm', 24601, -2146823167), None)"
C:\Users\User\OneDrive\Documents\Uni\Dissertation\SSD Files\Kingston A400\TRIM Deletion\Recovered data\9000-$R14L0JO.xls,.xls,0.07,OK,
C:\Users\User\OneDrive\Documents\Uni\Dissertation\SSD Files\Kingston A400\TRIM Deletion\Recovered data\9003-$RF3ZPC7.xls,.xls,0.57,OK,
C:\Users\User\OneDrive\Documents\Uni\Dissertation\SSD Files\Kingston A400\TRIM Deletion\Recovered data\9006-$RVY31QB.xls,.xls,0.08,OK,
C:\Users\User\OneDrive\Documents\Uni\Dissertation\SSD Files\Kingston A400\TRIM Deletion\Recovered data\9009-$RJJXVX5.xls,.xls,0.09,OK,
C:\Users\User\OneDrive\Documents\Uni\Dissertation\SSD Files\Kingston A400\TRIM Deletion\Recovered data\9012-$RO8A14B.xls,.xls,0.08,OK,
C:\Users\User\OneDrive\Documents\Uni\Dissertation\SSD Files\Kingston A400\TRIM Deletion\Recovered data\9014-$REIKUMR.xls,.xls,0.01,OK,
C:\Users\User\OneDrive\Documents\Uni\Dissertation\SSD Files\Kingston A400\TRIM Deletion\Recovered data\9017-$RBAVANA.xls,.xls,0.03,OK,
C:\Users\User\OneDrive\Documents\Uni\Dissertation\SSD Files\Kingston A400\TRIM Deletion\Recovered data\9020-$RJYDROG.xls,.xls,0.01,OK,
C:\Users\User\OneDrive\Documents\Uni\Dissertation\SSD Files\Kingston A400\TRIM Deletion\Recovered data\9023-$RON5ICL.xls,.xls,0.02,OK,
C:\Users\User\OneDrive\Documents\Uni\Dissertation\SSD Files\Kingston A400\TRIM Deletion\Recovered data\9026-$R6MZ5PN.xls,.xls,1.27,FAILED,"(-2147352567, 'Exception occurred.', (0, 'Microsoft Excel', 'Office has detected a problem with this file. To help protect your computer this file cannot be opened.', 'xlmain11.chm', 0, -2146827284), None)"
C:\Users\User\OneDrive\Documents\Uni\Dissertation\SSD Files\Kingston A400\TRIM Deletion\Recovered data\9029-$RG4TFP1.xls,.xls,0.04,OK,
C:\Users\User\OneDrive\Documents\Uni\Dissertation\SSD Files\Kingston A400\TRIM Deletion\Recovered data\903-$ROSXXO8.doc,.doc,0.17,OK,
C:\Users\User\OneDrive\Documents\Uni\Dissertation\SSD Files\Kingston A400\TRIM Deletion\Recovered data\9032-$RS11V3H.xls,.xls,0.06,OK,
C:\Users\User\OneDrive\Documents\Uni\Dissertation\SSD Files\Kingston A400\TRIM Deletion\Recovered data\9035-$RWUXHTD.xls,.xls,0.08,OK,
C:\Users\User\OneDrive\Documents\Uni\Dissertation\SSD Files\Kingston A400\TRIM Deletion\Recovered data\9038-$RY0HX0G.xls,.xls,0.09,OK,
C:\Users\User\OneDrive\Documents\Uni\Dissertation\SSD Files\Kingston A400\TRIM Deletion\Recovered data\9041-$RRKA14C.xls,.xls,0.65,OK,
C:\Users\User\OneDrive\Documents\Uni\Dissertation\SSD Files\Kingston A400\TRIM Deletion\Recovered data\9044-$RSI2D9R.xls,.xls,0.65,OK,
C:\Users\User\OneDrive\Documents\Uni\Dissertation\SSD Files\Kingston A400\TRIM Deletion\Recovered data\9047-$RGTMNNZ.xls,.xls,0.36,OK,
C:\Users\User\OneDrive\Documents\Uni\Dissertation\SSD Files\Kingston A400\TRIM Deletion\Recovered data\9049-$RR7B1TS.xls,.xls,0.04,OK,
C:\Users\User\OneDrive\Documents\Uni\Dissertation\SSD Files\Kingston A400\TRIM Deletion\Recovered data\9051-$RX5BWIY.xls,.xls,0.05,OK,
C:\Users\User\OneDrive\Documents\Uni\Dissertation\SSD Files\Kingston A400\TRIM Deletion\Recovered data\9054-$RQLZ6YF.xls,.xls,0.04,OK,
C:\Users\User\OneDrive\Documents\Uni\Dissertation\SSD Files\Kingston A400\TRIM Deletion\Recovered data\9057-$RZR94IE.xls,.xls,0.07,OK,
C:\Users\User\OneDrive\Documents\Uni\Dissertation\SSD Files\Kingston A400\TRIM Deletion\Recovered data\9059-$RGB1ZOR.xls,.xls,0.04,OK,
C:\Users\User\OneDrive\Documents\Uni\Dissertation\SSD Files\Kingston A400\TRIM Deletion\Recovered data\906-$RIXJE2R.doc,.doc,0.07,OK,
C:\Users\User\OneDrive\Documents\Uni\Dissertation\SSD Files\Kingston A400\TRIM Deletion\Recovered data\9062-$RCVXH11.xls,.xls,0.05,OK,
C:\Users\User\OneDrive\Documents\Uni\Dissertation\SSD Files\Kingston A400\TRIM Deletion\Recovered data\9064-$R81NNN1.xls,.xls,0.07,OK,
C:\Users\User\OneDrive\Documents\Uni\Dissertation\SSD Files\Kingston A400\TRIM Deletion\Recovered data\9066-$R1UD4FF.xls,.xls,6.67,FAILED,"(-2147352567, 'Exception occurred.', (0, 'Microsoft Excel', 'Office has detected a problem with this file. To help protect your computer this file cannot be opened.', 'xlmain11.chm', 0, -2146827284), None)"
C:\Users\User\OneDrive\Documents\Uni\Dissertation\SSD Files\Kingston A400\TRIM Deletion\Recovered data\9069-$RQH4ZVX.xls,.xls,0.02,OK,
C:\Users\User\OneDrive\Documents\Uni\Dissertation\SSD Files\Kingston A400\TRIM Deletion\Recovered data\9071-$RLQB3TI.xls,.xls,0.02,OK,
C:\Users\User\OneDrive\Documents\Uni\Dissertation\SSD Files\Kingston A400\TRIM Deletion\Recovered data\9074-$R8ITRQ1.xls,.xls,0.75,FAILED,"(-2147352567, 'Exception occurred.', (0, 'Microsoft Excel', 'Office has detected a problem with this file. To help protect your computer this file cannot be opened.', 'xlmain11.chm', 0, -2146827284), None)"
C:\Users\User\OneDrive\Documents\Uni\Dissertation\SSD Files\Kingston A400\TRIM Deletion\Recovered data\9076-$RXRMZUR.xls,.xls,2.61,OK,
C:\Users\User\OneDrive\Documents\Uni\Dissertation\SSD Files\Kingston A400\TRIM Deletion\Recovered data\9079-$RJ01BP9.xls,.xls,0.75,OK,
C:\Users\User\OneDrive\Documents\Uni\Dissertation\SSD Files\Kingston A400\TRIM Deletion\Recovered data\9082-$R17903D.xls,.xls,38.63,OK,
C:\Users\User\OneDrive\Documents\Uni\Dissertation\SSD Files\Kingston A400\TRIM Deletion\Recovered data\9084-$RL625TN.xls,.xls,0.03,OK,
C:\Users\User\OneDrive\Documents\Uni\Dissertation\SSD Files\Kingston A400\TRIM Deletion\Recovered data\9087-$RTO7H8M.xls,.xls,7.37,OK,
C:\Users\User\OneDrive\Documents\Uni\Dissertation\SSD Files\Kingston A400\TRIM Deletion\Recovered data\909-$RYACGF6.doc,.doc,0.86,OK,
C:\Users\User\OneDrive\Documents\Uni\Dissertation\SSD Files\Kingston A400\TRIM Deletion\Recovered data\9090-$RIRES7W.xls,.xls,4.05,OK,
C:\Users\User\OneDrive\Documents\Uni\Dissertation\SSD Files\Kingston A400\TRIM Deletion\Recovered data\9093-$RFN8P3P.xls,.xls,0.56,OK,
C:\Users\User\OneDrive\Documents\Uni\Dissertation\SSD Files\Kingston A400\TRIM Deletion\Recovered data\9096-$R1O2LKO.xls,.xls,0.09,OK,
C:\Users\User\OneDrive\Documents\Uni\Dissertation\SSD Files\Kingston A400\TRIM Deletion\Recovered data\9098-$RMY1Y03.xls,.xls,0.02,OK,
C:\Users\User\OneDrive\Documents\Uni\Dissertation\SSD Files\Kingston A400\TRIM Deletion\Recovered data\9101-$ROV50ON.xls,.xls,0.08,OK,
C:\Users\User\OneDrive\Documents\Uni\Dissertation\SSD Files\Kingston A400\TRIM Deletion\Recovered data\9104-$R3WNGL1.xls,.xls,0.23,FAILED,"(-2147352567, 'Exception occurred.', (0, 'Microsoft Excel', 'Open method of Workbooks class failed', 'xlmain11.chm', 0, -2146827284), None)"
C:\Users\User\OneDrive\Documents\Uni\Dissertation\SSD Files\Kingston A400\TRIM Deletion\Recovered data\9107-$R7RYLQ8.xls,.xls,0.04,OK,
C:\Users\User\OneDrive\Documents\Uni\Dissertation\SSD Files\Kingston A400\TRIM Deletion\Recovered data\9110-$R5XY0YM.xls,.xls,0.06,OK,
C:\Users\User\OneDrive\Documents\Uni\Dissertation\SSD Files\Kingston A400\TRIM Deletion\Recovered data\9112-$RMRNQWV.xls,.xls,0.03,OK,
C:\Users\User\OneDrive\Documents\Uni\Dissertation\SSD Files\Kingston A400\TRIM Deletion\Recovered data\9115-$RE4VJP3.xls,.xls,0.05,OK,
C:\Users\User\OneDrive\Documents\Uni\Dissertation\SSD Files\Kingston A400\TRIM Deletion\Recovered data\9117-$RUY389H.xls,.xls,0.04,OK,
C:\Users\User\OneDrive\Documents\Uni\Dissertation\SSD Files\Kingston A400\TRIM Deletion\Recovered data\912-$RUUAHKB.doc,.doc,0.02,OK,
C:\Users\User\OneDrive\Documents\Uni\Dissertation\SSD Files\Kingston A400\TRIM Deletion\Recovered data\9120-$R6EPU3D.xls,.xls,0.07,FAILED,"(-2147352567, 'Exception occurred.', (0, 'Microsoft Excel', 'Office has detected a problem with this file. To help protect your computer this file cannot be opened.', 'xlmain11.chm', 0, -2146827284), None)"
C:\Users\User\OneDrive\Documents\Uni\Dissertation\SSD Files\Kingston A400\TRIM Deletion\Recovered data\9122-$RPACULN.xls,.xls,0.1,OK,
C:\Users\User\OneDrive\Documents\Uni\Dissertation\SSD Files\Kingston A400\TRIM Deletion\Recovered data\9125-$ROYD29A.xls,.xls,0.04,OK,
C:\Users\User\OneDrive\Documents\Uni\Dissertation\SSD Files\Kingston A400\TRIM Deletion\Recovered data\9128-$RV1Y47P.xls,.xls,0.04,OK,
C:\Users\User\OneDrive\Documents\Uni\Dissertation\SSD Files\Kingston A400\TRIM Deletion\Recovered data\9131-$RHQMLBG.xls,.xls,0.1,OK,
C:\Users\User\OneDrive\Documents\Uni\Dissertation\SSD Files\Kingston A400\TRIM Deletion\Recovered data\9133-$R6VRPNP.xls,.xls,0.02,OK,
C:\Users\User\OneDrive\Documents\Uni\Dissertation\SSD Files\Kingston A400\TRIM Deletion\Recovered data\9136-$RVIOK4J.xls,.xls,0.4,OK,
C:\Users\User\OneDrive\Documents\Uni\Dissertation\SSD Files\Kingston A400\TRIM Deletion\Recovered data\9139-$RGSD3YA.xls,.xls,0.1,OK,
C:\Users\User\OneDrive\Documents\Uni\Dissertation\SSD Files\Kingston A400\TRIM Deletion\Recovered data\9142-$RTAJ1RL.xls,.xls,0.93,OK,
C:\Users\User\OneDrive\Documents\Uni\Dissertation\SSD Files\Kingston A400\TRIM Deletion\Recovered data\9145-$RAJQCQC.xls,.xls,0.74,FAILED,"(-2147352567, 'Exception occurred.', (0, 'Microsoft Excel', 'Open method of Workbooks class failed', 'xlmain11.chm', 0, -2146827284), None)"
C:\Users\User\OneDrive\Documents\Uni\Dissertation\SSD Files\Kingston A400\TRIM Deletion\Recovered data\9148-$RKQ79V0.xls,.xls,0.23,OK,
C:\Users\User\OneDrive\Documents\Uni\Dissertation\SSD Files\Kingston A400\TRIM Deletion\Recovered data\915-$R57FU6S.doc,.doc,0.03,OK,
C:\Users\User\OneDrive\Documents\Uni\Dissertation\SSD Files\Kingston A400\TRIM Deletion\Recovered data\9151-$RPWYYIY.xls,.xls,0.03,OK,
C:\Users\User\OneDrive\Documents\Uni\Dissertation\SSD Files\Kingston A400\TRIM Deletion\Recovered data\9154-$ROYX67W.xls,.xls,0.1,OK,
C:\Users\User\OneDrive\Documents\Uni\Dissertation\SSD Files\Kingston A400\TRIM Deletion\Recovered data\9157-$R4E0EQJ.xls,.xls,0.14,FAILED,"(-2147352567, 'Exception occurred.', (0, 'Microsoft Excel', 'Office has detected a problem with this file. To help protect your computer this file cannot be opened.', 'xlmain11.chm', 0, -2146827284), None)"
C:\Users\User\OneDrive\Documents\Uni\Dissertation\SSD Files\Kingston A400\TRIM Deletion\Recovered data\9160-$RA1UPRK.xls,.xls,0.02,OK,
C:\Users\User\OneDrive\Documents\Uni\Dissertation\SSD Files\Kingston A400\TRIM Deletion\Recovered data\9163-$RT6O6GF.xls,.xls,0.05,OK,
C:\Users\User\OneDrive\Documents\Uni\Dissertation\SSD Files\Kingston A400\TRIM Deletion\Recovered data\9166-$RADJTF2.xls,.xls,0.37,FAILED,"(-2147352567, 'Exception occurred.', (0, 'Microsoft Excel', 'Open method of Workbooks class failed', 'xlmain11.chm', 0, -2146827284), None)"
C:\Users\User\OneDrive\Documents\Uni\Dissertation\SSD Files\Kingston A400\TRIM Deletion\Recovered data\9169-$R2AMOH4.xls,.xls,0.11,FAILED,"(-2147352567, 'Exception occurred.', (0, 'Microsoft Excel', 'Office has detected a problem with this file. To help protect your computer this file cannot be opened.', 'xlmain11.chm', 0, -2146827284), None)"
C:\Users\User\OneDrive\Documents\Uni\Dissertation\SSD Files\Kingston A400\TRIM Deletion\Recovered data\9172-$R7QDYTI.xls,.xls,0.07,OK,
C:\Users\User\OneDrive\Documents\Uni\Dissertation\SSD Files\Kingston A400\TRIM Deletion\Recovered data\9175-$RLQAULK.xls,.xls,0.35,OK,
C:\Users\User\OneDrive\Documents\Uni\Dissertation\SSD Files\Kingston A400\TRIM Deletion\Recovered data\9178-$R2J0GTO.xls,.xls,0.07,FAILED,"(-2147352567, 'Exception occurred.', (0, 'Microsoft Excel', 'Office has detected a problem with this file. To help protect your computer this file cannot be opened.', 'xlmain11.chm', 0, -2146827284), None)"
C:\Users\User\OneDrive\Documents\Uni\Dissertation\SSD Files\Kingston A400\TRIM Deletion\Recovered data\918-$R2YCD4Y.doc,.doc,0.12,FAILED,"(-2147352567, 'Exception occurred.', (0, 'Microsoft Word', 'Office has detected a problem with this file. To help protect your computer this file cannot be opened.\r (C:\\Users\\User\\...\\918-$R2YCD4Y.doc)', 'wdmain11.chm', 25775, -2146821993), None)"
C:\Users\User\OneDrive\Documents\Uni\Dissertation\SSD Files\Kingston A400\TRIM Deletion\Recovered data\9181-$RLRRQ8L.xls,.xls,0.04,OK,
C:\Users\User\OneDrive\Documents\Uni\Dissertation\SSD Files\Kingston A400\TRIM Deletion\Recovered data\9184-$RF6ZU3P.xls,.xls,0.43,OK,
C:\Users\User\OneDrive\Documents\Uni\Dissertation\SSD Files\Kingston A400\TRIM Deletion\Recovered data\9187-$R1ZXVRW.xls,.xls,0.17,FAILED,"(-2147352567, 'Exception occurred.', (0, 'Microsoft Excel', 'Office has detected a problem with this file. To help protect your computer this file cannot be opened.', 'xlmain11.chm', 0, -2146827284), None)"
C:\Users\User\OneDrive\Documents\Uni\Dissertation\SSD Files\Kingston A400\TRIM Deletion\Recovered data\9190-$RIMI6W9.xls,.xls,2.57,OK,
C:\Users\User\OneDrive\Documents\Uni\Dissertation\SSD Files\Kingston A400\TRIM Deletion\Recovered data\9193-$RX125RC.xls,.xls,0.55,OK,
C:\Users\User\OneDrive\Documents\Uni\Dissertation\SSD Files\Kingston A400\TRIM Deletion\Recovered data\9196-$R8BMO2K.xls,.xls,0.03,OK,
C:\Users\User\OneDrive\Documents\Uni\Dissertation\SSD Files\Kingston A400\TRIM Deletion\Recovered data\9199-$RVSBRXJ.xls,.xls,5.67,OK,
C:\Users\User\OneDrive\Documents\Uni\Dissertation\SSD Files\Kingston A400\TRIM Deletion\Recovered data\92-$RCSI8GS.doc,.doc,1.55,OK,
C:\Users\User\OneDrive\Documents\Uni\Dissertation\SSD Files\Kingston A400\TRIM Deletion\Recovered data\9202-$RA9HVMX.xls,.xls,0.03,OK,
C:\Users\User\OneDrive\Documents\Uni\Dissertation\SSD Files\Kingston A400\TRIM Deletion\Recovered data\9205-$R831PAR.xls,.xls,0.03,OK,
C:\Users\User\OneDrive\Documents\Uni\Dissertation\SSD Files\Kingston A400\TRIM Deletion\Recovered data\9208-$RDCPE3J.xls,.xls,0.05,OK,
C:\Users\User\OneDrive\Documents\Uni\Dissertation\SSD Files\Kingston A400\TRIM Deletion\Recovered data\921-$RMQJNZ4.doc,.doc,0.32,OK,
C:\Users\User\OneDrive\Documents\Uni\Dissertation\SSD Files\Kingston A400\TRIM Deletion\Recovered data\9211-$R7P6F57.xls,.xls,0.21,FAILED,"(-2147352567, 'Exception occurred.', (0, 'Microsoft Excel', 'Office has detected a problem with this file. To help protect your computer this file cannot be opened.', 'xlmain11.chm', 0, -2146827284), None)"
C:\Users\User\OneDrive\Documents\Uni\Dissertation\SSD Files\Kingston A400\TRIM Deletion\Recovered data\9214-$RZ9FBA9.xls,.xls,0.05,OK,
C:\Users\User\OneDrive\Documents\Uni\Dissertation\SSD Files\Kingston A400\TRIM Deletion\Recovered data\9217-$RMTAJR2.xls,.xls,1.12,OK,
C:\Users\User\OneDrive\Documents\Uni\Dissertation\SSD Files\Kingston A400\TRIM Deletion\Recovered data\9220-$RI4L1EM.xls,.xls,0.2,OK,
C:\Users\User\OneDrive\Documents\Uni\Dissertation\SSD Files\Kingston A400\TRIM Deletion\Recovered data\9223-$RT5Q1T7.xls,.xls,0.2,OK,
C:\Users\User\OneDrive\Documents\Uni\Dissertation\SSD Files\Kingston A400\TRIM Deletion\Recovered data\9226-$RD6UTFW.xls,.xls,0.86,OK,
C:\Users\User\OneDrive\Documents\Uni\Dissertation\SSD Files\Kingston A400\TRIM Deletion\Recovered data\9229-$R1JAI3L.xls,.xls,2.2,FAILED,"(-2147352567, 'Exception occurred.', (0, 'Microsoft Excel', 'Open method of Workbooks class failed', 'xlmain11.chm', 0, -2146827284), None)"
C:\Users\User\OneDrive\Documents\Uni\Dissertation\SSD Files\Kingston A400\TRIM Deletion\Recovered data\9231-$RZUFF5X.xls,.xls,0.03,OK,
C:\Users\User\OneDrive\Documents\Uni\Dissertation\SSD Files\Kingston A400\TRIM Deletion\Recovered data\9233-$R5LNFGE.xls,.xls,0.03,OK,
C:\Users\User\OneDrive\Documents\Uni\Dissertation\SSD Files\Kingston A400\TRIM Deletion\Recovered data\9236-$R43K8I9.xls,.xls,0.59,FAILED,"(-2147352567, 'Exception occurred.', (0, 'Microsoft Excel', 'Office has detected a problem with this file. To help protect your computer this file cannot be opened.', 'xlmain11.chm', 0, -2146827284), None)"
C:\Users\User\OneDrive\Documents\Uni\Dissertation\SSD Files\Kingston A400\TRIM Deletion\Recovered data\9238-$RAVBRO2.xls,.xls,0.09,FAILED,"(-2147352567, 'Exception occurred.', (0, 'Microsoft Excel', 'Open method of Workbooks class failed', 'xlmain11.chm', 0, -2146827284), None)"
C:\Users\User\OneDrive\Documents\Uni\Dissertation\SSD Files\Kingston A400\TRIM Deletion\Recovered data\924-$RSMFE49.doc,.doc,0.12,OK,
C:\Users\User\OneDrive\Documents\Uni\Dissertation\SSD Files\Kingston A400\TRIM Deletion\Recovered data\9241-$RV7WMOL.xls,.xls,0.19,OK,
C:\Users\User\OneDrive\Documents\Uni\Dissertation\SSD Files\Kingston A400\TRIM Deletion\Recovered data\9244-$RMD3GBF.xls,.xls,0.21,OK,
C:\Users\User\OneDrive\Documents\Uni\Dissertation\SSD Files\Kingston A400\TRIM Deletion\Recovered data\9247-$R2EJWPX.xls,.xls,0.06,OK,
C:\Users\User\OneDrive\Documents\Uni\Dissertation\SSD Files\Kingston A400\TRIM Deletion\Recovered data\9250-$RS4HD65.xls,.xls,0.03,OK,
C:\Users\User\OneDrive\Documents\Uni\Dissertation\SSD Files\Kingston A400\TRIM Deletion\Recovered data\9253-$RDTT8LU.xls,.xls,0.02,OK,
C:\Users\User\OneDrive\Documents\Uni\Dissertation\SSD Files\Kingston A400\TRIM Deletion\Recovered data\9256-$RS99SQC.xls,.xls,0.03,OK,
C:\Users\User\OneDrive\Documents\Uni\Dissertation\SSD Files\Kingston A400\TRIM Deletion\Recovered data\9259-$RX1FL3F.xls,.xls,0.26,OK,
C:\Users\User\OneDrive\Documents\Uni\Dissertation\SSD Files\Kingston A400\TRIM Deletion\Recovered data\9262-$RA4NO7M.xls,.xls,0.24,FAILED,"(-2147352567, 'Exception occurred.', (0, 'Microsoft Excel', 'Open method of Workbooks class failed', 'xlmain11.chm', 0, -2146827284), None)"
C:\Users\User\OneDrive\Documents\Uni\Dissertation\SSD Files\Kingston A400\TRIM Deletion\Recovered data\9264-$RHN1TL1.xls,.xls,0.42,OK,
C:\Users\User\OneDrive\Documents\Uni\Dissertation\SSD Files\Kingston A400\TRIM Deletion\Recovered data\9267-$R01HHTG.xls,.xls,0.03,OK,
C:\Users\User\OneDrive\Documents\Uni\Dissertation\SSD Files\Kingston A400\TRIM Deletion\Recovered data\927-$ROYSO0Z.doc,.doc,0.06,OK,
C:\Users\User\OneDrive\Documents\Uni\Dissertation\SSD Files\Kingston A400\TRIM Deletion\Recovered data\9270-$RL24BXR.xls,.xls,0.3,OK,
C:\Users\User\OneDrive\Documents\Uni\Dissertation\SSD Files\Kingston A400\TRIM Deletion\Recovered data\9273-$R2TUC9B.xls,.xls,0.17,FAILED,"(-2147352567, 'Exception occurred.', (0, 'Microsoft Excel', 'Office has detected a problem with this file. To help protect your computer this file cannot be opened.', 'xlmain11.chm', 0, -2146827284), None)"
C:\Users\User\OneDrive\Documents\Uni\Dissertation\SSD Files\Kingston A400\TRIM Deletion\Recovered data\9276-$RU15KSG.xls,.xls,5.19,OK,
C:\Users\User\OneDrive\Documents\Uni\Dissertation\SSD Files\Kingston A400\TRIM Deletion\Recovered data\9279-$RRAP8NN.xls,.xls,0.08,OK,
C:\Users\User\OneDrive\Documents\Uni\Dissertation\SSD Files\Kingston A400\TRIM Deletion\Recovered data\9282-$RI3FDSS.xls,.xls,5.26,OK,
C:\Users\User\OneDrive\Documents\Uni\Dissertation\SSD Files\Kingston A400\TRIM Deletion\Recovered data\9285-$R9AK3TZ.xls,.xls,0.06,OK,
C:\Users\User\OneDrive\Documents\Uni\Dissertation\SSD Files\Kingston A400\TRIM Deletion\Recovered data\9288-$RGP5MXE.xls,.xls,0.1,OK,
C:\Users\User\OneDrive\Documents\Uni\Dissertation\SSD Files\Kingston A400\TRIM Deletion\Recovered data\9291-$RQEBCZX.xls,.xls,0.58,OK,
C:\Users\User\OneDrive\Documents\Uni\Dissertation\SSD Files\Kingston A400\TRIM Deletion\Recovered data\9294-$RY8PPFL.xls,.xls,0.06,OK,
C:\Users\User\OneDrive\Documents\Uni\Dissertation\SSD Files\Kingston A400\TRIM Deletion\Recovered data\9297-$R7QLOZH.xls,.xls,3.79,FAILED,"(-2147352567, 'Exception occurred.', (0, 'Microsoft Excel', 'Office has detected a problem with this file. To help protect your computer this file cannot be opened.', 'xlmain11.chm', 0, -2146827284), None)"
C:\Users\User\OneDrive\Documents\Uni\Dissertation\SSD Files\Kingston A400\TRIM Deletion\Recovered data\930-$RTF1BF2.doc,.doc,0.06,OK,
C:\Users\User\OneDrive\Documents\Uni\Dissertation\SSD Files\Kingston A400\TRIM Deletion\Recovered data\9300-$RIWPP7D.xls,.xls,0.05,OK,
C:\Users\User\OneDrive\Documents\Uni\Dissertation\SSD Files\Kingston A400\TRIM Deletion\Recovered data\9303-$R63RJX9.xls,.xls,0.32,FAILED,"(-2147352567, 'Exception occurred.', (0, 'Microsoft Excel', 'Office has detected a problem with this file. To help protect your computer this file cannot be opened.', 'xlmain11.chm', 0, -2146827284), None)"
C:\Users\User\OneDrive\Documents\Uni\Dissertation\SSD Files\Kingston A400\TRIM Deletion\Recovered data\9306-$R1V6EK5.xls,.xls,0.03,OK,
C:\Users\User\OneDrive\Documents\Uni\Dissertation\SSD Files\Kingston A400\TRIM Deletion\Recovered data\9309-$R5PVMMK.xls,.xls,0.04,OK,
C:\Users\User\OneDrive\Documents\Uni\Dissertation\SSD Files\Kingston A400\TRIM Deletion\Recovered data\9312-$RTVKB2K.xls,.xls,0.03,OK,
C:\Users\User\OneDrive\Documents\Uni\Dissertation\SSD Files\Kingston A400\TRIM Deletion\Recovered data\9315-$R8RCFLK.xls,.xls,5.42,FAILED,"(-2147352567, 'Exception occurred.', (0, 'Microsoft Excel', 'Office has detected a problem with this file. To help protect your computer this file cannot be opened.', 'xlmain11.chm', 0, -2146827284), None)"
C:\Users\User\OneDrive\Documents\Uni\Dissertation\SSD Files\Kingston A400\TRIM Deletion\Recovered data\9318-$RHWUG53.xls,.xls,0.03,OK,
C:\Users\User\OneDrive\Documents\Uni\Dissertation\SSD Files\Kingston A400\TRIM Deletion\Recovered data\9321-$REFBNOW.xls,.xls,5.49,OK,
C:\Users\User\OneDrive\Documents\Uni\Dissertation\SSD Files\Kingston A400\TRIM Deletion\Recovered data\9324-$RQKAIOE.xls,.xls,0.03,OK,
C:\Users\User\OneDrive\Documents\Uni\Dissertation\SSD Files\Kingston A400\TRIM Deletion\Recovered data\9327-$RDPBSOX.xls,.xls,0.02,OK,
C:\Users\User\OneDrive\Documents\Uni\Dissertation\SSD Files\Kingston A400\TRIM Deletion\Recovered data\933-$RDY50F5.doc,.doc,0.12,OK,
C:\Users\User\OneDrive\Documents\Uni\Dissertation\SSD Files\Kingston A400\TRIM Deletion\Recovered data\9330-$RXBSA3M.xls,.xls,0.44,OK,
C:\Users\User\OneDrive\Documents\Uni\Dissertation\SSD Files\Kingston A400\TRIM Deletion\Recovered data\9333-$R54MKWG.xls,.xls,0.35,FAILED,"(-2147352567, 'Exception occurred.', (0, 'Microsoft Excel', 'Office has detected a problem with this file. To help protect your computer this file cannot be opened.', 'xlmain11.chm', 0, -2146827284), None)"
C:\Users\User\OneDrive\Documents\Uni\Dissertation\SSD Files\Kingston A400\TRIM Deletion\Recovered data\9336-$RL5SL1E.xls,.xls,0.47,OK,
C:\Users\User\OneDrive\Documents\Uni\Dissertation\SSD Files\Kingston A400\TRIM Deletion\Recovered data\9339-$R6WCMLV.xls,.xls,0.11,FAILED,"(-2147352567, 'Exception occurred.', (0, 'Microsoft Excel', 'Office has detected a problem with this file. To help protect your computer this file cannot be opened.', 'xlmain11.chm', 0, -2146827284), None)"
C:\Users\User\OneDrive\Documents\Uni\Dissertation\SSD Files\Kingston A400\TRIM Deletion\Recovered data\9342-$R603GRP.xls,.xls,2.13,FAILED,"(-2147352567, 'Exception occurred.', (0, 'Microsoft Excel', 'Office has detected a problem with this file. To help protect your computer this file cannot be opened.', 'xlmain11.chm', 0, -2146827284), None)"
C:\Users\User\OneDrive\Documents\Uni\Dissertation\SSD Files\Kingston A400\TRIM Deletion\Recovered data\9345-$R62I8W2.xls,.xls,0.02,OK,
C:\Users\User\OneDrive\Documents\Uni\Dissertation\SSD Files\Kingston A400\TRIM Deletion\Recovered data\9348-$R88OP4H.xls,.xls,0.02,OK,
C:\Users\User\OneDrive\Documents\Uni\Dissertation\SSD Files\Kingston A400\TRIM Deletion\Recovered data\9351-$RHOE5P6.xls,.xls,0.05,OK,
C:\Users\User\OneDrive\Documents\Uni\Dissertation\SSD Files\Kingston A400\TRIM Deletion\Recovered data\9354-$RVVIZLL.xls,.xls,0.02,OK,
C:\Users\User\OneDrive\Documents\Uni\Dissertation\SSD Files\Kingston A400\TRIM Deletion\Recovered data\9357-$RSGYWFJ.xls,.xls,0.02,OK,
C:\Users\User\OneDrive\Documents\Uni\Dissertation\SSD Files\Kingston A400\TRIM Deletion\Recovered data\9359-$R46W6VO.xls,.xls,0.02,OK,
C:\Users\User\OneDrive\Documents\Uni\Dissertation\SSD Files\Kingston A400\TRIM Deletion\Recovered data\936-$RI7B05S.doc,.doc,0.55,OK,
C:\Users\User\OneDrive\Documents\Uni\Dissertation\SSD Files\Kingston A400\TRIM Deletion\Recovered data\9362-$R7Q0S6L.xls,.xls,0.03,OK,
C:\Users\User\OneDrive\Documents\Uni\Dissertation\SSD Files\Kingston A400\TRIM Deletion\Recovered data\9365-$RAUHJKW.xls,.xls,0.02,OK,
C:\Users\User\OneDrive\Documents\Uni\Dissertation\SSD Files\Kingston A400\TRIM Deletion\Recovered data\9368-$R7KHO5D.xls,.xls,0.05,OK,
C:\Users\User\OneDrive\Documents\Uni\Dissertation\SSD Files\Kingston A400\TRIM Deletion\Recovered data\9371-$RR1NR8O.xls,.xls,0.02,OK,
C:\Users\User\OneDrive\Documents\Uni\Dissertation\SSD Files\Kingston A400\TRIM Deletion\Recovered data\9374-$R4ZV9FO.xls,.xls,0.05,OK,
C:\Users\User\OneDrive\Documents\Uni\Dissertation\SSD Files\Kingston A400\TRIM Deletion\Recovered data\9377-$R3OBAP4.xls,.xls,0.29,FAILED,"(-2147352567, 'Exception occurred.', (0, 'Microsoft Excel', 'Open method of Workbooks class failed', 'xlmain11.chm', 0, -2146827284), None)"
C:\Users\User\OneDrive\Documents\Uni\Dissertation\SSD Files\Kingston A400\TRIM Deletion\Recovered data\9379-$RY2UETO.xls,.xls,2.02,OK,
C:\Users\User\OneDrive\Documents\Uni\Dissertation\SSD Files\Kingston A400\TRIM Deletion\Recovered data\9381-$RJXV0TB.xls,.xls,0.66,OK,
C:\Users\User\OneDrive\Documents\Uni\Dissertation\SSD Files\Kingston A400\TRIM Deletion\Recovered data\9384-$RRKWJ1V.xls,.xls,0.07,OK,
C:\Users\User\OneDrive\Documents\Uni\Dissertation\SSD Files\Kingston A400\TRIM Deletion\Recovered data\9387-$R16O263.xls,.xls,0.22,FAILED,"(-2147352567, 'Exception occurred.', (0, 'Microsoft Excel', 'Office has detected a problem with this file. To help protect your computer this file cannot be opened.', 'xlmain11.chm', 0, -2146827284), None)"
C:\Users\User\OneDrive\Documents\Uni\Dissertation\SSD Files\Kingston A400\TRIM Deletion\Recovered data\939-$RK1MP72.doc,.doc,0.02,OK,
C:\Users\User\OneDrive\Documents\Uni\Dissertation\SSD Files\Kingston A400\TRIM Deletion\Recovered data\9390-$RO6H5GV.xls,.xls,0.35,OK,
C:\Users\User\OneDrive\Documents\Uni\Dissertation\SSD Files\Kingston A400\TRIM Deletion\Recovered data\9392-$RSU4WZ7.xls,.xls,0.52,OK,
C:\Users\User\OneDrive\Documents\Uni\Dissertation\SSD Files\Kingston A400\TRIM Deletion\Recovered data\9395-$RBB7E1U.xls,.xls,0.06,OK,
C:\Users\User\OneDrive\Documents\Uni\Dissertation\SSD Files\Kingston A400\TRIM Deletion\Recovered data\9398-$RXBOMI5.xls,.xls,1.5,OK,
C:\Users\User\OneDrive\Documents\Uni\Dissertation\SSD Files\Kingston A400\TRIM Deletion\Recovered data\9401-$RSI6QGG.xls,.xls,0.12,OK,
C:\Users\User\OneDrive\Documents\Uni\Dissertation\SSD Files\Kingston A400\TRIM Deletion\Recovered data\9404-$RRVT32X.xls,.xls,0.1,OK,
C:\Users\User\OneDrive\Documents\Uni\Dissertation\SSD Files\Kingston A400\TRIM Deletion\Recovered data\9407-$R2MYLUR.xls,.xls,0.02,OK,
C:\Users\User\OneDrive\Documents\Uni\Dissertation\SSD Files\Kingston A400\TRIM Deletion\Recovered data\9410-$RBLZ59Z.xls,.xls,0.42,OK,
C:\Users\User\OneDrive\Documents\Uni\Dissertation\SSD Files\Kingston A400\TRIM Deletion\Recovered data\9413-$RLP058Y.xls,.xls,0.55,OK,
C:\Users\User\OneDrive\Documents\Uni\Dissertation\SSD Files\Kingston A400\TRIM Deletion\Recovered data\9416-$R46SILA.xls,.xls,0.51,FAILED,"(-2147352567, 'Exception occurred.', (0, 'Microsoft Excel', 'Office has detected a problem with this file. To help protect your computer this file cannot be opened.', 'xlmain11.chm', 0, -2146827284), None)"
C:\Users\User\OneDrive\Documents\Uni\Dissertation\SSD Files\Kingston A400\TRIM Deletion\Recovered data\9419-$REBNHTC.xls,.xls,0.23,OK,
C:\Users\User\OneDrive\Documents\Uni\Dissertation\SSD Files\Kingston A400\TRIM Deletion\Recovered data\942-$R8E7BWC.doc,.doc,2.09,FAILED,"(-2147352567, 'Exception occurred.', (0, 'Microsoft Word', 'Office has detected a problem with this file. To help protect your computer this file cannot be opened.\r (C:\\Users\\User\\...\\942-$R8E7BWC.doc)', 'wdmain11.chm', 25775, -2146821993), None)"
C:\Users\User\OneDrive\Documents\Uni\Dissertation\SSD Files\Kingston A400\TRIM Deletion\Recovered data\9422-$RV6DHFX.xls,.xls,0.12,OK,
C:\Users\User\OneDrive\Documents\Uni\Dissertation\SSD Files\Kingston A400\TRIM Deletion\Recovered data\9425-$RAT5WZY.xls,.xls,0.04,OK,
C:\Users\User\OneDrive\Documents\Uni\Dissertation\SSD Files\Kingston A400\TRIM Deletion\Recovered data\9428-$RAWV8XC.xls,.xls,0.33,FAILED,"(-2147352567, 'Exception occurred.', (0, 'Microsoft Excel', 'Office has detected a problem with this file. To help protect your computer this file cannot be opened.', 'xlmain11.chm', 0, -2146827284), None)"
C:\Users\User\OneDrive\Documents\Uni\Dissertation\SSD Files\Kingston A400\TRIM Deletion\Recovered data\9430-$RF5OXBA.xls,.xls,0.08,OK,
C:\Users\User\OneDrive\Documents\Uni\Dissertation\SSD Files\Kingston A400\TRIM Deletion\Recovered data\9433-$RIX89F6.xls,.xls,0.35,OK,
C:\Users\User\OneDrive\Documents\Uni\Dissertation\SSD Files\Kingston A400\TRIM Deletion\Recovered data\9436-$RN102MI.xls,.xls,0.03,OK,
C:\Users\User\OneDrive\Documents\Uni\Dissertation\SSD Files\Kingston A400\TRIM Deletion\Recovered data\9439-$RWFULE4.xls,.xls,0.12,OK,
C:\Users\User\OneDrive\Documents\Uni\Dissertation\SSD Files\Kingston A400\TRIM Deletion\Recovered data\9441-$R2NCCT6.xls,.xls,0.08,FAILED,"(-2147352567, 'Exception occurred.', (0, 'Microsoft Excel', 'Open method of Workbooks class failed', 'xlmain11.chm', 0, -2146827284), None)"
C:\Users\User\OneDrive\Documents\Uni\Dissertation\SSD Files\Kingston A400\TRIM Deletion\Recovered data\9444-$RMD8M97.xls,.xls,0.07,OK,
C:\Users\User\OneDrive\Documents\Uni\Dissertation\SSD Files\Kingston A400\TRIM Deletion\Recovered data\9447-$R1WFFZO.xls,.xls,0.44,OK,
C:\Users\User\OneDrive\Documents\Uni\Dissertation\SSD Files\Kingston A400\TRIM Deletion\Recovered data\945-$R5KVCSJ.doc,.doc,0.04,OK,
C:\Users\User\OneDrive\Documents\Uni\Dissertation\SSD Files\Kingston A400\TRIM Deletion\Recovered data\9450-$RQBBBON.xls,.xls,0.05,OK,
C:\Users\User\OneDrive\Documents\Uni\Dissertation\SSD Files\Kingston A400\TRIM Deletion\Recovered data\9453-$RKBNWYF.xls,.xls,0.04,OK,
C:\Users\User\OneDrive\Documents\Uni\Dissertation\SSD Files\Kingston A400\TRIM Deletion\Recovered data\9456-$R3NDPPJ.xls,.xls,1.03,FAILED,"(-2147352567, 'Exception occurred.', (0, 'Microsoft Excel', 'Office has detected a problem with this file. To help protect your computer this file cannot be opened.', 'xlmain11.chm', 0, -2146827284), None)"
C:\Users\User\OneDrive\Documents\Uni\Dissertation\SSD Files\Kingston A400\TRIM Deletion\Recovered data\9459-$RACKA3Y.xls,.xls,0.04,OK,
C:\Users\User\OneDrive\Documents\Uni\Dissertation\SSD Files\Kingston A400\TRIM Deletion\Recovered data\9462-$RQG5FKB.xls,.xls,0.86,OK,
C:\Users\User\OneDrive\Documents\Uni\Dissertation\SSD Files\Kingston A400\TRIM Deletion\Recovered data\9465-$RMYTKGS.xls,.xls,0.49,OK,
C:\Users\User\OneDrive\Documents\Uni\Dissertation\SSD Files\Kingston A400\TRIM Deletion\Recovered data\9468-$RDD1V3X.xls,.xls,1.09,OK,
C:\Users\User\OneDrive\Documents\Uni\Dissertation\SSD Files\Kingston A400\TRIM Deletion\Recovered data\9471-$RJ1VNKL.xls,.xls,0.05,OK,
C:\Users\User\OneDrive\Documents\Uni\Dissertation\SSD Files\Kingston A400\TRIM Deletion\Recovered data\9474-$ROL9H34.xls,.xls,0.03,OK,
C:\Users\User\OneDrive\Documents\Uni\Dissertation\SSD Files\Kingston A400\TRIM Deletion\Recovered data\9477-$RRQFYPA.xls,.xls,0.03,OK,
C:\Users\User\OneDrive\Documents\Uni\Dissertation\SSD Files\Kingston A400\TRIM Deletion\Recovered data\948-$R1VKBO6.doc,.doc,0.08,FAILED,"(-2147352567, 'Exception occurred.', (0, 'Microsoft Word', 'Office has detected a problem with this file. To help protect your computer this file cannot be opened.\r (C:\\Users\\User\\...\\948-$R1VKBO6.doc)', 'wdmain11.chm', 25775, -2146821993), None)"
C:\Users\User\OneDrive\Documents\Uni\Dissertation\SSD Files\Kingston A400\TRIM Deletion\Recovered data\9480-$RFSI4XC.xls,.xls,0.42,OK,
C:\Users\User\OneDrive\Documents\Uni\Dissertation\SSD Files\Kingston A400\TRIM Deletion\Recovered data\9483-$RH9BXFX.xls,.xls,0.02,OK,
C:\Users\User\OneDrive\Documents\Uni\Dissertation\SSD Files\Kingston A400\TRIM Deletion\Recovered data\9486-$R3K7RSE.xls,.xls,0.04,OK,
C:\Users\User\OneDrive\Documents\Uni\Dissertation\SSD Files\Kingston A400\TRIM Deletion\Recovered data\9489-$RVFGEL2.xls,.xls,0.33,OK,
C:\Users\User\OneDrive\Documents\Uni\Dissertation\SSD Files\Kingston A400\TRIM Deletion\Recovered data\9492-$RLG8M6B.xls,.xls,0.06,OK,
C:\Users\User\OneDrive\Documents\Uni\Dissertation\SSD Files\Kingston A400\TRIM Deletion\Recovered data\9495-$RL69BLG.xls,.xls,0.03,OK,
C:\Users\User\OneDrive\Documents\Uni\Dissertation\SSD Files\Kingston A400\TRIM Deletion\Recovered data\9498-$RIZN4BZ.xls,.xls,0.02,OK,
C:\Users\User\OneDrive\Documents\Uni\Dissertation\SSD Files\Kingston A400\TRIM Deletion\Recovered data\95-$RHH8Q0T.doc,.doc,0.02,OK,
C:\Users\User\OneDrive\Documents\Uni\Dissertation\SSD Files\Kingston A400\TRIM Deletion\Recovered data\950-$RHJUA70.doc,.doc,0.71,OK,
C:\Users\User\OneDrive\Documents\Uni\Dissertation\SSD Files\Kingston A400\TRIM Deletion\Recovered data\9501-$RERYKXW.xls,.xls,0.02,OK,
C:\Users\User\OneDrive\Documents\Uni\Dissertation\SSD Files\Kingston A400\TRIM Deletion\Recovered data\9504-$RJQK1UT.xls,.xls,0.13,OK,
C:\Users\User\OneDrive\Documents\Uni\Dissertation\SSD Files\Kingston A400\TRIM Deletion\Recovered data\9507-$RUQ1SPX.xls,.xls,0.04,OK,
C:\Users\User\OneDrive\Documents\Uni\Dissertation\SSD Files\Kingston A400\TRIM Deletion\Recovered data\9510-$R5C0ZNT.xls,.xls,0.02,OK,
C:\Users\User\OneDrive\Documents\Uni\Dissertation\SSD Files\Kingston A400\TRIM Deletion\Recovered data\9513-$RHXE0Q8.xls,.xls,0.07,OK,
C:\Users\User\OneDrive\Documents\Uni\Dissertation\SSD Files\Kingston A400\TRIM Deletion\Recovered data\9516-$RY95KDU.xls,.xls,0.02,OK,
C:\Users\User\OneDrive\Documents\Uni\Dissertation\SSD Files\Kingston A400\TRIM Deletion\Recovered data\9519-$RWTWSYQ.xls,.xls,0.01,OK,
C:\Users\User\OneDrive\Documents\Uni\Dissertation\SSD Files\Kingston A400\TRIM Deletion\Recovered data\9522-$RVZE837.xls,.xls,0.01,OK,
C:\Users\User\OneDrive\Documents\Uni\Dissertation\SSD Files\Kingston A400\TRIM Deletion\Recovered data\9525-$RH2847M.xls,.xls,0.03,OK,
C:\Users\User\OneDrive\Documents\Uni\Dissertation\SSD Files\Kingston A400\TRIM Deletion\Recovered data\9528-$R2E4RRB.xls,.xls,0.01,OK,
C:\Users\User\OneDrive\Documents\Uni\Dissertation\SSD Files\Kingston A400\TRIM Deletion\Recovered data\953-$RKQWQ1P.doc,.doc,0.09,OK,
C:\Users\User\OneDrive\Documents\Uni\Dissertation\SSD Files\Kingston A400\TRIM Deletion\Recovered data\9531-$RMCXBQ1.xls,.xls,0.04,OK,
C:\Users\User\OneDrive\Documents\Uni\Dissertation\SSD Files\Kingston A400\TRIM Deletion\Recovered data\9534-$RAYSVJ6.xls,.xls,0.02,OK,
C:\Users\User\OneDrive\Documents\Uni\Dissertation\SSD Files\Kingston A400\TRIM Deletion\Recovered data\9537-$RB8A42V.xls,.xls,0.1,OK,
C:\Users\User\OneDrive\Documents\Uni\Dissertation\SSD Files\Kingston A400\TRIM Deletion\Recovered data\9540-$RV3RCV4.xls,.xls,0.14,OK,
C:\Users\User\OneDrive\Documents\Uni\Dissertation\SSD Files\Kingston A400\TRIM Deletion\Recovered data\9543-$R2L4FFV.xls,.xls,0.09,OK,
C:\Users\User\OneDrive\Documents\Uni\Dissertation\SSD Files\Kingston A400\TRIM Deletion\Recovered data\9546-$R8YD9OW.xls,.xls,0.07,OK,
C:\Users\User\OneDrive\Documents\Uni\Dissertation\SSD Files\Kingston A400\TRIM Deletion\Recovered data\9549-$RPW0HSN.xls,.xls,0.02,OK,
C:\Users\User\OneDrive\Documents\Uni\Dissertation\SSD Files\Kingston A400\TRIM Deletion\Recovered data\9552-$R08P34K.xls,.xls,1.92,FAILED,"(-2147352567, 'Exception occurred.', (0, 'Microsoft Excel', 'Open method of Workbooks class failed', 'xlmain11.chm', 0, -2146827284), None)"
C:\Users\User\OneDrive\Documents\Uni\Dissertation\SSD Files\Kingston A400\TRIM Deletion\Recovered data\9555-$R5JG8I5.xls,.xls,0.35,FAILED,"(-2147352567, 'Exception occurred.', (0, 'Microsoft Excel', 'Office has detected a problem with this file. To help protect your computer this file cannot be opened.', 'xlmain11.chm', 0, -2146827284), None)"
C:\Users\User\OneDrive\Documents\Uni\Dissertation\SSD Files\Kingston A400\TRIM Deletion\Recovered data\9558-$R348ADY.xls,.xls,0.02,OK,
C:\Users\User\OneDrive\Documents\Uni\Dissertation\SSD Files\Kingston A400\TRIM Deletion\Recovered data\956-$RG4CQNG.doc,.doc,0.44,OK,
C:\Users\User\OneDrive\Documents\Uni\Dissertation\SSD Files\Kingston A400\TRIM Deletion\Recovered data\9561-$RQ2SWMG.xls,.xls,0.05,OK,
C:\Users\User\OneDrive\Documents\Uni\Dissertation\SSD Files\Kingston A400\TRIM Deletion\Recovered data\9564-$R77JA7Q.xls,.xls,0.3,FAILED,"(-2147352567, 'Exception occurred.', (0, 'Microsoft Excel', 'Office has detected a problem with this file. To help protect your computer this file cannot be opened.', 'xlmain11.chm', 0, -2146827284), None)"
C:\Users\User\OneDrive\Documents\Uni\Dissertation\SSD Files\Kingston A400\TRIM Deletion\Recovered data\9567-$RDUACC3.xls,.xls,0.11,OK,
C:\Users\User\OneDrive\Documents\Uni\Dissertation\SSD Files\Kingston A400\TRIM Deletion\Recovered data\9569-$R6OY5PQ.xls,.xls,7.54,FAILED,"(-2147352567, 'Exception occurred.', (0, 'Microsoft Excel', 'Open method of Workbooks class failed', 'xlmain11.chm', 0, -2146827284), None)"
C:\Users\User\OneDrive\Documents\Uni\Dissertation\SSD Files\Kingston A400\TRIM Deletion\Recovered data\9572-$RFONWNL.xls,.xls,0.38,OK,
C:\Users\User\OneDrive\Documents\Uni\Dissertation\SSD Files\Kingston A400\TRIM Deletion\Recovered data\9575-$R7F0ZHG.xls,.xls,3.09,FAILED,"(-2147352567, 'Exception occurred.', (0, 'Microsoft Excel', 'Open method of Workbooks class failed', 'xlmain11.chm', 0, -2146827284), None)"
C:\Users\User\OneDrive\Documents\Uni\Dissertation\SSD Files\Kingston A400\TRIM Deletion\Recovered data\9578-$RE1PPMB.xls,.xls,0.18,OK,
C:\Users\User\OneDrive\Documents\Uni\Dissertation\SSD Files\Kingston A400\TRIM Deletion\Recovered data\9581-$RFCCJH5.xls,.xls,0.04,OK,
C:\Users\User\OneDrive\Documents\Uni\Dissertation\SSD Files\Kingston A400\TRIM Deletion\Recovered data\9584-$RNDJ2UN.xls,.xls,0.03,OK,
C:\Users\User\OneDrive\Documents\Uni\Dissertation\SSD Files\Kingston A400\TRIM Deletion\Recovered data\9587-$R0NPBL5.xls,.xls,0.03,OK,
C:\Users\User\OneDrive\Documents\Uni\Dissertation\SSD Files\Kingston A400\TRIM Deletion\Recovered data\959-$R4OO5MD.doc,.doc,0.03,OK,
C:\Users\User\OneDrive\Documents\Uni\Dissertation\SSD Files\Kingston A400\TRIM Deletion\Recovered data\9590-$R5F4T7Z.xls,.xls,0.06,OK,
C:\Users\User\OneDrive\Documents\Uni\Dissertation\SSD Files\Kingston A400\TRIM Deletion\Recovered data\9593-$RJA1VVP.xls,.xls,0.02,OK,
C:\Users\User\OneDrive\Documents\Uni\Dissertation\SSD Files\Kingston A400\TRIM Deletion\Recovered data\9596-$R4QSX2U.xls,.xls,0.02,OK,
C:\Users\User\OneDrive\Documents\Uni\Dissertation\SSD Files\Kingston A400\TRIM Deletion\Recovered data\9599-$RRQRAII.xls,.xls,0.01,OK,
C:\Users\User\OneDrive\Documents\Uni\Dissertation\SSD Files\Kingston A400\TRIM Deletion\Recovered data\9602-$RXYFX35.xls,.xls,0.02,OK,
C:\Users\User\OneDrive\Documents\Uni\Dissertation\SSD Files\Kingston A400\TRIM Deletion\Recovered data\9605-$RQ66D0S.xls,.xls,0.02,OK,
C:\Users\User\OneDrive\Documents\Uni\Dissertation\SSD Files\Kingston A400\TRIM Deletion\Recovered data\9608-$RBW5RR6.xls,.xls,0.08,OK,
C:\Users\User\OneDrive\Documents\Uni\Dissertation\SSD Files\Kingston A400\TRIM Deletion\Recovered data\9611-$RHD1N2F.xls,.xls,0.02,OK,
C:\Users\User\OneDrive\Documents\Uni\Dissertation\SSD Files\Kingston A400\TRIM Deletion\Recovered data\9614-$RDS534Y.xls,.xls,0.03,OK,
C:\Users\User\OneDrive\Documents\Uni\Dissertation\SSD Files\Kingston A400\TRIM Deletion\Recovered data\9617-$REHOJBO.xls,.xls,0.12,OK,
C:\Users\User\OneDrive\Documents\Uni\Dissertation\SSD Files\Kingston A400\TRIM Deletion\Recovered data\962-$RFMVD13.doc,.doc,0.47,OK,
C:\Users\User\OneDrive\Documents\Uni\Dissertation\SSD Files\Kingston A400\TRIM Deletion\Recovered data\9620-$R1IEQSI.xls,.xls,0.15,OK,
C:\Users\User\OneDrive\Documents\Uni\Dissertation\SSD Files\Kingston A400\TRIM Deletion\Recovered data\9623-$RDKYAOA.xls,.xls,0.07,OK,
C:\Users\User\OneDrive\Documents\Uni\Dissertation\SSD Files\Kingston A400\TRIM Deletion\Recovered data\9626-$R4LH3PC.xls,.xls,0.08,OK,
C:\Users\User\OneDrive\Documents\Uni\Dissertation\SSD Files\Kingston A400\TRIM Deletion\Recovered data\9629-$RR7EO61.xls,.xls,6.6,OK,
C:\Users\User\OneDrive\Documents\Uni\Dissertation\SSD Files\Kingston A400\TRIM Deletion\Recovered data\9632-$R64YVDN.xls,.xls,0.12,FAILED,"(-2147352567, 'Exception occurred.', (0, 'Microsoft Excel', 'Office has detected a problem with this file. To help protect your computer this file cannot be opened.', 'xlmain11.chm', 0, -2146827284), None)"
C:\Users\User\OneDrive\Documents\Uni\Dissertation\SSD Files\Kingston A400\TRIM Deletion\Recovered data\9635-$RVL0NXY.xls,.xls,0.07,OK,
C:\Users\User\OneDrive\Documents\Uni\Dissertation\SSD Files\Kingston A400\TRIM Deletion\Recovered data\9638-$RLE0VK4.xls,.xls,0.05,OK,
C:\Users\User\OneDrive\Documents\Uni\Dissertation\SSD Files\Kingston A400\TRIM Deletion\Recovered data\9641-$R1S0YXI.xls,.xls,0.05,OK,
C:\Users\User\OneDrive\Documents\Uni\Dissertation\SSD Files\Kingston A400\TRIM Deletion\Recovered data\9644-$RAPKHGR.xls,.xls,0.15,OK,
C:\Users\User\OneDrive\Documents\Uni\Dissertation\SSD Files\Kingston A400\TRIM Deletion\Recovered data\9646-$RYIMIZR.xls,.xls,0.09,OK,
C:\Users\User\OneDrive\Documents\Uni\Dissertation\SSD Files\Kingston A400\TRIM Deletion\Recovered data\9649-$RVVLLWE.xls,.xls,0.07,OK,
C:\Users\User\OneDrive\Documents\Uni\Dissertation\SSD Files\Kingston A400\TRIM Deletion\Recovered data\965-$RYDIE2F.doc,.doc,0.06,OK,
C:\Users\User\OneDrive\Documents\Uni\Dissertation\SSD Files\Kingston A400\TRIM Deletion\Recovered data\9651-$RROSUT6.xls,.xls,0.18,OK,
C:\Users\User\OneDrive\Documents\Uni\Dissertation\SSD Files\Kingston A400\TRIM Deletion\Recovered data\9654-$RQW3Z8O.xls,.xls,0.03,OK,
C:\Users\User\OneDrive\Documents\Uni\Dissertation\SSD Files\Kingston A400\TRIM Deletion\Recovered data\9657-$R9P7MV7.xls,.xls,0.28,FAILED,"(-2147352567, 'Exception occurred.', (0, 'Microsoft Excel', 'Office has detected a problem with this file. To help protect your computer this file cannot be opened.', 'xlmain11.chm', 0, -2146827284), None)"
C:\Users\User\OneDrive\Documents\Uni\Dissertation\SSD Files\Kingston A400\TRIM Deletion\Recovered data\9660-$R6SID48.xls,.xls,1.54,FAILED,"(-2147352567, 'Exception occurred.', (0, 'Microsoft Excel', 'Office has detected a problem with this file. To help protect your computer this file cannot be opened.', 'xlmain11.chm', 0, -2146827284), None)"
C:\Users\User\OneDrive\Documents\Uni\Dissertation\SSD Files\Kingston A400\TRIM Deletion\Recovered data\9663-$RX0IP6N.xls,.xls,0.13,OK,
C:\Users\User\OneDrive\Documents\Uni\Dissertation\SSD Files\Kingston A400\TRIM Deletion\Recovered data\9666-$RXI1WOY.xls,.xls,0.13,OK,
C:\Users\User\OneDrive\Documents\Uni\Dissertation\SSD Files\Kingston A400\TRIM Deletion\Recovered data\9669-$R6917XP.xls,.xls,0.04,OK,
C:\Users\User\OneDrive\Documents\Uni\Dissertation\SSD Files\Kingston A400\TRIM Deletion\Recovered data\9672-$RZQRAD7.xls,.xls,1.69,OK,
C:\Users\User\OneDrive\Documents\Uni\Dissertation\SSD Files\Kingston A400\TRIM Deletion\Recovered data\9675-$RBOE8P6.xls,.xls,0.16,OK,
C:\Users\User\OneDrive\Documents\Uni\Dissertation\SSD Files\Kingston A400\TRIM Deletion\Recovered data\9678-$RLYD3NB.xls,.xls,0.17,OK,
C:\Users\User\OneDrive\Documents\Uni\Dissertation\SSD Files\Kingston A400\TRIM Deletion\Recovered data\968-$RDCT2WZ.doc,.doc,0.32,OK,
C:\Users\User\OneDrive\Documents\Uni\Dissertation\SSD Files\Kingston A400\TRIM Deletion\Recovered data\9681-$RTQV4MJ.xls,.xls,0.04,OK,
C:\Users\User\OneDrive\Documents\Uni\Dissertation\SSD Files\Kingston A400\TRIM Deletion\Recovered data\9684-$R8E4OZ6.xls,.xls,0.01,OK,
C:\Users\User\OneDrive\Documents\Uni\Dissertation\SSD Files\Kingston A400\TRIM Deletion\Recovered data\9686-$R0XIN9K.xls,.xls,0.13,FAILED,"(-2147352567, 'Exception occurred.', (0, 'Microsoft Excel', 'Office has detected a problem with this file. To help protect your computer this file cannot be opened.', 'xlmain11.chm', 0, -2146827284), None)"
C:\Users\User\OneDrive\Documents\Uni\Dissertation\SSD Files\Kingston A400\TRIM Deletion\Recovered data\9689-$R07NUX0.xls,.xls,0.02,OK,
C:\Users\User\OneDrive\Documents\Uni\Dissertation\SSD Files\Kingston A400\TRIM Deletion\Recovered data\9692-$RW0K3UL.xls,.xls,0.14,OK,
C:\Users\User\OneDrive\Documents\Uni\Dissertation\SSD Files\Kingston A400\TRIM Deletion\Recovered data\9695-$RVM0VMI.xls,.xls,0.05,OK,
C:\Users\User\OneDrive\Documents\Uni\Dissertation\SSD Files\Kingston A400\TRIM Deletion\Recovered data\9698-$RRAXJPY.xls,.xls,3.67,OK,
C:\Users\User\OneDrive\Documents\Uni\Dissertation\SSD Files\Kingston A400\TRIM Deletion\Recovered data\9701-$RPPJT6X.xls,.xls,0.56,OK,
C:\Users\User\OneDrive\Documents\Uni\Dissertation\SSD Files\Kingston A400\TRIM Deletion\Recovered data\9704-$RC6I43G.xls,.xls,0.03,OK,
C:\Users\User\OneDrive\Documents\Uni\Dissertation\SSD Files\Kingston A400\TRIM Deletion\Recovered data\9706-$RY0385O.xls,.xls,0.03,OK,
C:\Users\User\OneDrive\Documents\Uni\Dissertation\SSD Files\Kingston A400\TRIM Deletion\Recovered data\9709-$RIYQRNY.xls,.xls,0.02,OK,
C:\Users\User\OneDrive\Documents\Uni\Dissertation\SSD Files\Kingston A400\TRIM Deletion\Recovered data\971-$R3LLDB3.doc,.doc,0.03,OK,
C:\Users\User\OneDrive\Documents\Uni\Dissertation\SSD Files\Kingston A400\TRIM Deletion\Recovered data\9712-$RZX1L5Y.xls,.xls,0.03,OK,
C:\Users\User\OneDrive\Documents\Uni\Dissertation\SSD Files\Kingston A400\TRIM Deletion\Recovered data\9715-$RV5ZZE0.xls,.xls,0.04,OK,
C:\Users\User\OneDrive\Documents\Uni\Dissertation\SSD Files\Kingston A400\TRIM Deletion\Recovered data\9718-$R9DFHK2.xls,.xls,0.12,FAILED,"(-2147352567, 'Exception occurred.', (0, 'Microsoft Excel', 'Open method of Workbooks class failed', 'xlmain11.chm', 0, -2146827284), None)"
C:\Users\User\OneDrive\Documents\Uni\Dissertation\SSD Files\Kingston A400\TRIM Deletion\Recovered data\9721-$RIJR272.xls,.xls,0.02,OK,
C:\Users\User\OneDrive\Documents\Uni\Dissertation\SSD Files\Kingston A400\TRIM Deletion\Recovered data\9724-$RXWVDNU.xls,.xls,0.03,OK,
C:\Users\User\OneDrive\Documents\Uni\Dissertation\SSD Files\Kingston A400\TRIM Deletion\Recovered data\9726-$RPCHH75.xls,.xls,0.09,OK,
C:\Users\User\OneDrive\Documents\Uni\Dissertation\SSD Files\Kingston A400\TRIM Deletion\Recovered data\9729-$R7W129Q.xls,.xls,0.03,OK,
C:\Users\User\OneDrive\Documents\Uni\Dissertation\SSD Files\Kingston A400\TRIM Deletion\Recovered data\9732-$RT3QZX0.xls,.xls,0.03,OK,
C:\Users\User\OneDrive\Documents\Uni\Dissertation\SSD Files\Kingston A400\TRIM Deletion\Recovered data\9735-$RCLYIP9.xls,.xls,0.04,OK,
C:\Users\User\OneDrive\Documents\Uni\Dissertation\SSD Files\Kingston A400\TRIM Deletion\Recovered data\9738-$R9TVFOI.xls,.xls,0.32,FAILED,"(-2147352567, 'Exception occurred.', (0, 'Microsoft Excel', 'Office has detected a problem with this file. To help protect your computer this file cannot be opened.', 'xlmain11.chm', 0, -2146827284), None)"
C:\Users\User\OneDrive\Documents\Uni\Dissertation\SSD Files\Kingston A400\TRIM Deletion\Recovered data\974-$RY8QATQ.doc,.doc,0.1,OK,
C:\Users\User\OneDrive\Documents\Uni\Dissertation\SSD Files\Kingston A400\TRIM Deletion\Recovered data\9741-$RJE493P.xls,.xls,5.97,OK,
C:\Users\User\OneDrive\Documents\Uni\Dissertation\SSD Files\Kingston A400\TRIM Deletion\Recovered data\9744-$RTXECWP.xls,.xls,5.97,OK,
C:\Users\User\OneDrive\Documents\Uni\Dissertation\SSD Files\Kingston A400\TRIM Deletion\Recovered data\9747-$RIO46ER.xls,.xls,0.69,OK,
C:\Users\User\OneDrive\Documents\Uni\Dissertation\SSD Files\Kingston A400\TRIM Deletion\Recovered data\9750-$RT827LI.xls,.xls,0.06,OK,
C:\Users\User\OneDrive\Documents\Uni\Dissertation\SSD Files\Kingston A400\TRIM Deletion\Recovered data\9753-$RJ47S6N.xls,.xls,0.03,OK,
C:\Users\User\OneDrive\Documents\Uni\Dissertation\SSD Files\Kingston A400\TRIM Deletion\Recovered data\9756-$R7G048F.xls,.xls,0.03,OK,
C:\Users\User\OneDrive\Documents\Uni\Dissertation\SSD Files\Kingston A400\TRIM Deletion\Recovered data\9759-$RMLVYT4.xls,.xls,0.05,OK,
C:\Users\User\OneDrive\Documents\Uni\Dissertation\SSD Files\Kingston A400\TRIM Deletion\Recovered data\9762-$R9S8H8U.xls,.xls,0.04,OK,
C:\Users\User\OneDrive\Documents\Uni\Dissertation\SSD Files\Kingston A400\TRIM Deletion\Recovered data\9764-$RT331J8.xls,.xls,0.08,OK,
C:\Users\User\OneDrive\Documents\Uni\Dissertation\SSD Files\Kingston A400\TRIM Deletion\Recovered data\9767-$RDBMEMY.xls,.xls,0.04,OK,
C:\Users\User\OneDrive\Documents\Uni\Dissertation\SSD Files\Kingston A400\TRIM Deletion\Recovered data\9769-$REJJE3D.xls,.xls,0.5,OK,
C:\Users\User\OneDrive\Documents\Uni\Dissertation\SSD Files\Kingston A400\TRIM Deletion\Recovered data\977-$R03X2C5.doc,.doc,0.04,OK,
C:\Users\User\OneDrive\Documents\Uni\Dissertation\SSD Files\Kingston A400\TRIM Deletion\Recovered data\9772-$R8AL0AP.xls,.xls,0.02,OK,
C:\Users\User\OneDrive\Documents\Uni\Dissertation\SSD Files\Kingston A400\TRIM Deletion\Recovered data\9775-$R5DHYXJ.xls,.xls,25.89,FAILED,"(-2147352567, 'Exception occurred.', (0, 'Microsoft Excel', 'Open method of Workbooks class failed', 'xlmain11.chm', 0, -2146827284), None)"
C:\Users\User\OneDrive\Documents\Uni\Dissertation\SSD Files\Kingston A400\TRIM Deletion\Recovered data\9778-$RXGCNOM.xls,.xls,0.03,OK,
C:\Users\User\OneDrive\Documents\Uni\Dissertation\SSD Files\Kingston A400\TRIM Deletion\Recovered data\9781-$RFR73Y4.xls,.xls,0.05,OK,
C:\Users\User\OneDrive\Documents\Uni\Dissertation\SSD Files\Kingston A400\TRIM Deletion\Recovered data\9784-$RZREMTM.xls,.xls,0.01,OK,
C:\Users\User\OneDrive\Documents\Uni\Dissertation\SSD Files\Kingston A400\TRIM Deletion\Recovered data\9787-$RL6VDRX.xls,.xls,0.03,OK,
C:\Users\User\OneDrive\Documents\Uni\Dissertation\SSD Files\Kingston A400\TRIM Deletion\Recovered data\9790-$RTQRF4A.xls,.xls,0.08,OK,
C:\Users\User\OneDrive\Documents\Uni\Dissertation\SSD Files\Kingston A400\TRIM Deletion\Recovered data\9793-$RDYMBVW.xls,.xls,3.02,OK,
C:\Users\User\OneDrive\Documents\Uni\Dissertation\SSD Files\Kingston A400\TRIM Deletion\Recovered data\9796-$RX4VOFH.xls,.xls,0.03,OK,
C:\Users\User\OneDrive\Documents\Uni\Dissertation\SSD Files\Kingston A400\TRIM Deletion\Recovered data\9799-$RYVLNXE.xls,.xls,0.03,OK,
C:\Users\User\OneDrive\Documents\Uni\Dissertation\SSD Files\Kingston A400\TRIM Deletion\Recovered data\98-$RONC15C.doc,.doc,0.05,OK,
C:\Users\User\OneDrive\Documents\Uni\Dissertation\SSD Files\Kingston A400\TRIM Deletion\Recovered data\980-$RMOOH8I.doc,.doc,0.06,OK,
C:\Users\User\OneDrive\Documents\Uni\Dissertation\SSD Files\Kingston A400\TRIM Deletion\Recovered data\9802-$RZ3LXF1.xls,.xls,0.02,OK,
C:\Users\User\OneDrive\Documents\Uni\Dissertation\SSD Files\Kingston A400\TRIM Deletion\Recovered data\9804-$RN5VZ0V.xls,.xls,0.01,OK,
C:\Users\User\OneDrive\Documents\Uni\Dissertation\SSD Files\Kingston A400\TRIM Deletion\Recovered data\9807-$RU9F3KT.xls,.xls,0.04,OK,
C:\Users\User\OneDrive\Documents\Uni\Dissertation\SSD Files\Kingston A400\TRIM Deletion\Recovered data\9810-$RMQNGUJ.xls,.xls,0.04,OK,
C:\Users\User\OneDrive\Documents\Uni\Dissertation\SSD Files\Kingston A400\TRIM Deletion\Recovered data\9813-$RGVC9YL.xls,.xls,0.08,OK,
C:\Users\User\OneDrive\Documents\Uni\Dissertation\SSD Files\Kingston A400\TRIM Deletion\Recovered data\9816-$R99VDP1.xls,.xls,0.05,OK,
C:\Users\User\OneDrive\Documents\Uni\Dissertation\SSD Files\Kingston A400\TRIM Deletion\Recovered data\9819-$RAW0925.xls,.xls,0.06,OK,
C:\Users\User\OneDrive\Documents\Uni\Dissertation\SSD Files\Kingston A400\TRIM Deletion\Recovered data\9822-$RYN2K3H.xls,.xls,0.01,OK,
C:\Users\User\OneDrive\Documents\Uni\Dissertation\SSD Files\Kingston A400\TRIM Deletion\Recovered data\9825-$RNH93F3.xls,.xls,0.02,OK,
C:\Users\User\OneDrive\Documents\Uni\Dissertation\SSD Files\Kingston A400\TRIM Deletion\Recovered data\9827-$RFYDEMX.xls,.xls,0.47,OK,
C:\Users\User\OneDrive\Documents\Uni\Dissertation\SSD Files\Kingston A400\TRIM Deletion\Recovered data\983-$REHKQK3.doc,.doc,0.28,OK,
C:\Users\User\OneDrive\Documents\Uni\Dissertation\SSD Files\Kingston A400\TRIM Deletion\Recovered data\9830-$RXLDRXD.xls,.xls,0.1,OK,
C:\Users\User\OneDrive\Documents\Uni\Dissertation\SSD Files\Kingston A400\TRIM Deletion\Recovered data\9833-$R3EHMCX.xls,.xls,0.04,FAILED,"(-2147352567, 'Exception occurred.', (0, 'Microsoft Excel', 'Open method of Workbooks class failed', 'xlmain11.chm', 0, -2146827284), None)"
C:\Users\User\OneDrive\Documents\Uni\Dissertation\SSD Files\Kingston A400\TRIM Deletion\Recovered data\9836-$R3H5IG5.xls,.xls,0.13,OK,
C:\Users\User\OneDrive\Documents\Uni\Dissertation\SSD Files\Kingston A400\TRIM Deletion\Recovered data\9839-$RAE0FT6.xls,.xls,0.19,FAILED,"(-2147352567, 'Exception occurred.', (0, 'Microsoft Excel', 'Office has detected a problem with this file. To help protect your computer this file cannot be opened.', 'xlmain11.chm', 0, -2146827284), None)"
C:\Users\User\OneDrive\Documents\Uni\Dissertation\SSD Files\Kingston A400\TRIM Deletion\Recovered data\9842-$RPEANP3.xls,.xls,0.08,OK,
C:\Users\User\OneDrive\Documents\Uni\Dissertation\SSD Files\Kingston A400\TRIM Deletion\Recovered data\9845-$RL142G8.xls,.xls,0.19,OK,
C:\Users\User\OneDrive\Documents\Uni\Dissertation\SSD Files\Kingston A400\TRIM Deletion\Recovered data\9848-$R9B6LZ2.xls,.xls,0.11,FAILED,"(-2147352567, 'Exception occurred.', (0, 'Microsoft Excel', 'Open method of Workbooks class failed', 'xlmain11.chm', 0, -2146827284), None)"
C:\Users\User\OneDrive\Documents\Uni\Dissertation\SSD Files\Kingston A400\TRIM Deletion\Recovered data\9851-$RWFWZO2.xls,.xls,0.05,OK,
C:\Users\User\OneDrive\Documents\Uni\Dissertation\SSD Files\Kingston A400\TRIM Deletion\Recovered data\9853-$RTD1WQC.xls,.xls,0.02,OK,
C:\Users\User\OneDrive\Documents\Uni\Dissertation\SSD Files\Kingston A400\TRIM Deletion\Recovered data\9856-$RIYVAP1.xls,.xls,0.02,OK,
C:\Users\User\OneDrive\Documents\Uni\Dissertation\SSD Files\Kingston A400\TRIM Deletion\Recovered data\9859-$RRD9JSV.xls,.xls,0.01,OK,
C:\Users\User\OneDrive\Documents\Uni\Dissertation\SSD Files\Kingston A400\TRIM Deletion\Recovered data\986-$RAQ2NDA.doc,.doc,0.1,FAILED,"(-2147352567, 'Exception occurred.', (0, 'Microsoft Word', 'Office has detected a problem with this file. To help protect your computer this file cannot be opened.\r (C:\\Users\\User\\...\\986-$RAQ2NDA.doc)', 'wdmain11.chm', 25775, -2146821993), None)"
C:\Users\User\OneDrive\Documents\Uni\Dissertation\SSD Files\Kingston A400\TRIM Deletion\Recovered data\9862-$RKC621J.xls,.xls,0.12,OK,
C:\Users\User\OneDrive\Documents\Uni\Dissertation\SSD Files\Kingston A400\TRIM Deletion\Recovered data\9865-$RSI92NR.xls,.xls,0.04,OK,
C:\Users\User\OneDrive\Documents\Uni\Dissertation\SSD Files\Kingston A400\TRIM Deletion\Recovered data\9868-$R0WD9KS.xls,.xls,0.33,FAILED,"(-2147352567, 'Exception occurred.', (0, 'Microsoft Excel', 'Office has detected a problem with this file. To help protect your computer this file cannot be opened.', 'xlmain11.chm', 0, -2146827284), None)"
C:\Users\User\OneDrive\Documents\Uni\Dissertation\SSD Files\Kingston A400\TRIM Deletion\Recovered data\9871-$RWY4GY2.xls,.xls,0.04,OK,
C:\Users\User\OneDrive\Documents\Uni\Dissertation\SSD Files\Kingston A400\TRIM Deletion\Recovered data\9874-$RFAK0ZF.xls,.xls,0.02,OK,
C:\Users\User\OneDrive\Documents\Uni\Dissertation\SSD Files\Kingston A400\TRIM Deletion\Recovered data\9876-$RBTP638.xls,.xls,2.92,OK,
C:\Users\User\OneDrive\Documents\Uni\Dissertation\SSD Files\Kingston A400\TRIM Deletion\Recovered data\9879-$RNL75A2.xls,.xls,0.07,OK,
C:\Users\User\OneDrive\Documents\Uni\Dissertation\SSD Files\Kingston A400\TRIM Deletion\Recovered data\9881-$R1YAJTL.xls,.xls,2.4,OK,
C:\Users\User\OneDrive\Documents\Uni\Dissertation\SSD Files\Kingston A400\TRIM Deletion\Recovered data\9884-$R1SNRB0.xls,.xls,0.03,OK,
C:\Users\User\OneDrive\Documents\Uni\Dissertation\SSD Files\Kingston A400\TRIM Deletion\Recovered data\9887-$RDEKXJT.xls,.xls,0.27,OK,
C:\Users\User\OneDrive\Documents\Uni\Dissertation\SSD Files\Kingston A400\TRIM Deletion\Recovered data\9889-$RWL6OR0.xls,.xls,0.03,OK,
C:\Users\User\OneDrive\Documents\Uni\Dissertation\SSD Files\Kingston A400\TRIM Deletion\Recovered data\989-$RAZ69IL.doc,.doc,1.39,FAILED,"(-2147352567, 'Exception occurred.', (0, 'Microsoft Word', 'Office has detected a problem with this file. To help protect your computer this file cannot be opened.\r (C:\\Users\\User\\...\\989-$RAZ69IL.doc)', 'wdmain11.chm', 25775, -2146821993), None)"
C:\Users\User\OneDrive\Documents\Uni\Dissertation\SSD Files\Kingston A400\TRIM Deletion\Recovered data\9892-$RUOHKB1.xls,.xls,0.02,OK,
C:\Users\User\OneDrive\Documents\Uni\Dissertation\SSD Files\Kingston A400\TRIM Deletion\Recovered data\9895-$R5T0JKO.xls,.xls,0.05,OK,
C:\Users\User\OneDrive\Documents\Uni\Dissertation\SSD Files\Kingston A400\TRIM Deletion\Recovered data\9898-$RK7M5BH.xls,.xls,1.65,OK,
C:\Users\User\OneDrive\Documents\Uni\Dissertation\SSD Files\Kingston A400\TRIM Deletion\Recovered data\9901-$RRWB5P6.xls,.xls,0.04,OK,
C:\Users\User\OneDrive\Documents\Uni\Dissertation\SSD Files\Kingston A400\TRIM Deletion\Recovered data\9904-$R1I3OXH.xls,.xls,0.02,OK,
C:\Users\User\OneDrive\Documents\Uni\Dissertation\SSD Files\Kingston A400\TRIM Deletion\Recovered data\9907-$RALC0ZC.xls,.xls,8.99,FAILED,"(-2147352567, 'Exception occurred.', (0, 'Microsoft Excel', 'Open method of Workbooks class failed', 'xlmain11.chm', 0, -2146827284), None)"
C:\Users\User\OneDrive\Documents\Uni\Dissertation\SSD Files\Kingston A400\TRIM Deletion\Recovered data\991-$RVVUZYG.doc,.doc,0.02,OK,
C:\Users\User\OneDrive\Documents\Uni\Dissertation\SSD Files\Kingston A400\TRIM Deletion\Recovered data\9910-$R3C6MA5.xls,.xls,0.03,OK,
C:\Users\User\OneDrive\Documents\Uni\Dissertation\SSD Files\Kingston A400\TRIM Deletion\Recovered data\9913-$RTCSC0V.xls,.xls,3.43,OK,
C:\Users\User\OneDrive\Documents\Uni\Dissertation\SSD Files\Kingston A400\TRIM Deletion\Recovered data\9916-$RNKEI1P.xls,.xls,0.03,OK,
C:\Users\User\OneDrive\Documents\Uni\Dissertation\SSD Files\Kingston A400\TRIM Deletion\Recovered data\9918-$RL16249.xls,.xls,0.03,OK,
C:\Users\User\OneDrive\Documents\Uni\Dissertation\SSD Files\Kingston A400\TRIM Deletion\Recovered data\9921-$RFZVZXV.xls,.xls,0.05,OK,
C:\Users\User\OneDrive\Documents\Uni\Dissertation\SSD Files\Kingston A400\TRIM Deletion\Recovered data\9924-$RLQBIG6.xls,.xls,0.13,OK,
C:\Users\User\OneDrive\Documents\Uni\Dissertation\SSD Files\Kingston A400\TRIM Deletion\Recovered data\9927-$RRGTAEA.xls,.xls,0.04,OK,
C:\Users\User\OneDrive\Documents\Uni\Dissertation\SSD Files\Kingston A400\TRIM Deletion\Recovered data\9930-$RWY3TS5.xls,.xls,1.96,OK,
C:\Users\User\OneDrive\Documents\Uni\Dissertation\SSD Files\Kingston A400\TRIM Deletion\Recovered data\9933-$R51L8SD.xls,.xls,0.06,OK,
C:\Users\User\OneDrive\Documents\Uni\Dissertation\SSD Files\Kingston A400\TRIM Deletion\Recovered data\9936-$RGB4WPM.xls,.xls,0.04,OK,
C:\Users\User\OneDrive\Documents\Uni\Dissertation\SSD Files\Kingston A400\TRIM Deletion\Recovered data\9939-$RMMI1A5.xls,.xls,0.04,OK,
C:\Users\User\OneDrive\Documents\Uni\Dissertation\SSD Files\Kingston A400\TRIM Deletion\Recovered data\994-$R3KT018.doc,.doc,0.03,OK,
C:\Users\User\OneDrive\Documents\Uni\Dissertation\SSD Files\Kingston A400\TRIM Deletion\Recovered data\9942-$RQFU0YK.xls,.xls,2.17,OK,
C:\Users\User\OneDrive\Documents\Uni\Dissertation\SSD Files\Kingston A400\TRIM Deletion\Recovered data\9945-$RYEQ53K.xls,.xls,0.07,OK,
C:\Users\User\OneDrive\Documents\Uni\Dissertation\SSD Files\Kingston A400\TRIM Deletion\Recovered data\9948-$RM1Z00H.xls,.xls,0.07,OK,
C:\Users\User\OneDrive\Documents\Uni\Dissertation\SSD Files\Kingston A400\TRIM Deletion\Recovered data\9951-$RZR6YPK.xls,.xls,0.94,OK,
C:\Users\User\OneDrive\Documents\Uni\Dissertation\SSD Files\Kingston A400\TRIM Deletion\Recovered data\9954-$RNBALHF.xls,.xls,0.13,OK,
C:\Users\User\OneDrive\Documents\Uni\Dissertation\SSD Files\Kingston A400\TRIM Deletion\Recovered data\9957-$R37LFHR.xls,.xls,0.99,FAILED,"(-2147352567, 'Exception occurred.', (0, 'Microsoft Excel', 'Office has detected a problem with this file. To help protect your computer this file cannot be opened.', 'xlmain11.chm', 0, -2146827284), None)"
C:\Users\User\OneDrive\Documents\Uni\Dissertation\SSD Files\Kingston A400\TRIM Deletion\Recovered data\9960-$RFNPFLM.xls,.xls,0.03,OK,
C:\Users\User\OneDrive\Documents\Uni\Dissertation\SSD Files\Kingston A400\TRIM Deletion\Recovered data\9962-$R7XLV2R.xls,.xls,0.17,FAILED,"(-2147352567, 'Exception occurred.', (0, 'Microsoft Excel', 'Office has detected a problem with this file. To help protect your computer this file cannot be opened.', 'xlmain11.chm', 0, -2146827284), None)"
C:\Users\User\OneDrive\Documents\Uni\Dissertation\SSD Files\Kingston A400\TRIM Deletion\Recovered data\9965-$R3JLQA4.xls,.xls,10.31,FAILED,"(-2147352567, 'Exception occurred.', (0, 'Microsoft Excel', 'Open method of Workbooks class failed', 'xlmain11.chm', 0, -2146827284), None)"
C:\Users\User\OneDrive\Documents\Uni\Dissertation\SSD Files\Kingston A400\TRIM Deletion\Recovered data\9968-$RPIQPOU.xls,.xls,0.02,OK,
C:\Users\User\OneDrive\Documents\Uni\Dissertation\SSD Files\Kingston A400\TRIM Deletion\Recovered data\997-$R0STLIV.doc,.doc,0.02,OK,
C:\Users\User\OneDrive\Documents\Uni\Dissertation\SSD Files\Kingston A400\TRIM Deletion\Recovered data\9971-$R8E3J1R.xls,.xls,0.29,FAILED,"(-2147352567, 'Exception occurred.', (0, 'Microsoft Excel', 'Office has detected a problem with this file. To help protect your computer this file cannot be opened.', 'xlmain11.chm', 0, -2146827284), None)"
C:\Users\User\OneDrive\Documents\Uni\Dissertation\SSD Files\Kingston A400\TRIM Deletion\Recovered data\9974-$R6Z174N.xls,.xls,0.07,OK,
C:\Users\User\OneDrive\Documents\Uni\Dissertation\SSD Files\Kingston A400\TRIM Deletion\Recovered data\9977-$RFXMXWB.xls,.xls,0.07,OK,
C:\Users\User\OneDrive\Documents\Uni\Dissertation\SSD Files\Kingston A400\TRIM Deletion\Recovered data\9980-$R7S3WAM.xls,.xls,0.03,OK,
C:\Users\User\OneDrive\Documents\Uni\Dissertation\SSD Files\Kingston A400\TRIM Deletion\Recovered data\9983-$RFFABQ2.xls,.xls,0.99,OK,
C:\Users\User\OneDrive\Documents\Uni\Dissertation\SSD Files\Kingston A400\TRIM Deletion\Recovered data\9986-$R1E500P.xls,.xls,0.05,OK,
C:\Users\User\OneDrive\Documents\Uni\Dissertation\SSD Files\Kingston A400\TRIM Deletion\Recovered data\9988-$RLAJZMG.xls,.xls,0.06,OK,
C:\Users\User\OneDrive\Documents\Uni\Dissertation\SSD Files\Kingston A400\TRIM Deletion\Recovered data\9991-$RBUUO7P.xls,.xls,0.02,OK,
C:\Users\User\OneDrive\Documents\Uni\Dissertation\SSD Files\Kingston A400\TRIM Deletion\Recovered data\9994-$RH51OVE.xls,.xls,0.02,OK,
C:\Users\User\OneDrive\Documents\Uni\Dissertation\SSD Files\Kingston A400\TRIM Deletion\Recovered data\9997-$R7NMH8S.xls,.xls,0.01,OK,
