"Algorithm","Hash","Path"
"SHA256","845E575D408D55711FD6923FFF0A0F14E9EF0EB1AADE98C20C19E68EB650123D","D:\036406.xls"
"SHA256","7F99B1AD8C971CB76E30D900507EE37EA109501E5A231729EA2C9614C6C8D53F","D:\036408.xls"
"SHA256","0117088DDB9D47F5F35A969936F4E8552F8B08CCDE1E840F00D6105D0EA3A0C8","D:\036411.xls"
"SHA256","C0C9C3422EA3C43A5471C207A445BCDBB6C407F7130CBC1F21879F275058F3BA","D:\036412.xls"
"SHA256","197FA674779FEE346B69A70EAE91E9AE466C6FF76BD790303A2CFE668CB11422","D:\036413.xls"
"SHA256","CD556FF9F5598003389028C01FE1BAA085D00D571C2A23948C10794D66F57229","D:\036414.xls"
"SHA256","2B99AEEB389C1EFBBEAD427726438D6E3828CC3744AA3E42FB0E003465219624","D:\036416.xls"
"SHA256","5BEFAAE9EF4A1C9F3D0471FDA517F742EB72C98AB4241D2773AF83B9522864CB","D:\036418.xls"
"SHA256","075F0338C6886B35B7449BF3481F1ECD0B682EB584E4354E380EF1A420B87983","D:\036419.xls"
"SHA256","B424705E1341386C53ACD467A33770B4B7DBE77C86DCD1287B11039E8A77344E","D:\036421.xls"
"SHA256","391BEBA574B2A66D2F5C956EC83129F0997F5352E817DD5A2A85C2CCE970B84F","D:\036423.xls"
"SHA256","7DDA163EA5C1A7C8C84FD6F720D74C971C5F8AED35487400177BDFE9612759FB","D:\036583.xls"
"SHA256","9E60EEA143682778720D3F9948E90C27E45432746A168C4D173B8255469C7FD4","D:\036621.xls"
"SHA256","FB4BD1619B9E96BA290B3EB1369707B1BE4AC8AEA3F36DA27BB84EFBC3A6C5F4","D:\036623.xls"
"SHA256","7D7B71DD1ED3254A200D171E8B12BC66AD51BBF9342876CC7723986D890576A3","D:\036831.xls"
"SHA256","3266987D9B9589D0CD3D767DCE593447CF69D0AE8D68D667DE17CF3D06B1FDE0","D:\036845.xls"
"SHA256","98F3E5321E6731FAFC96938BE13C43FC3880562CEEC999F16CCA03ADB0492F3A","D:\036863.xls"
"SHA256","0153EECF37362614CEFFCA44201F5AB1562E4E267C9AA58F0FCB2C2C9D9D60E0","D:\036870.xls"
"SHA256","D96E5A0973ADF8A4E61326A1788B5B28A7A85345CE53827DFB9B82E17D8FC500","D:\036872.xls"
"SHA256","32D4E2680608187572E9788E4E8946B0812045466070406367BF8B7D209201A1","D:\036939.xls"
"SHA256","5C6C4D5206431B11AF07BC81C0379D5C887E34FBDBBA661EA92E6EB784CF2E00","D:\037140.xls"
"SHA256","1725D5DEC6E494CC1572A67722898999D4C026FCB3924676D429024AF12B52E8","D:\037142.xls"
"SHA256","DC5E167C7CB431E26AB8882660ABF901BB4252AA8BF3FE72DD3188BA797676C6","D:\037147.xls"
"SHA256","A54DFC9024E72430E4ED23B18EE554BEBBCD8E9DF205E33BB31854A3F15CF9A8","D:\037149.xls"
"SHA256","504EA123DC0CB246B2998C0A96998598A05EAA78E39893C7C6DD7B70BC65430C","D:\037151.xls"
"SHA256","625E9267D55A48657D1FBE4F06A63A785E0F0C4D1924A7B90E1F3FAD698E0A20","D:\037152.xls"
"SHA256","B1DA5078DC235452CAB655993A8472BB054B7264ECC31EB40FDD21177FDF4B38","D:\037155.xls"
"SHA256","951D810B46FC8249301DFE1FD78EA4331C165D0F585346B1E27FB354428AFD2E","D:\037156.xls"
"SHA256","CC68F3F904B53339595E4AB00AC94968446DBB35FBD8C1C9454241A5635C319C","D:\037157.xls"
"SHA256","8B7A4474BD07417013225AFD272A8DC5B4437C2CF796DD3941041B2BB1524C18","D:\037162.xls"
"SHA256","738F87B4D41A1DBAC06CB1D156EB594DD3F17F0CA3F4EF7F5C7A4081DDD69A4A","D:\037163.xls"
"SHA256","B5C760C23CCF1C1AAAAE7DE0C90B1414BD64D9EB3D6C5170E62870D05114A71D","D:\037165.xls"
"SHA256","0C2BC9C88C7A76427E6E074551254B6D9E590D0D700E9A56265562BB5B3159CA","D:\037166.xls"
"SHA256","5929D059549C1C0C5F5D893A49455B3ED2D998626F0575B89CCE8346EC1C7596","D:\037169.xls"
"SHA256","FC576A73A94DD6D8F99D5060D10F049528F150A17F1E2EEFE1CE0504D3E4CD9B","D:\037170.xls"
"SHA256","53D6DAB7347B6827D20AEC2EC08B66F7ACF614E53F5F4F886F79E9BABB9388DB","D:\037388.xls"
"SHA256","F8C725D127DE8E202049794A846DF8EF6624945279A6B0EE17825834402E3C26","D:\037392.xls"
"SHA256","9A1ED3633E937055A86610670E0F953DE7006931B68DB37B492F1ECB43A93978","D:\037395.xls"
"SHA256","6881F0AE6FBA776E181AD0723A70E42B2C9A280DAEF01A41C372916C1B71C2F1","D:\037396.xls"
"SHA256","D77A7250FD91857282F2303EA918E34837022E40DF0A25EFE83A4A8B00CC19CF","D:\037435.xls"
"SHA256","E4E7E652FE1FE353A2301ABFC09AB8450E5C3845059DCD49DDE7EE3C1600C703","D:\037436.xls"
"SHA256","A20284F0706583E22888C792DD121602DDD864C78003277C964F26309E443325","D:\037437.xls"
"SHA256","74BCAC2A4E847F55C843E8D73D0CC473E3177C22CA441577645800CF7BBB4F47","D:\037679.xls"
"SHA256","D83F3B1917C8DBB1021A5DF5AB28B049AA250DA46D37DC04F4096D8D117BDD13","D:\037680.xls"
"SHA256","C5A16A90A65B0CE2BA5055721E71DC80EEECAA9BD2FC2D31D39DE996B17D7A36","D:\037681.xls"
"SHA256","4437EB90CFAAB97BEEDD7780B4397E67A00D4E48948A477B2871027A18DAF8CA","D:\037682.xls"
"SHA256","1A457CBE0DC67B853E390A9B28B566683ED75C3451D95FB8F70481AC61A6850E","D:\037683.xls"
"SHA256","EE4E383474F0CE6A150B849362735F435D8DBB2F54DE6E74F1850FBAFB5FFBB0","D:\037684.xls"
"SHA256","5A63E524B3E06C9522DB72EB865E3E2D8854AFE63603E04740C07DB8E4A5D8C7","D:\037685.xls"
"SHA256","12F321ED1190DAFC5B4CFEC68A699BC089AABE2F3DDB91EC898E280BB729C1F9","D:\037686.xls"
"SHA256","DA8A9E6D29343C1C5FD997903355133EABE51A63A2F9F93D3A6C21BE9677A1B8","D:\037690.xls"
"SHA256","0AF55FC302CF029C72F09617ECE9728A0E7354BADCD0D742A9BFE83FD8C2921F","D:\037692.xls"
"SHA256","BA9D099DE4F6C1D04C88FF22A39FECC1384E3DD0D48A919F90B22B8CDE79BEE6","D:\037693.xls"
"SHA256","62465CF7D9D034787BDAF3532276DEB59B4CAE082BA2EC7D2758C5B21F85D38F","D:\037696.xls"
"SHA256","A5A48DC5D6C9E99EF7C362BB0ACECDE798DAA669640173457C48EB90AD76F324","D:\037960.xls"
"SHA256","4D1C3FACBE4830968113C429AB5C76075848FE402D9AFFA5BF5EDA89825F9EE5","D:\037962.xls"
"SHA256","1C97BC35A3B3FEB68D51B302DB6C1D23B01BE8CC9334350B62CE87BF072E119D","D:\037975.xls"
"SHA256","1D89D3A0C3546F4299EF7122C37B4E3ED56F3036526BB83D294A9AEBD6BD5143","D:\037978.xls"
"SHA256","8871C1FCF13B802C45C7440F03D24104016E70927410B531D44C2F5E4887ABB6","D:\037979.xls"
"SHA256","E709C1DD1508B3D8671220C4CAF8816F40BC8EE3580AD672C7F0CABC779884EA","D:\037981.xls"
"SHA256","39A767EB57284B460FC1ADEF385B39A5A1B2993D10D009E25465EDC0D533BA0A","D:\037983.xls"
"SHA256","3484D573160071333B5CB61EDBB29BAC7A00B8A10A199476392B6A27CAA1ECC3","D:\037984.xls"
"SHA256","66BE1B271C00145AD1AA8C725CA451E35B66369B248DE4BD946624442A336D2F","D:\037985.xls"
"SHA256","444FF58061DF72C00039B7A31EE86E1EA4159D4D56E1E81EFAE6BBDBE34AD619","D:\037988.xls"
"SHA256","BAEEF534A9C46AC58EF6C1E065F92379FAAD45D11FC38BC94BF01C842ABB8C13","D:\037995.xls"
"SHA256","792EF918743EAAEA527B58E5EB1A8615798CEF234C6081C90D1E24203F8ED1C4","D:\038032.xls"
"SHA256","32675238878B7D487D652E4F7B61C8AA475F4B82E56F6DA8B8BC32681160FE4A","D:\038039.xls"
"SHA256","94A71E86AF0794CADFE3B570370B4A54DA0C181891083ACD16B4DDDBBF7A1657","D:\038154.xls"
"SHA256","FBD8EE7C1994B73C8BC6A33D0FB39D8673A6DD729A3ECD8E3979DC4F7E088399","D:\038183.xls"
"SHA256","F355EE23E82DBB904614F2BBF68B2E46913076B1E8EBE819CD88ED67A15E5525","D:\038184.xls"
"SHA256","C9B844E2D45567ACA1D6193049D96C0B68D42D8085A14A235D6281C6B2CE17EF","D:\038185.xls"
"SHA256","B1AC3D888B934D06AA2938A30A1AE983053810C8B71EE9A9177F312664725296","D:\038280.xls"
"SHA256","5C9063A16409F73661C4CFFB04EE1AAF1838986F42FD29B75E35C61CC757B506","D:\038281.xls"
"SHA256","7349214990A4FE7D28F7F8FB425CB83227ACF5159119A95BAE68EB367D36C669","D:\038625.xls"
"SHA256","3ED0DAAF7B1C9CE4E58F2E6CF0727F6F97162976806C20E2EB91A200F877F1F0","D:\038630.xls"
"SHA256","9C70391F5AB55E44BD23EF0AB6620A70B9ABD298CECBB9FE9FA244A732F6C093","D:\038631.xls"
"SHA256","5532DDFFB3FB70AB480905B40DEE5682EDD28E1D62B733769151C328A204C65F","D:\038950.xls"
"SHA256","DC28558F1D3AB6F36443C317EFF0CDE05CAA97EC147E08E79541D5733A1DC83B","D:\038951.xls"
"SHA256","40F2E73D2E088D6BAA98CFE78F8AA5C5EBC2ADD3DE31DCBF0220A17F20197C0E","D:\038952.xls"
"SHA256","DC2B5A032BD255D945CEF4AC9A75D8346389ECE60C68BFC67A8F424EE38E7F80","D:\038954.xls"
"SHA256","69A90BAB42CA41A58EF76FCCC5596D2901AD651BC206F15158197E5B0D793EB6","D:\038955.xls"
"SHA256","B416C513CFD0910ECEC225CDA5BFADDE3BDB06E979B19F104E4830F86E9D2690","D:\038956.xls"
"SHA256","6150F6367FE9B667B8A29D2CED0774F3BBD3D2B4833F86862CD936449E83A3D1","D:\038957.xls"
"SHA256","7D2ACAA630F949B8646F0B2D87F1AD063BDC696D24F93920DD86D6B7EADAB764","D:\038958.xls"
"SHA256","9B948A1C5D555D83CB0FA8FF6561376DB37462EC4B2A0E9FBA8AF59B9E620213","D:\038959.xls"
"SHA256","0D5264B0A487790F60A3FF3BEA279EE6BADC5CB39CE2940BF65B253EC19CFF8E","D:\038960.xls"
"SHA256","CDF6BAC14A30698C11DCBC5556DA2CFAA17AA4565C1717AF3416281E27F2D771","D:\038962.xls"
"SHA256","CF21D77387754F601ADF80DA7DB92C4FB68AC56E987E1523ED395DD6FDD9BC76","D:\038965.xls"
"SHA256","93DA68265DF726D37608B4DC3B3E1F63267505605D80FD7EF6C7D406D3B43379","D:\039046.xls"
"SHA256","5A77FF37551E1D020CBB74A963FB63A26F7B4B9FEAFEBAD9AB99FFC696F085B9","D:\039058.xls"
"SHA256","C06EF607EAE7DD43388FD8D53EDA0B7BCEDF98EE70BE1D4CDFD05079F865F205","D:\039109.xls"
"SHA256","ED9CC7444D4CEEAF600370178599B115FDA043199EC59172B4E96A811038CA35","D:\039134.xls"
"SHA256","F585E9089A09A9E83637675401588B2B276FD7AC7DD0A1FC7312EF85CEE867E1","D:\039252.xls"
"SHA256","8CF810C8C0300FAE3656068BF0C7125CF2C3A7555B0E3A447E63B29829302DF7","D:\039253.xls"
"SHA256","94977B96D25F84507B18C48469215A430EB8DCE9D5AB6FC14551A7094372A04D","D:\039329.xls"
"SHA256","320794771905D1C855B0AD175499EFC94F1F47CDB8CD4CDD2F51F41CF214BCBD","D:\039336.xls"
"SHA256","7D18741B632384EDA45E454EE3A9C6D316DCB9B7F3DA452E9B71D6EA87F29C41","D:\039372.xls"
"SHA256","200D5C4C2A350011EFE7EDECB1ADCEFFF5B6C4E2B2E384EA659046D39A433BE5","D:\039385.xls"
"SHA256","D35513623B022BDBB076DACCA5FF9461F1C557D783B42EE71C7431B832B5D19A","D:\039412.xls"
"SHA256","D642A5463E9A4D18F33E9EAD788F47394BDF6DD80EC3AD7E689BB0F40C4028B7","D:\039414.xls"
"SHA256","C1716989DFC07E5DF66E30EFF8ED2E84D0C48784BCFE3AC0872FB68B4B71EA62","D:\039415.xls"
"SHA256","9CF53765B06CF2FD73E86ECE432F4FF5F11E5E27BCC36BD087EE041276A1CD9A","D:\039439.xls"
"SHA256","ACBBFCC2AFD71772A068B41E086B45EA5AA26D7C59C8BD75986FEE71294BC0FB","D:\039485.xls"
"SHA256","709F13EE6133E253F922BBFF0B98FAC2036549EE36573A22C467929080221AD0","D:\039486.xls"
"SHA256","938186074170945222D6B3B6C085031A3A515C01DC311C21503F435CA40F0FA4","D:\039487.xls"
"SHA256","D054974361E902CB8419C55B6ABA9AAE5A2485E0F0A1B012436D56B36261F321","D:\039488.xls"
"SHA256","CE5025409560CE177E1DB2EA5F2466A06EE93A6A9350E31DB9A5AEFDE1B51A6E","D:\039489.xls"
"SHA256","C31042FDEC1847C92687910477C565C6844857E873A0BE8E907D95632A3B0A43","D:\039490.xls"
"SHA256","39813F6EA7D6168D2FF57CADFA1E18EA1E55826B06DA7A0F6C0EE39106A92B6B","D:\039492.xls"
"SHA256","E872E9D7401B4CF3493C354D187FB3E3AC2CCB14EBF6FCA8649E74BC7D959466","D:\039494.xls"
"SHA256","A9595518A8AAAD9DCDB16658E2D6DFD3B65FC0EE3169C12865EE08A939C81351","D:\039495.xls"
"SHA256","446D9943AA52FAE4069FB7EF9E4D0CC01F55F1907CA4B56B70E53528518C934D","D:\039496.xls"
"SHA256","F28F0B581903DFFE2D5752346F1EF9FBB06595728EF13D3410BC8D704D397E60","D:\039497.xls"
"SHA256","3A43438E22A3499BAABC3BB1D06AFCC2E9758A5FF651B6764103B8D0E7D0232C","D:\039498.xls"
"SHA256","D772E8CB7D05398CE880DACDCC13FDB5A6419826CC9C0ECDDB54C406D668FA72","D:\039499.xls"
"SHA256","93A110BBF7B115D8265C0816CB068C078D6EC65C837F78D2FCE66F223EE5CD50","D:\039500.xls"
"SHA256","552FF49B9C72044DC4AD39EA4C61B5EA19FAA970F364F2DC4F0A6E30478E4BDE","D:\039647.xls"
"SHA256","420373277F280D36B5EF5599B756263C952090285F48BF48B52EED7D914B60AC","D:\039695.xls"
"SHA256","091107EA803828CD91D9AABD5AD3587E721803C5D73E871CD23058D0B879FA05","D:\039810.xls"
"SHA256","368BFD3E29387AAAC8A7CB7693D64758E764CCF1D2127B3FEE5B1C7572D18DFB","D:\039964.xls"
"SHA256","E5B7AE87B61228FE0D6BE21A3105B007A8BD7BA2B1A5F571CAD8C98E2597D8B6","D:\039969.xls"
"SHA256","E3CD4A2EBECAC98502176ECE45FC1A58FA0B4A81CEF14AF40E5C68E30007C4AD","D:\040169.xls"
"SHA256","99703473E6C76BBF2D874DAA554CAA2D2AD18F3592352429A8F9341532C9AAB2","D:\040170.xls"
"SHA256","468E4B6CB0531F94B485193CA87B55600C36DD6F2F29833E6C2EBD3D45FDB53F","D:\040171.xls"
"SHA256","BF9AE957912243175DD1180D58FE78B7C3B49F5E87EDF7844EE52703426BB527","D:\040172.xls"
"SHA256","15EB67A9592036C339F68E0A73490A9EB20E9E8DFDC98C4CDBF99390A4F45B40","D:\040173.xls"
"SHA256","27FA7AFF6DFDCDE8D8DBECCC3D7FE6F8DF1842A03B6C204CB861AD8856A32EE4","D:\040174.xls"
"SHA256","12C1820C58450FE1E96776AFC6DD1D60DD247FE8E14467426FED1CD3D3BD75D9","D:\040175.xls"
"SHA256","41AEE30FBEAE1363C79CB7694AC7E2EDBF7237DE8E5304E298A20355D5DB9EE6","D:\040176.xls"
"SHA256","2079B9BFD756363B701CB45DF5406B13F6D803297708E0C008D8639D3EE61876","D:\040177.xls"
"SHA256","DDA09C7F550DC901F82832DCA444B454FE448016BAF1B4C5F1CC77E1009C53AC","D:\040178.xls"
"SHA256","8995BD59A5BB1E8702AC76CC2D5911ACF0C2E7B14BE874DDDE23DBFFD26AE660","D:\040181.xls"
"SHA256","0E80F8EFE083F508B68517AEC2931D83562736BF6F9AF24BE0ECD364212B7F4D","D:\040182.xls"
"SHA256","AFCDE84AD116034D1F9C15153747C779BFC71394E7C8AE1A6879959B9FEC151A","D:\040186.xls"
"SHA256","7D87BD7632D0F2CFAD49A6E9D499738E067CACA97EC486519A32EB7CDD78745F","D:\040187.xls"
"SHA256","B043F6819D73CD81EEBF34D2A246F4C2CC16F547CC497ED3087A07D403874345","D:\040190.xls"
"SHA256","3030DEA9C64638F7D6756E8D9BBE8FE68D26122E4A59C8E3F57015ACB6770484","D:\040191.xls"
"SHA256","3C26A42D538B7D417F6B578A3BF5152905232DC511A44BA335B80C5B8ACA07B2","D:\040194.xls"
"SHA256","6A6FAFD7B4AA9FC592BB3248A773624C9A6543BBC8BF0E485578ABAEAFEC2969","D:\040197.xls"
"SHA256","1D7996805DAB0F971E718CD3BE7DE2F5A919AAC231AE63FCA524DB2FE4A836D7","D:\040198.xls"
"SHA256","BF77CB564D84374A4413BA4F180E3065C18143A1333C4BDC52FA2A7AEE5783EC","D:\040199.xls"
"SHA256","31D57D9CE053F8A65C53D3A097F4A84A6BD748401547E95D37B44062BEA987B7","D:\040201.xls"
"SHA256","68A2EAD71318EB779DF15D7E9BB77A107F0EF9D62F2C4307693C4833BC8C444B","D:\040202.xls"
"SHA256","E04360B89BCB0A8BD1D9897C9F316FD89416B6C62432299F83D16DDFAA923E42","D:\040203.xls"
"SHA256","ECDC4CB0B954FEB2D16FC4CA3D240E174E149A14A3166CDE20780FBEE125E0A2","D:\040206.xls"
"SHA256","4C41354C6947A55A510D449FB64195397F360C6EC5B62BCB2A9F85421F21930C","D:\040528.xls"
"SHA256","FE3D8009E92A4AB52B9FF198BE4665F20881529BA65AB88853DD54307DD96215","D:\040529.xls"
"SHA256","374E8F8519DA29A479F940CBCA3A654B4607700B2001C022AB4612A21BE6C727","D:\040530.xls"
"SHA256","36A5AB43A8DE4C55ED5EBF776D46E11916D3635C4A68EE39277236A82A02B656","D:\040532.xls"
"SHA256","D77CA865040B79C1BBB6D4507C6C58F0CDAD68D11B8EBC596C32281E4D034124","D:\040535.xls"
"SHA256","9E35AA016F1B7BE3EF54C4677A50DFA1DC95466EB786DEE9578BA4CE1333751A","D:\040536.xls"
"SHA256","8917351588C04F1A1222634D20B8A1A6621FD0CCDE73CC6C18F767321E910321","D:\040541.xls"
"SHA256","8D6140C9F687B320AD4C697CDB99EC359E1B0BDCFF001FF21505F7F055308273","D:\040543.xls"
"SHA256","90F03D428D2BED8773A10C5E39DFC08CD27E4C866FDC2E5380374B7B0D6BFFE3","D:\040545.xls"
"SHA256","C5F3A88F6A189F5505D14F715234B2A19C5F45B654786E6704DBC48F522D8177","D:\040548.xls"
"SHA256","9FB0FE406D1DD068A830CAC81AC16C417C8A1D4D20E17E34C8FFC02FF3433FE4","D:\040549.xls"
"SHA256","650B9F43E94949D86D5ADFA83BEC348EE8516B7D885BF5DFAA0395C6F72775AA","D:\040550.xls"
"SHA256","6652FC58E3020CDED56811BF41AB6D9A281D7EA36AF911A18157F26D190D48B0","D:\040551.xls"
"SHA256","C265C7D66DDD5D3E2E79457AB289780C776EF8EACB8CE3CFC8C98E79AC716711","D:\040552.xls"
"SHA256","823EAECD5AFDD0FBDB92E3680F16EF167442285F800BB16B36106211DE7BEAC6","D:\040553.xls"
"SHA256","569019338D40B5BEE6DF30BD3A0C08817F9EE3436CB62592098D2611826CFE60","D:\040555.xls"
"SHA256","CE58C8DDA0A15F97C62148549786EB990BA1494D012C087DF2564A46506A3F80","D:\040556.xls"
"SHA256","569019338D40B5BEE6DF30BD3A0C08817F9EE3436CB62592098D2611826CFE60","D:\040557.xls"
"SHA256","8C3B1C9F4D17DFCBBD543EDA3E35EF5A4532AB71DD246C2CE7548F9060471CAF","D:\040560.xls"
"SHA256","2F104C03DCAA662E3A4686E7A88FF2CCB19B9B1C6F15F8EBD9A833A739B81AFF","D:\040562.xls"
"SHA256","101F61A3FF9E7322D35B84179445EB76827D1C8FD04CD8D70C182C4E4AE1A988","D:\040563.xls"
"SHA256","D46768FD833C430D8AB593343374ECBD92DBF82100D43A0C492D3A2561230229","D:\040564.xls"
"SHA256","FB9E1E8F5B8E5EC25722135C1F0472FC02C0356EA8FD36A6C2B38CC4053CDF96","D:\040764.xls"
"SHA256","91F438E54B1D0FDB2FA430896B82C6885D0E3AB4C16F1A361E731A9E8C9370BB","D:\040765.xls"
"SHA256","FBE432D51B88BD9B48F9838F443F8B0CF85BF90BD580C8CD7249AB88707E1BAF","D:\040766.xls"
"SHA256","1CF9A3FDADF6DD89666ACBAAC4F1EF7D182887B104E3B0340BDADBA6FE88BE9C","D:\040768.xls"
"SHA256","844FAA3C56A0EB5009A06F850489BEEA51FF9B1DA072F1B1CB919640C0C268B6","D:\040769.xls"
"SHA256","41DAC39DA264CD7620DAB6032EFF937D3F058ABD906C0EF8A232FF5D9CC19D7D","D:\040770.xls"
"SHA256","6C69A261CF80A369A152DF3D85AC9035D08CB15ED7BFAEA2CE00483972FD27C2","D:\040772.xls"
"SHA256","81D197E741E2BD720BEB28649759F967C98467AA1D04FA270846E1DE87857AB5","D:\040773.xls"
"SHA256","1F7D5DF6A52036862EE59DF2D467A37A70F2FAABD652C4212B0145F42AFF9E01","D:\040774.xls"
"SHA256","549EF9D03F5C6FE980D341124390C1F1AB2C1AFFAFC3C7F70F2391D159BB857F","D:\040775.xls"
"SHA256","25D5418A708C0CA4715C1BF7317F49B0B652CEAB6669460DAE43EB73D4B6BCA5","D:\040776.xls"
"SHA256","61BE1777AE6E18AC8D325191BF66D2FEBB822961BA42E3443252B061C9F29E64","D:\040777.xls"
"SHA256","7594241E78B6173FD8DF7F3D3FE7E9C8FDC20663C3B8BC6044296220A66857AA","D:\040778.xls"
"SHA256","D2B4A8088D6143166419998F21F23144791ACB4BD8463A99F63E790CA82F2576","D:\040779.xls"
"SHA256","958923643EFDC22947AF529D931F3DD5C297D2629EB1F4A31861876117A81B6C","D:\040780.xls"
"SHA256","94EC1D71CF4F700BD8D7C4C6BF6377A8B2ABF3A1D0FD940A6A6D2A6883A30E2F","D:\040784.xls"
"SHA256","7323877EA67383A557CE55F116D1CCA64B8EF5847A0E7E28C1F3321BD9478399","D:\040873.xls"
"SHA256","DCA47EB325A053CCC308AD3ADC13FDABD247D9DB6AF5A202F265540CED1D9640","D:\040933.xls"
"SHA256","F835C27EEA10BA5C352A3C520ECFEBBE2664B06DADA82F48CC1CD3795594D75E","D:\040934.xls"
"SHA256","255C67DC0659D2BA71F6554039FAED06E274517900E2214A941D0668796C1DEE","D:\040986.xls"
"SHA256","D1BA2E4F931A3030580DC9421D620E98216D72851818F45278B8DE9682EDF9BA","D:\040994.xls"
"SHA256","E33BD62FC0A3357FB5CB5F274EADE4DC4A0DAD99BC93A0BD6953B12262282344","D:\041093.xls"
"SHA256","C1DC12B078B13F8CCD8A4530480B996D3248184B788B8C8086CB7224E12B5AE0","D:\041094.xls"
"SHA256","0EB749F113B293584602561EB0A8B6F36BB173B36245C29572C97ECB60623DFE","D:\041095.xls"
"SHA256","56E58A9651B7EDB44699A0FE8C383B4A8DA3C4985014F749CEAD590CE3E79263","D:\041096.xls"
"SHA256","FBBB21319006B75BDDE68900FA2AB7D45DFE5D31C9EC9777B71723119B82B5EE","D:\041097.xls"
"SHA256","E89EA1125D693766C5FF813587A5E8D2185667A24CD135BA57A296B9B509621C","D:\041098.xls"
"SHA256","6FFC7D9296CA506D3DE4CAC054AF4F95636232D0E984E3B6ACA104ECB59EDA6F","D:\041398.xls"
"SHA256","D6ADB154DB1055D5A8039DF0A9BBE716454046C941A98BB398CAF4A2611B578D","D:\041643.xls"
"SHA256","0730FD2AB2E92D20746AFF9934D94073E1B417D4DA19A6CAEDFFB43BEC8B2630","D:\041660.xls"
"SHA256","F58F786ACC30A17E1B407B30210E8DEFB1A2A2AD35CCEC3BEB7AAC857D1D270A","D:\041733.xls"
"SHA256","82C3C404819CD4DED614FED6F44F9DD0246648C61EE764974DBD28B2C856147F","D:\041882.xls"
"SHA256","3598D526F19FBFA0F900EA4C0DA80DDAA277ECF3834E76A6C0406E2EFA8E5D37","D:\041950.xls"
"SHA256","FD9C0B5B45F410C1B0DF7910014A00BCC3DE5759A9467A52860E078177A5972F","D:\041951.xls"
"SHA256","A45B5EC246681F61811F2F5CC6F07755F178EB180D3E29D5989FA834DB122E12","D:\042139.xls"
"SHA256","E83B4529FB119AD46ED55A1124546B75B456B110262A37E73D04925C20C5E365","D:\042140.xls"
"SHA256","AB1417E8C99963722FD70C51C817660F052FB72BC604A7726DCA98945694BD72","D:\042141.xls"
"SHA256","573D4C00D266645F836E17347C3426E207323EAEF9507A318E07508F83689A76","D:\042143.xls"
"SHA256","44D45460ACFEF424C06CF6DE43F324BE34E21E3F73D61956B46F19A2CD639FE3","D:\042145.xls"
"SHA256","56B1A0F556987E54F9E5C2BE60E78AABA3AD2E97EE43A04A109FBF96E55EC3CD","D:\042146.xls"
"SHA256","98FE15911AA73D864698AD6929A0E3DE81926822263F9B648355D9B387D7A715","D:\042149.xls"
"SHA256","0D3AE56C4F1D6BF66E2764198D5BAA34DBD392987EA19576C1A3288D0D93B4E7","D:\042150.xls"
"SHA256","C4EBA87AA008C120481C55C3E088B2E7A5AD70EF7A1798C61F969E5F4FF86DFF","D:\042151.xls"
"SHA256","949DBACD0326C17C89D90CFCD753E842F68C43B83C06244E010116259341B002","D:\042152.xls"
"SHA256","CB7945D018DF0A25A8099F96EA9194E9939FABF40326FABFDFB3F20293DD0A30","D:\042153.xls"
"SHA256","58F51A3329EC2BFA07F378BD8942802BBE4A62C35012F84846B2922C61115F97","D:\042187.xls"
"SHA256","E8C4A556B1464E4859E10ABC8C23BF58372E4604A5624F7558DCE7AE13B92E85","D:\042189.xls"
"SHA256","11B480AB03CB78CCA3B9F07E9FAA7C25D67C5ECF18EB450EFDB0CA61213C295F","D:\042192.xls"
"SHA256","B0CB6A2ECA12DA57C173816112D9B05C05B19ED501223D02FB2E99FA84AB59B7","D:\042257.xls"
"SHA256","8A8CB6983C9265DD16EFE3D10ECCC26A25BA682C0B4BC140EC75117ECEFB4843","D:\042258.xls"
"SHA256","665FF3AD67B90533491AA67CF444AC35FB5A802F26DA7EC3CF27D2BDA19A1794","D:\042259.xls"
"SHA256","159844955EA5745854DB07EB241F9F4470B1722BF1C617378C2A5516822C1A12","D:\042371.xls"
"SHA256","C4C00680FB7BA3EDD483FEB703EA39622C00354D5223EDEC6D5EB4CAB19DF6C2","D:\042372.xls"
"SHA256","E9EA21EDEA4D368E3DF53F3384FD4DEB5037391BA21BEEC7F6D67C33C7AB9901","D:\042373.xls"
"SHA256","23ADD7C1B9598A475475BB2876C46ED2B35D26C288C75EA9F6D0510325DAB7BD","D:\042374.xls"
"SHA256","72D9B469ED25FEB5B9D0E9D746133E7A6E7F383D7D7968DB11EBE62271BD71DC","D:\042376.xls"
"SHA256","CA2E445F8D9BF8F8B92AD4F8A6193997F1CE119DA74FF4F8F70347D5C3F7701B","D:\042377.xls"
"SHA256","30D9AEC5FC7A7F69BC7F17306CB8091ABE54FAD8A0981348EBDCAF592DDAA865","D:\042378.xls"
"SHA256","4E8D0D488B9A095A8989158BAECB626508A533E611B63845261B8A54202FAD5E","D:\042379.xls"
"SHA256","3AA8D074C2B9BD79FA38ED2C30A12D72763E5CC83D6500F574848EA36B2C6B99","D:\042382.xls"
"SHA256","00F7CB3689D23E24847145CBB0AFCE14D80CFE9FE443D8C85D1468FFA3E02977","D:\042386.xls"
"SHA256","27AA9B43EE04B5F2E9C244488BA5F93ACBB62912CFC79024E1BAAEC03923B6F4","D:\042389.xls"
"SHA256","D9712C010B436CD69339DCDDE21829AE7E83E395C037139F54127892ABE5CEEA","D:\042393.xls"
"SHA256","2CC6F70076830071534F5B5DECD24F56A3B118ACC6A1CA1B156549E1C4C089FB","D:\042394.xls"
"SHA256","1C6F6B27820DCDCE1FF2066790E4C86E23976CB1A07713CC7293418EB1D14187","D:\042760.xls"
"SHA256","92FA1EFFE47951FB7B541B357D21303E538D9FB6392274E695DB20373757D3E6","D:\042761.xls"
"SHA256","AFB064AE40B33A65EAED3F4EE58001322FE3F3C9C578F99DBC8C11495ECBDD9D","D:\042762.xls"
"SHA256","D4CBBA276B86AEEFEB579A610F63E208FC3DFA4A1B5B19BCE1E045798EF30658","D:\042763.xls"
"SHA256","347C4CADFAACDD8089BA9734C77E59AAEB996FD23EBF47BEA0BBBAAF080CE4BF","D:\042764.xls"
"SHA256","86A52AA19ACE8F197058908A54A1462CE1FF6BD0914A25D4FCD16F413DEE7481","D:\042765.xls"
"SHA256","4BD54D5508818E8118305B28B52D5B4FF5BB05D4ADED7614881E950CFE2A816E","D:\042767.xls"
"SHA256","C50B69587C8CD077E2313373788B9750AD225AF4CD66FDD7F2F7FE12ADE6F2A2","D:\042768.xls"
"SHA256","AD19D07E67A07A6B9192C7ED290795713516B8EE49F13FDEF6A18582F580FEFF","D:\042769.xls"
"SHA256","644C8AC4ABDA5C46E77EDA8A93AE07E3FCEE80D39C3A5D130DB5A842E7D5EF6C","D:\042770.xls"
"SHA256","CFC4BD674FA5A830F99D3DD0DF9090D34BDFF7D5C14C919CDBC7845B745360B3","D:\042771.xls"
"SHA256","1E1034AD56E96B6917B84F7B19A10D953611F975BEF9C67351FD416190E4C2C2","D:\042772.xls"
"SHA256","EEB28B391A6BD7BA48C8D2E83FE41F863DE5DF4E6ADF371304EEBA4C7284C34A","D:\042773.xls"
"SHA256","2BD26A630E80A44ABC74F14791233EFFC147EA7C1AC218A9A68C10A37D7CEF85","D:\042775.xls"
"SHA256","699195D09DBD72F2DD26B0834EB3AB7E60C76AF0DE52084EDA19417D7CE40C1C","D:\042777.xls"
"SHA256","23C542FC2B9568C93A4440C60A8936E84DCB47BDFC8792CD617110A8835E0E7C","D:\042778.xls"
"SHA256","974F34FC04CC85A0EAB69D55ACB278C03EE9E7C72A852423A46BAC56D5D19629","D:\042781.xls"
"SHA256","E757FE63ADCF8A5EF680B570C5C2CFCB749CDD840E1FF298A8EF93B4791F326A","D:\042782.xls"
"SHA256","F1297DEE75E644195BB5D50281589950558CE56EC5DB5F68E65F41342F93DC0D","D:\042783.xls"
"SHA256","63CBA7F1ED512671FFE2A5D855DEF61E5BF23EA8ED926C1CA506E744D53A7057","D:\042784.xls"
"SHA256","D0185B4AC5E042D29F4EC390CB86614D96D5BC84A28E10DFE030DBBFF318A2B5","D:\042785.xls"
"SHA256","B751683A5861B24706AE23AB919DB1689975B53E71E8EB6203A1CA3F0B9ABBF2","D:\042786.xls"
"SHA256","4AB35D6BF6853FA52C7E460EF3DF3C99D9CD6016FB6D425214F7E3D705FD3658","D:\042789.xls"
"SHA256","1E333A1888155692F3D5E446051E1CD1A3F2C8F4B2F6F6FC4C021284911C0CCF","D:\042791.xls"
"SHA256","81DE0C6D4FB2B77DF1D9A7058DB6A6804CE65174954477374D84C88367EB4AC9","D:\042792.xls"
"SHA256","920743AA0A88B5602CEE47986C058A78415679477065690FD0DF2CEB86843FA8","D:\042857.xls"
"SHA256","FC5B653A64493F84FEC9BD6FAF818B0EBFB7D962E4824633229D24CE235FBB0E","D:\043043.xls"
"SHA256","5EFAC368357E10EEC171721323438E14ECD97AA37D00B9AB4F54EE3F54917BD3","D:\043045.xls"
"SHA256","12CB85B8E2DA389E119C55BFD8BCCB7F15CD34E0516264DF53813AB0B881ED3C","D:\043046.xls"
"SHA256","EECC3846C163F68D6A70912D96EC9E51633DC502D4A633A7041DD7708AC2CB43","D:\043047.xls"
"SHA256","348670FE866B48B2753B41B7BF0246DF8D3930D36382206D2E1BB7F49E53F11F","D:\043050.xls"
"SHA256","01B7C58D4038627B2AD6E995C5E96CC2E351070B9BBCEA4A8E107BE95EC7B1BD","D:\043051.xls"
"SHA256","39CB0C2001704123103815965381F1A616750481D2FE6BA824C79B87E8EA531D","D:\043053.xls"
"SHA256","421B9855EE28C9089D4045142983AE6C26820E97D704ACC85EFD4DA930A9ADAE","D:\043054.xls"
"SHA256","94D376263D41A35B04BF4B85A04FFAE3FCE0B50229740D67035546B18320E387","D:\043056.xls"
"SHA256","1ADE2603ACA6AE1E0AB14B0DFF4D0134FCC49FE8B37FBC55F39A84E98C1F01DE","D:\043060.xls"
"SHA256","BE91B711AC4DD0A495E9C410AFBBC3DB349FEE2C6C9BFD250C69292C375B82CC","D:\043061.xls"
"SHA256","1EF5ADC456ED42E274C079FDAC6C43C86534A286D0A511149370A6D2A59BB648","D:\043062.xls"
"SHA256","6360FC2ED2E411D1A85E1D11E3E812AE213E710FBCCF3785CED788F09BD86896","D:\043063.xls"
"SHA256","84BEECF622C09B5AE75065C98F37E500BD88ABC46F24EC71DF17A5ED20EDB04E","D:\043064.xls"
"SHA256","EB502D2B3E24F38F692509696D36CC06FBEBBE1FC1B6C946DC4EFFD4FAD6F054","D:\043066.xls"
"SHA256","6942C4A01978DDF8608F97BC82F2BF6CDC432AB1B3151A5FBD4776F3F924C528","D:\043067.xls"
"SHA256","79A5D5009FF2DE51BEC7F75A5074EB792184214C6EF5A2CB89D2972CC9E78826","D:\043069.xls"
"SHA256","E8F38B64A48204D9B4970F4437C391423A49168C4731B1F713E2026F062B4F8E","D:\043070.xls"
"SHA256","A2A5F5832F9E135CF0821C2AB09DA9F078449047D2BC7A23347E689EC851E8C2","D:\043073.xls"
"SHA256","5E04E8807737B8D4E1BC9B85AF63EE4351CEEA0C6AB4251BE95C436A80C73DE6","D:\043074.xls"
"SHA256","775D252A5A46E5F82818A9144A4F54B2B45B35B27A086245E559D94DE20A2BC2","D:\043076.xls"
"SHA256","C2E6418F870D5F5A26189FE2F4A7C7DE3AB66412FD65061422493A2B5BBB229A","D:\043091.xls"
"SHA256","6202054EF90F0565BD7C66D23439BB6FBD07EB4998B5517428D30AFDD52DD3E6","D:\043405.xls"
"SHA256","EBC712738FDDA85AD0F1978E8C89EEB511D3215BBFF3FD898239AAB66165482D","D:\043406.xls"
"SHA256","AB70D0743F223E6632678B821722A2D0FB26FBAF5FC5AE85C97AA42EAEE2D348","D:\043407.xls"
"SHA256","B51D1E73946D911E59F40026287B04825ADE83919F33997BB77580EC7E8A8497","D:\043408.xls"
"SHA256","0192BBD5EB448925F2328E4D151DC17AF7F7B2BB697B3EB9BFAE0C723CE0CE35","D:\043409.xls"
"SHA256","BBBE5F1C4D7E0100589D97EF8D6D2567B6D23CC256FB959E49003C9D95A11629","D:\043411.xls"
"SHA256","22664AA1C2757EF6FA0CC8E414D9056A10F2070D2DCA56FEBD13470A03764061","D:\043413.xls"
"SHA256","070045DC3AD5189DDEAFD61E4822DF405DC18DA3E0AF4D01978A81D301B0995E","D:\043415.xls"
"SHA256","EDA4698C4B41ECC672B25F92DD3409014519B4545F4945474A45BB7D56B33D61","D:\043416.xls"
"SHA256","269D8AF13A32B0F3C29E140C097906DD06D067E9FFDA5F48FB85C88C3DCFB173","D:\043417.xls"
"SHA256","961FD5A0A773E03EC14BC6E1CD7595BFB0C447558F3F20CA6356AD05DD01A239","D:\043418.xls"
"SHA256","58CA8DFF62B690A01029C2DA0204DB0D0715380BD6857256FF319888F81820A2","D:\043421.xls"
"SHA256","33418AB7B387A5F578F460438DE6FF45F6C0238EA8E619FB621A6F1BAC0A9E57","D:\043422.xls"
"SHA256","D17B3335D6E23309ED21AABB3C3DC3589F7C024F54DFA35F4E8E20836564A596","D:\043423.xls"
"SHA256","CDC2EA39046FF692D50B05AAEA1EDB58E4435F12AF7758426FD1682FD4C36D82","D:\043573.xls"
"SHA256","0F602A3CCC42FBE631A08596F8F3E67B116D3125851C706843D918A4B49EE111","D:\043631.xls"
"SHA256","358CA734C4DD335D50858108EFA22C178BED6ECD1EC0D88F854DED421E82567B","D:\043632.xls"
"SHA256","5A67803479303E88B4846CFEFC008BBEF69834A51A69899979AD8FCA379E7BCC","D:\043634.xls"
"SHA256","60598A2AF64926E39450F5F8BE42F6620312A8017B6C06172215D52E87DE6388","D:\043635.xls"
"SHA256","8A3D47ED03CDD27F7567002651433C110471FF33218C3F69E8F330319698105C","D:\043636.xls"
"SHA256","ED1995DBEAC7E35123D03596B53E49D24B119E82E6EFD3EC56C7F87BA32F3868","D:\043814.xls"
"SHA256","D6D39A0B97AFA8B9F9CDBA2CCC9AC34CF0AD5CC6515882A0B6D8393D2D244AB4","D:\043820.xls"
"SHA256","ACF4826E54267F018E92C9BEE759398652E3796CA834F4749FF5805AD8F35A44","D:\043821.xls"
"SHA256","F5F880FBBCA5361666EE06752D603449CAC82039D8629468B728ED5D06BF39B6","D:\043822.xls"
"SHA256","EEC411B67BCF952D13A77C47695D88D3165109B03B6C1EAFDF478484FB2C2BA2","D:\043990.xls"
"SHA256","627770931E9ABA3AF463577E11AAF9AFECA95DCB941E76E21A0834CAEFBA5A27","D:\044077.xls"
"SHA256","B4528BE200292BAEDFCD129D11E1512921CC9A7077E0152043CFE17CC2DCB2FB","D:\044208.xls"
"SHA256","40C73AE08AB6386FA07B7018E38222BEC8EF782EE8C52849332154107772D3AD","D:\044219.xls"
"SHA256","9AAD7250729C00EADF409FF2583B49569626473C10E6948E790E81133047685C","D:\044224.xls"
"SHA256","320A2D2324296F7BB1A4CDDDE2A8189CBD13235FEC5C85F02708C1821147A792","D:\044225.xls"
"SHA256","1596314B0209B8F0FF0308919A98E11A4AF429A0B4D3193DFB43213F095E00DF","D:\044312.xls"
"SHA256","EF2042874568AB1C1216377671A946341044F00304E73B3EEE375340450C7AB8","D:\044389.xls"
"SHA256","2FD5AA1662AA5FEBFF882C93A5360C18ADF572515252181455FA86D5D0CCBED9","D:\044439.xls"
"SHA256","B19265F138FE5D7A601E76C55416CBA87E75A4CE820B0579C22E7574B7D42212","D:\044440.xls"
"SHA256","3B3E7A206AC31E857CC29DF5AFEFC8BD24D0A5A9E9151F05DC8FAA194C0D51E7","D:\044441.xls"
"SHA256","3BC363E10C50DF230038048AFA66E5D5170EA4862AC3AF2BFAD03A795075D70B","D:\044502.xls"
"SHA256","8DDF45F0321CCF7EDBF8551E243D8B0DA0C9FFCCEBBEB9CEAB919DF3F871084D","D:\044503.xls"
"SHA256","3690DFF2681F67172EE16FAA65F01A53395998D4DC666F0421F90EC238418233","D:\044504.xls"
"SHA256","1CF7CA8A35755F4A2ACDE4C551721BDA7AFE43300CFEB1B1B4022EE0FCC2EE9F","D:\044518.xls"
"SHA256","519F6926B14A68A5B1EF0E901FE1F7BE919434CF9141E481EBD8287D4A38EF89","D:\044642.xls"
"SHA256","B68F5ECE43F7AE28370E8AAEFBAF38D3F015A1BF0E3AAD73543454236E31686B","D:\044750.xls"
"SHA256","ECA2DB6018EA83242507E5EDC5C7CCD50296B5E6296665D28C9DD64C2C64EF76","D:\044751.xls"
"SHA256","AF0502B302CFB29EF9F727080BC17461D8B86B161643CF82CDA467AE5994A93E","D:\044752.xls"
"SHA256","A08A9C56CB5E7DD8906166AF62F28143876BE7693EB6E18E0A7777C2C475E3A5","D:\044753.xls"
"SHA256","66E9D651C4C330CDC2645BC29486C1EE26171F2310777330A5048C2B7164A1BB","D:\044893.xls"
"SHA256","D8F47462557564F84B806B700CF3D3FC44E218CBE6D50482C95E16326AC31688","D:\044926.xls"
"SHA256","8680FB005EBD42659C08E6CD3B9A3C019AC6B3AC22DEDD5894E6D4126C576129","D:\045235.xls"
"SHA256","03F13ACB450C3385662C7E517D9B87505EE32E1DEC69E4921F857C0662B0E410","D:\045236.xls"
"SHA256","AC70C9CD38EBB63D83605EE34A2E770B6B235FAB3171934CA342408D3DCD1155","D:\045237.xls"
"SHA256","D0E15DF37CD3EFD8B2D56EC3A053A8D0C59DA477F3875EA06BC014AC4FBA43DB","D:\045238.xls"
"SHA256","C4EB39FEF0FB8E9CC76B93C0CBB29E35C6B26F22D59BB54CC6D2A28B4A5F444B","D:\045239.xls"
"SHA256","24372A30DA26AFA1B51E300FC4465FFB591C9E44B9BA2D05CC7949FEB1ECA8AC","D:\045243.xls"
"SHA256","925CEA790350F6AF52A924D21542C9F07F7E3A51621B9A983A0A449E71423809","D:\045244.xls"
"SHA256","D3AD19A276F8E5CDE7959FCB3BD35213406FBE6007AA779CFF54584DAEFCF4B7","D:\045468.xls"
"SHA256","9EF14425698A871F4A85F333AB06B43A10CE9251948E97BE2FDF7D1B032AAD47","D:\045508.xls"
"SHA256","677F02A5C287CF793565E434332226C4A4985FCE83A31D3A6CCA7DC0C734C8EF","D:\045511.xls"
"SHA256","4922CF2C9E1B2CC7DE740D70C0E8207315CAF5E348A1C2690D934C3AA804CC88","D:\045513.xls"
"SHA256","B097B75A2BBD0AD19BA2389A6B0BC413536DDAA514A8D4726201B82E36E8773A","D:\045515.xls"
"SHA256","0755EA79D65DC83442012B05E871160281962961CDE7882D642D8DB8C847A305","D:\045516.xls"
"SHA256","5FB6F24E367868CE6157E518B252BEDA18B8F46745AC4C65B8E6619F740F67BC","D:\045517.xls"
"SHA256","326DD9FB4FB8D98203E3D89D4F7AB642BD3B4970C01990BADEEFB2A2BC268A0A","D:\045518.xls"
"SHA256","BD70EB11F1312D76A09BBFEDC15E3BE96F7AEECF9F6D63F893E4897B83239837","D:\045520.xls"
"SHA256","C9EA4AFE194EE49EAA3D8B90FF2C3DE1ADA2D1C760478701AE436F8C8436F87C","D:\045521.xls"
"SHA256","CDD3D1036476726C73122A02F9F2AE8ABA83E12AFA8A988FF8037775EADAC0FB","D:\045522.xls"
"SHA256","CAC772B61789631D82B923FE2C67F06F292CF7683BDAF2A72B7856B7E808A228","D:\045523.xls"
"SHA256","C734E5FE1B2A6836E94E6A99EAF1C25A1A47285D4BA2F2B24CCBBA4B164FE1A2","D:\045524.xls"
"SHA256","996EBFD1BE2FF7ABB5E181A2B290D38D09362A4D722CFB0ABC97A3B570B9CE27","D:\045527.xls"
"SHA256","9C5B2F12FAC276E8A5112157A23EE41DF02561FEC082837F9AC1C1660B9F1619","D:\045528.xls"
"SHA256","DCCD91463C1253995E2514F77422D4DBD00D389C9E058B36689068BAB2DD6E9F","D:\045529.xls"
"SHA256","5C2D81B9AF0C7577B892FD5897A2A1C2031F1A945823A0CA9AC3F2B16945D2EB","D:\045530.xls"
"SHA256","C95A2DD4D0BD98CB17D1131A1B890ACDB1E2388E79ECA22B41D92915E2F09FC6","D:\045531.xls"
"SHA256","2085A3CA477B5E948717DC982E21179EB12D5AE1695CFBC137803DE3B2F67072","D:\045532.xls"
"SHA256","DB6ABCBD50B8F8804C493F0E84783209401D0CFE53FA225FF8C596CF9E06C117","D:\045535.xls"
"SHA256","8101DCC8B03A49B84BFCF0D636C95DBD38B093643E87AC9809CEA75CDE20388C","D:\045537.xls"
"SHA256","230CA9C7B3CF809E29A99AB65EBCDDA2B8A324C87C294EE5ED5FAF9919167273","D:\045539.xls"
"SHA256","2A4F8637EDA3C00DF331D5062D309C075026D1EA9E17B94F4AA841CA6CE8044D","D:\045540.xls"
"SHA256","0C456C617804A809AA51376871A2B9EAEBDBD7CEDE6BC36B71974F348CE7066E","D:\045541.xls"
"SHA256","954EC36384DDE3B7CB41D2C0C0C23AAC06CC17F1DB9F3F3298B71C5271013EA1","D:\045655.xls"
"SHA256","5467D4D962116BBCF03D977087C79A50F4861CA0D2A31D13A8F3F3770BF162E9","D:\045733.xls"
"SHA256","52A90A6E9B6811A4549A4E394AB621EB1265B2D9BB33285EA2C3CCF81798CDB5","D:\045734.xls"
"SHA256","A136312E4484D782B9D62EFCAB6B9F5C1A4F26C962EF869481CA02AF2898B8DC","D:\045762.xls"
"SHA256","28F02422C6373F9AEC4D3837A5C2C8A6EA8FFB8071B626FA82FF630F6BC81406","D:\045764.xls"
"SHA256","B2FA4E95CFE28B4766CED7544A2C8907434DD924CFC05CC97FCFFAC6805AFCF5","D:\045765.xls"
"SHA256","9E9B2849194D778742ED8ECF6E889CF41C2121A2514F2F354CB0A65B61C53FD4","D:\045766.xls"
"SHA256","06556529357BE2832ABCCD58CE6F979A95518F34A5D50FD2069BFF8913C6B02F","D:\045767.xls"
"SHA256","3A046990E19B75BEA3BC4165A440A1AF6AFA0F0BD0250015543AE3DF50A83768","D:\045768.xls"
"SHA256","96B329DC895E8EDA806506F26D674658471B5D2AC7EC3D0F1B58AABDD61A7C72","D:\045871.xls"
"SHA256","0921758046D181CEA41C45F650CE782D9A3A198F08C1418E47B0C9A004AD4647","D:\045878.xls"
"SHA256","0A56FB09D8786144D1824CC6334582FA778C37255FFF8C11B2563B400B4F05DF","D:\046012.xls"
"SHA256","584A7C9A31E3EBA49A343A67A7E2A7789DFEFFCF8150E98716A3BE9B73B9FAEA","D:\046013.xls"
"SHA256","199ADEBC918513BC67D7796AAB1C37D2A295349D883D504E270863A05EFEDA79","D:\046014.xls"
"SHA256","B104AC510DD8D75716FF366D35B7F820E051C7DF548A6211CDF82F91AFC8F08A","D:\046015.xls"
"SHA256","75E51DEC5955085CD875DF8F1572D14AC39981C5F3B076EF807F9E27EBA50212","D:\046016.xls"
"SHA256","17D2C7483C9F19F06089D09E66E6DE97CFDA3E56E3C77B28305CD6C718783323","D:\046017.xls"
"SHA256","A33250D64B46661FECDCF061374F3F177A7FEE83F42092728B07111328CEA269","D:\046018.xls"
"SHA256","DEE5D22313E549E6107FB2A73DC40098B7E8FA9116781A4200F24F8E1B62908A","D:\046019.xls"
"SHA256","749DE7D7AA807E37C0034FC2844755C2BB1E23144EF7893DBA10485F6F721FBE","D:\046020.xls"
"SHA256","2135609F28AF06DBD3B9D281BFBA92A7A78AF923F8FEA8228CF65C2BD2B99679","D:\046021.xls"
"SHA256","E817392278944E1857D59E88C44B396CD54939B86F063F5D66F0D7846D3E3BE5","D:\046022.xls"
"SHA256","16D9616DDF7C5DDE1C1FB1C0FC8989E1D13F97889DFDDCC2E0AFA735E96848BA","D:\046023.xls"
"SHA256","9B8BFF2C6A069181292E3DC7017EB62D91D2DC13A96F18F1E68965040B289ADF","D:\046024.xls"
"SHA256","AF122B12B99DD9F6672F98FD0B146BC93C71FB59EFFE35E2268EFE95D447AA26","D:\046025.xls"
"SHA256","1E2124A3CAC4B7603E9C5CADBDBCFCC97E9998693021F9EC8278C3D78E45C728","D:\046026.xls"
"SHA256","0063EA6403E3672D56A170EA8B710C7F3427730AEFA78056FEA728D25687EB35","D:\046027.xls"
"SHA256","35AF856BBD9A25F0BB05256DCB561B7FE0A123241B8CC97B4F82243E74109899","D:\046028.xls"
"SHA256","968EF5DA488CF9683D918AB44A5816EDFFC508A78491AE55419DB03BFDEF4141","D:\046029.xls"
"SHA256","46C8FC26A9C4087BAA7F671452AE35B39DF26757F91898378B2FD24B250FF425","D:\046030.xls"
"SHA256","1EA499022837726C06652F9718CD93EE6F36D107682AC5BDDC372707D889B3E3","D:\046031.xls"
"SHA256","2C5D1E2A038AB8BAD22923222AC2BF1C10D280381CE34B5176F2C2324189E6B8","D:\046032.xls"
"SHA256","B76AC333CB7703C21DAD2225CBB667EE15D957ADE5BC07C4E08B7CE32584F7AF","D:\046033.xls"
"SHA256","7205330C80DCC22FED336BE0E36B0C6F98B30CFE47A26C219658ED943F2F1FA9","D:\046034.xls"
"SHA256","BB0946BEE9182CCA78186AF2DC13C4E2E668A30B48EF49E9AF7542A896D96F07","D:\046035.xls"
"SHA256","CADDDE82863CD918E67813B1F5D6A330C90659ABFE8D28949A2FCEF371B22BA7","D:\046036.xls"
"SHA256","B2847EDD9EED207FC84930742642A24303EB99634943DF66972DFD94EE4243BA","D:\046037.xls"
"SHA256","49D5C21FF5C6105C9C9C794A80D2D5E2F8404BE9E5A3599855CAE72F1BEAD087","D:\046038.xls"
"SHA256","B4158BC7CFCD507CE5F0A7CB52B8E01E848BE0973FAEF50DB3580702A48FC275","D:\046039.xls"
"SHA256","B393D98253E558F2830A01B59BA676B40041FAE1694B6AA8868D30EE336B51E1","D:\046042.xls"
"SHA256","C3465B1BF72370BFD4773154697C503CC305B798AC04C85D00E28ABC5F6B5AA2","D:\046045.xls"
"SHA256","BBCF6BC12E798440A63FAAE1ADB3B0F1BD8CD5D7D215428C0270561C3F0A4F5C","D:\046147.xls"
"SHA256","25AFF73685188EB9B4D10CACFE261523212495859655CE6E1C81684F8C390ABD","D:\046243.xls"
"SHA256","4A6ED452FDDEDCE4AFD6BDBF017B7E1E9321DF007752EB451ED1547E5B461525","D:\046244.xls"
"SHA256","9975BB180242A3DE1BDA5727EA8BBEA17C94291D12F8F39D4A8B6C77DBB1C30B","D:\046245.xls"
"SHA256","F0CD1CF306AA908908C7BBEDB7A07F54699630551AEE2CF45F2A11580F60A105","D:\046246.xls"
"SHA256","EA5E1800FB8B425B82B766BA44D846ACF6298F5409CF8F74869CA516DB54F874","D:\046248.xls"
"SHA256","F42F88FE6DA4C384E3E54DC6307F6B532CECC371FA6930C91362A31570D11ECC","D:\046249.xls"
"SHA256","E7DF9830AC28344DE74E35E4B5A95892D31C07473134DD5AB2DDBA80B3000E56","D:\046250.xls"
"SHA256","3CBF1F123ABBE37BB70B25B6F20F7821F6BB5E345F3D799B1EBA8EE246CA4081","D:\046251.xls"
"SHA256","44BD27C2C13F02402C8AEB44DF0D8195CF10765FEA9FF217997C978D853204F3","D:\046253.xls"
"SHA256","614269841DEE6CDB9682A335F4D83F0D82B4488C33EFF3999364671EEFBC39BF","D:\046254.xls"
"SHA256","89656A4417934AD8E0AF4AD7E6B60B704B7E70F76511075C2E108CA5F6FA0CC2","D:\046257.xls"
"SHA256","2941F914539E08171FB5E778A448D9A0D18C0AA11F61DE9F94F1D2ED0964CFA0","D:\046258.xls"
"SHA256","A1F402975F454C6A7E3CFA5DF6A6951C2F28CCE626FFC5C229445D62B96D1F9C","D:\046259.xls"
"SHA256","63EF8EDF29BEEFEE0E83D50689D2F479CD4BC287B896484F45352E1ED696B0AD","D:\046260.xls"
"SHA256","53BB806C462FE75FABDCE8DAD2B8FE86CD208BBC98AEBE7E2609CF3EB0FD45F7","D:\046262.xls"
"SHA256","363844AE0BBC769236160DD764EF6DFFEF4B5DAEE7EA544FC6B5F8FD4EC75FE6","D:\046263.xls"
"SHA256","BFA19F5DE249604A922519C9A16B1EF377853D62EE3FE3A80903C6BF7057F959","D:\046267.xls"
"SHA256","B15F8FE2A78F83F7CFBF3F13869BC3B3A32C685E7BB1D8E48951ADC7A57B6E67","D:\046269.xls"
"SHA256","87794D30F46044DBEE7B7761EF9A2A85F0D22980988D5EC350BC048FC5F8CB9C","D:\046272.xls"
"SHA256","14971B7CE8B84498A1EADF35036E0227BF915A8D33AA6C395E41AD8F363D8E8F","D:\046274.xls"
"SHA256","D35299FB516A3AA4338E4B057E2107A27BBEC43C0DE502BD05B05068FE4BDDC5","D:\046439.xls"
"SHA256","61ABB3BBA105EF2578E22D402A3FEA61855043C18DFE8636A773C53092BEC9C1","D:\046440.xls"
"SHA256","9DCFDE0805F42962AF844BC1A26785BED6CD06D9F224C77A466E7368D9E7C20D","D:\046441.xls"
"SHA256","A01441F3D269FEB39977241E20D4AA3F37B6E2D2C6381EBF7C975DD5857799B1","D:\046442.xls"
"SHA256","BAB009C4FE8E41621710D0BDD2EAFC1BDE965611E595D7465788DDFEB8DABE6E","D:\046447.xls"
"SHA256","2F4531E6F0237FF63D8E2F3FB99AFADFC88CF2F52FFAC467F956E0CD80DFD489","D:\046449.xls"
"SHA256","5B4F27740DF38638B2FBB802D89F41767C81597BBEBD11232538A7F95B65B64F","D:\046452.xls"
"SHA256","902470C6D367D14D10382353F968028FE5549D1DA6DBC4674A0C8F99AB7A3341","D:\046454.xls"
"SHA256","4D624E99E16EBDE0791673D8CE30371189FACCC7C7343D0AA3B97E14E0505A14","D:\046455.xls"
"SHA256","C86F000DB2BF30EFC28492F927D6F39A5CC1CE70994401E91207D8267F062CAE","D:\046456.xls"
"SHA256","40CDA5CB3F8FB157B3CF417529433F279502009BEB13948FB4897879FEFDA5A7","D:\046459.xls"
"SHA256","159F79F23D1A6EEB95518123D866DF7B45C7348BBA4039848448396E93AE6862","D:\046741.xls"
"SHA256","74D5FAD3FC2753B5342FD47AF4D00EEC344599DBB45C8F5234B5189649A95F82","D:\046786.xls"
"SHA256","775753C91B381F87DECEE3F067C66A3C53E2520411F80954E5B9F78DA7B25D89","D:\046791.xls"
"SHA256","9449F4DF0AFC7D217479CA1E86CD8C4CBE2166E1E9519908A1E7C24F158EC1D7","D:\046793.xls"
"SHA256","F7CEFD682034162E2F0D3FCC53015DA0619D379809745FE524C2715D85CAFF02","D:\047052.xls"
"SHA256","ABE6576AD3FC8C02173C9938EFF32F5EDF9D7CDDAFE94C84C14F4AB3A029DCFA","D:\047053.xls"
"SHA256","D749704D765CC2A8C2450F2A12281197CE0A30B50256A0A31BD9DBAD9339CD74","D:\047118.xls"
"SHA256","F158BB44831B6B2D45401A60F9197C3982F1E446C695E4AC231F1F277BC74981","D:\047119.xls"
"SHA256","C149FF25245B4B39F8F6CD526C3CE148E0154E67B9BDD458803625CB3AE05E34","D:\047305.xls"
"SHA256","5529C9C1D8732512A536D217D91308298BF38D9BF0DAF94D70C5D59329BDA55E","D:\047306.xls"
"SHA256","C7B0475E1C2B8A5339FDEF0F25C531A85D5FB1E936972B272F4FDB2CF250B26E","D:\047308.xls"
"SHA256","920576C4C054CD58AD393A66CFD756FF3C81E86F30996BC545FA975BBD1E66B5","D:\047309.xls"
"SHA256","DC2BECB6CFEE59C475F3F832FA067EE375F85B1A823E48F9C76AE10BAD3816CD","D:\047310.xls"
"SHA256","F508CF067A0758BB10CC8945D0DDA58BA9589186D42AEFF7274B0310989AD6A1","D:\047311.xls"
"SHA256","B671DD8BD44F8C0400B986FBA19059C0FFF4AEE2CF31FD96D9F6DAA9E28C4709","D:\047312.xls"
"SHA256","92D57E19D82EE1D3ECC8F31EACF49F74512E76AD20E1D5835F5921B2786969A9","D:\047315.xls"
"SHA256","86A1008DBE7147D62740982D3E57070AFB2F779394E301F6ED48CECD397238E9","D:\047316.xls"
"SHA256","AA4DDB6E6ACF419B2FEC3E60481661D18ED467E2AF6C3954793611040C9791CB","D:\047317.xls"
"SHA256","B65EEBCE3CE7D35AD068B4728AB1481F735394C24CC2D8A38166CC34059670E7","D:\047318.xls"
"SHA256","4FB825C20908D2EF2757982D1DC79F609566D3F1823A2FA4E9278EBB7A23A57C","D:\047320.xls"
"SHA256","96E10277C3F26EA8966AD8BDE348DAAE186FE07569F456C4B7FCE9F2728FF92C","D:\047321.xls"
"SHA256","D32DC114B66CA9B9ECBBBD342F13A2F9CFCCBB10DC0BBD3078B1C16832EB0F14","D:\047323.xls"
"SHA256","D6D6EB93EA4A4B08D8094A14CFA73800ADE05EEE7ABCFFBBAA7603BB0231E8C5","D:\047324.xls"
"SHA256","068FE5EEFDCF5917018BFA387DD4CD51AF87EF77DA52E3AC6AB8DDC4FAFC6724","D:\047325.xls"
"SHA256","A17BF51CF57A72F1D3239010272094C2A442563458CF66E967B58A08F4653A6A","D:\047326.xls"
"SHA256","BF2A86B689E7EB5B8075B95DE64306844552BC772F38DBDC4879792413DC92A9","D:\047491.xls"
"SHA256","E51436047078B1505BB4A64E7AB6B35355296D51C61D4153500EC7676754478B","D:\047492.xls"
"SHA256","B9FEA4CCC2B32D73EB49D1EB30133D9A8BBA0D0BCE0D61C630D1E4EA10F23411","D:\047532.xls"
"SHA256","1A9FA8169061DB9EA6B4116B354CE9BFE746052FCA079BBFD69C50EECBBDA7C3","D:\047534.xls"
"SHA256","4C46CF3A8B0ADF7395CCF8FF2011D7C987EDDC0AF6175915FB221919BC35200D","D:\047536.xls"
"SHA256","058AFCB61B4A1E876D3D0488CBBF3C1A8A5F198FDAD0609D82F270393EB61158","D:\047537.xls"
"SHA256","2001ECEC7BC200AF4D85167010DC563A698E15C7F4C9C187232A054C2E3E4817","D:\047540.xls"
"SHA256","9E86E1B2671B6925BC826EB6195F3C641746A00969651645884B7CCD6AB3CBF4","D:\047558.xls"
"SHA256","1400CBE2411137E8807C124E6AA1AD7DB14D86156D0FA1EB7000C367ADF35975","D:\047659.xls"
"SHA256","B2E0C47D625F0267AA7D4EAE908C9F42EA004EBFEBA5B76B97189EA9F5301469","D:\047661.xls"
"SHA256","7A5E453A6AACE664DFDE0E27BDD69D0870C0F4531A06EE4D094FEF3703754226","D:\047749.xls"
"SHA256","37789C57CDA8D50A79CA2D24D589CE65DB969560A9DD62916B67546C126A375E","D:\047766.xls"
"SHA256","1E299770C4C1E82A91EC2F77397850E41501C2A1DB6E989EAC30D4DEF3AC0E0C","D:\047827.xls"
"SHA256","7AF0CBF1A55701A8E09140588FBCE85EAEA5724495092E93086FA8872FD17A0E","D:\047979.xls"
"SHA256","6513FAC0A87862C27F50940FB0573FC9FBDCEED158B0F364388F20598E873B4C","D:\047981.xls"
"SHA256","7D2ECB35C77A5F1DAE9125E3A66B7B5B8EC248750BBB6D7D71C3F2CAC4F3A982","D:\047983.xls"
"SHA256","4DCB9AE82089B816EFF3B921BAC1EACC990A29260C84A561B964EC42D79D05BE","D:\047984.xls"
"SHA256","D04B732C9D5B28A68287B3E1FF83844356DB0990887AD5F53E752C23203886DA","D:\047986.xls"
"SHA256","201E5104F030AFE4D29919E9031C790B4C1A9C3B66347DFB2E5A6FB3BBAC43F4","D:\047988.xls"
"SHA256","DBB60C69EAD7786718D58EFF31FB56824B5EEBF186DC1C6AED88A1D153CF9D0B","D:\047989.xls"
"SHA256","0E7E36EBA8C04F989A7A6F01FA939E503B0841D8BF68E493F3964DA8CC42B598","D:\047990.xls"
"SHA256","B8A9F3DF91A170E72087AC6E083647FCED456743C26C4EEFB069A99CC340FBCB","D:\047992.xls"
"SHA256","0B64BC10F150CBC432F1BFAC092F7D3F253FC45ACDE573E21DDC50A87CA53DBA","D:\047993.xls"
"SHA256","D22C954461D559FCF1DE98A97D8E3343821215183784DDEB933AF7DC5B55EC04","D:\047994.xls"
"SHA256","53E1CC841FADA85DAABE44F53E8C70B15E75EC5B38969B5F0366F5B0BF882E01","D:\047996.xls"
"SHA256","637D2AFC50ADE8CEAB3251E0B3E823BCDE2CA18E03AC5AED00BBC14835ADEC34","D:\047998.xls"
"SHA256","34A840E52527D5482D528E73AA4EEFC96E3225368D301EBB6F94E38CD61D2ECB","D:\048001.xls"
"SHA256","5DCC37F6B6017335103ED3C3C1FE00184EA4B55DBACB8FA1BC608B50F3887BE3","D:\048002.xls"
"SHA256","FE6737EC994B27CBEF7350E1F397E8FB9A1597884333680EBF710DDC4FA31FA6","D:\048003.xls"
"SHA256","E214BC6E1BE147701B70B826D9CC23654FB4BED7E51E7F7786925F7B15F3E07D","D:\048004.xls"
"SHA256","4EB96BC385B2888BEFE5242DC5F0FF480EC8B5765F6DEC96414C38C00F4B05D5","D:\048007.xls"
"SHA256","56DC6DFC9F7F7A4A9D1CFA840EBFB8ED67588E485E087F4E23544D1E4145E996","D:\048008.xls"
"SHA256","EE78AF6E4E166F8B51DC885B6430557AFCA345508639BA209356EFA2885B6BA8","D:\048009.xls"
"SHA256","629284187220A8F1B4CF1A7D477683EA2F88AAE7CF7E31BDE6C6EE21A4714A9D","D:\048010.xls"
"SHA256","06AF4E2DB81A248918420D898FC788189699338F99CC4FF5B6E2629BEBF2D0A0","D:\048053.xls"
"SHA256","915CD1980DC397F9E7F9F48EED10099758AB0460F80B7AE5778C76C700035ED6","D:\048064.xls"
"SHA256","39D11ABF7139FF80D1A4121D0EBD8C8408729545ACC66FE40EEB50E74F29BE4E","D:\048088.xls"
"SHA256","0AF17EFAF920729ED540A305170290D9762A173FBD0EE09D8CA38610C641409F","D:\048099.xls"
"SHA256","08E1677684A942E52862A3F72F7BD6A3628B0ECFE3FD1A05664235A539E493F4","D:\048266.xls"
"SHA256","D6D90C670F110D5A15FCA7F1D4618DD74B69936BF69A91ADBC68C0739F03C34A","D:\048283.xls"
"SHA256","75983C94EC330EA0DD1AC4E144EC3773552D2EF76C7636AAD549D32787658590","D:\048342.xls"
"SHA256","E2A43CCEE72FBB57334EDE29147503E0E79E91DC8EA20E854A8330922C0A7E39","D:\048400.xls"
"SHA256","8652960901573C929E375B2645BE856A0743C012A439BC95D712E0268E04279F","D:\048402.xls"
"SHA256","B66C989C6C92A9D52A4525F3FCF4D4F30A80F7E2AE1696BBA642CA86449CD46C","D:\048421.xls"
"SHA256","62918D0D3A957F0DB3774ED7BE6153017C71B23E1E917C584BCF356A2F726190","D:\048422.xls"
"SHA256","B906A0A4943F1D74A2BA36933100B07DEB9C9B11D969904B25E568C09E66AB08","D:\048423.xls"
"SHA256","9D3A181A030AFC53909B91F97A8CFD252BCCB149F373F0420897BE0FA92D8CD2","D:\048424.xls"
"SHA256","E6AD979DDEB5B644C250DB8D79FF5C060929BFC953A94B4CAB1468355E8B3A2B","D:\048425.xls"
"SHA256","7A8130C1419B68785F34F0F1719BD27EF440EA26513D1E079E617260C53BF0C4","D:\048426.xls"
"SHA256","CF5270E4DBA475D3A3EB4BE464838F4CEED3BC05AC0D2404293C2ADD53E2DF5B","D:\048427.xls"
"SHA256","2FD0DAF5A525941B9202929FB2BB0C46217AD7F4E821382C34FAC3E8B2AEC32A","D:\048428.xls"
"SHA256","5761A341BE9717BD98AC258304589F57DD365471A3E76DECD61456229FFCC355","D:\048430.xls"
"SHA256","3C18DF41BF37F2BCEE5643BE194805703D3956B17AC88930477D60AD0B765D79","D:\048431.xls"
"SHA256","8A7C716AF1C043AAEA98550E4A545370537BAE991E0651BB7798F8AFFD6709C3","D:\048433.xls"
"SHA256","8466A0691F48656D8D252F6006FCF2DDED6E96F6411693ED764F3DF205A1D018","D:\048436.xls"
"SHA256","49FE306DDEA7B5CB2DFD3BD2B18B463311D752DB36D6EE8BA41FA56B9F731E45","D:\048437.xls"
"SHA256","608D5D3F85F0BC7F23F516DFBFE90B93E334128A5BE2E09C3A8FDA68EFE35474","D:\048438.xls"
"SHA256","07EF6EE7A0DED6B49BDAC2120BC550BA7EF31EF21364139887FBB335D9B37640","D:\048439.xls"
"SHA256","7B7668DFE13D23057A0F170F49B724975B5C475901EFDEF7EE9FC11E94EBD0E6","D:\048440.xls"
"SHA256","EDB652783B1709CB8BE28FB0DA3F57B2E223616D20F76CF7D463BFC25018AF9C","D:\048441.xls"
"SHA256","B955244841A763D895CD6EF4D6B2E1B76273B2418C458918028465C700FA5D9E","D:\048444.xls"
"SHA256","A8F49F734DB5FC33F43C6E05F4241314D4C01B00BB1FA76C04A5E6EB941EFDC4","D:\048455.xls"
"SHA256","3532BB1662C42A37CAAD959A53A7A956FCB2879662BAA669858A2F0C18FAC874","D:\048457.xls"
"SHA256","AB2FD904DCC46D8ED4EF89C153DDD9FA458BD6FD96CF9D8D09C687A4099A9460","D:\048478.xls"
"SHA256","BD2DE9EDC712B74F27F0026338B5585DAF36C2744F98914360BCE95F8C723527","D:\048482.xls"
"SHA256","08ABBA19D44831D01B4EE93D31AE1BFE07DC8D9F42B39878BC780CDE01B33281","D:\048484.xls"
"SHA256","B18701627DFA61924BB54E92E4BC20FB2C9CF0D3A4F6D23212285BB516B19F1D","D:\048485.xls"
"SHA256","76715985E1C9F71A6C5E16BE984B7050A89E44E664ABA0E2DFF9532A11679E95","D:\048641.xls"
"SHA256","91D26E53D9543930D1B4E9F874C22D8F82D5600F1C9D5D45301FC776A8B30479","D:\048644.xls"
"SHA256","6A8EB8B497EB35FC83428D0BDC9FF80028B3322688E8D8ABEE45AE36543F827F","D:\048647.xls"
"SHA256","AAD891C6A81F4F713F4636AF62B1DB13C0F504EBF68D44693BC0F639FE7C1B5A","D:\048688.xls"
"SHA256","19C8665173CB2BB6CF58CE0943D8B03D16DAD6401C3E1E87E3592B5E47179AEE","D:\048689.xls"
"SHA256","84E67301F706B79505615551D275744D70D8B9488F036DA3555307387D4923C0","D:\048690.xls"
"SHA256","BC2DCA45480495C1FC0A7F53B87EF27B161ECC82A2548C4E544C7C38BCB7B658","D:\048691.xls"
"SHA256","776A4B1C68BC6494EC0324052A2DD74EF03B4C9C1C0B376F33D08394DEBA91BD","D:\048692.xls"
"SHA256","A4C0A21884DE414371E5577D28636B710087070445C0DC5DCE9EE2D8A55FFFF1","D:\048693.xls"
"SHA256","F59717DFCA2392490F000E7B85336BC11193E85C71C2B9FEB4D44D4803AE4D99","D:\048694.xls"
"SHA256","C17DC5733F17D9DA6422EB726F970AEF2CFBB666FB9C1581917BCB3394F10C83","D:\048695.xls"
"SHA256","C8F20B17F2603CFB53945D4F6A7FF233F83CDA88B878BD96FE8904062D180916","D:\048699.xls"
"SHA256","B6FC23FFA1E61D36B3B6110458607AC55725F223614BF4802D00E673C8F5F714","D:\048700.xls"
"SHA256","E7D522232C257BBD24B9955ECB9780FF3B3CAB2097CB6D2A2DFCC787DB2D22C2","D:\048701.xls"
"SHA256","161C570FCD6424A00797302E7049D06340A5D1037D9A1978ACA20BC5C8DFD89D","D:\048702.xls"
"SHA256","3893B7DF49CF89D63F57D2B105C174C61586B3AC82A30D69A4CDA8BBF0C06141","D:\048703.xls"
"SHA256","19B7BE38AE60774C342B2925E5EED79AC11C5268442DEC4D9265563100DC8E1F","D:\048705.xls"
"SHA256","A53AEC32F2BB9EEC5AE16147A7799846DA506F03551DA8509CB3B464BE380394","D:\048706.xls"
"SHA256","171D3D9A1F67D802A7B47BC1201D97FBCE119623523AA278639F46A27B4FDE81","D:\048708.xls"
"SHA256","48D59705031ABA7CEB5A01EDFD69961A26D51D47BCF8391F32C2CDF98B2F05CF","D:\048709.xls"
"SHA256","391EEEA82573A4184910D1F5E5F42F5F9D77BC782C207BB8E7EAFF28F1C9FBF0","D:\048711.xls"
"SHA256","C6399E0A64FDF99CFEEC30C55718C090711FFA4520033232F668F69B0D1E725B","D:\049032.xls"
"SHA256","2DF1353E48FF561BC6C71873B284180CC14122B8B66BB86FBE069F1944829BF5","D:\049088.xls"
"SHA256","8849F21AC7D97F0A9FDE8A29FF16FC00505D64D5691282C639B18567F1834D8C","D:\049100.xls"
"SHA256","8BBC5FC56E10482008E8EA06D55EB3E7182E5DCC051A37BBB6FC74B73A8E2F78","D:\049127.xls"
"SHA256","79B8AF03EF60E8F18B0E7ADCB565B494AAB887000A7F90F2494D36ADAAFC19AE","D:\049128.xls"
"SHA256","D4B55EE1DB29EBE7DBB42E0688B3AB745E58C79B031F326A060BBEB87B87E82C","D:\049129.xls"
"SHA256","EA9B64C0DC05548C87B1F066052EB87F5D19962E98EBD9BB041C0FD8F5CFED9D","D:\049131.xls"
"SHA256","1EADA32C7319FC57E62C4832B43D4DBF7BFB42AB6AD28CBC873821139845A2DA","D:\049134.xls"
"SHA256","555747E411FA00E42CD29A7337AFD3EA4DC1DF1B4F64EA5851D5FEDFA39FE604","D:\049142.xls"
"SHA256","050482539F1872E46A71B830E4EC516E4688CBC3DE56A6ECB70A7B0359FF611A","D:\049152.xls"
"SHA256","B8524A9B958FAE19D433B8B2BA961FB42DAB929DEFA5BA87CD44E826C64CCDA1","D:\049156.xls"
"SHA256","25FBAC0EA0C3B9FEF23CBA9D00457B0F005EF52E70CBCF13DCED887A2E1486AA","D:\049400.xls"
"SHA256","6831783D576523B58445BC36489E7D11EB6C0AEC9C2A964D02884C6A8BF144F9","D:\049403.xls"
"SHA256","794980A0D752E107D75A3F2C3774EF00EFA3355234CE6F0925337DDD65E3B948","D:\049404.xls"
"SHA256","B37C7695CCE3B8C87A89E1BDE24424FB3300996CBB3C3B341FC0CC644C44BC4B","D:\049406.xls"
"SHA256","19719C86F988D13DD19CA93957E45CD1F05D754835857AFADBE28D02AF2F90E3","D:\049407.xls"
"SHA256","3E13CEE57E7AC0406DA6F2525AB4F69E09FB0A2435EDDE009519FD90690EB17E","D:\049409.xls"
"SHA256","CBD839578814D702BD2670A02CF1C8F8B94F48D11A9C4B73B981A8E061681B10","D:\049410.xls"
"SHA256","57D5FB0601E9802B42871FE6AE17B5F53DB5A77560BD00D1EF80BD302BA3100D","D:\049411.xls"
"SHA256","13ED2288558E26D20657ED9CEFC4DD4844E5E70E0F3ADE3DD2147CF7C8A7AA83","D:\049412.xls"
"SHA256","7D7113E520A0BB43DFD44A68CDA3F7766DA2D835741283F85D2624EC6FBE396B","D:\049413.xls"
"SHA256","A48E74AB0891B094AE958D957254A84EB73A87C002724997AF5DC9431DB8C0F6","D:\049414.xls"
"SHA256","2F676F55A403328C80C16206B6B9B3DD54851386838B8C09DAC4059C2D9E6C7B","D:\049415.xls"
"SHA256","DA859C8BD2B64D39E1BB2E9E128DAF42158938D0EA08C8B3F025BA4793A6EFD2","D:\049418.xls"
"SHA256","D17366F15212077A093C46BBCA3C4646DB6F434684EB16E219E4E75A2527C727","D:\049420.xls"
"SHA256","DA94B8B870D76EABB4CA083E20011C6070D667F4AC07E62154DB67E49AF5EE19","D:\049424.xls"
"SHA256","FC31CD22660E8005A8BEC4FAF24893E2081026A8FBE42D47570B59F98A59FEFA","D:\049669.xls"
"SHA256","67216BD014267E0636D0C94AD3C0EAB307698A0A701C3289FF1EF925755425E1","D:\049670.xls"
"SHA256","75202182721300718A64F6A2FD1806AEE465608AB74B7F33EC9ED5FEE07A0BFC","D:\049671.xls"
"SHA256","6B29C9151011D0B4BEAFC0CDBE3522F2B4EB514227E7B3CCCD3D2266ABABAC62","D:\049672.xls"
"SHA256","1AD1F949498CB7D85D8C05ED52DA20FAA9CDA5BF05B18ED64B4FA69D50FD64A2","D:\049673.xls"
"SHA256","4CF37B3160DF0E1933AC78D0A431608F5E80D8FAD5118860B5F06CAFD5562294","D:\049675.xls"
"SHA256","2D23753F5E496D9E41FC95C75E3E80B33296BEA40F4F61E097CB677934B6C17C","D:\049676.xls"
"SHA256","0AA25C21AEB04738DA2BAA9120D72EF9BC14DC0EFA06B01A2AB81F3BC905CDCB","D:\049677.xls"
"SHA256","2AB418420A5D1D02FDD26911E5DFB6AA8787D13C3313BDFE59C8396DD9C18F64","D:\049678.xls"
"SHA256","4FF45F0E32EC83E76B90709617E7D69FB8F05CEFE67B1404F8C3E68C6AF9F454","D:\049679.xls"
"SHA256","33B8DC5EADD8C5B751AC80B8A5CBBF886860660C5750DBD1CC616B83D1D8FCAA","D:\049680.xls"
"SHA256","2CA4E227671D919E3EB40749136E03C1F64957CD8CA71770FB0C2FCA04B7A681","D:\049681.xls"
"SHA256","2E47A8CB84FE8F65A9DEE33DACBBF9643B56FF331862D7347635451678468B7F","D:\049682.xls"
"SHA256","12CC567F09FCCDEB962D521D0FF25F482607B6F726C80792359EEED9C8EE0274","D:\049683.xls"
"SHA256","22615743B35A1D88AA3D1F279582D70D580DA09AD41414A9E801A2045BC8A628","D:\049684.xls"
"SHA256","F29FDD19A7349298BD70AE3B5EA74061C76FED9FB51CD34E0AD158B77500A05D","D:\049685.xls"
"SHA256","AC6B9897AA996E9142479FF9B89C2AE3EE6B5F54707C59586D61CD1CC6F31570","D:\049686.xls"
"SHA256","A1CBC8609DC6039211590BE2BBCF5213C39F91992E038D7E78F900407BECF92C","D:\049687.xls"
"SHA256","BA3A0BFD25F85F8224D6C9362BCD8A566275CC957F5A7D58C28B863EBFFFD0D3","D:\049690.xls"
"SHA256","6A8342DC91B980A7CFDB231B51267981BD6F23634700D86D85E058CBE3642DAC","D:\049692.xls"
"SHA256","708BFCFA258C1B4F198B1AC6918C15DAC57F6AB5EC43D536BE4C547E91CE43AB","D:\049695.xls"
"SHA256","B26B20F537DC1CD9A20F6FE44F2F3713CC9E9899982645063F11700AFF34315E","D:\049699.xls"
"SHA256","25BB7D0C030B05D14F78D6FADBC9F86809BE9F16B03AA84573752F6B5CE179B7","D:\049700.xls"
"SHA256","55C4E6F922D08A2AF5BDE908BA9D945C4B05B8E411C0131E984636F21C59A78F","D:\049701.xls"
"SHA256","1858DE6BCCE650AE72208D9350A3376C906F9F509FDCB97DF4027943FA3A47A7","D:\049702.xls"
"SHA256","FA3CFBD95B509569ACB1023213762A58B1881F9D007197B0ECD06300CABF6A64","D:\049703.xls"
"SHA256","A47AA2ECDC61731E9BB658F1A77CC11264EC21E6D027DB4E522E20EA1E12999A","D:\049704.xls"
"SHA256","756C8CA471EB570913E3FA4055314F23FE020397A41826D84468121491C989B1","D:\049705.xls"
"SHA256","D216836B0D929D8C8158F7BF82E389F8EDBC7B2924DA5F6749D85D374AE15B98","D:\049706.xls"
"SHA256","4E22AB85413F7652593D6A3DF5A61E735F50F530CBC19BA817CE644FEE3BB432","D:\049919.xls"
"SHA256","C5B59E8076AE2E5F806944FF4E9E17A2B007E68C561D16797B5D705B88568223","D:\049921.xls"
"SHA256","075CDC46DB37698536EEAF16C25B76FC78ABC3D0769624E09FC5FE8EA6502AEB","D:\049923.xls"
"SHA256","276511F9D5DE1F808EC4223AA705E65D6802BDCFB815A9E66764B79D7CEDC4ED","D:\049930.xls"
"SHA256","32FE5D7676B1B721A093111405A8338685140DB2F205CB36ED6D5B54C461872C","D:\049931.xls"
"SHA256","D9F63A66F7E8621E6F05F21D1FA73209840791D16BEC99FAA8CAECF3E5DFF442","D:\049935.xls"
"SHA256","DDF8DFAA474126F126985C933F7012499AF27E735F657E2E368383233486E87D","D:\049938.xls"
"SHA256","C5CA9F0D19D50FE9EF1C87AEA57E42FBCAF68DB8CBEDD30902C9B5D67657EB54","D:\049939.xls"
"SHA256","160CF103BA0AB59363DF9F7DC441A956DB8CEFC8FAB03DF16402072A6818A0A3","D:\049941.xls"
"SHA256","897F2A020C5AB45645A14A11F9B2020FAA98B4409C0456EBE098452A18515D25","D:\049943.xls"
"SHA256","4BFAB88649D5B513A61BA89C5E5BAA351A4EC19354629C201C3C248497B6ECCB","D:\050265.xls"
"SHA256","6D6A1EDD8C17163DBA79B56AFCF1B38257329229C6B4DDBEA57B3D0D575EF1DC","D:\050277.xls"
"SHA256","A82EA78CB19D322906380D225B9187F5475D9220472B129F4F2E071D5833F780","D:\050281.xls"
"SHA256","23D9ABE704CBA20BDA20CB535D4DC7DCC0C665AFA8642A145C72A096CCB956A3","D:\050282.xls"
"SHA256","FCFBEF00D1AF0635055B95DC1B010A95349D66C820388F431C516178BAE30906","D:\050283.xls"
"SHA256","76C5E6AA040D1C9D14ACE56EB40B1C3253DBCCA0524CAAD7EADDC81D7054E54C","D:\050284.xls"
"SHA256","1B3F6E98AAA80B00CA80105552D06EB13D54C7C4687912463AB2A877B448F295","D:\050285.xls"
"SHA256","2409F030FC58A186F74BA3BC6A5A0F5622C37E75DF2C0EF23829A52B9C667984","D:\050287.xls"
"SHA256","4C2AF146B62499BB1C9B8FBF824069D058569E46C598262D05547195D560D66F","D:\050288.xls"
"SHA256","7767741921A0A0CE2ACE12AA626E1917FB5354345AAFED0A0388AE7362835FCD","D:\050290.xls"
"SHA256","5EA4FC124DC406CF8766D547D2A7C9D1890DFA2E72882260442842E48E7D0782","D:\050291.xls"
"SHA256","FE4F307D572BC7E1E2E0ADB7F63A2D0E97DCA0737AFA9E0DA945E17AC28FFADA","D:\050294.xls"
"SHA256","A028BC3367C76722BF779AEAFB898E9748C56279C347FB143A1E0D46BB51D257","D:\050295.xls"
"SHA256","34ACE24ED7DDF7720DDB1A3E290C4BDCC01E2DDB07F24465E218A56A25CDC046","D:\050296.xls"
"SHA256","6F5B140F832533259A859172322D97BB24EC246E54DCEEF0ED57094C612E6565","D:\050297.xls"
"SHA256","ABC73997DFDB6C662C168D7668CA024B1AB41A2570E27ACEAEB492B4255B5E68","D:\050298.xls"
"SHA256","90AE8AF8EA23B2C008CD7C2A19B893CB95316E905E8A24EBA08D53E63D1A684B","D:\050299.xls"
"SHA256","460E3296846121532D7170BB2719B4DB3BAF447C1A9931E4A755BEFA9D78C28B","D:\050300.xls"
"SHA256","8DC43D31323D4FB9BD99E0B2B7E09C8EFA8C79B0DEB0444647B2D76C67FE98E5","D:\050304.xls"
"SHA256","E9D69E6E2EAF45B9573A121ADF075A2317F89B28BA16662C6A7F245277303CAA","D:\050305.xls"
"SHA256","47C9D864E0AF2F35D777F08D128D3943AC77B139CC9E46AD711AA486D5EAF44D","D:\050306.xls"
"SHA256","00022D205E0731B43F762B1EFFA2FF02384E868BFB5969DC633D4211A9CFC60A","D:\050307.xls"
"SHA256","BBB9379F4B75BCF795AA01051072909A747C793EAFA5B0B99B747CD3B0ED2457","D:\050308.xls"
"SHA256","7F33030A7F83FB89961718B6C396E83619B65D464E0649533EDF8AD5CAA36468","D:\050309.xls"
"SHA256","26F3A4B240E8859CCC70FEFE3CE9A8D990BD4D83D8B6B564BECE571344095B8C","D:\050312.xls"
"SHA256","7880BDD5C3DB0B16AB137677B742518D0E420E16C698E60F77D23EE602D8F164","D:\050313.xls"
"SHA256","6F6C757C970DAE3A4EE6C85065E484A3E3E68D25DB7B2477E2F5C37C7D4C1D53","D:\050314.xls"
"SHA256","4CB89F5EFBA1BA517321673DCE937CDC3B5354B05A64742AEE63644AF978C56E","D:\050315.xls"
"SHA256","48A2E5BBF020AE1D62CD70CF88247D5853B4C49CB9B35742FBED6F5CDA7C5016","D:\050316.xls"
"SHA256","8BC54D97206C57EFE541661EED008F808516BA4CBDB5E9DFA4B2BD2EE7516E25","D:\050317.xls"
"SHA256","5058DFC85A1E0387E60DBAA3AA396C537964F8391DE0CCD8B38DE3F7D0EC1A4D","D:\050318.xls"
"SHA256","9F307C97A6A6ADD9FB71414FDC11060A198E04F35FE8A71BF21020385EF4B107","D:\050319.xls"
"SHA256","530465301D9B84567412AD71F54B1557735707E69A33D6EE212C8739D1E50F87","D:\050320.xls"
"SHA256","DA6C8E6FC69AF751EA6C9D6D7FF2B4BF31BA441E7BDA2A04A0195409BBA23484","D:\050322.xls"
"SHA256","E0BC6CCEAD13785A1BC257B347D16B32F4F8BC47A43DB31EDEF85E27FD701AE0","D:\050740.xls"
"SHA256","5377749FEE12D719C23A1553B9518DDC7A06AE85E9DFA93CC55DBBE70D4BED42","D:\050741.xls"
"SHA256","58750583F1B9D51FBA08AC474717E7A48B2DAB62B52D0C7F99C8A6797FA7577D","D:\050742.xls"
"SHA256","E3D429A3C4EC38BAC35AD97D2E11BE67DD604261D0966E75703E9956D2BABCB9","D:\050743.xls"
"SHA256","7C331F5560E516B71FBC3EC9B7733E037DC09B29EAECED845EA25AA25F68D0C6","D:\050744.xls"
"SHA256","FEE6FAABACB3DB90653910CB04A0760BCDA7201BAB76ED7D5A1A2A17091727D2","D:\050745.xls"
"SHA256","16AAD512A1C9F4F8D46760762E81C9942EC554812DB8CAE3EE34B3E678D8DB1D","D:\050746.xls"
"SHA256","61D6A834632C6603EB0717CA175A61153799974B2E4C9A9387CA652AE91017E9","D:\050747.xls"
"SHA256","ABB8162B08D7196811329C75B82BD3D912E411EDF1B4E7D454247FACE270FF8D","D:\050751.xls"
"SHA256","2BEF1FBD520DC16C2DE729EEC43AAE6C2B062F399E2CAC537A10BB741B4364B3","D:\050752.xls"
"SHA256","4F749D240C17026629FE9500F6A46391969F23AFD06CDABF066A3775DCDBE965","D:\050840.xls"
"SHA256","865BCA86D8D8617604B9CDFEACA2D778A1B859E0C0084CF0E7069EF22CB6B229","D:\050841.xls"
"SHA256","5374944B9545ED7C42A82B789870232BF3D2E23C2C5D31150DE7BE3310BD11AF","D:\050843.xls"
"SHA256","E818C0890D30F078B18CBC48FFC74EB9B270C6051CDF01E94291BE2C12DC5990","D:\050879.xls"
"SHA256","C3EF2F2DF4E1FD9E04641825BB2C8AA6B8242FCE2631DB07E676A0B3685EB43D","D:\050890.xls"
"SHA256","FF4D90E9FBF2F50760BA9512428B4910A05DA90FB074AECCDF87A15CAECBAA4B","D:\050944.xls"
"SHA256","E19679F5DA246DE9C920D1B3ADC9BB2749D36FA6AE8DF62A0B79440BF6090266","D:\051222.xls"
"SHA256","5B1E6CA0C0178744C3AC260BE47C617298C8162BD98F8F0E7731DA30150F306D","D:\051223.xls"
"SHA256","399B9A7A277B3E1232629A116CC960CD1ACF5AE891F36AE9E43E6D166766C248","D:\051225.xls"
"SHA256","9907A610A0E558A16641417984BAF2642102322DCCC6CDE14A8EFD1B9C58D8EB","D:\051226.xls"
"SHA256","9436CECC40C21B13426BC521B5E6F36F65DC10A95F886F712C5CEA31C6DB1E1D","D:\051227.xls"
"SHA256","226062A12394BA6AE90D258352BB666617E088FBB818A7D336E46E02B2F601FE","D:\051228.xls"
"SHA256","09C50C0FC1A230845B975A87326672611E820DA9561C8145FCB67FF0C4B6AC31","D:\051231.xls"
"SHA256","F618666DBDBE01D1FE6ECB5D3544E28362C6C2814376F16E4840060CD5E20BDF","D:\051234.xls"
"SHA256","101B12A1138DD7922E29D37889D43137E573CB84B8538A9482AD7F23ABBAA191","D:\051448.xls"
"SHA256","0CB5499CDA5D724A8D3325921045D54E626A243C3B98C26DC30E256AFDC44B06","D:\051449.xls"
"SHA256","B6C5E909A3B17ABA41BBE5C0D7F924A27C90DCD2E8296ADD91F7E5DBC10812FA","D:\051452.xls"
"SHA256","0D6670F0703F987D2FDDAF3B0832E0D8BBE5EB506F5DDA94E5DB01501EF2D461","D:\051454.xls"
"SHA256","84004F3BC683732558B3AA29D9ADBB7D789379612616871496A64EDA5F9590AE","D:\051457.xls"
"SHA256","1155D166AD4EDD5441DBC6FC627CF83C8B8D62AD3A648FAB04E3FCA49DA52258","D:\051459.xls"
"SHA256","88057D44A35A262B58FA5C77561F4EDB4673972612D9F84F5FC5B2FBE9BC006C","D:\051462.xls"
"SHA256","CC35DDA8C9F5DCA2F07FDB00A222F0E61DA4C44B04798EC7B2D29A7DB90B101E","D:\051463.xls"
"SHA256","F1427B07D5818AD1BB9105D6169D7D0CD8DD955746A93D0F774FE161393AE66E","D:\051464.xls"
"SHA256","02C0A338E5730FB616E60B0FCC6217BF04419B69F32473E976DD6CE53DAD269E","D:\051469.xls"
"SHA256","40541B35D72776F2B263E33A18D59B55043CB1A7B5C96D366EB302D841DC135F","D:\051470.xls"
"SHA256","1D39331ACB609E43A0B33F3DF834E76D7A2E0D883691226534E51C0CAA85D153","D:\051471.xls"
"SHA256","3AAA90B80CC55C174802FF5E7AB363EAC01D2717DC1BB4E574FE7AA5C7D2E49D","D:\051472.xls"
"SHA256","AB9748562841FD5CB2056FBDFCD28D8B06B7DA29C1695CFCC77FDBB1C30304C8","D:\051473.xls"
"SHA256","DFF9D43F588DA1F7E138C5CB75D7B7E33543E1BE830A2E72BBE2576FA50EEF5A","D:\051680.xls"
"SHA256","AFD7DB9F6D2C9667F80A122A258242FF378B9046EC3B4D2D5983669308697D27","D:\051681.xls"
"SHA256","0700649BFE02E0D6E9AB1C24B42BB18662525A89843D50B30AF63ADECB9AEAAD","D:\051683.xls"
"SHA256","93C8002F56BA3F1DFF6DAB0FF926C5238842DDD41FC165E62C547983067AAA04","D:\051684.xls"
"SHA256","ECCE65117168CB667909056F12FDB95E2AAA6021930314B886AA2AB853041AEA","D:\051685.xls"
"SHA256","EBD6702FAFEBE0DA62C04A79F49375CFC93C95D991C0C69B1BFD15DB99E2EC28","D:\051686.xls"
"SHA256","16809C8B05F2F2E6ADFBA9CC530757C4E43C2F807295D2E3E269EC6CB7B8DD1F","D:\051687.xls"
"SHA256","323E1AC00E3E43EA41D4DE84E4344CFD12F7ABCFA707CBAA9A8ECFFB2B6C73F3","D:\051688.xls"
"SHA256","D48A4E0B5C1775D257884199B9A7D9B118E33B84FCF07EADC18E1DAE300784E2","D:\051884.xls"
"SHA256","CBFCF9052FA1A2600CB135BB80840696CB6F49E8D37C614308F5A52837E099E4","D:\051992.xls"
"SHA256","4DAD54B7DABCAA30AE1EA6B637B77E6015E315F64583E45FD412402D96EC6DAF","D:\051999.xls"
"SHA256","D5CF7F054345F355BFFA549A5FF00D46BD8DB9DA43B876EE4685CFE91B7CF5DC","D:\052004.xls"
"SHA256","E1DE32AD0BB2F0574E6007DD001C5D501796093F4BC7ABE241BDB3D48C9CD61C","D:\052005.xls"
"SHA256","477BF3799947E5309DB92923728DACFEF0B758097307CB8C0E00F2147245F054","D:\052006.xls"
"SHA256","D44C013BFB52A89AF7753A8492F98A096DE048FA24A8ED1BD76C7A49AC26BA8C","D:\052010.xls"
"SHA256","4195ECBDCF04AB3954109A264B89F7B4721E26ABA46A548D3F57C63850CB6CA0","D:\052024.xls"
"SHA256","2842CCEB5D263F020F97FFFDB28BB40B5F60DCF7B692F73A04C2BE44CA3F2478","D:\052137.xls"
"SHA256","0BCA5ECF7861E6E99F79E9538E6249B1F3BD4A2F5399E371891BE7FEECABA458","D:\052151.xls"
"SHA256","9833E2D71CBCC2EDB38FBD9A12583BE77D911E54FC5682C8EDFCF74D543FE6DB","D:\052170.xls"
"SHA256","ADAF8091D113001E2091D29205E13B19F2FE7366F970058BEBC97FBD409C58E3","D:\052237.xls"
"SHA256","E40550C612D2424B3C8F0BB9DC1A0536BCF758F963BD382473AAE5DEE1956C4A","D:\052238.xls"
"SHA256","CA3B817819DD32746575B108B46C553434E2274818C2D80CD0E08B1E9C3A4F37","D:\052239.xls"
"SHA256","CB698F8D51D74BB3508F120724F9D3D1AEF88FCF1B8EA9BFF6795BC419F040E3","D:\052383.xls"
"SHA256","2A7CC378C2978AB0C85FACE0D39405DD38872F575BD54DFE91DBECF68242D6C3","D:\052387.xls"
"SHA256","56F6B05F9DD13E996F55393C771B1EC00DCE3B53619708154445B2EF78B849A9","D:\052388.xls"
"SHA256","2BC28B5B50CF3CB4B62F6DB26E878FF52F5F70212678F042C95363EF09651268","D:\052389.xls"
"SHA256","E56DD806395B2400EBA6297AFF6D98A4DFB2D9EFF2F67D244C8676A8FA1E732B","D:\052391.xls"
"SHA256","F5C355854510CA7B536184E989B3FA65018C0C74FB05A03D208B2E8E7D3AC3E6","D:\052411.xls"
"SHA256","A9D343732CBE458897E3E4781069C1B99E37C07B2FE51F6CE74D690934F00724","D:\052412.xls"
"SHA256","CCE4684BB6CAF1ED593BB549ECDEE2BD931CB66C705B90D0A6F5EB762D29F89D","D:\052565.xls"
"SHA256","CBF762F7D6E78C5F95C61538CFA8009C4AD655EEAC40FA45329B4ABBF98377AF","D:\052569.xls"
"SHA256","CECBDC3A0B4A3EB9C5A87A289AC552F737979E558B42906AFAEAE5E63E54A726","D:\052570.xls"
"SHA256","1F3CB4A9F8D7BCBB2843E3A98163B05F9195C8D73907B17B78A4C525D4DE403C","D:\052982.xls"
"SHA256","2B1E4EAA577C71BBFFE3A37709DDBC0BC1BB6BF38FF6E15071B0FD0276D18748","D:\052983.xls"
"SHA256","E58B64326F6B8B3EE3253C0BC9CA5978DA4785F5D754B07B2C35508F51399458","D:\052984.xls"
"SHA256","AC2D39B4651F5DE797D4D9F67C8A783E0000EF422A5C4FEE58DBCFF25AAFE255","D:\052985.xls"
"SHA256","8E36EBC32B155CD0B7ABF186CCF7758DDCAE22706F4C243EBCEF892F1BF52E1D","D:\052986.xls"
"SHA256","9EC76D853D1168331B786E82884B42BC9038BA366D5F421B962540D94F2C3293","D:\052988.xls"
"SHA256","A4331C82654E5F85D971627915F37C18C22A7B6CAC41A67A0663D8D617F728F1","D:\052990.xls"
"SHA256","EA48E3D34AA8969B3A587114FBB24915A1D8475CE8325917AB39ACD5D2C61E1E","D:\053017.xls"
"SHA256","3819ADA5FB413214F0749C6503CB1D8BAF63EBB345FE3FA685AA501388D9DDAB","D:\053023.xls"
"SHA256","83B651FE3C556FE98432DEE4376E6FB8919F5C499581A3093F4E70CF81A73279","D:\053257.xls"
"SHA256","AF5F5916335D5F07F61B29E46EF7B83BE4967B6400AB17C2F32B9B9FD27E4C8D","D:\053258.xls"
"SHA256","3981058EB57F06D50048689A2B4BD86FB04462F06224E4C044E72275F3DB05E1","D:\053296.xls"
"SHA256","6E2EF1C819C381D7712D199CA910842CB03E2E9EE5FEA20AEAE0CBE5F636C3D6","D:\053416.xls"
"SHA256","64C6C2C255E6F20E47453BEBC7C71FE74B0779A83513E5529E0AAC0784763A5C","D:\053417.xls"
"SHA256","D53D05C2A86AC028F88C4E60CDE1ABDF4B42AAD23433329ECF9426E019ABA92E","D:\053426.xls"
"SHA256","5E35A8FA33AB550388ED9ABC2A4C60B5F2EB833169C8AF6473E71916CEA9253B","D:\053506.xls"
"SHA256","69D7C1E953E375E9930C3FD3B24D9BAC78E2D5AF6F763AE260E021FB44063965","D:\053527.xls"
"SHA256","3EC109D0A873597ECBD03E60DF9AA3D7D0BE024E65AC4961501AA2E86CD1582E","D:\053533.xls"
"SHA256","D6F968F4C42254586909BE4ED7E00C441659DB333DBFEFC6ECE4DCA2A97E8E58","D:\053539.xls"
"SHA256","2BA68F3DDC650CD994656AA51156C3665ABCA53A475918D6B3ED739F002B547D","D:\053546.xls"
"SHA256","A029039258894A2D01F4A460BF758AD95F0FD97B24E5C25BAD096000200C0EC1","D:\053547.xls"
"SHA256","E178CD7AF0F0CF18D6BC2A99B2733D6FB161425BD1A2248AAF861FDAAF45291A","D:\053548.xls"
"SHA256","FCB4661368AC79EE442160771746CBF1B27022CF69C964CA6FA4B52C031AAA11","D:\053549.xls"
"SHA256","984A10B309F21505933D2F0B1F957913231EC55DD5340A540C80B76A0DA57FB5","D:\053596.xls"
"SHA256","A60D8D0EBFDCCF6683BB1350F22C08598A61EAF26C2638C818F990BCEEFE708F","D:\053689.xls"
"SHA256","FE33C281E77157FA85397B43EDB2D1BBE6D86B4B38B6A8DADE0B03024A608B25","D:\053705.xls"
"SHA256","A853BDB37290C6E4DA2EF4D91DF4077587A83980F54C3EF012169DFED9C91E7B","D:\053708.xls"
"SHA256","781AADE3CF1259A73FDABF46BD04FBAAED353A30C9AA8DBEF0182014569B4361","D:\053754.xls"
"SHA256","24A64C092FC3B313D659E291D25ECE27F012E30490E5B3C164FE0D5ABF2125A2","D:\053801.xls"
"SHA256","7289F968892539B359F8CDF55687688264819327EE066D3BE0AE9F3A65D64372","D:\053802.xls"
"SHA256","DBBEB5B0A8750B02CCE5F998967A7FFB9E58932AE64E9853781BC24BF6707C3A","D:\053855.xls"
"SHA256","9C1CC671FA20B912FC7619D54007BAF1D53C8CA9129FDCFEA46A07F047E82B39","D:\053856.xls"
"SHA256","13004D21CD571585EA085B1E72381B6EC25785FC0F29FDC9492C7FCC4C59D14E","D:\053858.xls"
"SHA256","D5F5DEFC422D94AB12953EF2F64A91E9A1C16814F093EB976C2F4471ECE31D84","D:\053859.xls"
"SHA256","225F79F2014D396D8B74A7C267E9E22AB53805D43C6DC30C9093A2357D5EDD47","D:\053860.xls"
"SHA256","A83FD4C313F61F88762F3566EF0F68575A54FA448314BC583C0AF46CFF0C97E4","D:\053862.xls"
"SHA256","D8FFFCB0C80977886777CD0B7B4FB722868FCC0FB52431AB5B55BC0C148EB6CC","D:\053863.xls"
"SHA256","ABD2912CD34C85CAC8CE143CA4A96B2C2DC4F1C009A788F0E703951F2F41967C","D:\053864.xls"
"SHA256","F9A6F557438F31EE016ADEE7B6F6CD03AFEA182F3FD338CEB13BFCCD4AE523F0","D:\053867.xls"
"SHA256","31D37844B1016C8D88DFAC58E7E7A460DE8B86252A47EC37E6DB1DC062F80B45","D:\053868.xls"
"SHA256","22076ABFBFBB08C72B50DD24FE21D288772EFCD5817A78C0AF8A97AD23C022D0","D:\053871.xls"
"SHA256","D8592BC422D42ED445D1B527193D6616E7C2C1162C1AFD401747E9716CB015C4","D:\053872.xls"
"SHA256","8E740153E69DF144FA7967E711D9B63CAB196AC0A3648E50125C7B7A20B439C1","D:\053873.xls"
"SHA256","C85CABC1570809BF4598E092ABDE0FCE5772B357949222FAA174E9C71FB33F9E","D:\053874.xls"
"SHA256","EA0271547E75B9934BEEFDB4030D542B9A4B81701C52E9F127DAD129DE3C2B07","D:\053875.xls"
"SHA256","29E6C343E422D21C7366CA0CD8C956106B448BC1AF1884DD02D0A4346E1B2244","D:\053877.xls"
"SHA256","80811EA1AF07F1F8FEAE717691DF8D64095608B76F282386CF65A35A4C8FFDDF","D:\053878.xls"
"SHA256","89EEE49A87E374173C4B4DF81DAF7FE51F5FC44A48C55819D95C15E397F5E21A","D:\053879.xls"
"SHA256","99E37F59F1213E8C70AD3EB90AA3DE1BC375560F6F915E4693BD393115C1DB91","D:\054164.xls"
"SHA256","2B9AEA7B4AB4C6161D0E9EA28EDE0CF272D22EA4BEDD027992E487EABD10A0FF","D:\054165.xls"
"SHA256","CB4B8AD4F2CBDCD68909B8F5550CE0DC9623E7606711C0D4CC15F0A3EE470223","D:\054166.xls"
"SHA256","CA98D5CDB0B0318D5828122B725BE5C64A17A2B6D7F6A068276814C0AFFC8EC8","D:\054167.xls"
"SHA256","0A7B38A579C1423D2429B47B26394DA59B55B5A00C6F82BFB67E65D316D7202F","D:\054168.xls"
"SHA256","31EA3AD40AB20EE61E91B961ED0C9A87F57C3CE843E50AEE56F980D41A99C37E","D:\054171.xls"
"SHA256","3531E863D56851B041DE75989D4C026C689C0E007F1992979D23F00FDF2A9D46","D:\054174.xls"
"SHA256","F46F71CA07974082B58D1A24DCBC8E56670D8EBE1EA6C05BAA2815D55D875E30","D:\054175.xls"
"SHA256","93F01F398F791338D2DF64BD6FDABC051C0A968E1B1C1351F3103890105FA67A","D:\054176.xls"
"SHA256","29D2C74C0DE45B7B458B860185949BFF43224AD977725A13847B526C9FE0A3DA","D:\054177.xls"
"SHA256","7E474BE53A24C5DE4D4216A2EBB9BB65D991D80C013EAFFDFB051856736A750C","D:\054178.xls"
"SHA256","D9A60201A871BB1A43550FFE590B1728CF76976DEE2AF6A19FBD238D3055D597","D:\054179.xls"
"SHA256","1E2C1D51237553EFCE00F089D4FB23AF196A5586C3F520F67A69E62B7B2A5707","D:\054348.xls"
"SHA256","8F1A1ABD59EFADFD20DB10DB659006735E0D6DAFCE04349DDF2453B613E565F1","D:\054420.xls"
"SHA256","80ED6DBC16631CAFFB90BDA1344D28F8B4B4CD609179E278F2AC8C42F1977A24","D:\054422.xls"
"SHA256","2AA7BC05DC7A8FEE160FF70EC24D950D0AC3D3A4AFC2308524E41B27980B88E7","D:\054424.xls"
"SHA256","C7E0686FFEE2AB222C95DB9DE4E0D724EB6950F6D16F06761427514B98349CE0","D:\054426.xls"
"SHA256","B78ED6D22B12CD5579F560BC2E54BDD73BE5811B241EA76F33CD633DE5030259","D:\054443.xls"
"SHA256","58AD91074B165CEE9E5245464BC310DA05B00D3EA8CAD20040D953621820449B","D:\054517.xls"
"SHA256","508C7E7E37819CFF48BAB9650D079FFA078C9C8A8F97D5930102929F01DFBC85","D:\054523.xls"
"SHA256","1510CCF6DC4AE19335102027A679AF97AF70D31E9D751F3AF599A87F561FF639","D:\054925.xls"
"SHA256","CAA135A1BB19D4003AD1B4716A33AB72BCA5FD9DADEEEF8EC7F9AA3A36EC11CD","D:\054926.xls"
"SHA256","5EE097FEA931679D9106352D14E3CC2B5860A3245A58B61B631033F4C43BC7FC","D:\054927.xls"
"SHA256","4664F299761881052DFD9E2AA44ED385C9EB51828834D8D7C8FF741A5202CDA2","D:\054928.xls"
"SHA256","2CC08ED0E51A731E4559BB176A8D09752E236E84C07CADEE7B937A09BD0A4E38","D:\054929.xls"
"SHA256","9F7CFFD9ECEEC556D1C42F7C4ADADC6037F4E1468EE1F723106809FBB0EEDBA2","D:\054930.xls"
"SHA256","7EA5FEA572EAD50FD952D1EBBDD02B76279E38D21BE998C355A05656EF8FA9E9","D:\054931.xls"
"SHA256","1E1F856BD1EE40AC6883070029CF68F5797DD979D65042FDABFB89FB8E68EDF5","D:\054932.xls"
"SHA256","6DED52E52C2F9B54E00B746EBDB943CD30C2D24B81D200B4D231EA497F30C543","D:\054933.xls"
"SHA256","E07766851D4CD7C9734DC690FB390AF515E50816C4ECFB63D6CAEE8EEC171FDE","D:\055024.xls"
"SHA256","FA706AEDDEB08D07F8924EEFE20E0268696A1AD75094294BE14617E07DD00088","D:\055174.xls"
"SHA256","511AF328B5E09081B508CCED732DFBE246C86468F8EA0B43BCF6313C841C8C06","D:\055175.xls"
"SHA256","A258CA38360A308CF8688AE2E7590F4658E3A50EF2C6B6066A96A824D235EC8B","D:\055176.xls"
"SHA256","D509C119298B4504BD85C278B38487557D8271EDD8A6F364864E46D2A870E82A","D:\055422.xls"
"SHA256","5BD40BB9CDD1209D020C5EB2E7975C96776F41D42DD4D19D27538420B9DDD8F3","D:\055423.xls"
"SHA256","5D49BA2E286BC88795107F757E8A5943C34F7CE4B704851AF0158DC1CB65489B","D:\055600.xls"
"SHA256","5AF695F8F49C64B21FD7A62B76B6F920C01BB616CCBA99E5EFFFDA0BF1D08640","D:\055601.xls"
"SHA256","38A9C811E622BE3D635597659C71106473920A39487DC4C6400C178058293211","D:\055603.xls"
"SHA256","310C0B5D18FF2E86B3CF20D8074F6555EF7E84BCEA986CEA5F98F9EC71CF0B12","D:\055606.xls"
"SHA256","E0E2FB25AAA3685ACEDA7DC2141C1F1A2BA835CFAB6F70B546C316E12B528B8E","D:\055607.xls"
"SHA256","FBD633E9DD7AD3F716ED921D49038DD8C3E8F2BCC16A52EA2FF8B1D8AD7E1D8F","D:\055715.xls"
"SHA256","8C024A69685841F9B58AEC133D4D1E677FE6A3A964A64D5CB4326071B5929257","D:\055730.xls"
"SHA256","0263E9F8B84164C91F7B38E4F1375D83BEAC409E496C5105F14A61C0FDD63DC2","D:\055737.xls"
"SHA256","65166C545DAD97D24434F921715AFB1147F5F73A5E5B3A20A214FF988F4D4B5D","D:\055743.xls"
"SHA256","0128367F150FC89B079F2555D0CC23E1A82395C6A44C16540450A6C63C6E8A6F","D:\055748.xls"
"SHA256","58A93014C4FA06D2EDA8D9AD58AEE73B5CD69066492B788E253BBAE167B88E7F","D:\055921.xls"
"SHA256","F25ACF39B11D38350884256753E7CD5D156CBFACA91F793E2760220E53CD1D0E","D:\055947.xls"
"SHA256","185BA228B97BBCD4A90DD475D0C3CF3B424E19F0A5FF1E1E33739D0D07C68389","D:\055948.xls"
"SHA256","166017F45D0126B1005267BF0E1183C81D383A366FC127BA1039CEE64D3668EB","D:\055989.xls"
"SHA256","2FEF12DAE691955F7F6F7BAC5396825E331D6F96BBC9C98973CFB5584C1A2A8F","D:\056154.xls"
"SHA256","6984C7A9354553CAAEA8E485AF92A2B9A46A5037E2EAC8BEACF0E2368B1661B5","D:\056222.xls"
"SHA256","8AC1C544F0F4D22BE6FD8ADA0D1E9DB407AC55C17CAD280EE63993F7A57F188B","D:\056223.xls"
"SHA256","E622E2E12A85C45D9285E3E0ACD1F26AC7BB75A9D87146874D9CF904732E51A9","D:\056224.xls"
"SHA256","5961C5A708298ED662A0EDE72C4CD328BA954DA51FBB23C6E9663D49C34D87B6","D:\056225.xls"
"SHA256","3EA24EC49B96C7A8F8CD3671D677775584680603641026873E30000EBAA59821","D:\056226.xls"
"SHA256","2036D490223651322B63E9B35B787D756F00D1CAB03A30D47F6C1B1DFBA9BB3E","D:\056227.xls"
"SHA256","18CBC034412CDC98101B0D2F8A6D5D4082235E525E2C20FE95D869A4E002CE27","D:\056229.xls"
"SHA256","0C387ED698AFE288EC3194475587E02AF36452DC6EF1D163A2C67BDC71174E69","D:\056231.xls"
"SHA256","090BFF770DE1FFD6ABC2D73E1DB53545CBFDAB8949AFA79B4DE51D616615010E","D:\056232.xls"
"SHA256","3D71F1A85BDACA212141ACCA10871453415B837DF73E5A4DDADB4488C01A389E","D:\056235.xls"
"SHA256","C9CEDD9E084D4F79F1762C76BAE979D2CCCF113B9FEE1EC7214F7F190662A851","D:\056236.xls"
"SHA256","53C72E35D204EC1D6B501D3FF8C44CE1C5FC1E726AC864EE6C7996BC5A97AA9B","D:\056238.xls"
"SHA256","B7017C9634B020124563C959DE98E8A2A2A03B240F4D57CF691A4EC5A15330F9","D:\056239.xls"
"SHA256","2212C9C68A7F3966BDD0AC66C0A63D27815092178F19574828D0467F511194CF","D:\056241.xls"
"SHA256","E6516D6DDD2EDA5804134CF3E134C5A646D2476DABE16B7928DC965C18CAACC6","D:\056243.xls"
"SHA256","1589B799AA35ADE6986B06E74B2E43A1E47E6111F67D4DEE933C0FA8A20F1941","D:\056246.xls"
"SHA256","52E8895FBFD8541486196C27BCFAD159D20DEF84F8260A4F4A0A729E973FF0CD","D:\056247.xls"
"SHA256","834507E4361B9088CCF076B10BE81A86A1B4F2EFDBEF5BA79D7163C7EDE5F07D","D:\056248.xls"
"SHA256","0420E8BC4B5156B5D74690C4E6B2F2843D047C7CC82D38B85231A54AC4314BD6","D:\056249.xls"
"SHA256","D0697FFBF5431E87D6058B0F5A08702BBC5C4042AEBD2AA763BA775DC5FF04AD","D:\056250.xls"
"SHA256","3EDAA902570D660AFBD889D7B0BA5B91A821206A6D22C9E4B1153ED0F5837ED6","D:\056251.xls"
"SHA256","76D2CB69D93F622C871E293ED37C4A5063A3F9203D07C92302BD077A472B54BB","D:\056253.xls"
"SHA256","B1A59041F0460CB993D89EC6A0C9DB2B63D01A3C77E0FBE4A006C713CE4456F9","D:\056254.xls"
"SHA256","5137B45A725E0ADFCCD171236418D70595551C1F80052D3313A347B871EA2B85","D:\056255.xls"
"SHA256","EAD34060C145AD705F606046F6D8B03EC8F90D6705105A85D0926AFE24C2331E","D:\056257.xls"
"SHA256","51FCECA79B7B7DD9A4D39DFFD97A0A18FDD91AF99EEAC6BE0E99ED8FBD937B8F","D:\056408.xls"
"SHA256","B4D5154F9F63EE24CDA48A7FB3739617F3E2697162F3C4F3C8EA91E6A96F17B0","D:\056409.xls"
"SHA256","E2FD40D4F8606C80CEF6403221E38E4DB7D098C094CD1D8EB984C914C4B484A7","D:\056410.xls"
"SHA256","D22749610388BF1A39A607BAE6C18FFA69B3AD82A97C69EF4B35679E9696D293","D:\056415.xls"
"SHA256","A79868C7BD64D8A35C32C70F6D2D828D2F5BC077D8433BBA8D4B46115AA4DF58","D:\056485.xls"
"SHA256","A52B8BF75E50DB8EF5ECD2D312D3C2469812381120677B5BB20B1DAD130B800D","D:\056486.xls"
"SHA256","821610E0300C12EFB14111F5832499C520FADFE9B134D4A27127A358F18D2885","D:\056487.xls"
"SHA256","09E601229ABA47CA229A955B173C940F69DA78B0746B4566D93E8941474C16BA","D:\056488.xls"
"SHA256","3EFF9726A28B1200CAE62D69ACF33046F869FA8465BABAE41DB5F00BF2F2AD86","D:\056490.xls"
"SHA256","A229FB26E33313E08302D35804376693C4634574DFAF81FA280D5C0AEC428171","D:\056492.xls"
"SHA256","DCAFB59939194A622C1579E91198F7AFA39D4032C00169FE3A883A6FD4AF0907","D:\056494.xls"
"SHA256","B01F225D9BE252D93E8BA769A27C23CEC9FD39446E3679E4D3B52F62AB52C914","D:\056495.xls"
"SHA256","E10C4866CBD78C5B544521C69018DAC5287EAB35D75EC576BC24A4E835CDBDEE","D:\056496.xls"
"SHA256","CEDFA70F8DB1C65002F6BF0B3DFF609A4849210EA73E9CE446FB774AD14216F2","D:\056498.xls"
"SHA256","252C5A4D255A6BE474FCDC526C83F352238B1BCE872FBA9338B087E6D6E2C0DA","D:\056499.xls"
"SHA256","470BE14A7DBC8944DE0BF1A919456678CB4AD01EBAE374AF3ACEAA7E3A7FF81D","D:\056500.xls"
"SHA256","E73AE1F70EB492D8558FD88761C21D24B3D00E79D4E2CFEEB9617DC3F203DFB6","D:\056645.xls"
"SHA256","4781792FF18AFE7F79B90F2E489E97F57DD96D830FAA6D7F89F1F51D94EF582E","D:\056682.xls"
"SHA256","AA1798BECF1B63E10836639FAEB35EEBE1C4E53DA87AE843499D35DE15FA811C","D:\056683.xls"
"SHA256","163B884E7B21D4828570B0DAC05B96840F47A65A8FA272B71BDB5D8840B98371","D:\056686.xls"
"SHA256","A5D6BC9106448B776F2966DD9752CC035613237DFA870DE6B867DDBDC69D9258","D:\056688.xls"
"SHA256","0476345C113BEB5C64DC66A7D9DBE535BF63783D9D3809064FD79EFF2409A8A9","D:\056689.xls"
"SHA256","67C7286828C96247162DFE4711A5328C2C638F52F0CC6D2074307215F42BA819","D:\056693.xls"
"SHA256","023D802817BEBB50F65745F517E7AFDF5F1C7D361E3CE0DFFAEB767AB43A1CC1","D:\056696.xls"
"SHA256","4C573387191A0CF57644424040BCB19EC53E5C579E8125E7944365E65B148413","D:\056713.xls"
"SHA256","D7CEA922B122FCD95639201D5DFFE9E2FEC22C56B2C0A5226821D693DEC9EC06","D:\056721.xls"
"SHA256","6B354288CDC9455E05BA8EE3F762E6D5A792E0A9FA30458DD4FF08D85674F015","D:\056856.xls"
"SHA256","D93378C04A294F3518D80483500C4B1908B09C24B18AECB3996AAD10E59C0216","D:\056858.xls"
"SHA256","6BF1CCF760E2A6AF30668A1A6C6A9E361177CAC66FEECE3B13F40E2E19EE8972","D:\056861.xls"
"SHA256","C589FCB774A28BE744542BC4E0CEEAD3B1567A6AE4C21A7DFD405E6A219C4285","D:\056862.xls"
"SHA256","BDE8EE1853A1581867AB9C4716533FD8649B3713B3906B309C2762837F66909E","D:\056865.xls"
"SHA256","343847C204A8721419B97FFFD281866DFEE9437AA715039E248ADD2482A5341A","D:\056866.xls"
"SHA256","E05C6FF117B8EDF643618834E5B3AE6608AB058016AF14B5B0517D7019149E94","D:\056867.xls"
"SHA256","C92D1D193F71808E2C1A904B743B96F528AECFD874EC6FA72AE5CDB53F4550AA","D:\056868.xls"
"SHA256","E6CA8D97012A4556708D06B200EAB462C471982A5D3044DA2EEA1B3D88727478","D:\056869.xls"
"SHA256","424A685FE14CD907B89E71A832EF70D27C7EA6FFC3FCA4669FED3C0BB6F4FA46","D:\056870.xls"
"SHA256","3C5F5FB6A353F9D36EB5CCC0BEA4EA18550B7821E8E5F4DFBDCC8DB0C10585F6","D:\056872.xls"
"SHA256","0C9CD66D7771D588357B8C9A68262E12D572814498551026CFDD977C53110549","D:\056875.xls"
"SHA256","43A47D2A17B957778825964FCD7B36FE3D8C5E5ADFB54AE9D4FBC8B6AD527D60","D:\056876.xls"
"SHA256","28CC487E0E9A94F075F956AE5FC3A75D88730A3AF62F7D68D4075C42E13DA00D","D:\056877.xls"
"SHA256","206E46F075091AD51D488F0C6D5214B1A8E08824E6BC4CDC1901A7D213AD426F","D:\056878.xls"
"SHA256","0A58ACD60D0C5EBE6B842EFC3312359B3B5B223E7E6284BB2A1CC08EF741B582","D:\056880.xls"
"SHA256","7B0865BF5B3264B2DDD26019A55E3BD0CEE624AEF89E154E47EC35535F125AB2","D:\056882.xls"
"SHA256","1B7F54D8A0176E1E33FA94B238D567DFBB7D78EF8D31A88182EA66C2A1FB4018","D:\056883.xls"
"SHA256","BD73388AB631C660266C5F6EC789C9F34C8351AEDAD07AAA03198F6CC4B2AC2D","D:\057110.xls"
"SHA256","54274DE1FE77CAD20136A69222E00EAF422115844E025D433F9E104240DC8CE8","D:\057111.xls"
"SHA256","75226D103688C199F77348DB6590ADED29CDB76359E636F8F54D1E06D06DB2ED","D:\057141.xls"
"SHA256","1E452D0815A85A4AB3E14DFD21BAFC93971A63E462E6F8D9C3F9B9A1DAB3BA55","D:\057142.xls"
"SHA256","620108F0549B86C3BE446350A0F2B19BA5AF78620E16873E2D43F177595F6288","D:\057143.xls"
"SHA256","3FA08CBF597068029AB074CFB94BAE02DD3378F2F06D683732E655850B60CDBE","D:\057144.xls"
"SHA256","AF1191A920F04EAE794099D42F2B1E6C8511F57CB6E050E32B6E12355B6FF403","D:\057146.xls"
"SHA256","0E6352D0E9CDA2B091BCF749ED14855FDC4A4FDC42E8A12C851BF392DD1A3E49","D:\057147.xls"
"SHA256","2953D7E8950435350436DFD4D6CD9FA26DE3C6ADCCB9D58B49E8F20DBA8A559B","D:\057150.xls"
"SHA256","D8FD71CB1C485F6CF6E41DF1837C5C0CEE1B2F13D49B48A91ADF38F09B4A56AB","D:\057154.xls"
"SHA256","CA29786C640972242CBD84C34D45505104CE17636664BBF23A7BA5EDC6FE91C5","D:\057288.xls"
"SHA256","141D12486258D2A2C73E8096E7B5630AD7EDCD1872AE57E6660430752C4CEF26","D:\057440.xls"
"SHA256","471DD07D9977302D26480DF40B41ABA976527E5EE5DD9C04AFE8B141785BCB57","D:\057442.xls"
"SHA256","097A1F2347ED0FB81B946F6DC57A691E812C32460BCB69FA5CE9C95A2EDE4C84","D:\057443.xls"
"SHA256","431292DE7725A33C1E51DE4B0E7F6DA8FB96DE66DE3AC22D9E10253EC445491E","D:\057445.xls"
"SHA256","FEE0BC9F0C2FD67F3FBCA67A6F9268984A305A0A40B4D8D4F3522AD5C4B65962","D:\057447.xls"
"SHA256","EAAAF13E620A8722875B487AF0FBDA531736AB0E0BB8519D6B8E948FF830621B","D:\057670.xls"
"SHA256","5E613B3D9319F80315CCE3DF2134832B1031B9236C9EC82006A9457C35094E83","D:\057671.xls"
"SHA256","DBC0956516DE9E8557D79BD21E43AC4B396082918C2C92CC0F6DF241F80B9AAC","D:\057672.xls"
"SHA256","875C5DD76CA47816BA07AA46DAB83736FC367A52F1FDB4EE670A6B05E34CB0EB","D:\057673.xls"
"SHA256","B7CF9E08808181735DC3419B8E3C974921957DA7736F26028EB1048A5EEF24E3","D:\057674.xls"
"SHA256","07CE7B116FD51BFC0ED1267F4F842CD53E7D35BAE2D3F8D8CEB5C6EE121B43D7","D:\057675.xls"
"SHA256","F5337C17A15033C6B400F45FB6DC49306493F5E01D3D732BBC5779B95240A117","D:\057678.xls"
"SHA256","D05A3CA69DAFA144595C3760C6126BBF0CDB114E71E707F143F718317CB75A16","D:\057680.xls"
"SHA256","B57AB55DF9D65EC1F7BF57279852B9B98AD16F206D657C247C28B89C5A7EC95E","D:\057681.xls"
"SHA256","4B8FDAFCF0D71C1507CA77EE74E96F64B64EC41C91164E7F4FEBAC534DCCA17A","D:\057683.xls"
"SHA256","41D4CEB244A33DBC42E5C7AC802171A7FF85A7A2F61A4CDB2174CB0F376EAA8E","D:\057684.xls"
"SHA256","EF3B77DB6C3042DEB4E56BA6984C5A5371808468BAA8761C2456F5E07309741C","D:\057687.xls"
"SHA256","59EE27DFF32F9CDB20BE952D24746858DFE2A9ECC02B09D9FDFF894B2EB9E9F4","D:\057688.xls"
"SHA256","386074B5F639A4CE5219557FCB33A082FABF50A5A2314ECD1AB4DD904820A1F2","D:\057689.xls"
"SHA256","1026C47D4E38B10295E7603FC13E50A059B56947BF4F46CE002491DDEC6502EB","D:\057691.xls"
"SHA256","75D1143D5F181A7D5D460515639A1D5990B31EF7D15946D03350DE21D196ADE2","D:\057692.xls"
"SHA256","F3699B9938BA5C906A6836BE5FF4B88A52897496C53F99F7F8EDF76C4F262379","D:\057693.xls"
"SHA256","CD4B5E6317544DA103B13D891EF5F5DC85082C490D15894A18523116E7EB850F","D:\057695.xls"
"SHA256","33CF7914C2CB8C419DF092A07DA765FAE109B86A51872839F81273F197508897","D:\057696.xls"
"SHA256","CF45C5C17600C60FABB61A9C964A4814CDDB9BC5472B5352B6E38AABAA8E7887","D:\057698.xls"
"SHA256","0B825B787EBE572D5E974DE7AA23196796694FFD88481CB6D39CEECEE44666F6","D:\057699.xls"
"SHA256","DB13F05B391957347EA8D65B6D1BB04FBB65A93AA49D1FFCF6BF175C8CC47666","D:\057702.xls"
"SHA256","B57A233BE69D7C3B5F0390BB1F9AEBF268A524D8BBCD75050548CECF56FF9948","D:\057703.xls"
"SHA256","9806DCBBF3393C6B6030A8D1B7D831B054E39C5EF466587C3C20C88356334F0B","D:\057947.xls"
"SHA256","8EE89CC19002B7B1C3EBC5F2817B9BD5D9140D057B73793C92A0167F256BDAB3","D:\057948.xls"
"SHA256","CA596974B7FBAE59EFCA71ECD9337807A17B8562B20C495BF349948A50EFB1B1","D:\057950.xls"
"SHA256","C6B152D324ABCC261A3A3FBFCD2AB585B738DDC2A17B58059F301C3357728D4F","D:\057953.xls"
"SHA256","33C1F240291E6F5E882CD168BE73FA79A22F9E45CB72F3BA58EA1B909F996FA0","D:\057954.xls"
"SHA256","50D2AE7BE7584EC67E3CD8831F56BE0494D43DD373400BEA5D9C85147B76DB01","D:\058139.xls"
"SHA256","B1042F91D3D768FCAD07D4C4D422DEE6E2D6FB86B70127B76BD0304DB7B1B059","D:\058234.xls"
"SHA256","63E21A26E20F358D6103D858FED635FF646F661AD47638723E76EDF9915B8625","D:\058297.xls"
"SHA256","5190B7350F43B9D75026CC18F252BC3AA66EAD1CC8800A498DA90EF4E19DFE7B","D:\058300.xls"
"SHA256","5DF9BA3E6A6AF167F8B4663A640EE629D71365FE9633D671F4934D022188B6DB","D:\058304.xls"
"SHA256","2E9547FB5AAC4E1F9EDCD36ABF2BA65D4451D553AD862686377C10F6FAC8246D","D:\058305.xls"
"SHA256","B1D0D941200B1F4D87CB1C5E9705761BF4B106187FAF1C1ED956671FA2E8558D","D:\058307.xls"
"SHA256","EC00C09E2074181B180BF14FD263EDB4A41496EBD19DE5396322F59E951CE971","D:\058309.xls"
"SHA256","C6B5F5249BDD376178741FE7A45D2F33C00577A82EB2D3932E60AC3AEAF56936","D:\058310.xls"
"SHA256","79B05B6D4C9200F04B1DC054E8D673E05DD4328E651DC2A6DC0A24BDA3169749","D:\058311.xls"
"SHA256","6B51FFF72A2ABC9F6EF61C3B0EC15D9E1405DD5E955C96D2D4C2258EF96E572D","D:\058313.xls"
"SHA256","8BDDC816754ABE64F1901479A9C74D3697D5EE5A4BB78DE3454C31695560795D","D:\058537.xls"
"SHA256","1D886A8C0DC4D4457AF7506E2972B752ED7E4C85B3BFAA5F4F2F88009D8F556E","D:\058564.xls"
"SHA256","D28F98A8C8373F1E5A4EEE4315D807D8AAEAEFC55F13813596010C3B1C375E65","D:\058565.xls"
"SHA256","A461FED43DE6D969BC3074C0DCDDF44009D0958AE8C4606B715034D9CE0567E7","D:\058566.xls"
"SHA256","87FAACBE623D1F477097F6F126F0B1E0D3A4500E47808A5D9E13D24BD12F87E3","D:\058567.xls"
"SHA256","EAE779563C425FC14DA3D1BE0E67160C344BC1988B9A9CFAFB116B9802395CC2","D:\058568.xls"
"SHA256","BB86FDA5205B7D79C5214A23B9604BEA1F2E8499C6E439DF54E8473DFA014994","D:\058569.xls"
"SHA256","784CB675BF2E04B72DF161F8CCF974BDD6BFE003462CCC59067970A821F742DB","D:\058570.xls"
"SHA256","4FF29C044E6F82DC1138C13BC79524414F838B3FC18544B42E4F890317885683","D:\058571.xls"
"SHA256","32A4CB5FE816C0AE0124A40BF5C395CAA3388D7DE205054611A947ADD338E07E","D:\058572.xls"
"SHA256","B5476203440F514D18F970C442483B3A6D6589B40D92278F00EEFE9B722DE2F6","D:\058574.xls"
"SHA256","2835F88EAE8CC9635A44A3B0C7E40451B524E50F34FC9493B8AED57443378B7F","D:\058575.xls"
"SHA256","9F364D55F9AC381A71C831751B34E435EBD8CF459856FB9ED523001D46620BD7","D:\058576.xls"
"SHA256","82DFEDDDB5B58C1660BD5B3A7F40A34455DD8F92861AC363BB36C146A8247CA2","D:\058577.xls"
"SHA256","056FBA5E7505F1CEAEB4149C873FED50F1FD02B8D3CDA3205E79BAFCCBC84364","D:\058578.xls"
"SHA256","B6BD7457FDF6FB709D4B8E5852D5881B1821E7135400D9C8F268B38611EA8E42","D:\058764.xls"
"SHA256","1525DB2A74B3F9A6FE0CECCCFED17432729827D5EF86370DFD5C9DB960623655","D:\058789.xls"
"SHA256","0DFE077DB877183106FCF4B1094CF093E9563933ADE79C28591E6F284B7342FF","D:\058792.xls"
"SHA256","A74C12AB6DD29BD823B210972BC0D2ABB8BF96D98B39C226888BE2EF6A159B94","D:\058795.xls"
"SHA256","1C1D4F8625E73196B1AA665DCA6A33947C6B02A569015F910859010EB093AFEC","D:\059216.xls"
"SHA256","C44329416E397A33CA5A0EB64063EA168D87B7BA8EFE9B95C62FCD7CC94AEC44","D:\059336.xls"
"SHA256","B88AACF35786925C8EA57114E3F832E1042F29B0FE90574669989D356891B7AD","D:\059705.xls"
"SHA256","C369CBBB5D24E6FD4F8744C588BAB9571BD1D9550B05CC0BFA85BC0B7E2A80CE","D:\059706.xls"
"SHA256","32849D6D890C9A4BE89E45BB6E118D0928148D4267136E8D6E06AC9BB8208697","D:\059747.xls"
"SHA256","04144E8B9DB77F64926D11C07641A63A18C8022B50FED5FF29187A209C221433","D:\059748.xls"
"SHA256","BD8918931325048DCD891616192535256A008B0F39FA120976943334E0AAA86F","D:\059752.xls"
"SHA256","537FE167F27D4C4CF83FF1E64E8BFD530C81AE9AB285ECC7EE26D42C11250AAB","D:\059783.xls"
"SHA256","5E3528A36FB1794012C296050BD3DFEA3A742DF3EABA520D5B4D7B6ACAFF49DC","D:\059790.xls"
"SHA256","1675CAFB39A006EF9F6DF0536C79849738AB2426BE4F16B495B15FAC75D6F711","D:\059802.xls"
"SHA256","5E5EB8500535BF626641BDF372F93B2C5C9B9459DDF720D216EC0F9DF91AD120","D:\060049.xls"
"SHA256","B64D61CE257717F926737C5B01364B6686BF413953A7D53EE3F6E18037E35A3C","D:\060051.xls"
"SHA256","85E619B5F11B0502643AE5F4AD5961EE4BE8B7BD2A9A3E6259CE85518A7C01C4","D:\060066.xls"
"SHA256","4C7BABA6A3793828C0F3993C18B8D67DE5F666BA58357DA8554AEB55E8030555","D:\060073.xls"
"SHA256","2773BDE880653CF178917A9D24DFF377375001FDB46D17F570DE8369E1662C75","D:\060090.xls"
"SHA256","A6CED7E1A96D7FF9FB34EF5EFA9441CB94327A3542F2072227D34A642C54037E","D:\060095.xls"
"SHA256","58AE63040057D93BC935C3B8E3C3E0E8DEBE55A3F88493C91E584E565E15F36E","D:\060098.xls"
"SHA256","AF682CBBF31A19B4CAF8C8FA02CDFDF39B1E37EAB92323A839DDD29671B051E3","D:\060099.xls"
"SHA256","62EAEB27659CA8AE58D27AF4D90AD9509C29CE87318893A698A99A2AF3E44EAF","D:\060100.xls"
"SHA256","3A83AF0F41DAE587E072528E4DADE3D05AE7C7B5706A5752D34DDBA62011AC54","D:\060102.xls"
"SHA256","E68A0530B90A8B167C0206792E0DC1211F6458FCE6EE36799626F891452A4240","D:\060104.xls"
"SHA256","E82EF84F469D072D9C6A8E42504A9F9E3E1D0A7E719A94D70D4D3C2B99148144","D:\060106.xls"
"SHA256","DF380C11F647C14A7D3089F5E0B0805D1BCB8187C8FE7EC50AF244AF1A623066","D:\060109.xls"
"SHA256","E4D37DD4CC458D78AB012284312A03A91F6A3432A62468FF323A70A65121FA90","D:\060110.xls"
"SHA256","FD65EC3F1712DAFBF0399A1D2961C6410D2F7EBF9DCF691C50B3E27F7BA14A87","D:\060111.xls"
"SHA256","A727A7929F49B861390E15AD7448322986D64D997C94CC3499147A48A3AAF55F","D:\060112.xls"
"SHA256","05A9F0DB5F3A044CBD4372839039B86BED8F6360223453192C88281722FDC1C2","D:\060114.xls"
"SHA256","067C3A112564D427C3F99C4D07FEF76EFCD84B5D8CA389FF73E8517B0294508B","D:\060116.xls"
"SHA256","52D36F81E09B8FAFA9C338994ACB44D0B57B43DD4C2DFC3850C4BAA80403F77F","D:\060120.xls"
"SHA256","A6C727A4F25D6A63ABCE3CD78628E56EC397F4E2EE691F373E67C8078BB48D31","D:\060121.xls"
"SHA256","EB87E73C0BEB464213DE958B6316CA2F06585690C185D506F30F4971DD94E3EF","D:\060123.xls"
"SHA256","D053917EED0D40D583B1C11664C0EF3FE99696C66B22F52C9A6BCD67B27E55FF","D:\060124.xls"
"SHA256","0D42F8716968401E0CFD667E3B633BD64732220D732741D069657B41B4E34D96","D:\060337.xls"
"SHA256","61F9C81BDF04AC301F45C5B45F97A73E37E86874E0FE3E9866E81ED23063A12A","D:\060338.xls"
"SHA256","005880D285FF6C717FC4CC67B3CA97CD7A2A1B742CD353706A8A36851C985BBF","D:\060343.xls"
"SHA256","0A42B258DF23CC1CB270A56C8F01E4CFC27DB28B7EEE98CC5FED1BA0F5C161A2","D:\060344.xls"
"SHA256","CC163E0B9C85FB195C2EFF7337097566633E6F54F03D9FC6C5B1D7D13D0A099D","D:\060348.xls"
"SHA256","5BD4710FC26B0B2CBD497D674BDA9A63F8F05A77BFFCDA6E647F3AA861985343","D:\060351.xls"
"SHA256","337B9509B533E9663FAD84A470EF38B6932C33C1F4CDA1EC886A58221761452E","D:\060352.xls"
"SHA256","4DF2437A5020ACBAB16A7021E88DB9D5B3334DF2A55EDA26733A4B7745DFCC82","D:\060353.xls"
"SHA256","38F75158C962D3C63E91FB103A82AC860BA2D895A5B578FEE227ED2E3CE4FA54","D:\060604.xls"
"SHA256","C286FB7B86CAAAD1D3BD1560A8813878CB40CB9FA8CFD9904A556B87E2FC688B","D:\060837.xls"
"SHA256","C42EE300AE95DD3E3E1FE468D79BA0D4A328ADAC1540BACAF73E57754CD7B784","D:\060838.xls"
"SHA256","C7069246524C11E5F7348C684E40E2D00267477E2D0153CD1EFF9989AC5F5D89","D:\060839.xls"
"SHA256","C6D9F8B90E96E4A8E9F2134C1075291D28CEA5200065B9FD9671E56D0DD35BD9","D:\060840.xls"
"SHA256","31FB0C82DB729BC0FE0BF24A6331A95E7BF719C47FD687895AF6C9F5B2295E06","D:\060977.xls"
"SHA256","2FFD6D873007E034FF4950B8E921795F4DA34E06E87538D5BAEAFAF34FDE6F66","D:\060978.xls"
"SHA256","E6B7E5E6D87B1DB9B5576EEACEA09BE8570A418DA0DB12DA3111AD505B9F29BD","D:\061072.xls"
"SHA256","BFFBF74E4DBAEF63D9E6D64D703BAAAC85345C49808A3860DC71DEEE8F9AEC52","D:\061091.xls"
"SHA256","A78158CFB8B0AE4691FAB5778BE9D54D740425EC72E6E7163A556B7F0EDA22E3","D:\061184.xls"
"SHA256","81323562E86DEED62AD3938EA564663253592FE7AE406BBECEC9F246FD1B7A43","D:\061228.xls"
"SHA256","064CADBCAE3D512DDA22AAAE909DE2375EDD91FB76F12D56E68E6A7669B80B54","D:\061229.xls"
"SHA256","A9312A126F03A88C9C9BB167599F47AD604ED9A8098D9E70E1F5F4E9F42343E2","D:\061230.xls"
"SHA256","495C7611BBCFC82EF99BFFECEC453788E23C00C2883BD95062E1345E6F05ADB4","D:\061231.xls"
"SHA256","7DAC07EFB958322AF586396C8AE0857B9A8D0C8D6A0690201CB4A3D703579015","D:\061235.xls"
"SHA256","2EF3945265F90CEE9ACE5F0FFBADC49E56E6D4BAF1C59FB2A2395024B30B2460","D:\061236.xls"
"SHA256","8F0CBA8B5A71D452D5FFC3D4DA66E0D2C38FA2F573351BA073E4EAD48789CDC5","D:\061237.xls"
"SHA256","7DAE3D3BBB3B30D27A75F630DC4263C65BE9B4BEC3F0A3605F256D61D735558F","D:\061240.xls"
"SHA256","2568F27EA7C1B5C4E3F64C0FDD5230B94F2B02DCC2F2BBAC5200881F8D6D2F7E","D:\061243.xls"
"SHA256","184611A97A2F36C199DF5F8EA10F0EB189611635BEEDCE53103C64D3D2A70020","D:\061244.xls"
"SHA256","689D5872D6E9C5D0294CC0107F305FB3B2D70411C1C1D9D8DFCA39E7A013A5F2","D:\061245.xls"
"SHA256","AC01054957E55AD9ECC30F096AE111188C356DC592CBDF5941E359ACC3883F5D","D:\061246.xls"
"SHA256","8D9E70085A5FDAAECB42D9291BBCB83F4A348E6A162386DC40C77E2DFB32809E","D:\061247.xls"
"SHA256","02A22BFCFA2A73187824932A43D8E45B95D2279061C976B83434A83D3056521F","D:\061376.xls"
"SHA256","C6E0524E1450AB64A6D657A023E9042E984BDE7022A1E27587B82F9511DB6AA3","D:\061378.xls"
"SHA256","23385144359B49139A55AF695663044984FC55770C764B40D85B6C9795ADB509","D:\061408.xls"
"SHA256","DE32EBB06ECB2F1914D6B5AA9585BD3DD7FD86E5DE9FBAE39B901AF50A359EBE","D:\061451.xls"
"SHA256","55484770C0B5918AE4CAE520245A09A037C4BDCF856B406EA3D4F5ECD8A12400","D:\061452.xls"
"SHA256","68F0E4E8BD4BEDAB14D4C4E2002B77594E541174E9CFC67DC0FF56180D444383","D:\061455.xls"
"SHA256","DEEE188EC21BDEF31BBAD81120D17110D43B6BDEC779899C3FA1E821CC069996","D:\061578.xls"
"SHA256","663E537A97B26D9B80AEE86FDC90B4C44948E7A7E9DD12E96E45F761114D5766","D:\061690.xls"
"SHA256","D817C190D3ADF21799C8CDFCBC33B73F4586C6C381B84866F963860C8D89221B","D:\061692.xls"
"SHA256","D985411E3D5ABB9BE2726C6E8F0878605534315A15D6ED442D9BF994C4EC11AD","D:\061693.xls"
"SHA256","20177E50E1388CEC605F312359EDDCBD4ECAEE3988F35E15EE34326340CAA82B","D:\061694.xls"
"SHA256","3ADB665B452EEC65A5AD414F10C9BB604F873850383516B530B0E9DB79B9ADE9","D:\061695.xls"
"SHA256","ED3DD5B8587CD2CEDF206E63F1487472E6A2E7F6C8596E9EA1FF73D7218DFCAB","D:\061697.xls"
"SHA256","5BC98C676018521A792278D0D7CEFA270BD1B6B819B1408548C07A6A66AAD7A8","D:\061698.xls"
"SHA256","592EE97D1E7EB743B1E4164543AE80B87A3A56481BDA233886D5913D40A7B6D8","D:\061699.xls"
"SHA256","082678ECFA91721D95275FDB86DADE8BAF1DB9F8612E24283A2CA2F68C81658D","D:\061702.xls"
"SHA256","B0EA177417B30D5441B6C86AC46537BD68EF0E6B83A37FA042870CDD5291E125","D:\061703.xls"
"SHA256","C0C3C5CD28ECE724FACE1E8622E3C77D9D3FE1780F0A47D4550FB718BDDBA03E","D:\061706.xls"
"SHA256","B06B44BBDB729170C949EE8CCCE7C6B8A2C597BFA6AA5E40E701CF91507F9DA3","D:\061709.xls"
"SHA256","A3EC3EBF7BA4C71E07967605EBB486AE99E5A2AD69CB66DBB80CE993D479E3E3","D:\061710.xls"
"SHA256","DB9C74A044D6092DE5BA5E9E23C626754B9C9A774BAA10D732FB3E50733135DB","D:\061712.xls"
"SHA256","377B6729AA5A9CCFEA59C8299880E5927E54AD2F8AB82DA9CD9986DB30A2AA76","D:\061713.xls"
"SHA256","F0DC1E9AFC347AE6A52C03FE53733D80CD517DCD758B2E43A85D54240DBD0035","D:\061714.xls"
"SHA256","73740C0D250F0D6B6C60B2C4BCF6F6F710C0617A081D86C9A9E77DA151061227","D:\061715.xls"
"SHA256","D2417B4BDE9DB8745A73865E9D835676548D92397F631D1B46AA56EB8982412E","D:\061716.xls"
"SHA256","91B43DAE5998C6F026596FAB1CFC4FC1769DF885FB495D80258B55703FC089D6","D:\061717.xls"
"SHA256","CE2A6FB9C324724DD211D74873B43E3B0E831B63C0EAC0C821DB083AE064B3C9","D:\061719.xls"
"SHA256","C04A0EEFCE54F2C7B58CB96EB973E0AE838A7E7C7E03F49CC3B009B2C36C4FC0","D:\061721.xls"
"SHA256","5A3D39151746F9CEF45F920178E92FBA83778E4E9F2EF2E0A3857DFAEE5BF5F6","D:\061722.xls"
"SHA256","28E42466784FD91ACCFF307629FD00677340057A0B17F7D4DE92F5E5799E47D8","D:\061723.xls"
"SHA256","F0EDAAEB3CFAE0EDC51F181A87F93F3DF333D7E97EC5EBE114CF385EA1049591","D:\061752.xls"
"SHA256","ED3D4DA8D6B79DAD63E2084682772EF4CB86DD01EFC8CADAB4C971959BDF5BB0","D:\061762.xls"
"SHA256","41BD8D39842979D4B7C613C4065EEBC8E2FB2ED1227BC49B2038560F7FAFA6DD","D:\061840.xls"
"SHA256","10BDC3F2BA0EABF6AFDAA2EACFA8A44132A0D85E3363104A100C88E202BF3EC9","D:\061841.xls"
"SHA256","745F47D350941C6AAE3E2796B423BFE8D0202AE424D3E6BBCABBCA7C572F8655","D:\061842.xls"
"SHA256","B4C549D2DE5FA1A4B3953B10D896FA077DFD3AF6B4F44715E1462171CE1EEF46","D:\061851.xls"
"SHA256","B73B4B7E9BA9FCBEC18A5A1E5F74F0F15BBE6306C61C42BB3740D8603934371C","D:\061942.xls"
"SHA256","9C5B7A5F46DA0B6DB879F2B852BC61127A68D10A55763C4ED198C5D2FD3E3D7E","D:\061945.xls"
"SHA256","DDD5017C9B1DD5934CFF35891739E1104234453BA32A29047EFCD680D5178173","D:\061948.xls"
"SHA256","2FEE8AF67DB53B1D90604BF73A271E98BE57930EA58197C632D3AC5E69C64B97","D:\061953.xls"
"SHA256","85476FBAC677B315DF1F0A8753A1845E1611C3304DDBABCC0FCD30406FCDD400","D:\062044.xls"
"SHA256","10D7F57BFD6F66730A09C883CB13F3182AF79174AFACC850B7D36DF9F89E3C15","D:\062045.xls"
"SHA256","7C524EDE845BBB61DFB6D5949D735366539D41EE6B8AF42321C6C9953DA42223","D:\062046.xls"
"SHA256","6095584DC0AF8C97108AD442144092035E4C8DC6031C6CF9AC2FC02C55F32C90","D:\062047.xls"
"SHA256","478051773D2D12BC27254C38345DFD6CFB434FD478AD6989A3A22E9EE3059CEC","D:\062048.xls"
"SHA256","97816DCF92B6C2D4B48525EDD5DA1BD05D3C1C2A8B42A7E6866DEE3B25CCBB39","D:\062051.xls"
"SHA256","DC03C0929041E20EFD5FD8E8FE198EA324CFC8DF22DE3BA85B62D4F689F55BA1","D:\062065.xls"
"SHA256","B29E2FC5694A309600879BB5C3E36D47287BA5E744E25841A9F917D5ACD16F68","D:\062068.xls"
"SHA256","271C7F75231F3DCEBB2D8D888168732136571F88B587E024B4F7439237B2769A","D:\062071.xls"
"SHA256","0DBAE1BF3249ED29304D171BF77AA0EBCB34059722CE910CFDBFD75B16D30F03","D:\062240.xls"
"SHA256","F60969BD094DC6DF610E6F6B8175BD9F7CE61EB75FBEFE70E5E54B361E4B8E8D","D:\062243.xls"
"SHA256","D2DE7BED5F8C9B514190E8D75F05C2B9DD253809D8F100C028CCEB9EE9E06318","D:\062244.xls"
"SHA256","2C98AA78EE6CC36DB1D7AEA37A96679EB8BE04A5B354DBBE31A00E63089B3B21","D:\062245.xls"
"SHA256","3C466CA4A2F8BDC084E33639FD403101D0670FEC4519840A1840289EACC404AC","D:\062246.xls"
"SHA256","221E5C174EAF2D2D3D7DA21CCEA49009AC56ED14C492B8C2E76738759F53E90C","D:\062247.xls"
"SHA256","62070F6033BFF06AE0BD3A9A5177A981D68E5541783DB62661CF8C413E8654A9","D:\062248.xls"
"SHA256","60D1AA4A9038ACA1E690099EFAF33D3F64006E72B10D55BCB56666FC776BE9FF","D:\062249.xls"
"SHA256","E8A4E0AC5BE6BD9CFD79A6CB99E7491AA0C147252D8821A1CA400A58956A58AE","D:\062250.xls"
"SHA256","892242BC48AC56A9DD7495D2534AD7446891F321A81199BCC81A768728B8D92A","D:\062280.xls"
"SHA256","42916A85E830377273FDE9B3126B7A20448EA35C671FF262501A42C1C960CA70","D:\062286.xls"
"SHA256","C78AB9CC0B2FFC90963210CF6596A055E5109E27B3E79F321FCB003513BBEE1B","D:\062288.xls"
"SHA256","510EAC254A3C1E2CDE7FEFF5337CB7562C05BB77A254CEC1D591936DBFED1128","D:\062290.xls"
"SHA256","842BAFBE32DCACFCDE11B70A138571E22CD4E778ABA479A84219AF136F6682B6","D:\062291.xls"
"SHA256","53E6C666939AB3D81E2DACBAD383122BF9A6DFB72802EF0C8C2EF79AE25F2ED2","D:\062292.xls"
"SHA256","95C5A05B75EE049E95B40E9DBA8337BF02AB0CAD0C8B01AFCA5E7761F38C2C67","D:\062515.xls"
"SHA256","B9146E1D0D5630AF5322DCF8A5537E864DA5F775253BA6A217B73D004C9539A9","D:\062516.xls"
"SHA256","ABD10D60BAB555A2BAF94F2F4A5A3CFC5E0351F3B676625CAC82E8E0A68A198A","D:\062517.xls"
"SHA256","5DB9B7D074055218FA9C1A0DA5766CDA5CDDE98C5BD3431ACAF2DA67D88F1D65","D:\062518.xls"
"SHA256","D9A71AFB2CAE4127519A28606BF3E4CE3D7C478F1986450AF3EEA551E1A23AA9","D:\062519.xls"
"SHA256","3B90548A489E2F54893DD2F9995DEA5D743E4140FF197863BBE6239EC920BDD8","D:\062520.xls"
"SHA256","023704EC0BCBEC3471CE1CE0EE7EF54FFA2BD0B8A6220924CF3FCC6465ED23F5","D:\062521.xls"
"SHA256","A1B9C21CF49B7E1D6F5230623D5D9FE7BB09A3942A5B7635F79221B5A5C97E23","D:\062522.xls"
"SHA256","1799E28F207618C3DC93ED248F281C3B4E5266D4E694E1A5479524C5F835CA7F","D:\062523.xls"
"SHA256","30E5105F5AEE938847C530DDD4F1886C40B481DA04A06815044747A661BBF2C0","D:\062526.xls"
"SHA256","4F54BFE176111F603076D90C4C71071F9086BD13B4F9373282137E5339AB8EBD","D:\062531.xls"
"SHA256","E2392789D0E7E82FE9A4CA8858C677352D6FE2D03E824043E4E1B9198B5583AB","D:\062534.xls"
"SHA256","49705AF3729FB40BC6479FDBFF9E0912F9A57393A84B14C528AA8747CA7FC88E","D:\062535.xls"
"SHA256","584FE164159D21A8005B76A6F03BF601C192A4B7E9BAC8345126A4478901CBEF","D:\062537.xls"
"SHA256","822E22C907B9D9FD219AECFE4D1BB98B1666EA5591CA2F8BF983B6CABB049744","D:\062541.xls"
"SHA256","79338A3BCA9F455A84BC4896580BFC75746A29D2BB8DA7BCB1B3815E0224C6B7","D:\062542.xls"
"SHA256","BD87F9A3BD5EC1C241C2317993D832BF8439AAED429CCFC4328640428303A8D6","D:\062544.xls"
"SHA256","0AD1DF46BA4286F7BD9DB7E3646D0147440E3FF6B47B433A4DA115A8AF9E95C5","D:\062545.xls"
"SHA256","6DCAC57F9F7BCE221711F9502886F68CB81C51B39BDC6F487ECF5C10F1356C40","D:\062695.xls"
"SHA256","DD030FF1B161EC77AE8380452D910066553DE35B49F945A02B4BF7107375B826","D:\062696.xls"
"SHA256","6994C67A13C15F5668E5229E7C8BAACE84720597A8FC474ED6A677BC5157A1BB","D:\062698.xls"
"SHA256","568A2BBB317F78FFBA2D18FA038B1B1BD804A0F804BA53C2959862618434F35A","D:\062706.xls"
"SHA256","8DDAF74423D6432AC533CFAEEB40E02B64EC85D561C4193BB1FC42CE68D03765","D:\062867.xls"
"SHA256","9F8C6E77C3933F9927F947F1669B022405EA9B6DCF0D6F69D808B378A8082D24","D:\063010.xls"
"SHA256","4B7D8609AF9563CD24E26AC5CE4B993B55FFCC34A401F9131A194A26E6822C1E","D:\063011.xls"
"SHA256","9BE874E5F3212481A9FD48EC9C34DF3304C7F8FB5429485D7D63CC0FE9936FBE","D:\063013.xls"
"SHA256","09A41836948A05C5AB7FD454EA5FC00C21769AD2716928827BD93CEC52242247","D:\063062.xls"
"SHA256","864F4AE80CCC69D4DC5DDB16ED955C71FF0CEB70A92704C0CA78DAFC6E9BADFF","D:\063143.xls"
"SHA256","23845D64E273ED8E9028F00DB6FA27477DE5C3B9AB79362F6CFA40C610EDC114","D:\063272.xls"
"SHA256","5AB799C0C2D85FEDBEA017BBAE0B1331273EFC44C9CB47D6E57BEA7DA9CD8DA0","D:\063448.xls"
"SHA256","7ADFFE198323E1E90F87F37D0B2EDFE82F5464CAF7008FE229E5F0BB13B5A3CA","D:\063449.xls"
"SHA256","0176F83DBC52DC1D7AA2F22052B91F4B410D502A47FE27DABA14322F7C500881","D:\063453.xls"
"SHA256","5332CEFBE008661A4176B545DAE9A1FB91F477C8C934A38E8E4FF07531CFCF95","D:\063456.xls"
"SHA256","A8A55362F8B5FE1548C77AF7C936393B4AE92D850CD4B2FA34DFCBC0FD31FF9A","D:\063457.xls"
"SHA256","4C584B05BFCEE2B3294D380B8CC363C67AFFCEF213E427B3ECA16EF23EAFDBFA","D:\063458.xls"
"SHA256","008401207EEF4532260D2B02A75825DADEDF292CC89DA94A779D5F59CF4635AF","D:\063459.xls"
"SHA256","4B9A5645CA9FF8DF793335FF24FE334C5AB31DB7661C01ABAC755D98367EF621","D:\063462.xls"
"SHA256","9AF4DDCA2A0B16ED06EDC49EF9703FD5E3EEAD815CB54A48C4E549C0118499B8","D:\063463.xls"
"SHA256","0A45E680647E9E3F281630CB84E6FB70AD9A5069C20656B5197DFA27D324CAC7","D:\063464.xls"
"SHA256","549A6C27FD186C22D72810342460C8F400DB3F1FBC664A09B49EF57EF2B762E9","D:\063465.xls"
"SHA256","E20BA2CC98DDB8E34A26545CACC2D08ACAD43D93906FA95C279923B7AE6BE22C","D:\063466.xls"
"SHA256","079B6260F6735D4AE6651A8731F25D92FB2D8ED5971E6B0B73DFF7225B97C880","D:\063468.xls"
"SHA256","3FA6DA710E909D32D6F049820BB4A69806DA49E3C700BA04B152337832D428F9","D:\063511.xls"
"SHA256","EC2F3260761E244E61DB827DF81110B4FB841AF07E4A8C17909DD79756E740D6","D:\063717.xls"
"SHA256","3E42C3DF587805FE1DE277E6155B6CA9A9AE4C4FD1CAC914EE9945F589FCF3E3","D:\063719.xls"
"SHA256","2CACB24EAB7FD58024145553ECC1EA724517AD849519D7B55F5044C09E13276B","D:\063720.xls"
"SHA256","11B3E64F9AC74CB3EBE62776ACE72CAD0CFBB328B512FC1410DB0B44E7430DB8","D:\063721.xls"
"SHA256","48A5D9AE9208F0605E546F681E0DD2084715FC1749CFEA8EE2A921A21048A419","D:\063725.xls"
"SHA256","83123244427771D5810C0740FFEF1753DA1086922AE7D779A57445B43AECE5C0","D:\063728.xls"
"SHA256","5FA06122C467A972BF1BCF54E882EA088C009919DB4735266B87C476D11391C8","D:\063729.xls"
"SHA256","46C48E3DB370B002ACAB16333FB746360EA18A712B251D63515A73D65D11E6B4","D:\063731.xls"
"SHA256","84B956442E7910A2235129007F22CE2D48AC3C6ED70132859B774632E838A54F","D:\063785.xls"
"SHA256","FB22D7DEB10524D72CDA35BDD8C8EF2DDBEA4CE5E156D9E5D485687D11A06064","D:\063796.xls"
"SHA256","2CB825B3B4CC1DAB483A5249322FB05074ACF5E1CE5BF36B08DD8E69B7950936","D:\063802.xls"
"SHA256","3019E33E4FAD5200534071D3D9091D9388A7A4EA4146523E1A89C7392C6D5B8E","D:\064220.xls"
"SHA256","D2BBCC6D65B885F3F6B3399D69B1031AEBF14F14AF0B9CCAFF7B204943697211","D:\064290.xls"
"SHA256","3ACFE0E96082AFD275C619BAD53166BDE577B578E21C2D6B7056400929931E07","D:\064393.xls"
"SHA256","243D2DDEA305232F97D5B7A90D9D2623E9F90A4D1C28B5605E4F92EE9EB532C3","D:\064394.xls"
"SHA256","29D4D35EFD04378E57F1A817C137A46E0D4BF573EB8F35990CFD79693A7824D5","D:\064526.xls"
"SHA256","1945C3768F44A677F1FD14569861FAAF0712024419EE8F948761F52751304D17","D:\064532.xls"
"SHA256","404C53401CCEBD05514C43A5E1E332B30D605AEA43992111B015D41F7DA5F031","D:\064534.xls"
"SHA256","56342CF88F160047829F607EE86E42700BCD6460C3A4F356E74EF000ABC2B5EB","D:\064659.xls"
"SHA256","996C4F584CEFAE6691B0B82D7BE434EE88552B78C4AE4BE747CE11A2AF04D90C","D:\064661.xls"
"SHA256","BFEF496623FF6EA720201EBF99B1BA6C07C25C187BE45114BB7160982F794EB6","D:\064662.xls"
"SHA256","6E3CA9103EBC16351DB49CB2873C3F63935887E6901695DCD954DF23F2413D43","D:\064663.xls"
"SHA256","EAFFF259E6B6B0E17EE127F501C5646B08AD83174659E7CAE5F40068BE4FC0CF","D:\064664.xls"
"SHA256","B6E72B13EF5670CCF3FDEAC91A13801D8BD37C5C299FE74656C45ABA98F83106","D:\064665.xls"
"SHA256","049555714A8303495A0CCBDE17A13BE33FD7C9A1738AC09598A17E01E3EA8054","D:\064667.xls"
"SHA256","FF1FEAF3A0259105957C704D6A8F38034FE135798C111D816944D2E38E1462CA","D:\064668.xls"
"SHA256","0628C1A58703A93DC9D4253A16A94F4FF55AD2BBB6164EBC632E626F7C466033","D:\064669.xls"
"SHA256","027432245EDFC55151C9E4E994E124EF7B5C9B3213964B86C4155F99843393A5","D:\064670.xls"
"SHA256","EF53DE68016F81938FCAB099E5C5BBEDA62C6773D69FA99658190D3119CB4FA2","D:\064672.xls"
"SHA256","DEBA83405700EEF1F2DE0284A06DBD33E7CD4A4AE94F167B18D658CD7E70CD02","D:\064674.xls"
"SHA256","07D2609EA2C338C24C34195514E4FD618896FEFFD6D6C2C88C5AC8A72D862331","D:\064675.xls"
"SHA256","D1E13BC16EAD51CBEECA93C458E99BDC073B5F1BBA32020083F1E68915730F12","D:\064676.xls"
"SHA256","B8C374930F641A2BFEC936587CE662B4C39230B5290DC21F25202B1A5C17BC8D","D:\064677.xls"
"SHA256","592B2D0DE6D647FB33F1B432DCDDB457DC74AE0EA83F577DC8E88D90796130CC","D:\064678.xls"
"SHA256","65374BC89683189AF1B0592B90EE91C747E834880BFBC1F7012355DC7A044A65","D:\064679.xls"
"SHA256","A037985A63E9E6723DA1E150271B478AEE1116B95BF00D286C76B30671A67790","D:\064680.xls"
"SHA256","F36EE92616631A8514DCAE2BA7225027F4219701C8714D9F87BF478C3025AC20","D:\064681.xls"
"SHA256","FD8FB471F433CCC2898683B54F2CE6B2605D698356623844F8C9080DFA2E481C","D:\064682.xls"
"SHA256","1045343B3B0E3E3F0DC051A543AB697FE14B8751DF96F84F140340A2344DE20C","D:\064683.xls"
"SHA256","DA8D2A36B5647B27F696FEEEC0CF6A1F891BCEA227C0A8469ED62F37ACFB241B","D:\064684.xls"
"SHA256","7D52BD8A61874E3368EE1BF215A915AAB3A9525F8024264338902D1EB47E83CC","D:\064685.xls"
"SHA256","D2319C7189A7D61F07BB19438934D1AF6537F2E78D649177EC47BBC37F57B679","D:\064686.xls"
"SHA256","7E65A4949F63D8A14792EF2AC731A1F3813D6E9732E8F1DC400D7B6483FB325A","D:\064688.xls"
"SHA256","1DAD6BA58CC212A2F5843C4F3731DC875E011DE94F07B7C48C3070A04214695E","D:\065037.xls"
"SHA256","C3E68ABD1D7B5CED3FF3AF48A081BD33FBDBFAE7E9F78372EC10D9DD22B9F474","D:\065038.xls"
"SHA256","9910BEBC5148AFF41B724AE0AD4EFE25E9070B6C60A7CF2C0D6B242DA1851CC0","D:\065039.xls"
"SHA256","28BD7CF5096F58A67EE91622C9D7838897EAFB71D030A1E9CDF95ADCF995EF99","D:\065041.xls"
"SHA256","42A95288FFD515411F8FE8E0FC5C4EBF5778F65A293A80582906EE0628E402AF","D:\065042.xls"
"SHA256","BAC7EB2D3E95F31484548BC1DDA4DCEA53258ECB840D4C7FB51DE206775255C0","D:\065044.xls"
"SHA256","5765581747F1740D5CB3E3087EDD15C5164E11F0A132BA94AF8D88B5DD6EFCF5","D:\065046.xls"
"SHA256","CDBF48A5F472D0143C03D69A6168D0010C5F1960E221A950269FF41DFE75E7F2","D:\065047.xls"
"SHA256","8E6FF159F46D0039387878C957010FE1F085384D1ED727A246A78D41354EB1C1","D:\065220.xls"
"SHA256","EAEE5C77226FD0659EBE13CAAE62641B822D815417BAF48C1CC60E89B1CFBEE9","D:\065221.xls"
"SHA256","15822091F90EB1C7C9207A1FA9520EED7E92ED3F56C2CF6F5694A09D673CC522","D:\065226.xls"
"SHA256","C0BC427E58C9E9D86849BF8F7BB2984CC57C6487C1A425941856BD2B24B5882F","D:\065315.xls"
"SHA256","CE3CD052171EACC2F28ED9B52660FB3A0D702D92DAA02EEC7AF60B9695FC82A4","D:\065344.xls"
"SHA256","15C4BB1D45C02BADABBAF594B8467809F16222B1041B51F29CE0E4E5564ACE2C","D:\065345.xls"
"SHA256","4D9391A826AD8C45748267D871B429426C4A63268E2402D2C94FF7FF69567935","D:\065346.xls"
"SHA256","25BEF27F272C5A5A7AE3C0750A5D0667F012B6721E6C9BF91203FF0347CD2E2A","D:\065349.xls"
"SHA256","414272D3EC84E197EA0F9E71683586913DD88F59F327921EB3D701312E75D0B3","D:\065533.xls"
"SHA256","55909DDA4BD322D2E2B13576D02308DF7E65A896B3FDB3203FDE344A3ADAE430","D:\065534.xls"
"SHA256","33A3ED637BE251202FCE3E0440AA9402F956F6950E9DC8B3D4326486A5371D7C","D:\065536.xls"
"SHA256","D7DC14356084AB89F7EDADCDE5AFA5106B41B7DBA6EF01B7DCA2E00E9674F57B","D:\065537.xls"
"SHA256","B17C4CED10EC22417608AA5A1E99111F70F2246C53E168D6F3822933840471B5","D:\065704.xls"
"SHA256","BCAF0BD5F2F22497528296898DFCB6E1D008CC5443BBFE691BCE9D33DB73CAFC","D:\065709.xls"
"SHA256","5E306E705B5D702CE9E90DCDFC5FC5DE69570441D70B7698359616D4AD5CC770","D:\065711.xls"
"SHA256","862644FBAF8EC38FF48758861CF9982025C2C63321A10EC8B3F078C3DECFB802","D:\065713.xls"
"SHA256","AC205E5FFECE8D8E7FE64C07535634673C15245CC254A222D9B1D386E54CD5AC","D:\065715.xls"
"SHA256","53A543BCD70AA1380B53558DE98F301B87E3137F08DA0A1EFF3FE9E3E5849AD9","D:\065717.xls"
"SHA256","388986704D8C821087EEDC28ABA9CD3250584F3C409C49918AF1E0A4A853E2EB","D:\065818.xls"
"SHA256","2F70B584442A519D8AE87F10CABE7C294118C27367211C50094B98DF03032F51","D:\065821.xls"
"SHA256","2CEC72D86689B570D9F724311DC89A6850E5C7F851980759A590EA497C9A061C","D:\065923.xls"
"SHA256","B6873CA0B918036136F8BC92FB74411506A1A83F14C85AADD1DA529777C35697","D:\065926.xls"
"SHA256","918FF05C1FE54EDB442C7578D50C3F21DC3BF887F18D2A53AD7FBE7DEF401F68","D:\065927.xls"
"SHA256","510106F7C80EC31F344A4F2A9BA4EEE5C0C5A4E9F4FE8408F79ABE6DFB42AF6D","D:\066189.xls"
"SHA256","265265D719A0E13B0F56DD92E231BD612C52D32DEB5A1AA3D6E1475774A7AD0A","D:\066190.xls"
"SHA256","9ABA874C7EBE4E29D4E61C8E638CC8ADC9982CF22C7FC3FF2557155297E9AF23","D:\066191.xls"
"SHA256","5B058A973E3AEBBFF67DE9D965E93E2AC6F33E3E3996246EEAB868E97AD2B382","D:\066192.xls"
"SHA256","7BCAFC63CDB385BA2B63F8FA908124596ABC1CFF2E103760E452F460CFE39E64","D:\066193.xls"
"SHA256","1CCC773434BFC585995ABD31FE6DB447DA731D94F36EB1507065FA1D1D3EE7D8","D:\066194.xls"
"SHA256","49BA7699DCBB6094A7657AAAE01CCEE578AE4F1FC8CCF09AF3659DBFCAE357F9","D:\066195.xls"
"SHA256","80489CCDCB9A8F227FCE1C7160E1FB5BADC6369D2283CC1DF65120374836B917","D:\066197.xls"
"SHA256","DC371DDA056ACCDE7D34C614735684656C202E37034066D9A8BED506F17D9156","D:\066198.xls"
"SHA256","C81A80F5B9B4E8CD82BA3E2F339D6A90550F2AC44E992BD95439ED8DC4201B96","D:\066199.xls"
"SHA256","1FE7FC1D454D9F0298795C1031858BDEEAD15E387D4FB366D7F2F3634222A309","D:\066200.xls"
"SHA256","D87BA9E0F46632AF2F0750FB5B8BFAA388A656B0845D0CF2689D3499ED290427","D:\066201.xls"
"SHA256","4D8CCB6B402A475ABC7F9C157705C6D9B13B87CFFE323830E928885609A88003","D:\066202.xls"
"SHA256","94A92AE4677075C531FB30CD5D6BEB993973E0BD7A87C225A70A16A12612EACE","D:\066203.xls"
"SHA256","23E9B2BF0E8536358DEAB2E646B8232E4CB38D572F1E5C4B8C3B0BB958E47F45","D:\066204.xls"
"SHA256","A3A2D0D4B7AF75B1365FA4E4253557B2863C96D75A68DA66D1C6F5640A5FFDC1","D:\066205.xls"
"SHA256","9C1B25BF9E69E36F308ED84E1B9D960C73433A7155EF8F598903E57BEC089A22","D:\066207.xls"
"SHA256","D037A027E1157A592ECBDDC1C2EBDCFABE5BA1A3D614FF42165B04F8A482026C","D:\066208.xls"
"SHA256","849F5E8F1EA68EF7EB5504F7897DB4362FE9DF8EED7B1AF1031577ADBD81DE43","D:\066209.xls"
"SHA256","53AF899108311B74D9F201FB41034FD04DB0CEA525F3743CE82931E5779C681F","D:\066210.xls"
"SHA256","6483D84C35F922318E475C6067A0E742B5242FF1BC09A66A2353BF60304A784D","D:\066211.xls"
"SHA256","A6108104C4ED48B33CFE711956CE98D8F48456DDB9509F48F4FE3EC7E8F78230","D:\066212.xls"
"SHA256","F69DA148416E27DE0F62B260254AC7B06B18D38FEDB0071BBDBB8B07F9280081","D:\066214.xls"
"SHA256","8289B349CDC4D3554BFAAC8276628EC39ACE89673549A4513169E71C7B4302BF","D:\066217.xls"
"SHA256","C0BA2A404E96BFEB80E6FBCF618745B85D4BE4E99F8874B1EC6BFBE90F70012F","D:\066218.xls"
"SHA256","0EB703D39623C669D21A1B74FA7247E7FAF573C44A9A03D3336EACC74A62D77B","D:\066220.xls"
"SHA256","D8E9BB44B128DDB3D41ADCD765F85F85C95BDC23B0C95EFBBCA9EE803984F79D","D:\066221.xls"
"SHA256","2772D35EE3F3CB87DA487DE03FA1180EA69D2E98175E583C11809148661B02F7","D:\066222.xls"
"SHA256","B18BBC584D18ED670934AA5A9F76CC131082484EE25B3CD1DA4C3E4460C8C545","D:\066497.xls"
"SHA256","3B7157A2F2319FFFC0738116FA5D86C54EA36F2DDAC7E4365CBF65BE426DE655","D:\066501.xls"
"SHA256","6C51042A0CE4771D8CD5BD774876E67566B5C91990480EF7E586D042C609FA95","D:\066623.xls"
"SHA256","A343DEBFA3B3B4998DFBDA94F18DE7314751A2DE37F44338C8BD07652F5683B5","D:\066624.xls"
"SHA256","A9448D13825A124D98037EFCD59AE76CE2139F317898547026491FFCD1C8708A","D:\066887.xls"
"SHA256","DB52DAA8309B179BADDDD9455A5489EE0500D649D80D4401DAFC1AE1E4F3C824","D:\067043.xls"
"SHA256","AFE8932B2F30FD9D5AC573F21F666795B8C82CD3EC3D9C0608BD09FBA9CEF90F","D:\067051.xls"
"SHA256","A0B80E36256678A6724C3924125D744A15393BA3B66788CEB0B01EF88BAC6AFB","D:\067061.xls"
"SHA256","F42E8EB4ECBFDAA15B9F1AC725D7D2F74438AEB7F9FB41E97379C14949EE0842","D:\067062.xls"
"SHA256","A01DD91E3D64FD151FC16133FA9301885F047242A9C7DE1D263C91BDCD4D7385","D:\067063.xls"
"SHA256","E2A2BD3ED21D2B7DA4AC34AEECD4CB16553DF87A94990049C13F1DA6B5AFE403","D:\067064.xls"
"SHA256","5D3BE78350697B03C8A03F7052A4B56A0671305C6DCBD1FDBD0F221AF4DAFAAA","D:\067065.xls"
"SHA256","AF73C86BE3B6E1484DD08C9B49095B8C3DE93C6A46C0062DC0BB928A093A43E9","D:\067066.xls"
"SHA256","796C90E9BB5ED15D9B019E2CE011C27D856AAE2A0E28E0C3BC082FA0D396DD5D","D:\067067.xls"
"SHA256","47E8C44F762D34E17F49A0CAE98F3D2591F70D80034538C7ECFAF0BE5D77127F","D:\067122.xls"
"SHA256","99C7A3787A7AF8A1966A01AC1B6256F7E87335A5F385B43677B9D610AEE82853","D:\067165.xls"
"SHA256","607AF907A8859A0D62BEE02E366E89A03569A668822616C3F0275C8B131C6558","D:\067204.xls"
"SHA256","C41EC2C207925EA64E1D98DE3E9466E88AFD5DA9B47FB2A8FE7269F39592CDD4","D:\067470.xls"
"SHA256","B310B15EC3A8833D78C8562A8DC720F7C2D4DBC72E861234BCC8CA43D5F0C1B8","D:\067473.xls"
"SHA256","B16700F104E2B89DF935F9A32850F0F84A83589927977EBE4F0FE6D3010D4293","D:\067474.xls"
"SHA256","2B2BB6FDCA2FA35185049520275B53D6E55B7C722817D692C29F85C9CA44E8CC","D:\067475.xls"
"SHA256","CFB3CAAE9797FC8EDF708729BDD42F8FEE8C7169FCB6E5EA662B06C04FA7B257","D:\067476.xls"
"SHA256","D6697FFB29D2EE41A9424AC70E26B0029CCCA2B7B2D6B803A34DE83492163F7F","D:\067479.xls"
"SHA256","61A40DA4F17AAC16FFF2D545AFF30C21D32ED1A57C3FE380C05281BAD92619F9","D:\067480.xls"
"SHA256","5086D39CED7A0CA412BBBE8F45545DB24A0406972B802EA89782A4B3466D6225","D:\067481.xls"
"SHA256","0D2ECB4C73329AD37B523A0F388B1D3FFA2C9D9B52D43BA55AF7E898D806EDCF","D:\067482.xls"
"SHA256","844FDACA240CC7AC31E7C72754EB52AA43D0B9C2FB4718D416F35EA51E7A6326","D:\067483.xls"
"SHA256","537460AD1C19ACBFE2F5AF6FF53D01AD667E3EE46C87BC2686F1C74D76ED92E7","D:\067484.xls"
"SHA256","456A3DD022A160F561E8C5FC50AB42C464EEEA63B416FE722EFC6F0AF600A670","D:\067485.xls"
"SHA256","9EA8D49641A0C494C6FB9681801A4A2AC864BE884A35F2563B1005CF81620646","D:\067487.xls"
"SHA256","09E2CA7705AB0BDE15BE1E9D44543294A3A396ED9F9C9F979B58AA26FEFFE5E4","D:\067488.xls"
"SHA256","26F1527BE2CD83063C0FFFFD595DB5DC666710B0DBE91AE9150A2FA6FA3EE1E0","D:\067489.xls"
"SHA256","DFE7175E8A320AA020D18683034C05BC195B51A6ABC66B95696A516F0DD6AAD3","D:\067490.xls"
"SHA256","4E1D3110665F0C1F5788E021972209C5C0CC050AA54CC120AA53937915E6187D","D:\067491.xls"
"SHA256","1613AA325D762ECDE1ACE731751B64C70C8C21A1EF99B43CB45D174B77BF065C","D:\067494.xls"
"SHA256","BA1282E93929C10204E6972D9C315BFF59810BA7773891FDCC48AB757D405F1D","D:\067495.xls"
"SHA256","EEA02FF9204D6E62A23A4DE5185C8BBF9FA9E2298333B3E95ACA50256A64E1C2","D:\067496.xls"
"SHA256","1284479EEB336568873F23B9146DC07E1C3806A4A66CAB0206188742B36D781E","D:\067498.xls"
"SHA256","BE8C76CBE9255C0C747B9F49A451B8B96E6E8BDB0A9846A753C6303532D080ED","D:\067536.xls"
"SHA256","DBADDF87C59B175C75088CD72A5BD568BC0FED011BE8E8DF6552F78EF59E0E46","D:\067547.xls"
"SHA256","BD5FDD2F18EE5B8A84C0B6B9AB23B3E452C50CA2ADF221FB054D32D1D0BF190A","D:\067554.xls"
"SHA256","F62ED1F08F4AF444E5EB00ABAE211D2E1760AD682FA381C4522B2A22563B1D74","D:\067564.xls"
"SHA256","F224A5A55CA6A4F30420782D7CF9FCAF48EDEA987F827BE4574582315E62E3DE","D:\067634.xls"
"SHA256","DF91EA031920B70FD9319545EF4D2F017A05F6006B2545455A92277881FF5DCB","D:\067704.xls"
"SHA256","C63F6AA74D0DA6276D8C27D5D06224EBB6EF5ABD183A9525BDAC162B494B0160","D:\067722.xls"
"SHA256","D75F2E716AC02E1CCA0879133F0AE28936C01A1C016EF471C2E634621FE458E3","D:\067828.xls"
"SHA256","76A70C8D90690CC08CDF269853DA59395005EFAD3FA5E136FECF62D182116201","D:\067829.xls"
"SHA256","A5B7685417F86C993640E1DCB20D5A7BF87B664DD32F4E54814058BC4DEA52CC","D:\067832.xls"
"SHA256","F7334264CAEE740561CF9A5C5CAC325889D095B6716E43D000EAA84D93A769FB","D:\067997.xls"
"SHA256","59A9903F7C0FAFF80E2AE37CA0027B0EEA0FFAFE49E5207B69FBB88DC80463F1","D:\068032.xls"
"SHA256","0DA4F4E50C755CF5ADA8A2DFB2D094968D87D9498505A952289852B0A9EBD14E","D:\068160.xls"
"SHA256","03D66B67735B0D1B98B9F196342386C8DC797FE314FB195C1007D44F570740C2","D:\068161.xls"
"SHA256","4184110DDCB0CEBA0547FD0D8B1AFBCE3CA43D03D7A85C3A89F9BF91DD6640E6","D:\068276.xls"
"SHA256","A9516EC32E5FF9893A8B4CD65F5943254C5CEEE582B3BACEA9D0C66F844357C6","D:\068375.xls"
"SHA256","279D0DA05A0B50FE6A8F58CCC0D0FA193C1580995B8DCB14C983C00538182489","D:\068378.xls"
"SHA256","9A1E0BACF5725EBC7842A48AC45A426DED1743086ABD2E36DFFDBB6D83A9D32F","D:\068379.xls"
"SHA256","765826B97A4C56D7E88AEED631929CAA6EB49829A6D0BFFADD14035B055A4274","D:\068381.xls"
"SHA256","B5067821C36EBC4FE0CC11A8BA26FF329B2D5DD35C41660B023C646858F70E0F","D:\068382.xls"
"SHA256","FC2A5252F7A2AD85AEEA462C18D8B43BBA71E51107AF8908708133363E44C54E","D:\068383.xls"
"SHA256","366E573443C528650BD04EF71A0DEF8E5133EE1B7F41BF65A382D5B5C0BA79F5","D:\068384.xls"
"SHA256","941C8B8984EFD380967489500150C156D1301A80C153BB4B57A67F2CDD34C8B7","D:\068385.xls"
"SHA256","1C72197E6A469E11CC935D73EA4F36EE3C90795CC28BB62C00D6265F1AA00C4A","D:\068566.xls"
"SHA256","645BD310198100C164E37706BE93A39FEFC000C05FA949E8B1F95CA3575BE793","D:\068626.xls"
"SHA256","14001EBD8AF4CC6C68D427BE7B4CFC969F70C22726292CC83D35DE4059B0EC22","D:\068627.xls"
"SHA256","2345A259C0B448C60BA655171EB04FD9A93987E15B109772C767B59E44D67ADE","D:\068628.xls"
"SHA256","2FDB8B13C90D6FA42D126272CE122E9883F720DB1C4F93B36493EA2282168B94","D:\068630.xls"
"SHA256","FAF441DCCB21E47722985BE274F14C4DBDF143A5A7D9F9ACDAE5885D1AEE817D","D:\068631.xls"
"SHA256","A6BE6DF2BF5E5491148A9173D5290A0ED6578E79E63732A135E2B96F8B14B71E","D:\068632.xls"
"SHA256","29CB8573E38AFEC7357666FAAD5D907824DE7A57DC9DC5966F8BEA41AAF4AF20","D:\068633.xls"
"SHA256","E06A1F28CB5EFE4CA5AA1CEC462117307192E6AB4648B6ECF8ACD755692BF95F","D:\068731.xls"
"SHA256","93C3CF640ACA28B0AB226EEAAC586E52519222670D5DAA040508690CCB1347BE","D:\068781.xls"
"SHA256","45CBE9E2C392955D21C923090CF2DD3A8992530C2EEADFC25A1C9C7D3CBE6B01","D:\068807.xls"
"SHA256","566D6E65DD581F3A4D3F2E6520976BAB9A012C1C43F2FB15940614A6FE575B1B","D:\068903.xls"
"SHA256","A5E91613217FBD49AB8D36A09D9D2C55EB608957CFA333CEC18E3E1C40E90232","D:\068905.xls"
"SHA256","3655E64FAB66C2F2B70C67E324F42F8FC5A2A58EEBA77E2CEE58764DDD215033","D:\068908.xls"
"SHA256","6152B0617E31D8D9C77B2E6EBA7AD5D7498A401BA9439938F427ABAC08E8433E","D:\068909.xls"
"SHA256","9597E63A16AFD98F8DB839A9699CDA4AD6B178F447825024EE27F8D604423DE0","D:\069002.xls"
"SHA256","A11374F79633DF022FFE3F138375BA74E7E4020A6191E9FF20C1F13327EAE63D","D:\069004.xls"
"SHA256","93FDAB4915BC92235ECD348B61D0F0F463DAD4A9BB05EAB7A11263C72888283C","D:\069057.xls"
"SHA256","B8B897F7DDC30A00C6E5878071121BFC6E8ED8A225BAB4C80D444072EA9EAF2F","D:\069058.xls"
"SHA256","EF1C5EC7FD6326A88019D38D2154210B0D0C89A80F3DB01D6B4FAB2DE0EC2995","D:\069059.xls"
"SHA256","441AF0942B172516DAA0B21E4D33B21395F0739BA813CAACC71BF11369F03C11","D:\069060.xls"
"SHA256","664F49D1EF69F8D9AA7CFAFDCFC2F9E9FA5B04FDF34E0EF527939F3E8546C46A","D:\069210.xls"
"SHA256","04E7D68AF67D12698EC806496AB20F8D7ADB69D34A47DE2F8FE3D8E60755BE00","D:\069211.xls"
"SHA256","3E7ED119013AF5252DF611527F3298B5CFA902C87ED9FE42323C109442D28D60","D:\069323.xls"
"SHA256","837CA164638F53843743FECCB4253F77F445EBDF500E081B4C7B7FD9D3166657","D:\069327.xls"
"SHA256","31282879D4E8D233DACBA87E5B56BE9633A059AF66B4E0DC9382189A76CCEB0D","D:\069373.xls"
"SHA256","A3E43A6555DA916599012ABA00AFDD10C7145F4BEE4F7989B7B0FFC1670A3795","D:\069383.xls"
"SHA256","1B7EFB5EC9CB915E9855EEEBC930DC73F64BEDD06CC918EC372E6F811B22694D","D:\069439.xls"
"SHA256","8DB7D31017EBDBAF775002A513B2E6A08AE1BBDBE1502487A86C644C1F625E7E","D:\069440.xls"
"SHA256","2FCAA855080A2E47ABEA286D90C793BC39E6C1B54CDA054B2A5980A7A3A1D69A","D:\069441.xls"
"SHA256","5A2A65911186BA2AEC60A9A018766EDAAD2C25B5439520E7307DBA7F1BFAA216","D:\069443.xls"
"SHA256","9ED782A7C628478A636693B3AE917B61896481DBBDDE738EC5F1633FC5363DED","D:\069444.xls"
"SHA256","15875A65215204535B8740638FF09A60171E32491910AA816A771C6182412AD1","D:\069445.xls"
"SHA256","562579905C325460B827993FFBD311545ED577E0B0C9FB1A38A3B1B9C6A4F637","D:\069452.xls"
"SHA256","8291D7CA44BAA8F106D402DC74F180C5BDD4813A4FD3017406DF6F754904B040","D:\069603.xls"
"SHA256","0F36CA1A3DD85891214C6E13C7466450F6E7F5319159FE7F7F0C8A47B8D8BDA3","D:\069605.xls"
"SHA256","3E67FD97EB6DB04A078B065B99AEE65746772E6276E83560CB74DC3C8CBFBC82","D:\069679.xls"
"SHA256","73E5F53BC90110E42873DC34BFB5DF8F84700F9E1233F1F3E26BB136AFD056A0","D:\069682.xls"
"SHA256","C32EA2FECEC705C360E757365155025461327A1B9AE4DB4C3EFA7E8D67C48380","D:\069683.xls"
"SHA256","37D99B5D70DDB432517677D6E5FCA30D73867D48C6EC96810715D9F3A7F288A0","D:\069685.xls"
"SHA256","9C8ACAC70B1E1906B574E5343A900BEBDE1B7724E2D1B3C2566AA9FD22B2F943","D:\069687.xls"
"SHA256","7E4D397884CA577D25009FE50ACBF4A2F4D010C019A12F31B773B0552BA4E292","D:\069691.xls"
"SHA256","7815DC39D9315C1ED59522724A014D6A7A4420B2BAB43EAD17A9448AF840628F","D:\069695.xls"
"SHA256","AF6B26FB4DD74E754D539A996EAA3DF3FDE10A531C9A1AAB33E785E540EF213F","D:\069696.xls"
"SHA256","4CBADC42467530148B4BA04AF1AAE94273C65F20B45B8AC35FD8C019F3523EE7","D:\069697.xls"
"SHA256","1B2987B96912EF2FC9C3221176E9755B6C9B70F6BB8F75E871D64243E4E3224D","D:\069701.xls"
"SHA256","43CC3C239CAAA81CD11764C372AEAFC1E5C2C09A20865ABF19DC6D6DD5EDFE6D","D:\069703.xls"
"SHA256","0E80EBECFD3960216ED0B9FF331BA66F438E999F51E93A9EA74BB44A42866903","D:\069704.xls"
"SHA256","43F7584C2BD3A0FEAE7CCE894ACEFBD8C35E9A5534E3E81F5CF3EE2E1F4F2392","D:\069738.xls"
"SHA256","43E67F6A689C66747BA7C6641A8B1C04841456D73130BB7D3694DD22AE6B2370","D:\069750.xls"
"SHA256","410913CF0295A4A2923B36D704A3BB4307CFAFF559D2B2C5CF345D6B59A9BA49","D:\069905.xls"
"SHA256","B1D6DEABF13E603529BB2DA556BCEDEBFF2C078F2519C57653023537303E9A5D","D:\069906.xls"
"SHA256","B830FB75DA89C7C3FC54889189CB4F472C0E62EF261361E20A5DD4756D16BBA7","D:\070082.xls"
"SHA256","1E7E098CECC950074AFD1AC8224600E1F6EF836EB961C7EC3D1119B49F77039E","D:\070083.xls"
"SHA256","E3AE24880C1946CC6D889788A227F85D8967C26D9DCDF3330CB6985887A10816","D:\070249.xls"
"SHA256","6394B905489D10D142CF6226FBDCC9C3A9E2D973347DF516F453B0B3886E048C","D:\070412.xls"
"SHA256","346D80667DB9C02CDCD5CBFDD28B60F1267CB413F7BB0B8E277B758297DE65DC","D:\070544.xls"
"SHA256","56EF215A834A21CB294FC72F49A71141C65AEBBB066F1D2D2DB6C6018AC3336D","D:\070545.xls"
"SHA256","CC14B6BAAB58D5E9F71C8B2CB4C427218BA4A78EEAD6198829CBE68F9753219F","D:\070546.xls"
"SHA256","8EC0A06D8A3B1F05F973929BA8C778675541F07ED771BF89D96D45816A075C91","D:\070547.xls"
"SHA256","42FE257B356F4097E188CBDAFF0057F375D0E896D5C8716716BCC5EE78BA5FD6","D:\070549.xls"
"SHA256","B14B5EE48A34A57641389F7EC1E3767019CDA51087E4EE83BD1A66DAA87D96E7","D:\070550.xls"
"SHA256","26BD12A97AEFC8E803855B42F92EF04F2486F129F57421349E4E502062304393","D:\070551.xls"
"SHA256","7F85EC4D8BD1976FA93C1533929A169120DCC0656E8DCB6EFE42F4440FE157AC","D:\070552.xls"
"SHA256","5C60B0BBC7891D167AF09A1F96298C1C1084B1C536D392C981C748D44D3ECFEC","D:\070554.xls"
"SHA256","8F6B05558B3B873EFA2B8E89A362DB7A382252A5F7B0A53149B22CEF06CE4C15","D:\070556.xls"
"SHA256","1C673931308CA4E39A3DF84072EA4352C9A0F4CA3C643F0D881C05EC15066AAD","D:\070557.xls"
"SHA256","CB4BEF8E6258903D57F07B548A8F76D2BEFFC93A48E8ADBD50AE34EBF9963C1D","D:\070558.xls"
"SHA256","A2A29D10256675ED152AC2A9D6FA5110944CC174CCA938D7E3432B7649315DB8","D:\070559.xls"
"SHA256","8165A7970A159D9CE21F08090B27899C2254CFF67BE995A9F641D9E10B3A5377","D:\070560.xls"
"SHA256","A0ADEFDDB8F928AD1A9FD59804DC351D71FF332EFD078B0591487960574AEAD5","D:\070561.xls"
"SHA256","191C81280311EB9D517402C180D306D5F9EC8EE9FD01CD6BABC6C091A4813ACB","D:\070564.xls"
"SHA256","BCD828051D317472D3DA8E74F5F34E899F07B70230D8F529EA567E9E5C196192","D:\070565.xls"
"SHA256","FB34315F788F909249D876B6A295D10CCAB545275F8DAAC515E5CB8A80A69F9D","D:\070567.xls"
"SHA256","72324B74F4FF7C98BC6649D4F9491876BEF748D7991B611DB6429D96976488A1","D:\070569.xls"
"SHA256","7ED26340E71C12437082B0A2F68BEBFA1F7676A3F0017821C447FD947230D8DB","D:\070827.xls"
"SHA256","49483A99E464F32CF247FBA426041B7042400B9B917B6B614BDB71EF91D1420B","D:\070828.xls"
"SHA256","084DF39AA034A1AE1720EDF031A20F7616A22CE104105B01432CB3ADF8CCAB90","D:\070833.xls"
"SHA256","7530138DD84CA6056D5D5675FAE6A40F4F2CDDE121BA155757F4ED571FC5331F","D:\070836.xls"
"SHA256","A68162C736D99ABACF64015B43074D41A3D481293251974B46D3AE89F9295D9A","D:\070838.xls"
"SHA256","C3D893941CB0CBF22D1DBD383C39E01D989B5348474B6F5DBF1E962E7EBE73EA","D:\070839.xls"
"SHA256","A3F37FAF09C91A4FF4D1D211869DFA60C75E5CBAD14A82667D702A216CFE10D4","D:\070840.xls"
"SHA256","C6CA0057324B1D44AF17B53321C1B06D8313FEF64CBDB24B9808D8DEBCC04630","D:\070850.xls"
"SHA256","760BA2336FBB16DE85E8730237F1B56513F6641E05D83E76E1D0747F64A4DA01","D:\070852.xls"
"SHA256","23FE0527B2774C465642AE4CA591B6FD1B7E1E8B73E5814ACF15A78E155529ED","D:\071138.xls"
"SHA256","41779C1FCF667BCDFF624EE0A37DDFE732C29E38278003B3A097EB602E875CEC","D:\071139.xls"
"SHA256","6BEB7F490F095B1F84C9CF5FC694F6226C42D0B780D5D4EC7AA6BB462828F126","D:\071140.xls"
"SHA256","13C4D43555A9E17898B419E3B5869458C7F2336DFF235037A156960A6F1E5DFD","D:\071141.xls"
"SHA256","074FBAA610C08377DF9C58A24E1D5E5916A223EECD8F799564AD7453BD7BC1E0","D:\071142.xls"
"SHA256","FB1E6E70C5A30384399CEE3F4F809B3B9410774C96FF2DF700AE1664BAD4FDBB","D:\071143.xls"
"SHA256","71109C644AF51BA802C654D22852899CB419F09A4ED6C073499A68733F0D41BA","D:\071144.xls"
"SHA256","AC64CED6ADD8A45F0D1CF575F2A0A9CA013DFCE2FCDAF281A4561C61340908EF","D:\071146.xls"
"SHA256","C5A94A6B42467C58812E11BF99EB57844B9120C52757A05B6B357A81D763F90A","D:\071147.xls"
"SHA256","8E8551987EAABCA7E50AA9BF04AD0A762A11F880E0BDE8CAC214141939D785C8","D:\071148.xls"
"SHA256","BF2912D15B46B90C4C55259D119ABEE79650C99B2ACEBA8E813AA0D6836CA0D2","D:\071149.xls"
"SHA256","970EBF8171AA9973E29D76B6C2755F6E1D9DFFC7B3469D4AD9F0A75B41F26F94","D:\071151.xls"
"SHA256","38F21FA5CA623443BD2F08C6728A32F0BF92DE9F48C3F32E322F459EB9DD5393","D:\071152.xls"
"SHA256","BF6FB4686D714186E570BA259E7049DD49D99D1374DB5D3B006255C22E7AC7B6","D:\071153.xls"
"SHA256","471E5B1F5759302BC898E13D955EA65EEA8C4FAE2CD7B5A0B920008FB72F5F5B","D:\071155.xls"
"SHA256","09A544EDA8F2E7A0AECA56E0C4D9B7F9B3002DB288EAE98854FA5479E43D627D","D:\071156.xls"
"SHA256","12C353973355B65571B3E36649BA61A81792AD445C76E150D4348C67B47C4C1D","D:\071158.xls"
"SHA256","9F98BD9649FBCD3833942423AA2A35916F697EBE8A9AA2FF0AA55F1C21D77785","D:\071160.xls"
"SHA256","9800F53C319C15B43C3E37591713F2D0B23914707F36CEA8811E131FFEC9379D","D:\071161.xls"
"SHA256","36B30DDD231B2D774FC92826D829B0F7C8BC29B3EF4A08FCF8FE59E9639E024C","D:\071162.xls"
"SHA256","6A7E55A4926586AB9CBFF0EC512C64E8CB517B1F43F1E4884263F13BADF5288B","D:\071498.xls"
"SHA256","94C2A34E72DE9754DB0A733BC7A994A4CD19864FD05E40551AB33025242884E2","D:\071499.xls"
"SHA256","E23F01C4BF4A30817EE9A974C3F8722217665EF7DE901BD7CA5E16C5352B11D5","D:\071501.xls"
"SHA256","93318C6A5409EF1557639FDE0339A6701842BA91EF765990CF30B5D0E90B4D65","D:\071502.xls"
"SHA256","0B53095E4C27C807E78361C333FB3A81AE5B9398344A2CA74D570DA9D6AAD9D7","D:\071503.xls"
"SHA256","83BB207C418D317AEADB72DCE0A1E8E0C64E11D6679061568912669950CEE537","D:\071504.xls"
"SHA256","E6BAC7455B0029708579B4173874FDB89C05C39FDAD45AA2A53CE45829425EDC","D:\071507.xls"
"SHA256","45B2EFD515F1D740D543794BB537E205B5DAEC613FBAF9F2E371782FE88A53B5","D:\071508.xls"
"SHA256","50386ECE64B4B6542B158A642864E413BE2C40C8C0E2E8DB53065BAE7132303C","D:\071509.xls"
"SHA256","C78B71273114B6A55D44328DCC6E0F26C2C6101D14B4F89FF2FECE8BBB34FD9A","D:\071510.xls"
"SHA256","362280B808D310AE4736EBEC6ECF318182E5D0F15B94B597FA5B72CF6C5A809E","D:\071511.xls"
"SHA256","3BBD85CEB96A20EE19563118924DFCCA0C734705D760AE27C9F6444CDA4669C7","D:\071602.xls"
"SHA256","2FD2FFC512D1BFA71566F3FD7850B54CEE7A05CAA2318BAEB6823647C5849AB6","D:\071603.xls"
"SHA256","263E7B26D33ABBC8282F67EFA69E0E3BA61425E6B65B529007576B1D5249B794","D:\071604.xls"
"SHA256","FB9A4D5124B94AC80E23B9D7DBAD3364DA886798D8293582EE9DA85089696A40","D:\071605.xls"
"SHA256","7CE459A06511B03C3E4071C5755D87A9B7B22DAFCFBC6C27DF3625C46F996497","D:\071773.xls"
"SHA256","4D6BDB8BFD7EFA6437566FACA4F1218C433E36FC29B6EE64CA9EF0B3E15C3A83","D:\071774.xls"
"SHA256","E3B48716A72FE1BF00A81AE8A0C9C8F943DF2FD96E98D610AD831DE39D22CCF2","D:\071775.xls"
"SHA256","5B8B0C277763BB31AFAC3EA24966648E3512DCA444CC118E084C91353E3F9A46","D:\071779.xls"
"SHA256","C7D5C87CF211D9A8CE574632F0CF7FC9A260E308E8AC9FC7C9B16B9CA3F99E76","D:\071886.xls"
"SHA256","B648F0B2939E9CD3D52FFDC2ABD298F4B87D55BFBC8D77A3D82AE674C08C32BE","D:\071970.xls"
"SHA256","66697791DA04D8542D58A8BBCA09F6B7F671D8FA6DD118F3952E468559C85614","D:\071971.xls"
"SHA256","0A4C723E4782ADC7C7830ADB9C00E321BEE68CC8716839289F0211E23AE666CF","D:\071972.xls"
"SHA256","CA77F069B2D992A4127588BD2A44BB4331C4AA3C2414C7EB0CE1599B6EE3E3D5","D:\071973.xls"
"SHA256","6C489053CC3C24DC981732E1124112862D599BDF6EC0E8FE32F596BBDC9016A5","D:\071974.xls"
"SHA256","27FBC462B97BF63BCD0EF5CBCC7E403BE72E2354C8C108F8786FAC318BA5D6E8","D:\071975.xls"
"SHA256","BD64340EA4D79A57089353E01C822A7F617955550312AF09B48D33003D893607","D:\071976.xls"
"SHA256","3C910C4DB4A66F50D581F07D3D4F8DFB8795CC0E7A5F27C9022C9E9041035F31","D:\071977.xls"
"SHA256","1DE09C6F2B127D873084681473EDFDD9CCADAD6C59A02618893D2D903A97F379","D:\071978.xls"
"SHA256","067C20B958E8EA3FCC4B333D7C3F76D329CDE72DE04B6B026715966F743506CF","D:\071979.xls"
"SHA256","339DFB6A19F886C4FD6E9B4A9FB659316036AF4221225AADDD9890829F38B012","D:\071980.xls"
"SHA256","A9DB64DB47EF483D4DAA7D17B7F5DA78564807D78CC15E8357573C39B0941AC8","D:\071981.xls"
"SHA256","C7EEF0DA23820BDCFE4980BBEB889AE81203B762A37C15607F1D1B251F89C584","D:\071982.xls"
"SHA256","C6F407FB98FE1E9BB4C6D924D91D05B761C423EE45E2661804B7B101D2020422","D:\071985.xls"
"SHA256","4E43C016900287AF0CC00DA9623C2D44C5C003805984B182D6B31B7706B1BA94","D:\071987.xls"
"SHA256","7DF82E6840A5AEA652F724FD33DC0681EE1E069C0CA11E99F6B0CAB1527A5FD5","D:\071988.xls"
"SHA256","033D2BC772B54495483F539CACDDFEF5234C4C3B2069C70FB880D040C54E7FD0","D:\071989.xls"
"SHA256","1F00B0DDBBD81F148893B5A588540F6811D084849EDE1E5694F6D9274AFB9905","D:\071990.xls"
"SHA256","D872C489CED48F086FDD0ACFDD4DBE5B8EE73720A0F6C9B75B82684A492F1818","D:\071991.xls"
"SHA256","02373B7C8E4A004F365635EC529A8BEBDC7E772F640538F33028C07809A550F4","D:\071992.xls"
"SHA256","4F0D0AD369FD6D020CC0CD39D3F9A1ABBFE61121CF7843F4E1B733A546477091","D:\071993.xls"
"SHA256","D48CC2A7DEF6E4DE6F41AD77EB8973106A7104E0A6968A3D9F7BF504FA893693","D:\071994.xls"
"SHA256","9AFDAF15A7C8E9E5AB3797B7287DBB2B053674E118245E25E02290CE8DDE5FFF","D:\071995.xls"
"SHA256","BC882546BBD5F7DED65C0DF7CBDF6FEFE96B84B6FCCCA87F9C67C032B03F32FE","D:\071996.xls"
"SHA256","9F5F710CABC5B3C2B4E98C1E41D81B6BDE4BD032E45A06B47397E52CC62C72D7","D:\071997.xls"
"SHA256","C458D9C059F68C810E6B82B02CE3A0F0AFD825A06CF7871C2AF1B12F51D91A08","D:\071998.xls"
"SHA256","E47CA4DC1D4B7A6BD3F85E49E0D714C703C8492F70F7E4661D6FA2D866A48FCB","D:\071999.xls"
"SHA256","A7B21E508BE348C25E4D2B0416DE0934374B00B23E74F6C9897F58B2C3C9ACE3","D:\072081.xls"
"SHA256","54EBC2BF84378EB9AE3FF16EE1F92FE3EE867E464B1B9DEFE497B09D3289AA5B","D:\072109.xls"
"SHA256","07827D9832DB587EC9B92B61BD7624FBA2C759A19406C42A039F40C6F6D8F29B","D:\072143.xls"
"SHA256","BA2BCD88D74B97597C8A646E82465B50AEACC2CC3AD4BDC9FE11D67064983A30","D:\072144.xls"
"SHA256","48A20C446060F6B181E87D891DA8814DCBE6C73E62B1BB2E246D0D4EADF328E5","D:\072222.xls"
"SHA256","5348299ADA4F8DBD32B146947794A82BA432200D402C2A37686669E2B5796578","D:\072223.xls"
"SHA256","418637C61E19F15E3D78D60DC43A346B5A3793B72B4FA1BA773ACC8E0A2666D9","D:\072224.xls"
"SHA256","1DC9699BC8F9CF2A4AA37EA0DA7133888DB07EF6632F7DEBD4AB99A56C87D567","D:\072225.xls"
"SHA256","888022199F070E88A1EC20CFF115227974267CA4FA3C4A158155E6BB6ADFC42A","D:\072226.xls"
"SHA256","5ACB8CDBB1014AB67202CCDEA4F953ADD06229B1C70E254241456BD5418357AE","D:\072227.xls"
"SHA256","3490420F2242BD114EC3571E434F95293DF8137C60014B491D16567E6B74AB37","D:\072228.xls"
"SHA256","20CD1CE60E0D9E76BFD18D35AF9C5578D97BF1D54C7EA2B403B22455822B9C4E","D:\072229.xls"
"SHA256","668962E7F63A289311239E62C4D72A1E126129F7A920E79EF967CD19682290A5","D:\072230.xls"
"SHA256","34B0D4DE5836AE21B60F3E503541A3158FEAB35012965D82FF53E4DBD4B7D110","D:\072232.xls"
"SHA256","D09B76EE939A6FEEF5869D0E5FC73A3E96FECE06464127798D17B720C8AED90D","D:\072327.xls"
"SHA256","B3C6868A6395E73939117BCE9D03DD89194195272604FEF4431787AB8D3A44D1","D:\072389.xls"
"SHA256","204F15D3B041D2B66E130BEAB4E8497757F602796C706AD13882B973769E2FDA","D:\072480.xls"
"SHA256","85975E3FAEEADCD20145ED562446EA22096B935A7EF986806357985121E45127","D:\072484.xls"
"SHA256","7576D860B7415F54A9C0FF6E1F430D1884D06DFD41B9BC4A9CD45050C5848C78","D:\072487.xls"
"SHA256","514335F0F88B74A0A5D291BFD39429EDFFB756E36DF58BA6806EB42451088595","D:\072490.xls"
"SHA256","CD5385C670F4E67CF7F6B45264951CBBF2275F66DAE9EAA2A00841BBDBDDC50F","D:\072491.xls"
"SHA256","DC18AE1E891514091666C0C694CA353365597D95C79F7B98093DE0258720E6D3","D:\072577.xls"
"SHA256","C3E613910FF57E06D73D7593CDBD7E04970E20A4AA70AC277B0D5C4034232E4F","D:\072578.xls"
"SHA256","9C16C2A8E23B95ADE9DE71DCB712931544D5628502EE349730A39C381486EB85","D:\072579.xls"
"SHA256","E159774251B17FEAFC94F6B3F8492F10D01A3C2145FCC01F71E2E3EC6BC2FEE6","D:\072580.xls"
"SHA256","4E7775FE47C30B39D9145722989C4C54E7CB2CC34C5224222B55C12451C038A2","D:\072581.xls"
"SHA256","4AF37D725738543BE484B9D2011298C28D20B93A84EF088F083F35021538FAF0","D:\072583.xls"
"SHA256","C1B6A75DF60F3B110665B991794EE53EA51A417642B492CA6AED9F78FBB2647D","D:\072584.xls"
"SHA256","FD4BC5565D154F7EA3408EEB1B28F7DEF23D74B6B9B6E4EDA8C3D20CD8E0FB49","D:\072585.xls"
"SHA256","98648425B636F70EF62F9E193934C49DF2AF882E0A64B4F6047C42DC3D7E9FC8","D:\072587.xls"
"SHA256","18414E75F19D2DE44C581C9F3BF1CD7C1AA1E4ECDB588F49CB161954BAEEB81C","D:\072589.xls"
"SHA256","E1D6F3F7282E14FDCC1D03559290AEC4B6D6B7F9075263B0BC62B1C4EEDE538F","D:\072768.xls"
"SHA256","A4549EEEB20D27A75FCE2E812E6E0EBFA5025A03EEA14B35D71DEA91C708B477","D:\072939.xls"
"SHA256","30060E7175D7C89B673DD175DE3FA120F418C08AC292057FDC14E4C641F01070","D:\073205.xls"
"SHA256","6CDC9DC0D9AD0D9F552CD5C17319D7FE7E7B8C2A56B0A17E5545FE54BEFD4735","D:\073206.xls"
"SHA256","99901B6F765CDF6EFCAFE8752E6C9418099DAB8048EA736E1FFF3C83E2A0AA7F","D:\073340.xls"
"SHA256","F7DF59E8F883DC7252571BD1BBBD1877258666F6E2A4D9E1CE3C28BEF443D55C","D:\073385.xls"
"SHA256","ED847EB33CA01DA920234350BAA53D6F838927F90DD1B2829DACD9E0C96687C2","D:\073512.xls"
"SHA256","E758303A99B7BEEE06A0FD598DB7B5F1874944D49786902FDD5C3FEBF78FC3B3","D:\073592.xls"
"SHA256","757905494B97B67B29A91BC7392649F0C3930EC14E34FF8690254FFE49DE5214","D:\073597.xls"
"SHA256","2429CB07E7B63E1787BEA0598E9C88D92DF648AC9B9FDF9DE4A616BBBD71618B","D:\073598.xls"
"SHA256","2BB5E9A00654F745672CF31243564DF0C0E6D0AD2DA8792430C9C2ED4A7E6968","D:\073599.xls"
"SHA256","5B89FA36CA0E96525AAEDC3E2DEAEDFA5982E0A9F46822A55A4258FBBA5F95B9","D:\073600.xls"
"SHA256","E123D45DC749B5EDB0F0158B5F57FB0465CDA3F21BFD36BF7EF5D0D7A3F002FC","D:\073601.xls"
"SHA256","6E8C4F43880EB05610E20A83D0BFAA89CD55EB706C08E84BD1103C3E70A8F8D9","D:\073602.xls"
"SHA256","86C8AC9D89BE3F673DA3BA89D86FAE96584FC0BBF3E739CE681BD8C0A20704A0","D:\073603.xls"
"SHA256","50C1E71AAEDEA4DD3045E17B138A44958432F18D39A57BD8710C7CED430026D0","D:\073604.xls"
"SHA256","170D00AEED076950BDBAED063E66CF2C41953272445DB38AEDB36DB511B82BD7","D:\073605.xls"
"SHA256","22AA450B70EC8CD361590ABD1087BCDDC30EE99158D5D7475091DBA427E84CFD","D:\073611.xls"
"SHA256","4ED08250FB754A70F9BD16169384FB18B3D888D35A399DC5D7F9B88B6E08FA73","D:\073614.xls"
"SHA256","7F08876B3BA557C41B046B20F9B3AA4FB76E6509183A66BA1378CF18F9E24571","D:\073740.xls"
"SHA256","5272C4F4EB4D72A42C21B0510BF2C137E1245428BB9876F88B1FCC049F8A99C5","D:\073806.xls"
"SHA256","1E96AF54CAAC493CA8B6F8E9748D073F952B0226BB1ADE32D8F1ED804C48C7F3","D:\073807.xls"
"SHA256","9F5FCD9BE258E6119C10C3FCD699D0DC4B2DC184DAE789F9A66F703EDB1A13EC","D:\073812.xls"
"SHA256","8CA15429760A973F8BEF6FF37FD86FFD3B033649527BF3388A10D4C45C8977A2","D:\073813.xls"
"SHA256","1DDFD0CA39C41424348E6792E56AD7D46835CD45C538044017EF01548A95CEEA","D:\073819.xls"
"SHA256","4C0ED8A2CC7A36579905BB8F666C4507C78C9E88E31F5B23F2E690C4B42F119A","D:\073820.xls"
"SHA256","6C30712B9AD96E9E741795D48271B5F39BA4E1B6F828F9261FB040ADDB976D6F","D:\073821.xls"
"SHA256","15F541B53AD3D8330F119EEFADDBB69A6C833F247D74613DBE4F106E7503E595","D:\073822.xls"
"SHA256","C7438B819889595255F323C0A6913A633C0278C6D774341C09BC9FF091C54B9E","D:\073827.xls"
"SHA256","89211D8CC7EFBA57EC814533B9DA6C7092B65157F855908948B79251C472A8B7","D:\073828.xls"
"SHA256","DCB01502A106F66B97C1B21BC3E542D51D4936B3D45CDB2BA2EF2DAD24E65E12","D:\073830.xls"
"SHA256","DD557D48DC311CE65C43764B62ABDCFA2CE89286D84BFEA49F1E91A2974B0BFB","D:\073935.xls"
"SHA256","10D464B8FF10FAED25A6E3D60599BFCE5980EB87CC051B6B9CA3AE25AD4D81D0","D:\073941.xls"
"SHA256","881AFD3F85A9AA6F1961B94202ABD961312014C43F12D6FD20BD79B55C604919","D:\074006.xls"
"SHA256","4D65885C98CF080D00D038DA731D9B5818AF8AA8A031164C3BAE4402D0659D5E","D:\074007.xls"
"SHA256","B54CA81C37BDB1801812C881D69E2CBDCEC13A36E5B063DC2D48BF661841667C","D:\074306.xls"
"SHA256","6EEECCFC3F2723ABBA49941DA0921D915397162A97CD53764AD7C029C3F7E011","D:\074307.xls"
"SHA256","E0CAFA3C66FBEDB5EB5A65233B637AC41B2638F5DEB118AF959DEC1981DA2DF9","D:\074308.xls"
"SHA256","0560C1FAC524C69F17087ACD42A1DD387A7635C73DDBDB181CCA99FECC26D9B6","D:\074310.xls"
"SHA256","C1DA656FD6EBDCE140FED84292769DADD9775C7DCC78B1275E06AA0238001032","D:\074311.xls"
"SHA256","C2E71CBF58646EB77BAAA5F467DAB3626D50953D5A6CA1EE3BB0C59578534500","D:\074399.xls"
"SHA256","5477E51EF45111E742166AE0C609153B1F18EC5D4F16D961841AAE9C28A70984","D:\074401.xls"
"SHA256","3BE06DE629E6D12703CE332C7CFE5DEF436AACE2A9DFC512CA0B24332244CDC0","D:\074403.xls"
"SHA256","73307BD2A5D5FA6F0D402539A111C2C6E45F4CE08E99C6C2CCAD7A909E386528","D:\074518.xls"
"SHA256","58B2A021AF4727554EF7B29205E065CBE82B9CC33265DAEE87431316F25A598C","D:\074522.xls"
"SHA256","6F12486EE9C902B8662574CB59562C1E9517EF62615059FB938E92A05A00048E","D:\074601.xls"
"SHA256","F24759EB8FA71918A2F827B719AF0AA4D74F5E2519166335198B9F46644AE35E","D:\074602.xls"
"SHA256","13355BEE13EF74D5AFAEE88069BB127E4602DFA15DD308B2D3288C0896898AD0","D:\074603.xls"
"SHA256","64FFE9FF8CE6E77B78BA72DAB4314B1898A81CF9AE22DEAEDD45569E74E01B06","D:\074607.xls"
"SHA256","EC8F2A0DA7A8BF871ED80A2C1B4D79861F15D499414B8ECDE8D152B6D868D763","D:\074776.xls"
"SHA256","CF5A7B221315A55044F76D36AD08A702AD08B65D6194C80410C30FDA0D4DFD35","D:\074845.xls"
"SHA256","61AE48DB2154F13CC17635CB5F6D521AFF61A127FF9AA5418C00FEF0D2A77F9C","D:\074921.xls"
"SHA256","983368315A67CECC9C37F5F7F5FC868A4422E19D99D65809AD76A627F7E1B66D","D:\074922.xls"
"SHA256","AD3776C15E5F41097996C1D68D060B612CD27349F4C142449E090A2716AAE454","D:\074923.xls"
"SHA256","78A9AD0E6F2D9ADBF1D48FA9904823DCFC06670FAB4D68B67847BF5DB5EC13FB","D:\074924.xls"
"SHA256","1C899627752D5479FC58D37437FC59F23364DA4A815D997A3F767EC33895A6AE","D:\074925.xls"
"SHA256","7E68E86B34E2A65C69509817C5AF1AF5DAB9546868A3C87CCBCBFC71A680324A","D:\074926.xls"
"SHA256","195008E1134D8F2FD1D1B86BACB5225464974836C962BEFB9B4BB8266862B450","D:\074927.xls"
"SHA256","B98B879FB4F941FB6E21F17E279C97D84D1AB6F39BC8ACAAAA061A90B556DDBD","D:\074928.xls"
"SHA256","4F789C6AF6FBF83B6E94F5299274A743AD6186EB15BE0C3EA03F7381582D5109","D:\074929.xls"
"SHA256","2F04541DFDD4BE16E60EF90628F40BC0929434E28DF980778144395E366F6A2B","D:\074932.xls"
"SHA256","F29C9C530E29A8CA67A30AC468DA35C80DE92C6D9713AD18BA3131BE4E9E7C94","D:\074933.xls"
"SHA256","80E0E3709A7B80E2DD72615BA688971C2CBF598362C28EA14610C6582296DC7A","D:\074934.xls"
"SHA256","EE7B521ABDCCE56A77AD9F668DD7597AE90448A83696CB5E3B01D4A48E97045B","D:\074935.xls"
"SHA256","E9795C3AA0F6CBB1EE297882FF6D3995F425440F61F7FD79955BE192540C4E68","D:\074936.xls"
"SHA256","AF008B95A3CEE1D2A5E1C731967FFDFDFC254BB21898A6C3BB78D40A7A2A6318","D:\074937.xls"
"SHA256","F94E9759052B4BCB70AEF1A66E002E339DE0A36EE4EA250F0D08AF87379F3EC1","D:\074938.xls"
"SHA256","E78D90903298AE39756DE32676F7DFE8EC27D82AC7A1D9FC3A28869C915ACF98","D:\074939.xls"
"SHA256","28F5C5A28BBF85D4C503EC2DB0E60D0A1F7DF6900FFA38398BBE0F44B9B14FEA","D:\074940.xls"
"SHA256","872F615800DAAD68E86676A69E2D59D22BA43152B341C164A90CA8298A2F882D","D:\074941.xls"
"SHA256","5906030AA687CEC1ED811194B2AAF903CC59C097B9C6116066B55CB084929622","D:\074942.xls"
"SHA256","497DB01AD17D082D54864387BF0255D84CD3ED3CB0337ECE920E2FEC37C958AF","D:\074943.xls"
"SHA256","1A9EC25BD8341550229B16E77C7D3B7FE2AF77A2D41A1A8F6425BFAC97385934","D:\074945.xls"
"SHA256","C47FD9F57B5CBA1E8E1A70576C647BA7BCB3A317171DB1D7AC6E75F6133F77E6","D:\074946.xls"
"SHA256","1F125EA5372478B020EBB77250CBDECE0AB595491CF6AA323DB2BD98DF4DF377","D:\074947.xls"
"SHA256","25EBBE29F833DE75F78F09E2A65356FEF9312D1E22C8CB8F8DC26D7D1DC7EB38","D:\074948.xls"
"SHA256","32B239365E7BF4F423E7462651818FDBB56D47A11201313C46CE591C1BB7CE92","D:\074949.xls"
"SHA256","113C345A1D8E51CDB30EC1A72521682FF9DF74D0ED3243566301F0C409CA5653","D:\074950.xls"
"SHA256","D7A513B1893881830316F9258401B8025C1E87B235FE5090DD858C9AA210C57D","D:\074951.xls"
"SHA256","37C6619A30B52756586AA9A8C189A2676F15AED86C7251ECE2B42D66B1DC6585","D:\074955.xls"
"SHA256","D627BF438F5525506804F0A899311900AB389D33B7315D6D79EA7CB2FD574E94","D:\074956.xls"
"SHA256","0549F09DB71956112AAB46566EB2047C127061C70DE1B849159B0FC92042EF45","D:\074957.xls"
"SHA256","F4AB3876E8DF01EE01A9BA03601DE5D1DBB5846A5FDF97A4635F72893D1E77E1","D:\074958.xls"
"SHA256","B1BFE242C97EA64FBC2FCC5FB5A6B9817631D2E64D5DF183A88E0324E93D4B40","D:\074959.xls"
"SHA256","56FCB7E403C26273DD439BA35733D31342B1F785905571850053BF4B8EF4A31D","D:\074960.xls"
"SHA256","CB72BAE4E1ADA87E93F9DCAAA02B7F8280DD45DF3389FB0E083AA51AE3F46E0E","D:\074961.xls"
"SHA256","641656980BB744B73A07A5BDBF16C8A8EF1EC0AC3D644585688854C6EB3962C3","D:\075059.xls"
"SHA256","0206314EEEAB2CABAD4DA2A5F34B7EDBBA77DA6BDD7C1DC7470E83F04F221E9B","D:\075127.xls"
"SHA256","AC2BAA9B0CF11487A39413D447B8734C34EE70D0431C36528B487455B4E8929B","D:\075129.xls"
"SHA256","E5E344B04477E24003B7C91E6EE3B24BCD911F335C8C1137A6B7CF40DE2B850E","D:\075130.xls"
"SHA256","470E164BC2983C2391895B5D6300D6E81E8A61EC2A30AE4F43D45C2E4793A6DA","D:\075223.xls"
"SHA256","6A3F8435337F2625A36CDA9FAE29B6DEB096C7C6E3714BA4CCCF8F06BC1DCE40","D:\075230.xls"
"SHA256","517CE032AAED3F38210DFAC028FF0EE488DFAE08B66AB9EB871BDF53A1ED799F","D:\075232.xls"
"SHA256","4511B44628598C730921E4C6B6B53F09FFB2576A7D660E1B6CF304F1C2DA8C55","D:\075233.xls"
"SHA256","55F20F003CC802766B9F221A98871D4E874FFF56028947EF2F4DE9AB3FC44F8C","D:\075234.xls"
"SHA256","C8A712EAB01D4A0410723EDCD4F82596369090A514607179597475C88CA50A57","D:\075235.xls"
"SHA256","60B86E4FA080068CBEF8C5334D1CAE39133C4D8A4938D75F59DB9B717A2FDA4B","D:\075236.xls"
"SHA256","2F7FB07DF1C2374F43B7FA05363C6A2FA833DFA540C9DCD8E1BB0D4DD0B6091C","D:\075237.xls"
"SHA256","D7FCC24BAB66542ED97977C57BE13EBF33BE040178CE3251096982BAB60FDDC2","D:\075238.xls"
"SHA256","F715A0C10DB74707E15F76067A2F05BA5E07C88732300324C63A46305409F0B1","D:\075240.xls"
"SHA256","3F2F3D1BF49704593FAE73FC87B5100F16E37CBF2D4BD77775C8D49808BF0599","D:\075243.xls"
"SHA256","54E2186F41DA3BE6445CB9B93E2D20F8057E3079890067DB8C6582E65C6AF16E","D:\075244.xls"
"SHA256","0325B33F33202DF0DCA5C0419450A53A64BF51E39A81A58F52C27F482375D9BC","D:\075247.xls"
"SHA256","5A79F34336A574A61EC596956ABD43F1D501CB4B8287F046497C614306C4F398","D:\075250.xls"
"SHA256","23C0BDC2AFA1ECE0908BA7E0900EFEA30C4CB753FEEAA823C16E81275D0076E4","D:\075252.xls"
"SHA256","861B02AC2B9BEBCF0EFE2A823FAFD626492AD171073043B0822BE9226262C4B8","D:\075253.xls"
"SHA256","20F61FC95E2DAA5C1FB765A63984C9241A9A74263ACCE59C0AAEDD10C9540673","D:\075254.xls"
"SHA256","B50E573C8E9AFB44DED6B040F5C221C72CFD505AF1CE3126EC29C5FA5E74EFA7","D:\075260.xls"
"SHA256","5BCCB2B19A745002E1A663E6498B5A3DC34CA62604231D9720E599D67636B8C9","D:\075487.xls"
"SHA256","5867E0687F6085A93D79E5CC142A576259CACDBC76F4A6CD2AA6BF3E93365E02","D:\075507.xls"
"SHA256","8421C6FCDF5912CC734F2ECEB1826B366FE43F5CBE06862DECB99B5627C9246E","D:\075511.xls"
"SHA256","36F6F1612F1CDC3E0DBC307F16C186E55BD5A135848B2EF1B0793F6422BDF960","D:\075512.xls"
"SHA256","DDD6483F9E5A88ED0A7071CF4D2AA8BD335D9C5BDB6CA11D261F81B9561955FA","D:\075514.xls"
"SHA256","61207B11C46FEA9DC12DD4CE69FB18A6E93FAF77576EC6F10F1CEB86A5D0DFE8","D:\075515.xls"
"SHA256","70242CAA6F150688070106C58F422B03D798F7FE1C0E614AEC316C346230386A","D:\075516.xls"
"SHA256","85F9BD812E44ED4BA17957CE7DDCB916F4A62D3A1B307C04953A58BCBB073772","D:\075521.xls"
"SHA256","C83FB2FACECF3E78D27A883E7518201650F5CD72376741939A8E4604D8B8EC28","D:\075523.xls"
"SHA256","194480E008D8BFCDC647102355BF82C99995B9D2CD1C501DFB8631DA0E596E02","D:\075528.xls"
"SHA256","7D44DCCA742A329C87087264ABE36D229A5BFB1731CFE30A3ECDA2B91C488637","D:\075529.xls"
"SHA256","24817388B2C100E36DFEB1C93F7DD71E8515D83FE2527651817F70F656B2984E","D:\075530.xls"
"SHA256","D4C7433EEC5989967675AFF8EF367B4A31EE0636AAB7581F4C2F0A81A2993206","D:\075531.xls"
"SHA256","2A69ED3A1F455AD7C27BA5AA93370CEBDB4AC9AA9B10854AC49E6E58CA46079B","D:\075532.xls"
"SHA256","E00A4CD9A1B20442D475BE594C5C950FA4727CEF625B4B40102F80110D10DC95","D:\075764.xls"
"SHA256","B78D597B98CE4C8C61AC24342F641ADBBC9FADBBE3C6AC9A35F4DAF050C8A976","D:\075765.xls"
"SHA256","E7867B6E652DC0BAA5996DD551E73892F981242D9456C3ABA07C0F482D92A9F8","D:\075770.xls"
"SHA256","AFF43C4D313E0B94B6C666332CA3BE47982714A2DC68AD4BB5E56451B8741921","D:\075771.xls"
"SHA256","EBB11E7713633E385F5A6ACB354C098818D91BBB4F86D80BB2125ADEBD537B41","D:\075772.xls"
"SHA256","9FF3C8E96B6F46BBD806C21102B814278630CF1F49C078FC5543F55CD31B24CD","D:\076040.xls"
"SHA256","877AE632806050A697A731DCE440E36FA241D3F6E54C7BBB5EBE7952EE195541","D:\076041.xls"
"SHA256","44EB8DA9199ABD4E81E3B857C41A97E6B22CD400D81BD203EC2EF50175A1085E","D:\076042.xls"
"SHA256","E1582E2090D7DF293A9BBFF156DEDFD0689C8A26076D7800BD69130BE3292E02","D:\076044.xls"
"SHA256","FAF19E68FE032851C69E0E4E81C719D16D6799A31C5602950403EC1FA7925A72","D:\076201.xls"
"SHA256","3C0C9364A2AFF743C4A649B705AB1E067B20BC3543E4C920C98F3DB6242DDE57","D:\076210.xls"
"SHA256","8AE230F7D8F5D323CA196173ED9435C2AA70EF06CFB577F0208F194C16138EE4","D:\076339.xls"
"SHA256","719189695A5D2BF93F0F846912C694CA5E784FF89F774EBECB997B6AB7A884E2","D:\076340.xls"
"SHA256","5F1E603BBFFC39BD94F5BDBBD387720841F28D8A815F810D90D117B7DAEC2C09","D:\076343.xls"
"SHA256","B392B070454949C816C1D98C17D1FD0F9486F1A2123246B685AF29C4500AE81D","D:\076345.xls"
"SHA256","EA41D49A739EDA8DFA52B46C6756E6D2E918C69D5F14757FDF6EFE81E182A223","D:\076346.xls"
"SHA256","8BBBF420ABAAB3CB1976816A5AEDA44BA24901AF562102090F0EA0B9C6320852","D:\076347.xls"
"SHA256","7422F80B374ED2AB6881E0CA80C898F309FD1AC9AB4FB508E3FB2CF0C961AB7A","D:\076350.xls"
"SHA256","34274FBA4EEADE9CB56C30C181AE370EE4640CB98BF726A8027DD6BA759AD3F3","D:\076468.xls"
"SHA256","1CF31A6E5CE4BB9DD73507C2FB09CDC264802C95E52005DEB3CD70642EEDD92F","D:\076504.xls"
"SHA256","B956EB7E5339318EC71B1343A593C0E0A308F2FF3123D6EB7E8817B3BEFF6AB8","D:\076505.xls"
"SHA256","BAE301B9FB87510AF358AF0761BADBF16EE47F4B24A5A768F687ED58AD8CA738","D:\076575.xls"
"SHA256","FFC0FB75313B9308D996E2045771196246E2ABA6E6D6BA4600E92E0977EFC2B1","D:\076576.xls"
"SHA256","E4706021B8B55CE970C4F6FDC8CCEDC09C40C9EB479C4EDB4DD8AD7EC179EB97","D:\076580.xls"
"SHA256","1CFEA02391DB8AD380EC700BE99B6F3F25F05DFEC758D65538F9DBC7D781380D","D:\076582.xls"
"SHA256","AD3898FAA6A528921EB850CA25C086A04D797ED392170F612D3706E23B5DAE3F","D:\076658.xls"
"SHA256","9C42E81FD1F765AF1FA0A2C8137954C6281D876CB669E13A00B4F6C885255826","D:\076687.xls"
"SHA256","9CAD078BCE25D1E46334987395A81A261C75116E7EE2B3FAF36BACD488DE8DDF","D:\076688.xls"
"SHA256","9D4ABA0E4A00246C82C84A517D29B5C80CF87869809E7AE53E0C602C37D7D0B2","D:\076689.xls"
"SHA256","A2E1225F6B48C2E6D2CDEAC1662FB30172B13A34491F1B4DFD8F764927AB9D78","D:\076690.xls"
"SHA256","512444D0994F318E3AA48EA6384483CD1F4D780B5C135EC85796C8ABA2453683","D:\076708.xls"
"SHA256","2D3C2E235B640616CEE9873D45026689CE550567C09B1B81E95F453E8F878E2F","D:\076729.xls"
"SHA256","2DC0A3BC268E193496F48EBA08A3C4B9C9419BD61E91565A24C6B42D2E146E23","D:\076732.xls"
"SHA256","4DCC20F0B64885539D31CF1EA0125352C5EB9DF78B80F5D5FE74264D5F3E4E96","D:\076780.xls"
"SHA256","3218908425E254039245C8090E56BB61BB38D82C02A87D66874AFE92EFD8C83E","D:\076910.xls"
"SHA256","D8779DAC6319ACBA6AC8DFD886D32A1516D164920C6A7CE0670E5720E69ACBD0","D:\076911.xls"
"SHA256","950D00D392A56CE8BF07BC4B31C889A989A19F0C4EDE1F348C790C1952813A75","D:\076912.xls"
"SHA256","3960677FFD5526ACB9D53FD2384ECA6ECBA0CB3BE67BE0EE2DC6FC8153071AAB","D:\076914.xls"
"SHA256","82DA99ADD6C2FE03B16C72DF5E491ECF11503DF8EB3F74889183AE5188B9D8C6","D:\076915.xls"
"SHA256","4CEB201F50A39259B33DAC0537651E40ED43DB51AA175837D9F89749A42CDDFC","D:\076918.xls"
"SHA256","311DD56A944AD4F561CA9FC0E2B712B1E75F14C93C1BFE66162EB5AD268DDAE3","D:\076920.xls"
"SHA256","A5EB512617F39E1142ED3D77645CA7B65A9542A0D1D9DC37DD14FAA7E58AB525","D:\076921.xls"
"SHA256","490B29D10EC53F566BAC50C71EF4FDA47432C283EF3C96219F54B3D736EF97A3","D:\076922.xls"
"SHA256","41AC9F7A86AD87C9815C9A12CA3081188E7CEEB1645710D1742B38F0308AA405","D:\076925.xls"
"SHA256","D81F07F8A01707EB48CE605D15513517900F7D1F3CA7F12C9F3D1BE3396E1CDC","D:\076926.xls"
"SHA256","55CB147964240B831950B7CB33AD3A19E43156CC2692ABC09E65E9FFD7DFC7E9","D:\076928.xls"
"SHA256","93C549A40DAD28CCCC386688B33DC55FAACA6D9C94BC0C30A50F9B82659F14FD","D:\076930.xls"
"SHA256","C431B11C43C9219C961BE65F606483CC08640B34886760725358ABC30211EF7B","D:\076931.xls"
"SHA256","35AE52BACB479FDFE6C417395007209E24CC74BCB7EB52AC8C436BBA33A09F5F","D:\076932.xls"
"SHA256","647F22D5E2E403B788D9FCE7D572F1A614FC036BAE0451E79B5BA09DA36BE365","D:\076933.xls"
"SHA256","4164D43331DC76FCBF100D6692FBAE4952507E86DD6BB3BF1126DA34B5787E67","D:\076935.xls"
"SHA256","0761992D98E90C620611DE99A6AC43594CFF22128EAB484979456CC6810751BB","D:\076937.xls"
"SHA256","EC67EEE9CF7F0880C561DC399E5DA16B19F9A416117020ECB70411B2BF499B22","D:\076940.xls"
"SHA256","5F3E4A7A099BD7EDC787ACEEB595B8810896E10222CEA27E4537E84F058F055A","D:\076941.xls"
"SHA256","AD67DDF58900D297FBC54C3A17B3C8D0A16BD021B1306B136DDCEE3986F3AC4E","D:\076942.xls"
"SHA256","4468A9F52DAA7868198B0096C20FAD279937231EEFBB9B774BCF7135E463DC98","D:\076945.xls"
"SHA256","27D7FB3F3FA533F069B689EC9FC083334F9F9ED256609FD875E61F0880ABE9E6","D:\076947.xls"
"SHA256","690973BC1253AD27A6ACB7436D09CD613C385CACFACAF52FA59FA05EA290DFB2","D:\076948.xls"
"SHA256","CA63A0A5503B72594E7AAA06A0B00BF326323AE30C33D2FAD519C76E36B0E662","D:\076950.xls"
"SHA256","2C098FE94C637C6BC082653AB2E4669357300BBB7C871B4102F6BAD450EA11F3","D:\076951.xls"
"SHA256","D05660A3A2037EBADEEC0AF6C8676F0BE7BDEA493E6A0107D84F171F278821D6","D:\076952.xls"
"SHA256","862024C7D03249D12FD0C44BA08685A3C82DD6085F5D42227985F64D9FD7A2D7","D:\077173.xls"
"SHA256","E56C373803584E65D2E54D1A86BADB803BB456B21E9E8ACB60D1E9F836C60EB4","D:\077178.xls"
"SHA256","BC5460A0390F519652D83F5D9B962A0CC0B3A75CCD1A0812375645C16870DC6A","D:\077179.xls"
"SHA256","0E34D622EFF481E47229545F5D1A187092463B2AF2442FAF71DACB26B60D557D","D:\077184.xls"
"SHA256","675AA42FD599A5EED6D35766F4733945671E4B6719AAE6A6E2176C7E24CB4427","D:\077185.xls"
"SHA256","E156F6404A1A3B45AF8E11F7DC482D5C2144943C36B5D102AA4060B1EBB68DFC","D:\077325.xls"
"SHA256","8184D1DF9E09CB6C7A7DD9F560538849625E5AA002D4D3C13CF42B50B9D9D841","D:\077457.xls"
"SHA256","8B10E78A20E0D3EC88F3390700662B76E70B487771737E8F83B9A8D220180012","D:\077458.xls"
"SHA256","F789FE86FB4C0BD650B8901C84F14A19FA30D2EBAA2B24E07BA414BDC49D2989","D:\077460.xls"
"SHA256","7911992DE361B76625C9ADC8B513D7548965BCC691BFF9C5032FA11542D7E785","D:\077722.xls"
"SHA256","A3C96389799E012DE8750A49EEAB6F71F015A30BCBC034579B9A8500B1361136","D:\077724.xls"
"SHA256","7A6C497F54F96B34A0A52CDE5B8A3563407032E62B5DE9E685FF42BC5D141D2B","D:\077726.xls"
"SHA256","F571EA5BB22791E572C4D2BF46A1D5F6E4D48F76B3EA2E8FD05FC74701F42F27","D:\077729.xls"
"SHA256","4116EF3DF299A2BB74A9427DBFC4A5B54325BF759DB4ACD3B50EB0CD7BEDDFF5","D:\077730.xls"
"SHA256","A8CA4024F54057807CA1C3B8DC72B896D2EA342BE2B40B5BA3C23EDF981FB549","D:\077732.xls"
"SHA256","B8B41CAC6E08AD282EFB307EBBA5E169231FE0C285DF323FA8E77728CFE04A2D","D:\077734.xls"
"SHA256","A712BE3905DB25600391D393F6506FB5E9056B81F4BB87A5A0349315ADB9338E","D:\077735.xls"
"SHA256","078C6D09FC485065432C4FBA366302DF59B4D72F31E7629F98738153AE4B2CCD","D:\077736.xls"
"SHA256","A936DD28EE938DFDC5BF3B973731ADC7163E47E429E6CE5B161DB378F254E2B0","D:\077737.xls"
"SHA256","0A0372F32ABBDD706E954132E92574FB6704E8DE8F6D61553A85FDE8B18B7B38","D:\077738.xls"
"SHA256","DF8A8F480F28B39864A6B19ED6CEFB6E0AE8276D2E12869FA55C406A65D5947E","D:\077739.xls"
"SHA256","33335C4FDAD5FAD30CAB20026285FB8C2529E995AF6C4A3224A6204B6283BAB1","D:\077979.xls"
"SHA256","60F5C5F3272CA6905D2D1554A8ED77D87BF9A9B5606EDFBC3DF53F8CB15E891F","D:\077980.xls"
"SHA256","BB9E8836BE4E307FB09387BCCE8ABEC2082DFC01EE808A5300D9032C67489603","D:\078009.xls"
"SHA256","D3E7B2E5FC8EB5AA92A7B81C5C17BA9FBC4AA428EE77002592431F14D66CBDA7","D:\078129.xls"
"SHA256","60318459A1956E104EED468C3FEE895E0AA4F853B8116739B5415A3A8593AA6A","D:\078130.xls"
"SHA256","EF0D7B9E51CEB518842CBDA7825BEBA03A69353D19A27E8A7D56BDC3FD736993","D:\078131.xls"
"SHA256","1199A61840C6064A75F9412087F83897A8BF1D3EC09E6C5429F9AEEAA595A4F4","D:\078295.xls"
"SHA256","E6D872225D92EAABFA765F68C8BF7117A81A6B1A73BD5076B1A0EE32B34F97D7","D:\078438.xls"
"SHA256","881741257025A50B5D852FB655746D242BAC807E5D4D5FE91FDAA908BBEA0305","D:\078439.xls"
"SHA256","1FDFDCA8C4EFEB948C31EC932D51AD532ADEB5513242F004DCC2D81A313D21C0","D:\078440.xls"
"SHA256","960FD314AB69116844DDC526EB4F3CE0EFE0DEE451DB8DC63A0D866967EF17B9","D:\078442.xls"
"SHA256","427E7DEC41D7A12EDCA3FCB19C3044FC5BE302C1A627AFBD5D368AB5434F569E","D:\078443.xls"
"SHA256","C138D4C1AC0F127027C69FD8EFE8BB358341960F0AC4A69B11C7ECF109016E9B","D:\078444.xls"
"SHA256","144A3735DB7A7C6703A87FE460124CB8D1EC0B4523F829A50935A89104EAC215","D:\078445.xls"
"SHA256","C14887F619756700752C071E244F25F383F3F461713BC2D33BB5D7E283C0F125","D:\078723.xls"
"SHA256","CAA0F8FF64AAFA892D6EA4415F5803CABF460A8E90402DC1BEE94E106EE1C6D7","D:\078725.xls"
"SHA256","86214D34D414AA34710FFD19643243990BD3CAA52C0B1E40F27421630EBDBFDF","D:\078855.xls"
"SHA256","F84CB04C334CD4BCE5366ECA70D8E51B195ADF2A163DBCDE461B017E7D394BC1","D:\079210.xls"
"SHA256","5128B385919B82299A16A2D96A232CF99E9F3692EA22D69F2F24448E395E4D20","D:\079213.xls"
"SHA256","D97DCC6FA2F1598082D7297949B18B8D44AEF0E13E45BD6DC24B4D6D015C3B33","D:\079215.xls"
"SHA256","BAF3630F7B0A52440D9480E19AF5BFF3F46C29109681ACB775ABF14C8B709C68","D:\079216.xls"
"SHA256","56FEB0F3395CEA609D9CA0D3B55BE3611336026DE3606A40F53422756447C403","D:\079217.xls"
"SHA256","1C6D1D1D7A0D46B3CE7D759FFA7F2C4BBE1D4868542D995862609C19459E6A36","D:\079218.xls"
"SHA256","6A4C8F343E1F174D7D841BD53B1B59B5983895F7438DC216786C935F3821894E","D:\079222.xls"
"SHA256","11551E2508C13E82538F34DFA8BAF40461E7B846112E14C0DE50698FD8A7D714","D:\079226.xls"
"SHA256","0436ABA9ADF98978E099AE023C8BE3DEB89A7EFFBFEB2E1A66672C6F944605C0","D:\079228.xls"
"SHA256","16075464CB1F531D07603A40B61CBEA39AA3BF33299B3AE1BDA7E51FD9371781","D:\079230.xls"
"SHA256","9860F80118596163FAD8AA0D3CF039B71DBE393E996424E344267C45CF42BD80","D:\079231.xls"
"SHA256","6677D1636B681D0BD4FC7474939F5F84100007A2E0CF81A45749BCF01A31FD7A","D:\079237.xls"
"SHA256","DF4D26F74C4A94ED5409812650EFECBC427C391E764FBC31704EC15FA7F37A56","D:\079239.xls"
"SHA256","AF6BF739AE273B6CF80AA2A1CAFCF6D98C42F68E846F5ADA3AD6B3640A2849F4","D:\079240.xls"
"SHA256","375C7D9E5D2DB35D9007264223D524C5E14D43D5C12AC8EAFD6DE3A73CB431BA","D:\079243.xls"
"SHA256","73634DBCB4991170F96B0E419087CDA953870E0DACB7FE6662E5596402AC384C","D:\079245.xls"
"SHA256","A1AB86D8DA78E60B041D52C010BFE03AAA7DFF6705C130B8C16C931CEDF6BA2C","D:\079246.xls"
"SHA256","1A28C4C1DA5919E4F2F7957222D9AB06D28D57B86A8BCB6B2F8055C0180859F1","D:\079354.xls"
"SHA256","90FAF9A48F40AF0628424F88041BF80EA63810BC41697B90128EF6A41D8505D2","D:\079478.xls"
"SHA256","C695884606DD70F2871E37CC596670E0BDF8F86714ADD2E9FF185D73EA6A16B5","D:\079479.xls"
"SHA256","82E4A2955E1C5C0CF4E6B53549DE2E4FA53A6D32B38D4F96BF842E3990B0DEEB","D:\079583.xls"
"SHA256","21DEADD46AA817DA8A281E91AEAFF5E0D1553CDA4DCC35196248BBD73AAEF343","D:\079589.xls"
"SHA256","DFF330C3605A1FBD7EACB4C0FC2F1E087343E239DC739B20B383EE58CD3C7228","D:\079592.xls"
"SHA256","35830FD61ED442245CE868BAD074965C93DA05D2B76580E256A909762F429A91","D:\079609.xls"
"SHA256","7BC24BF793F132A6918DDBC15A17D01CAB5F8065702607F9768F05A8B4612D69","D:\079670.xls"
"SHA256","0D5CD22E7CA01A8724BFAAD49EB60921DB1FC5C195877FB211F9E32E0FC1390B","D:\079697.xls"
"SHA256","90116F79581B526466B7399E3B596BE929AD10C0D2F2A1619660274701BB2B5E","D:\079785.xls"
"SHA256","65D489845A84C8E50EAFBBF84A822B498F81E7B8F1717E82B0E55C8753AC064E","D:\079821.xls"
"SHA256","3346909F6683E8E0A0821ABFF2E1549E2856BA4DA10086BB0278631266D876D0","D:\080013.xls"
"SHA256","DA3F5784DAB7216161F96037A3F9455DD506F4177C39BF7EA9B008E25E925116","D:\080016.xls"
"SHA256","7BBE3ED2FD92B30F68127A2787AB20D07B8B7A8DBEB286265391C7F648634F05","D:\080022.xls"
"SHA256","C16D90FE1B175FF2F16ECD3AAFD5808749E09F7326704F08BA42BDC892FFD164","D:\080024.xls"
"SHA256","E0422ED9426496874DCE43FC6104E5032CBD9A7A963A1E6DC057002FFD7430B3","D:\080025.xls"
"SHA256","F9505582D3011DCDB44985921C0C067C9FE0F3F152C47B48B7FAE645CB24BC8A","D:\080026.xls"
"SHA256","15F2555CC050CAD1FAAD1DF0225DBE80364136924ABB495C16A9B57D348F1943","D:\080029.xls"
"SHA256","DEB8B3BDE34133B876098873AA82C356D96524E48F5966A09F765A71029BE572","D:\080031.xls"
"SHA256","A09C823DA3E3A03F7E204619D3254218D9CB3AFBD59385BE3EB10DA1EC458AC0","D:\080032.xls"
"SHA256","BF53433F87165F75F53FA29C9883FE7AE55A250725FBF2FEBCEDF4326A25CA77","D:\080035.xls"
"SHA256","B5F996D4EC9D5D4EBDF63318B806C2B0DB54F5BB5355F762F75A01194C287792","D:\080397.xls"
"SHA256","DF03C846B8578E96B4946FBABDE64A92022287750AC485D203D918908B31C57B","D:\080405.xls"
"SHA256","E4199191F1CACD5DD77F896916D11D42F179E453715093708CE213CD7B23A717","D:\080406.xls"
"SHA256","CFDF1D4D0F697C36555B3BEE4B916BF4E994FE97CEA6A87D4997982C1A8DC522","D:\080407.xls"
"SHA256","8ED9D77CC9F9C932717AD54A9E018A06962D7939ED16B5F1BB4DFA14DBCA0FAD","D:\080411.xls"
"SHA256","B2AD93C7DDF10F57482CD07DE28716B631A285458BE4F426171BD20A9C552EFB","D:\080412.xls"
"SHA256","ACB43FD3A042C913805B7B1A2E635434C71C12DEA3D0F57849E035BFBC4186A1","D:\080416.xls"
"SHA256","3BE8DE50F2CFC680E3EEAF065A9F4DAAF9D9B0276F93C2744D1D8EE840AA1DDE","D:\080417.xls"
"SHA256","0D2479F20F5C0AC367A70F9729F0AA64927F3612B26D54AE553664DED78A44F3","D:\080418.xls"
"SHA256","9CA16401D213AD9C400275A9907CEE427AA205CF695F21389A1CF75688FB30F7","D:\080420.xls"
"SHA256","828C2B70A64434184F99FD8D568CFA9A35569FAA10012E28F353592C5FE3ADB9","D:\080421.xls"
"SHA256","483FAE6DFF9E58799F5CBF28FFEC21323C4D39BCFF6D7EAC995D103CDDF41544","D:\080425.xls"
"SHA256","142E8D192E6A8E24E8AD365654311ADC2330F7B82DF14215304EE9062B2D9280","D:\080426.xls"
"SHA256","24F10708F1D6C7B9B32FB326E3A984A8FA5569833CD306C673D9408FACF70045","D:\080428.xls"
"SHA256","1FE48C6A23679376B2905C6AF7DF2193CB54D28DEFEF718531A9F2DFF6D3FB5A","D:\080593.xls"
"SHA256","E93A0DC4E544248687361E65D78260AFA9F480D05A73D163DDEB946DAB915197","D:\080594.xls"
"SHA256","C0482B9E22E9CDD0D38753983BD8BA07273DB604182289FD8C5EA610F367FB31","D:\080606.xls"
"SHA256","175100FF5443F8E0F191072775825A82AC2AC7A1EDC5B56B96703880E0A8F372","D:\080607.xls"
"SHA256","28DF6CBC137DE8092D197D4A4A70B4DFFFC42C7A3E903B9828CEEF8D07419787","D:\080610.xls"
"SHA256","9F698EF5DC15D5887EDF2019D2DC063C0A20BB8011C56B7CB75DBA16C23DF816","D:\080611.xls"
"SHA256","FB2AD663DF54B872BDDD0FE1F6218FB9D502033CEAFCE890D9D4EEFA498B3B05","D:\080613.xls"
"SHA256","5C39B416A2B08CF007B4218DFF26BC56DB0709B4A82197D0A85DF52032B1AE39","D:\080614.xls"
"SHA256","C86D80FC0CD96435EF4DFCBC70742DCAD88E7764E50B643D51970B9CC3489044","D:\080683.xls"
"SHA256","E43C97425FAC1A3184D1C0E6C35BDFC94EBC373270E0C3541FF1B3C5FEACEDF6","D:\080805.xls"
"SHA256","5B6757FDE1E7054650D15CE8CEA2A24CCBBE9F55352B6B68A0BA5C93408B77B3","D:\080806.xls"
"SHA256","E771D182826718C593F2CBE32F1249C463424F9E50E05266F2B28CAC92DCB6F2","D:\080808.xls"
"SHA256","598569F9D792C1988E43090355830E28A38CD654B90FD3365640C4E629C9E228","D:\080978.xls"
"SHA256","321CB3E05B5EB426C37788D4FD93E0DB287FE77A063502BF6E426B720F52306C","D:\080979.xls"
"SHA256","0F86B3D7413917200929D6035FBDCE73E039E621B2FDB42000AFEC7C7D46AF8B","D:\080980.xls"
"SHA256","EAD92714CBD33DE63D6E0141AC9260524B089A4FC1F5A855A8D29FEE82038485","D:\080982.xls"
"SHA256","DA64ECA2346CD785728BEFA3F33F5FECFB614BDC86F741C415DB226DD3775DD1","D:\080983.xls"
"SHA256","FA72E75B9F065FDE2EE16BC023774B79BC9E3721D41241DC9BB76A3FC4E9DA8B","D:\080984.xls"
"SHA256","A10C70AEABB90E7A827DE15D18CDDAF0EFDBDE2196BDB8327E51F3E5F9FC4AFF","D:\080985.xls"
"SHA256","22CC80726C3849DDF213B437F174F5B9C0904769A5CFAA64597422648A08DD37","D:\080988.xls"
"SHA256","55A44B4F029CE41E63F926D583624021136A3DBEF837B57A92B9F40DC9BDA9B2","D:\080990.xls"
"SHA256","ECFA76651D70E1707EE7498BC40D4AE7E9990BD3BFC7D85117159A59FAB17D74","D:\080991.xls"
"SHA256","F08D46EDF52E3A043A7C30DD45E99F164980EA8E70ACDCAAF0DA1C07A25FD615","D:\080992.xls"
"SHA256","146F1AD528F8C571456587B49AAF12B3A298527AEBA7297A331DE40C0C97B42D","D:\080993.xls"
"SHA256","980968FEBE764D07CD35DB8ED43D625F4C8697B0E94143C232CBBD13005D7E73","D:\080994.xls"
"SHA256","23E3B2848165BD5B5D9D500078EF95F839B2C2D9FDBA198AB8E506B7BC07473F","D:\080997.xls"
"SHA256","50942BB6D24E636418F92589507A5E3B7635AC70ACE0361E72F8B089387DF6F8","D:\080998.xls"
"SHA256","E29B98265F08484BFEC01F273B90972D116DB4DE28F6ABE78380978ABF1B6E4E","D:\081001.xls"
"SHA256","95DC3077B3BB0CB612E6E47CA2469C255D37F069B03E2BF1B5B73A62CEE56DCA","D:\081003.xls"
"SHA256","45FDF8CEC5A2641C237D1D1525C0C7E4118778A3BF730544E525B94F3A1A4D39","D:\081004.xls"
"SHA256","4F056D69192885825D433542B9F5073A10673400976305C4D7E22CAFE74AFF44","D:\081005.xls"
"SHA256","81C908B22491001E0D7009B732E2EA12034A3B1DA38D70F0A61C971DB915FF5F","D:\081007.xls"
"SHA256","A298DAA412016B2283363DE668C0A76B6F8F5E89E910B4E5B28A5BC993AEB6ED","D:\081364.xls"
"SHA256","EEADEC06B45F42F1018EF1E1C1F33268ADD73EF25B11029E0F4E960799CBD652","D:\081374.xls"
"SHA256","09A82ACB19CFC1F1825B589397585D8A59B5B673D03EACF1029A49B252E026B2","D:\081494.xls"
"SHA256","2DB376A1322948857EE85843E4944FA2D303BA32528EDBA6DA5A8E79D94439C7","D:\081497.xls"
"SHA256","D258C8CB6E78117A0DDDDB4FBEFAEAA51E8EB1EACBF0DFD70F983037B4D13559","D:\081503.xls"
"SHA256","F338907859F946C2D1329CA2942861A7038FBD09E6C5E5E8693E8B1537FAD0B2","D:\081504.xls"
"SHA256","C112C43733076B4FBC3052A35C0377E9E07E864C41D888A47B2AEF314BFEE0DE","D:\081610.xls"
"SHA256","0679E0823B8C02768919A4E6E2CD3B8432253E4E971422EF141C8D5AEB9C0797","D:\081647.xls"
"SHA256","B8F32AC7670CBC56E5C21496B11BEBDFF3B46A65A2ADE6BDD0890A2CD93055A7","D:\081693.xls"
"SHA256","BE8C5177E978E16F66896E7EE4DE2EE94EEBDD68363C4CF0D60D34C4F92D0996","D:\081736.xls"
"SHA256","738C4E3814278E2D55285F430B732A81436AA73B74B10EEB3F52C6E203E49B1F","D:\081808.xls"
"SHA256","96318658FBB35FFCC70F99CC865C5396559A655F95B3216141D0E2540A4A5ACA","D:\081826.xls"
"SHA256","CB29B2F0BBA059A944DF6F65E091F67E841E01BBD4D73BDF1CCE0EBF8BD54FBE","D:\081844.xls"
"SHA256","31679E5F30BBB231E3B047A90AE9E9E9AA06F9A908CDD5284A7A3FC5C900CCAB","D:\082001.xls"
"SHA256","0D940B9B98C63DC74C12A107CCBCFBEF026E03F13372068D448E06DF69621BE5","D:\082121.xls"
"SHA256","1B5D66BE7A8748B202D077240FEAEC8FD27EE9DC92691991E8E365FA1F36CB30","D:\082122.xls"
"SHA256","B98DF9C014A8D346B67957B2DA56D9DCECB790706F30CC7FF9D98D5A56FB19F7","D:\082129.xls"
"SHA256","6FA2D4C1E91702B69222AE952F67E23BD93BDB5566447C20DD1D68CB5D40E8CC","D:\082134.xls"
"SHA256","0745EBD59F9AFCDB9BF76AB878014B34635CF090582FAE957F84F1350F80D5E5","D:\082142.xls"
"SHA256","155F704C9A0DC0FE7E94A72FDD8208F5A302BBE58DF2253738931C51F4EE5E56","D:\082199.xls"
"SHA256","E730081C96312928959B458C3862F709C15C9B3B7895FB56A9B9444D18ED0C25","D:\082200.xls"
"SHA256","90AA71FB3F9062CE9BB3FF4D3C475C9F64475A9B7DA17A5F86C4565D8F17C2F8","D:\082338.xls"
"SHA256","42C11DD15CF58E3F916075F5546EB6FDC84D126E6D7710B3B7A079458FF9200F","D:\082407.xls"
"SHA256","09328FED5BA57502C21ACCD64D801B12E5B6953C239CC60B0495C6417EF98E3B","D:\082477.xls"
"SHA256","9FE23840F0CBABA41CD9CC13716A1310ADD50105D34DBB4CD968D27026EDE071","D:\082575.xls"
"SHA256","FA8C86D57A7A72E8FB8D44C8DC8745ED639C6F42DCC17457173B8CF76B25CA25","D:\082576.xls"
"SHA256","777358ABF519C56ADDBCD1631DBB6ADC2F865F86B9573D7C0DB86FBFC60BEC42","D:\082599.xls"
"SHA256","4A15646DF263FA80B421B0F7D88C575556A219D516CC05C1ADA7543074E6280C","D:\082717.xls"
"SHA256","AF8865F7ED458D1148B751D2EFCFECD619F459303E22717007B3B62D3369502C","D:\082819.xls"
"SHA256","7CFB584F6AB1836D43A5CCEFD227BC4A4A7962361B28148008953D475ABB5FA4","D:\082820.xls"
"SHA256","DFC1984B29506BE1C89D69522ECDAAD04F2B1A686346C388D4003D6A6F1BE54D","D:\082821.xls"
"SHA256","D36D0E038109B16DDBAE5D61B85ACBCBCA642267077DD0BA4095B8E6150C15B2","D:\082822.xls"
"SHA256","DBFE52CB9D913EADC54EF169CC423EB26733633E1A3FBA352EB2FA54D59B3E2D","D:\082823.xls"
"SHA256","893427E4CE9AA9DD8576E15CCCC0A110625CABF1E42EC0EB9E419C9A242EBF43","D:\082824.xls"
"SHA256","E08DC70187817844138DF116DD6FFD56BC0D227C8D0484955A71CA301A31723C","D:\082825.xls"
"SHA256","2F064AEE5CC446D8A9F82011D70B1D7D85C8B4D5FE864978DBE0FFD9754B2D35","D:\082827.xls"
"SHA256","2C00CA74F7155F34FC32A1CF69C739F5B63D5FC821074E410563F33284E7A0E7","D:\082830.xls"
"SHA256","77284B53A13C1FB09B1314F8397E37D192BFA3ECDB9DE6F750BAFC62DDD579F9","D:\082834.xls"
"SHA256","EB963DEC0FDA07B34CB1B74914FA150F485D569950076782EE7100B35A207104","D:\082835.xls"
"SHA256","773054F5BF0A5F889B3B0D094DA5927348A8CD06F44D77FD5BD2B786650D9F99","D:\082836.xls"
"SHA256","7CF116DBB5E2F8EEAB52C81FD70FD9C455B423BA9AD700438386550A059333F0","D:\082838.xls"
"SHA256","4217FB6030F5757DF7A532F0AAE323F527D2DB4E405700FB399526C0126D32D5","D:\082839.xls"
"SHA256","EEB0EE3371D47CC9237D6604D1E1CE56C2E666FFAAB1D275C487A74C4F60AAD5","D:\082841.xls"
"SHA256","6CBB5F7A97499642E0F8D9BDC6849E253BDFDFFA31F82EDC3C5823AF7DDB9C97","D:\082842.xls"
"SHA256","468D7EDA36897E4545612D135D8E355BC1BEB888F7697EFE51FE906FEBCFE2FF","D:\082843.xls"
"SHA256","B5A86510703526A6A4297B75F36937276752FB18B1E360C2F193CCDB0DCD1F83","D:\082846.xls"
"SHA256","4372F2EAE43819E0480A5B162BD66142FA8749F5622978C5369578C476092030","D:\082867.xls"
"SHA256","79FE6F66C28971E71EC8308EA498D4D2189C7F646D2F2FA3E6F271B9B7DB0591","D:\082869.xls"
"SHA256","5BF57202DD4518175CD8674DA7962CF8F22FB0E99ED776B3E785377879282205","D:\083022.xls"
"SHA256","28A0DF84D3C15926AFE63B8C70156BDFA26AA58FF0BA64D76174FEB62C7C4472","D:\083023.xls"
"SHA256","CA1290A6CEC5F85BAD57D3157D9897EFAD82672CE512DDC779703C39FEB7250B","D:\083024.xls"
"SHA256","1DB135F3B410C6D621BB7D873CA8C17417CD62FA9DC69C640B5621C37A37A0C4","D:\083145.xls"
"SHA256","FF4BE07461A6CF24B10C53D9584E5943CF8C789998690A975752A12ACF21C777","D:\083685.xls"
"SHA256","505E7FD7FE25528A07E2BF110A3A6E34F3FE3E6EC1986A4C42FFBC4926893B76","D:\083686.xls"
"SHA256","5B9B865E20434F8EE2B7FDC9CD72D8AFC220740AD0F8D1211B4492EF237F9940","D:\083687.xls"
"SHA256","2FC4ADC6A69002DC6AB427C6013DF8F89DAA51CEC08A77D845025C7D033B69B6","D:\083695.xls"
"SHA256","48342D77F427F8D0AE00914F2E8F96DFA0A29E28142F150D67ECC09046991D94","D:\083696.xls"
"SHA256","DEBDA43432057272B21C29237F81F4941BF00D65D15975F727709ABBE04CE69B","D:\083697.xls"
"SHA256","2E371A00CD800F304E629810C4D15B69A9A8B42F7361CDC01CDD9A2FF39D97EC","D:\084029.xls"
"SHA256","CD39EA9619B5EC461D32813E1A81671AC6CDBF69199AE00575CDEC6BD70BD9F5","D:\084031.xls"
"SHA256","8D3C0A3DDB748FD8123C16FA4485D1C203BC8ED3022A44546E8A7D6AB4F62B69","D:\084181.xls"
"SHA256","C8EFB02541DB6379D27EF761893E13AB92E0B6893C5BE611D1FE67783C95D642","D:\084183.xls"
"SHA256","24C2D881170CC8DD5F0593F3DA12DFBD72D527334CE5617F12B51B5C0CD6B386","D:\084184.xls"
"SHA256","C4CD2A827B456C2988FCA619F5FB163F49660F4B5ED27B184CFF54D7C427362E","D:\084185.xls"
"SHA256","CFC6146254659B17A3635A004C88258C2DA1639A55FA0EC73820488357E1A77A","D:\084186.xls"
"SHA256","C8FCCF869CB06E07522071D03560B7496EC930241E0751FD97A5D2BE5643DFED","D:\084188.xls"
"SHA256","4B9A3AC0CE17613818066E59548B718CC5750E6960E263EB2681A69A05A40181","D:\084189.xls"
"SHA256","0A65E569D30AA312F38490585DF2C178813ADAE603A70216BF0CE18D702DFE59","D:\084190.xls"
"SHA256","AD53BB5B2F2BCF75AD3F8547CA21F2EAADBDFB67BEDF6B9A7C6947BCD8E5AAAA","D:\084191.xls"
"SHA256","07ACB27E6CD043BB6D3CDA001C90A9908F5CB0E1E7A82E09A5C3D43F51FAD899","D:\084193.xls"
"SHA256","22FD74CD84B5C933CBD5F1040977D77DD057E43BBA67B3C536B9CEB52C220381","D:\084194.xls"
"SHA256","027AA4E564A0CAB495781BA80A05D09D80803B5913263C69F00057F0B8D12503","D:\084196.xls"
"SHA256","B5061A6CAE0FDD5E6D82C0F5A74DC7826BF3FDBF0F8F97015EB29F8E93BAFBD8","D:\084197.xls"
"SHA256","5A42057426482323A101BFCDCEB367BB6F62F0B637E6CB6EFC24A9E7F545994A","D:\084198.xls"
"SHA256","233036C573A5F5762EC54CAB216638938F79DCA9A263D4DB8AE6ED5AD66AC854","D:\084199.xls"
"SHA256","D41A270F7026B554ECBD7CDE949E3A3DA936980CA10309EFC93AD42728B69BD8","D:\084201.xls"
"SHA256","4C6DCA7084454FB2C0AB6FC8E06F5FB6362D4210C92629A4C313A926AD5457A5","D:\084202.xls"
"SHA256","93A7EEA61338DDCA3C44E10711109414FDF5EF6177414E1EE9C4557DB00F0452","D:\084203.xls"
"SHA256","63983E5AB0673B24497144360AEF69C0744DE80C1DD42F111CBBD3480851C7C6","D:\084204.xls"
"SHA256","6469D4DE7CD28E0F468601884F5BD7B46248C760B41DCCC1956EDF7164AD8E2B","D:\084205.xls"
"SHA256","83B0C55D2B73AF093FDEB64F1AD7E1B093142AD88FC52862B56F015FE4FEE627","D:\084207.xls"
"SHA256","F24BFFD3EBFB2C5E4C090405DD165D24A0E02843479599E29EA91B7ADCD27699","D:\084383.xls"
"SHA256","9320274CEBF79BD587DACC5B63449881C715C6639C6406BD2E9C1685EE60C87C","D:\084384.xls"
"SHA256","449FED2491328BC6959A10A4DFA543FC15AC5B98F876498954E714D13EFC9F49","D:\084463.xls"
"SHA256","C5562B8F67B1726FA1CFA54F91D6F53996865686C59C4DB7980C0EC1BB9008C8","D:\084468.xls"
"SHA256","01B353490923E1C4706B53A3B0C79A3B693F4DF01D3B304BCF3AB26AF04D427F","D:\084471.xls"
"SHA256","FD5B01957CA7DE2FC16D5C945786757D544406E5F4FBDC3BC861BF4B6077A490","D:\084472.xls"
"SHA256","3D0FE03324C1E77214B13288FE2E7095588F9A5ACDB7BC7AAB6ABF6FA8A46B61","D:\084530.xls"
"SHA256","2AA13E454F8E955A93ADCE56D3E2B0567076B765F765C0F3B0FD882070318C65","D:\084538.xls"
"SHA256","A1CAADB9B07292E473F9AE364560392CCAC547B48158061D5E8D256FC5E69F20","D:\084539.xls"
"SHA256","BE8DDBAB4CC04796D64EE51370AAFF04A51F6874F688638A9AB118D026BE7B3F","D:\084541.xls"
"SHA256","FC645F5D0521C03A061B52744AC8B7CBE846FA976D638F0E39AB2F1B1C1FAE67","D:\084575.xls"
"SHA256","8D7007B4979086E5E413FB6B29FF306665306C31833A7F6F738AC97AD7EE40A2","D:\084595.xls"
"SHA256","BDB13FE0DE73C6112065E0ED7AA02329A7E9C2FB784EF07A4776461EFB9FF3B6","D:\084749.xls"
"SHA256","78B72017A7816845A59C18B1622A458C9F24D163C7DEF027AB1C4D58E7BF3703","D:\084760.xls"
"SHA256","BA3479C4EA0740E80D69D5DBFF4B6F72DA92C7DB9F837EFB949669634EADCBF4","D:\084794.xls"
"SHA256","568F345DB054227D7BEB5A3CA86561B033D22C298CB0711A0B4E9605FF197FC2","D:\084796.xls"
"SHA256","BA3479C4EA0740E80D69D5DBFF4B6F72DA92C7DB9F837EFB949669634EADCBF4","D:\084799.xls"
"SHA256","5F45137E79BFC41BF83334547FD08E015D458FACC899D00B384BBB0F2C8E7AAA","D:\084811.xls"
"SHA256","171D82CE4381E7AF545C6EE5A0E33BA5CE3684984E245F1DAAD802B00A72BAF3","D:\084885.xls"
"SHA256","921C72BF03795E4A5327449E6CDE771AEA6ED1CCD43A7803C6384B112B268044","D:\084893.xls"
"SHA256","3955B44A9E03E7A105DBE5BF18F2E30E98FD9E205AC8773EAC98F962B5460654","D:\084953.xls"
"SHA256","CC3B56C6C610BCF4484DEE02C78219C4E8F0179110849971118B622FBF32482F","D:\084982.xls"
"SHA256","6C93ABB3B070FBCA2984BDF768003590ACECA7B2509C97F80816CC5E4259E005","D:\084984.xls"
"SHA256","693C39504FF49B476D4A4376B4EA5A56D503FC0644B86E105C1E4D0AE1CB78C6","D:\084989.xls"
"SHA256","B007376420372BE4DCEB784CB98D7AD4823B9A910DFA8407F2AD56261AC22268","D:\085008.xls"
"SHA256","7D4BA95082C1E5A34AF910EFAB853C382B7E8C7CE0073418C537C4871557D257","D:\085270.xls"
"SHA256","A9E367E38209164999DE585AE3BE5F19C3DA1A2049F7D5032815DF00B8634EA5","D:\085306.xls"
"SHA256","5D660887964E4F6C5D829395CB024CE1D6C6CD57215C325A069C3907B392F5A4","D:\085308.xls"
"SHA256","768323C15584803AF4E6CA59CCF51E887DE99378A377EEF3E5D522BE578B84AE","D:\085311.xls"
"SHA256","768323C15584803AF4E6CA59CCF51E887DE99378A377EEF3E5D522BE578B84AE","D:\085314.xls"
"SHA256","C3AFBC8FAEBF8FA9C375B2FA8B597E8256D2F390518153709FCCE988786041CC","D:\085594.xls"
"SHA256","E076093BD25412645696C5E2583126E79F843493200ABA5B9BE26AB04A776B87","D:\085595.xls"
"SHA256","43F4A78F59554A0F1932D999B4DC5B16510D90F250858A81E0C33FAE9FB1D96C","D:\085596.xls"
"SHA256","C2F646E536292FEA269C44DF3F166D3C33C640370F3F65FDE8FBA7B156CEF852","D:\085597.xls"
"SHA256","3E61AAC82B9771569B4897B9275BC628E40F2E8516456F34F8D2A0CF3F05B4C1","D:\085599.xls"
"SHA256","CEE39622920D51061034979E070AFC50EBF18D3B3C4BDB23F590E92E080A0AF4","D:\085602.xls"
"SHA256","F5D3BFC5CEC48A4D3A8681F653408BC40B2CBF7A0FBD0BA3AF4EA16F917B6F90","D:\085603.xls"
"SHA256","1C6217378235CC82C464AF3FA187DAAE6DC7F4602FF4A94DF5F3C3CA3CF9CCEC","D:\085604.xls"
"SHA256","C7117BF91B78E97A71DDC02F849E0B5A67817AB21B541B999E541FCE7A185B5E","D:\085605.xls"
"SHA256","85A2D1FAAE819843AC092648E4F287815FD45DB4C86774E59EC1A1863130C14C","D:\085610.xls"
"SHA256","73FC2F748C55AEB900428F4ADC583EA38A24E667C549BC72C45D225A66CEE53B","D:\085613.xls"
"SHA256","39FB6EB54701A98F356E1FB7BD5DCC6035071F674F29E6AD3DCE7A3B9FE3D287","D:\085615.xls"
"SHA256","5765EB5CAEEB4689C62082B748D7C553ABB32A948C8A9FA3C6BC87713B5670A0","D:\085616.xls"
"SHA256","41B5D3FE7EF6C79B059F07BA27C6FF7297CCC5B0325A62F589DC1484ECEDFB4C","D:\085617.xls"
"SHA256","981ABE9AC4127448561393B85450E1EBA3F478EA121E51D49B9E9667732E374C","D:\085618.xls"
"SHA256","098ADEF9A11A290437CC98FF326CA472F7B30A4C4986830A52632F50BA0B7E2D","D:\085620.xls"
"SHA256","A5080904B9430968092E83B5E0FC11253FDF030A79C44522B6AA8F9F8E94599C","D:\085621.xls"
"SHA256","258F7A620C23600165DF0B5BF8788C057ED7AB36DF17307F2944DC62A5247543","D:\085622.xls"
"SHA256","5EA7CC4703B523E646D340578AEBAD7EE267DD71A0E864642CAC8A80749C4080","D:\085623.xls"
"SHA256","8B2195A6D795F9E56865FA14B3F2B8CA7488B9C465D4C96726DA34C1300E6DAD","D:\085624.xls"
"SHA256","555BD5316C9CF9B25ABD6241E381C9002A49447160C3B0CCE1BD323B80CB32DC","D:\085625.xls"
"SHA256","88AC835961E08312A240E4971051F036D534C94A7D883BF2D3EFA2514C9966C4","D:\085659.xls"
"SHA256","8145F3A01DE23070429557C8211514C87B863E3A79763BEE60814EF15D874DFB","D:\085660.xls"
"SHA256","BC413EFECDA42E1194FAD87574A5D89C741752BCE48EB8A47D0D697AA5EC130B","D:\085887.xls"
"SHA256","9E5CC42B57F60C22037E8E80734F130C99E1F562093771ABA133E21A88236C29","D:\085888.xls"
"SHA256","FB9451ABA5916A3705CCBE9D4AA10B2E8E21CA31E75989A2536EC1A105D11211","D:\085889.xls"
"SHA256","CF03608F9AD7553BC829532A503C988E75719C976DD27690F9EB054852447DCC","D:\085890.xls"
"SHA256","B6911BFB3D9F4274477E5F4EB89018798A5417705F70D3F2298295D113D2556E","D:\085892.xls"
"SHA256","63F727A863E605D265AAD585CDD99113DD27E379905B50C3C726F685A6ADE33C","D:\085894.xls"
"SHA256","FF28F9742C35FB515CDBEE89A89F9A31A2FB3AE5E02BE7A7104B29F990D24F71","D:\085896.xls"
"SHA256","401FC7C8BA38532F2FB5A21D81B12BAB8D4B76FEF727AEF3F7F8B9F6DEF39AB8","D:\085905.xls"
"SHA256","E30C40A7227E94E4EC9030A770A9D81911DA95BE3EBF4037CEBB8FC1F50DA4BF","D:\085907.xls"
"SHA256","F4E780AF0C0B0344B7D942C7F021B7C3603F401DDF8F567B2C6720528A1D2166","D:\085908.xls"
"SHA256","C17AEBD580162D19ADF8CE7DEA855E1C87E195087F7894BFACAD8142D9D46BE0","D:\085909.xls"
"SHA256","D7257CCBC7E0639F150AA31F78777B3B668B750F6F6B6DF48908B040D9425D51","D:\085911.xls"
"SHA256","52E6B0A8D0CF244A6726DAFF13A54546469D1856D73F3C7CF8172C6576A3708F","D:\085914.xls"
"SHA256","CE03AFB206576730940398C8FF6D1AAB33C63038AADD4FB485CBEB0A101ADA54","D:\085917.xls"
"SHA256","21531575152AFB44067EF915AA42CD343579DF83F5F378D8302EA59B7817C55C","D:\086111.xls"
"SHA256","FDFF6A699F62E3DBA92082C6691057C3FD24AC3C971F2336F8014EEC00FCCA9C","D:\086112.xls"
"SHA256","FD6CE53D6326BB1523BDBD7CC899B2809D4ECD49A4CDF6F244C173BA25201203","D:\086113.xls"
"SHA256","AACCDA6B4BA95903D52915992568AFED752926FAC2FD7EEDAECA0AD4E2C09A55","D:\086114.xls"
"SHA256","677BFD219EB17226C5FA46702EB92908B1C784EFDA6C14449EFA7CBAEB273B04","D:\086115.xls"
"SHA256","9EA6C00E7976F2B2681C03CE7FD16CC0A52484283E78D1398B8FCA552B5E2BEB","D:\086116.xls"
"SHA256","C0A768FA212050D92B27C328B8F6BE1387C808D0FF9FF6F23D4686244F858A9B","D:\086119.xls"
"SHA256","662FF69D548450FD5D3BE0CA74217AFA18E9B3CB9B957378C946B445B81553BE","D:\086121.xls"
"SHA256","7343E9D37ADC8D9B4407521D14FAC0944C32CEB270320625C1AB33CF4E509551","D:\086123.xls"
"SHA256","38C068EA4E9F4990EB93F999F83BD0E0B3E71D27A3D79644ECBB296089CEFBDB","D:\086158.xls"
"SHA256","66BFE4861FDBF602BD2CB9EA6813AA172164D28D5AE84FE2980EA9A2348BF06E","D:\086312.xls"
"SHA256","FCD3D427A26F4BEE2F41C552605AB1320F2EF60E674AD6DA207BF30F1362A53A","D:\086313.xls"
"SHA256","AB2D17F2D40232E3B92EFA4E0E98F696F64E1C1D8F09FBA42AAE14E237047E80","D:\086314.xls"
"SHA256","4C69FB86283AB70C9F040A168FE1D49FF5911CBCD9F0A9D6C1D182BFC63070CC","D:\086315.xls"
"SHA256","16342B2CC4EF0195C32A70AE3184A7DEAA311848BED562F17BEF4F07AFF53F80","D:\086386.xls"
"SHA256","770C305E869DF06CE801D12E2323BCA268947299424FB4C11086AA1FF500C0E0","D:\086588.xls"
"SHA256","387DB1E86A10499163F9C43BDA2564303B16FD471DCB74C2528D202D4CCD72BE","D:\086883.xls"
"SHA256","412B916297CA6B48D0C2B530A93585B5E8ED22A087DA753AA053FED8FF6C2B4A","D:\086884.xls"
"SHA256","2DF9C0BBCDCE318D9B79DC7389BB64594EB1472805A7BEFA84388FBF638BCB9A","D:\086885.xls"
"SHA256","7F51AC13BB51076FD0444F57A7262BAC4E9AFE14FBD06D2646C93401E19FC0F8","D:\086886.xls"
"SHA256","300BF721A18A47D54CF3B65CE31205760189A625E6E5DED55259779E45E73B1D","D:\086887.xls"
"SHA256","2C53415C525C68488F8E70D776AB68103B6965F9917ECED2F5A4955165432C71","D:\086888.xls"
"SHA256","CF7BA81AD0CE679D2FE8CF8A7F22A0B3B37F204BB8C4AC978B451F998239C10B","D:\086889.xls"
"SHA256","BF3DF51391B3EDCC7F6BDCFA350178EDDF4148E0C00E2FEB1FA55171C4172A8B","D:\086890.xls"
"SHA256","4A771FB0E9E1FB3B4A70CC6B3EB09D2A31A2CC787C6D6B5556DF4321FDA21D9D","D:\086891.xls"
"SHA256","1FC95DA68BB8ED804EDE87E847AD3757AC3C06D7C99E098488597BA8F7F85C0A","D:\086892.xls"
"SHA256","2DBF507B2D77585412FCFC38E14186C957F42B14B507CFD81D0E1E3545F8F212","D:\086893.xls"
"SHA256","B723B263FC88AAD61C37BA9B7E71E53B08F6DFECB00BA763BCE276674C6F7A82","D:\086895.xls"
"SHA256","965D417EA46EBCABA579D2C2F09BF3877E37E0280199E160C09AC24EE8804A9B","D:\086898.xls"
"SHA256","B460221DDFA414EEFD3214118E129FC9EB107005A943BCA93B5A3F207984FFDD","D:\086901.xls"
"SHA256","25C5FA1F2E5275E71096A12DD2B3A7E859A07F983674F811DD1C21517209A38D","D:\086902.xls"
"SHA256","DDD3197C82E47BF5CEFBA165380266019FBC6E87A44683AA071E301682DC7E1F","D:\086903.xls"
"SHA256","D125592F71FD9094C139127805DB0E8FD6AA811424F8CDDB3D5EADC3F091AF8A","D:\086904.xls"
"SHA256","F30932283CF83E89854CD19656D3081B3CA403CBB7BC9675E66FB67B11C2CF94","D:\086907.xls"
"SHA256","B4B6F5DCED8BF8845370F3AF32D02764315AEB6B96C8733FD03E16739E933A65","D:\086908.xls"
"SHA256","AFA42E994C03D5BB14E16DA22B48D2980F3A74CCBF81AFE7CD4D69226644C9D3","D:\086909.xls"
"SHA256","12639AD81B890C4AD976DDD3F0EAACA2D7E556609AF33AD0AB3E87C3C507D71D","D:\086910.xls"
"SHA256","4AC68F7BBA00122839BC725B54C711E13F0FFE3890D7C63B0E0F1D59014AF0A2","D:\086911.xls"
"SHA256","43EF4DBD7FF03DFD9CA58D4FAC4C65A9ACE21F06721918D48252609EDA706F5B","D:\086912.xls"
"SHA256","A518D0F2F8CFFB357C971C7D5C887C81BAD7FC168CA8EF95A10BB20B42CBC079","D:\086914.xls"
"SHA256","501F2BCF8B38572C1C1DF61B6DDBB5A1B7EB51C411C8495DE87F3F133B03BBF0","D:\086915.xls"
"SHA256","F319710E06B3F0A04214D678BD9970F84BE833817CD06CFB3FC3362C800BC521","D:\086916.xls"
"SHA256","B97110BE9FCD62A7B690C37EBC2A118641B9E3C1B1226E05C7B857DD0ABBF62B","D:\086917.xls"
"SHA256","0F797A9E94EB1554BBAEAC7836DD2CD7963FFCB2F0748A5978DFD8D9545A3C1B","D:\086918.xls"
"SHA256","FE0C1C2A7836BE30020BDE1D070DC985631FD9123EF1E2CED1D981D11C8E6DEB","D:\086919.xls"
"SHA256","7112E554F11694FDCECCE51FA44DA87740BB780F73D1D45FE9CF9CA25421F5E1","D:\086920.xls"
"SHA256","49B8748B605EF4D4A898001C88B150DF366D183D46F079A8D73A7E61E39B4751","D:\086921.xls"
"SHA256","64037660F400E4CF3FB30B3CDF4542252B3543CA407A64775CD2CEBF3FE6452A","D:\086941.xls"
"SHA256","ED4F676C31535611AE1A0C9AE67D9E39605B5B9C6334DDB2061300FF9417C68B","D:\087152.xls"
"SHA256","7FAAFDFE290867E02D09239F08F14703461D5ED77CBED4EFAA7121C736F77812","D:\087153.xls"
"SHA256","1C020426332236A25ACAC5A991AE43E59782C3DA128B1DDCF7BB1070EB4E0063","D:\087154.xls"
"SHA256","8CB50CA359FAF3EC85A4186D385A920517751A2B56841487DB6097792DF24B47","D:\087155.xls"
"SHA256","B22CA25B20F893C98F618F84B240EC32EDC87B899C3A952EA7BE4443DFBF374B","D:\087157.xls"
"SHA256","B9D89DC11C2EF0D9623453D78BC3E943B69DC3555F266D4164AF36813E9E7A8A","D:\087159.xls"
"SHA256","C3C791278AF9FF3F22AE7C6F621BF18B225CDAA3D4C6F81FDA065151A46C1047","D:\087160.xls"
"SHA256","8DF6BEF0780ACC04A03377C92F0AF37AEADAD6674E157133CFA83A4D593DA0BE","D:\087161.xls"
"SHA256","48E1E721EDEC77A73DC52FF83E351BC96982AD4DDD6D4D43AC77A6FDCECE59EC","D:\087162.xls"
"SHA256","426774BB29454C32F9363B28465A8C333F84C07BBC7DB19B94C9ECCF4F2BDDE4","D:\087163.xls"
"SHA256","2C3BB1B5C0BCEA6ADB0204887966B5C5187A06E3D33455F64742C7362B2DCBF5","D:\087164.xls"
"SHA256","2C598B9CC54202B9BE8CC163DF663F46DAA08D21A66904E086B61A1101D937CC","D:\087166.xls"
"SHA256","1F0405843510929F020F45E7AB562A6947F2C3B6037B5B1E203CABB08ED1F3DD","D:\087361.xls"
"SHA256","DCD1F8902269DC3541E2142CDCA32821DF7A64B3828AB7E0887BFD5DFF4C5192","D:\087470.xls"
"SHA256","25B3A4247A0558DEFD63B95FCE439912E638E958954EE1532EBC292A86392A34","D:\087757.xls"
"SHA256","C1AF674C1C1BA6719723DC5DD90AA4326ED50898A85A1F0E2D2572C9368E9B36","D:\087758.xls"
"SHA256","402AB4EC10E65DECC8B14978522C6C42338634630EE880EF511BD0AA9504AB50","D:\087759.xls"
"SHA256","3AB49BC8457257EBFC93D90B96FD3F2788A8D6257AFB43D00F37567DD4214FA7","D:\087761.xls"
"SHA256","77031F29CAAF175DB0F42E4D08BBC2FF46F98DA961C4A88B04FAF175C09B632C","D:\087762.xls"
"SHA256","1FED108290633A09685283E7F33246BB7C0984B4D1E5C2E7D26EABCB23987725","D:\087765.xls"
"SHA256","9761B4F5A3DF215FBF63CF3257B0279BFB815C31E8AF80C2D123CB262D8A26B4","D:\087766.xls"
"SHA256","62610600CE9F99561691F35EEE6145A883A851CFAE82EAC6295A056D6D6FBB1A","D:\087771.xls"
"SHA256","86055623181438F3B9B2734255D4F619726186E47A8A698DC19F46F4BB82C678","D:\087773.xls"
"SHA256","38277D74D381CABFBA9D52F0626BB17DC927124AE175F37DCC2704CF3281522B","D:\087774.xls"
"SHA256","62E9F632CCBCDFB9CEA12D5CB317307FE13AFD34E625916F5CA964BD1D7602F2","D:\087947.xls"
"SHA256","0A979F8926EA11CFE6E31B80F9A55D90EE2C9075D3CF6163BDADED45325E11DE","D:\088018.xls"
"SHA256","2767D6BCB90AD815253190B9BD3D98207E67DEC0EECB67E9CA0BBAB3EB5B4FD6","D:\088020.xls"
"SHA256","9B0A97E86E27ABD53558CB69982B4BE1CA22EB5D60766D61B00EC9C58BCB408E","D:\088021.xls"
"SHA256","90A4761EA85D42E5E4A3008055E629A2E4100454A9E86B263E5CE1D622DADDC9","D:\088022.xls"
"SHA256","9E1D8570ECCA10FFC6715F122AB69953E15EDB669E43E34C00FBF065EA7EEA03","D:\088023.xls"
"SHA256","E19BBD71CC02AF0CAB5668CD7E6B51BE48022BDEFC9967D9C58CB6B508601A9B","D:\088025.xls"
"SHA256","9F2F7A68BE1FB975C4AE259C4A74C05629FC1706AB393D9F0D80579871614A63","D:\088026.xls"
"SHA256","AE2A015872F526ADC5EC047785DF1A2A5CAAA205641A28505FD9A7C8FC45C4F7","D:\088027.xls"
"SHA256","C316FEB97953F54572D0DA3EDD3ABC8391A07B33EF2C83C72241F264D8429405","D:\088028.xls"
"SHA256","DDC8A47322A4F606F26827F7D2D1AE10B86821CD76B7D24517D4DB6A69654FFF","D:\088029.xls"
"SHA256","51902511748B059BBE24240AD02B652C1CE0DA337B12037FEBC84964D939159C","D:\088032.xls"
"SHA256","1D045130E244595D619213808CD49C60FD39730EC7D0942A531E9A26276DB027","D:\088034.xls"
"SHA256","42AA5F3849D21E54C8FF3187E46E5D9EA7EC17E9D7F2539FBF30D510DE06E229","D:\088035.xls"
"SHA256","5A8CC9F8C438289A549FE22C4D04221C9326B2F0CED623B3556F374221E51F92","D:\088036.xls"
"SHA256","543CB14EFA5F3449E3F76E790B339E68BA0812D1601695C596CF122078B96A1E","D:\088037.xls"
"SHA256","2B8D404730A192E2B55D44DC86773CE1D7E4B5433FA4508AC87438F6A3FE997D","D:\088040.xls"
"SHA256","5B74ED1E8C36500E47D5A0D7391A6FE3C783E886AD0CA7220AB3B0A33C59E8FF","D:\088042.xls"
"SHA256","A8B1E39EE74D2628AB1D4559930987B85A81921F711DCBE075F2805CBEBE50E4","D:\088043.xls"
"SHA256","08E4524D721EEE86CAE31AB291A98AA6DDB65F3483B125651EACCE684CF88C03","D:\088044.xls"
"SHA256","142407FFDD25F771D4184542A4FF53002CD4C4AB1062BED08E4CF9A5EF0EE33E","D:\088143.xls"
"SHA256","F1F7D54827FF3FDD043FC3424BBB10E0736CBBFB10EA71865E85A2AEFDCC4360","D:\088169.xls"
"SHA256","9270EF242BF19E850F6618DF8EA26A3EC75733E4196235657DEA6FFDBD7B1730","D:\088170.xls"
"SHA256","F56747A2149EFC5DFDDF006FF5740DCAB38284859DCBCD434CEF415EC357F6FD","D:\088182.xls"
"SHA256","FBF6814FF8A805867417769BD69505E3ECBFB1820ADE67C27C82BBA6DE530A47","D:\088257.xls"
"SHA256","1D5EDE981F86A61DAD208A8881ECDC27F374F86684A8E6A96BB2405647610C8D","D:\088316.xls"
"SHA256","B42C4B7455FDA267035003F734985A56FBBCCBF1D4C4AC7D655DCC7740280107","D:\088317.xls"
"SHA256","C6AE7CED7DD46B2F8302800714688986DAAFF03846B57A6D8877FAFE883FB1DA","D:\088318.xls"
"SHA256","D60029102AB88E26B8E05B0706A207F9B0641DBDFF712C6F1B7E7E5C4D866D82","D:\088319.xls"
"SHA256","718ABA9481D89F88F96FBEC70C3A0CCAF57B5DCA6B6DF4B25E88726A54654109","D:\088321.xls"
"SHA256","5E56123640EEC9D59E3D60124FE9296D80FF02D43EAE126AFE33BD3E3A0989A1","D:\088322.xls"
"SHA256","5C7BD79BB5CF89BF2CE9FA90B597ECB8054D7B009E867F0FE09AB151629A4CEC","D:\088323.xls"
"SHA256","D16723C3C6A9B2117E2962BE27CE69CF2E90D460C66D9DD35FF165FBA94D218C","D:\088326.xls"
"SHA256","9C4215BFE6A14B997312E6145DD166AC43FD46B31076A5FF7238AC0982F0520E","D:\088327.xls"
"SHA256","F465598BFF591E1ACBCCB65048C34092BF3F0A548DD38F586DB8D356028D46C3","D:\088328.xls"
"SHA256","9EDA61BC282F2D704526FB402DFA740A7DD422D92FB69F785A038A3C0EE3F84E","D:\088330.xls"
"SHA256","B579F26D05F81B02B887809A2718372CD14C2955E383E14E196C8C8F4A4192B6","D:\088416.xls"
"SHA256","42750DC820CD68241C42FBD311D3C4C10F267DAA42275DC0A3FA5C10332C11B4","D:\088438.xls"
"SHA256","B6D02163B1D6522591C78207D69A122E2B90790F043B8EF7E648C34C0CE76D55","D:\088444.xls"
"SHA256","0DB80AA0D4B5EB5A29B74E49A8C7EE33D51E189297463C74EFD2B99CA4A9AE2E","D:\088457.xls"
"SHA256","51D2715421D66E16AEB7D259D9FB6DFAA2A198219CE0FDAC9A115605EF550E9E","D:\088560.xls"
"SHA256","9E221B15809D0F973EFB534ABA3E916681E700BCEA3CD535D923B7F06E0CA3B8","D:\088637.xls"
"SHA256","A66974DD68B2E812B629BF4248C60FB429E09A0C42596B29DA27A00FD8DCC367","D:\088638.xls"
"SHA256","32CDA1F84CC6D125A0FBB44B7650496BE130FCC2665526136E7D207A2D4BE084","D:\089026.xls"
"SHA256","23551C2924CF3C90DC88E683A6174779AC3536F6799264E54CD7D71CECB7B4BA","D:\089035.xls"
